Time,Participant,Majority_postures,Majority_including_dynamic
2025-02-03 10:40:42.500000+00:00,combi,Standing,Standing
2025-02-03 10:41:42.500000+00:00,combi,Standing,Sitting
2025-02-03 10:42:42.500000+00:00,combi,Standing,Standing
2025-02-03 10:43:42.500000+00:00,combi,Standing,Standing
2025-02-03 10:44:42.500000+00:00,combi,Standing,Standing
2025-02-03 10:45:42.500000+00:00,combi,Standing,Dynamic
2025-02-03 10:46:42.500000+00:00,combi,Sitting,Sitting
2025-02-03 10:47:42.500000+00:00,combi,Sitting,Sitting
2025-02-03 10:48:42.500000+00:00,combi,Sitting,Sitting
2025-02-03 10:49:42.500000+00:00,combi,Sitting,Sitting
2025-02-03 10:50:42.500000+00:00,combi,Standing,Standing
2025-02-03 10:51:42.500000+00:00,combi,Sitting,Sitting
2025-02-03 10:52:42.500000+00:00,combi,Standing,Sitting
2025-02-03 10:53:42.500000+00:00,combi,Standing,Standing
2025-02-03 10:54:42.500000+00:00,combi,Sitting,Sitting
2025-02-03 10:55:42.500000+00:00,combi,Standing,Sitting
2025-02-03 10:56:42.500000+00:00,combi,Standing,Standing
2025-02-03 10:57:42.500000+00:00,combi,Standing,Standing
2025-02-03 10:58:42.500000+00:00,combi,Standing,Standing
2025-02-03 10:59:42.500000+00:00,combi,Standing,Dynamic
2025-02-03 11:00:42.500000+00:00,combi,Sitting,Sitting
2025-02-03 11:01:42.500000+00:00,combi,Sitting,Sitting
2025-02-03 11:02:42.500000+00:00,combi,Sitting,Sitting
2025-02-03 11:03:42.500000+00:00,combi,Lying,Lying
2025-02-03 11:04:42.500000+00:00,combi,Lying,Lying
2025-02-03 11:05:42.500000+00:00,combi,Lying,Lying
2025-02-03 11:06:42.500000+00:00,combi,Standing,Dynamic
2025-02-03 11:07:42.500000+00:00,combi,Sitting,Sitting
2025-02-03 11:08:42.500000+00:00,combi,Standing,Dynamic
2025-02-03 11:09:42.500000+00:00,combi,Sitting,Sitting
2025-02-03 11:10:42.500000+00:00,combi,Sitting,Sitting
2025-02-03 11:11:42.500000+00:00,combi,Sitting,Sitting
2025-02-03 11:12:42.500000+00:00,combi,Sitting,Sitting
2025-02-03 11:13:42.500000+00:00,combi,Sitting,Sitting
2025-02-03 11:14:42.500000+00:00,combi,Sitting,Sitting
2025-02-03 11:15:42.500000+00:00,combi,Sitting,Sitting
2025-02-03 11:16:42.500000+00:00,combi,Sitting,Sitting
2025-02-03 11:17:42.500000+00:00,combi,Sitting,Sitting
2025-02-03 11:18:42.500000+00:00,combi,Sitting,Sitting
2025-02-03 11:19:42.500000+00:00,combi,Sitting,Sitting
2025-02-03 11:20:42.500000+00:00,combi,Sitting,Sitting
2025-02-03 11:21:42.500000+00:00,combi,Sitting,Sitting
2025-02-03 11:22:42.500000+00:00,combi,Sitting,Sitting
2025-02-03 11:23:42.500000+00:00,combi,Sitting,Sitting
2025-02-03 11:24:42.500000+00:00,combi,Sitting,Sitting
2025-02-03 11:25:42.500000+00:00,combi,Sitting,Sitting
2025-02-03 11:26:42.500000+00:00,combi,Sitting,Sitting
2025-02-03 11:27:42.500000+00:00,combi,Lying,Lying
2025-02-03 11:28:42.500000+00:00,combi,Lying,Lying
2025-02-03 11:29:42.500000+00:00,combi,Lying,Lying
2025-02-03 11:30:42.500000+00:00,combi,Lying,Lying
2025-02-03 11:31:42.500000+00:00,combi,Lying,Lying
2025-02-03 11:32:42.500000+00:00,combi,Lying,Lying
2025-02-03 11:33:42.500000+00:00,combi,Lying,Lying
2025-02-03 11:34:42.500000+00:00,combi,Lying,Lying
2025-02-03 11:35:42.500000+00:00,combi,Lying,Lying
2025-02-03 11:36:42.500000+00:00,combi,Sitting,Dynamic
2025-02-03 11:37:42.500000+00:00,combi,Sitting,Sitting
2025-02-03 11:38:42.500000+00:00,combi,Standing,Sitting
2025-02-03 11:39:42.500000+00:00,combi,Sitting,Sitting
2025-02-03 11:40:42.500000+00:00,combi,Sitting,Sitting
2025-02-03 11:41:42.500000+00:00,combi,Sitting,Sitting
2025-02-03 11:42:42.500000+00:00,combi,Sitting,Sitting
2025-02-03 11:43:42.500000+00:00,combi,Sitting,Sitting
2025-02-03 11:44:42.500000+00:00,combi,Sitting,Sitting
2025-02-03 11:45:42.500000+00:00,combi,Sitting,Sitting
2025-02-03 11:46:42.500000+00:00,combi,Sitting,Sitting
2025-02-03 11:47:42.500000+00:00,combi,Sitting,Sitting
2025-02-03 11:48:42.500000+00:00,combi,Sitting,Sitting
2025-02-03 11:49:42.500000+00:00,combi,Sitting,Sitting
2025-02-03 11:50:42.500000+00:00,combi,Sitting,Sitting
2025-02-03 11:51:42.500000+00:00,combi,Sitting,Sitting
2025-02-03 11:52:42.500000+00:00,combi,Sitting,Sitting
2025-02-03 11:53:42.500000+00:00,combi,Sitting,Sitting
2025-02-03 11:54:42.500000+00:00,combi,Sitting,Sitting
2025-02-03 11:55:42.500000+00:00,combi,Sitting,Sitting
2025-02-03 11:56:42.500000+00:00,combi,Sitting,Sitting
2025-02-03 11:57:42.500000+00:00,combi,Sitting,Sitting
2025-02-03 11:58:42.500000+00:00,combi,Standing,Dynamic
2025-02-03 11:59:42.500000+00:00,combi,Standing,Standing
2025-02-03 12:00:42.500000+00:00,combi,Standing,Standing
2025-02-03 12:01:42.500000+00:00,combi,Standing,Standing
2025-02-03 12:02:42.500000+00:00,combi,Standing,Dynamic
2025-02-03 12:03:42.500000+00:00,combi,Standing,Standing
2025-02-03 12:04:42.500000+00:00,combi,Standing,Standing
2025-02-03 12:05:42.500000+00:00,combi,Standing,Standing
2025-02-03 12:06:42.500000+00:00,combi,Standing,Standing
2025-02-03 12:07:42.500000+00:00,combi,Standing,Standing
2025-02-03 12:08:42.500000+00:00,combi,Standing,Standing
2025-02-03 12:09:42.500000+00:00,combi,Standing,Standing
2025-02-03 12:10:42.500000+00:00,combi,Standing,Sitting
2025-02-03 12:11:42.500000+00:00,combi,Sitting,Sitting
2025-02-03 12:12:42.500000+00:00,combi,Standing,Dynamic
2025-02-03 12:13:42.500000+00:00,combi,Lying,Dynamic
2025-02-03 12:14:42.500000+00:00,combi,Lying,Dynamic
2025-02-03 12:15:42.500000+00:00,combi,Lying,Dynamic
2025-02-03 12:16:42.500000+00:00,combi,Lying,Dynamic
2025-02-03 12:17:42.500000+00:00,combi,Lying,Dynamic
2025-02-03 12:18:42.500000+00:00,combi,Standing,Dynamic
2025-02-03 12:19:42.500000+00:00,combi,Sitting,Dynamic
2025-02-03 12:20:42.500000+00:00,combi,Sitting,Dynamic
2025-02-03 12:21:42.500000+00:00,combi,Sitting,Dynamic
2025-02-03 12:22:42.500000+00:00,combi,Sitting,Dynamic
2025-02-03 12:23:42.500000+00:00,combi,Sitting,Dynamic
2025-02-03 12:24:42.500000+00:00,combi,Lying,Dynamic
2025-02-03 12:25:42.500000+00:00,combi,Lying,Dynamic
2025-02-03 12:26:42.500000+00:00,combi,Standing,Dynamic
2025-02-03 12:27:42.500000+00:00,combi,Standing,Dynamic
2025-02-03 12:28:42.500000+00:00,combi,Standing,Dynamic
2025-02-03 12:29:42.500000+00:00,combi,Standing,Dynamic
2025-02-03 12:30:42.500000+00:00,combi,Lying,Dynamic
2025-02-03 12:31:42.500000+00:00,combi,Lying,Dynamic
2025-02-03 12:32:42.500000+00:00,combi,Lying,Dynamic
2025-02-03 12:33:42.500000+00:00,combi,Sitting,Sitting
2025-02-03 12:34:42.500000+00:00,combi,Sitting,Sitting
2025-02-03 12:35:42.500000+00:00,combi,Sitting,Sitting
2025-02-03 12:36:42.500000+00:00,combi,Sitting,Sitting
2025-02-03 12:37:42.500000+00:00,combi,Sitting,Sitting
2025-02-03 12:38:42.500000+00:00,combi,Sitting,Sitting
2025-02-03 12:39:42.500000+00:00,combi,Standing,Standing
2025-02-03 12:40:42.500000+00:00,combi,Standing,Dynamic
2025-02-03 12:41:42.500000+00:00,combi,Standing,Dynamic
2025-02-03 12:42:42.500000+00:00,combi,Standing,Dynamic
2025-02-03 12:43:42.500000+00:00,combi,Standing,Dynamic
2025-02-03 12:44:42.500000+00:00,combi,Standing,Standing
2025-02-03 12:45:42.500000+00:00,combi,Standing,Standing
2025-02-03 12:46:42.500000+00:00,combi,Standing,Dynamic
2025-02-03 12:47:42.500000+00:00,combi,Sitting,Sitting
2025-02-03 12:48:42.500000+00:00,combi,Sitting,Sitting
2025-02-03 12:49:42.500000+00:00,combi,Sitting,Sitting
2025-02-03 12:50:42.500000+00:00,combi,Sitting,Sitting
2025-02-03 12:51:42.500000+00:00,combi,Sitting,Sitting
2025-02-03 12:52:42.500000+00:00,combi,Sitting,Sitting
2025-02-03 12:53:42.500000+00:00,combi,Sitting,Sitting
2025-02-03 12:54:42.500000+00:00,combi,Sitting,Sitting
2025-02-03 12:55:42.500000+00:00,combi,Sitting,Sitting
2025-02-03 12:56:42.500000+00:00,combi,Sitting,Sitting
2025-02-03 12:57:42.500000+00:00,combi,Sitting,Sitting
2025-02-03 12:58:42.500000+00:00,combi,Sitting,Sitting
2025-02-03 12:59:42.500000+00:00,combi,Sitting,Sitting
2025-02-03 13:00:42.500000+00:00,combi,Standing,Dynamic
2025-02-03 13:01:42.500000+00:00,combi,Standing,Dynamic
2025-02-03 13:02:42.500000+00:00,combi,Standing,Dynamic
2025-02-03 13:03:42.500000+00:00,combi,Standing,Dynamic
2025-02-03 13:04:42.500000+00:00,combi,Standing,Dynamic
2025-02-03 13:05:42.500000+00:00,combi,Standing,Dynamic
2025-02-03 13:06:42.500000+00:00,combi,Standing,Dynamic
2025-02-03 13:07:42.500000+00:00,combi,Standing,Dynamic
2025-02-03 13:08:42.500000+00:00,combi,Standing,Dynamic
2025-02-03 13:09:42.500000+00:00,combi,Standing,Standing
2025-02-03 13:10:42.500000+00:00,combi,Standing,Standing
2025-02-03 13:11:42.500000+00:00,combi,Standing,Dynamic
2025-02-03 13:12:42.500000+00:00,combi,Standing,Dynamic
2025-02-03 13:13:42.500000+00:00,combi,Standing,Dynamic
2025-02-03 13:14:42.500000+00:00,combi,Standing,Dynamic
2025-02-03 13:15:42.500000+00:00,combi,Standing,Dynamic
2025-02-03 13:16:42.500000+00:00,combi,Standing,Sitting
2025-02-03 13:17:42.500000+00:00,combi,Standing,Standing
2025-02-03 13:18:42.500000+00:00,combi,Standing,Standing
2025-02-03 13:19:42.500000+00:00,combi,Standing,Dynamic
2025-02-03 13:20:42.500000+00:00,combi,Standing,Standing
2025-02-03 13:21:42.500000+00:00,combi,Standing,Standing
2025-02-03 13:22:42.500000+00:00,combi,Standing,Standing
2025-02-03 13:23:42.500000+00:00,combi,Standing,Standing
2025-02-03 13:24:42.500000+00:00,combi,Standing,Dynamic
2025-02-03 13:25:42.500000+00:00,combi,Standing,Standing
2025-02-03 13:26:42.500000+00:00,combi,Standing,Standing
2025-02-03 13:27:42.500000+00:00,combi,Standing,Standing
2025-02-03 13:28:42.500000+00:00,combi,Standing,Standing
2025-02-03 13:29:42.500000+00:00,combi,Standing,Dynamic
2025-02-03 13:30:42.500000+00:00,combi,Standing,Standing
2025-02-03 13:31:42.500000+00:00,combi,Standing,Standing
2025-02-03 13:32:42.500000+00:00,combi,Standing,Standing
2025-02-03 13:33:42.500000+00:00,combi,Standing,Standing
2025-02-03 13:34:42.500000+00:00,combi,Standing,Standing
2025-02-03 13:35:42.500000+00:00,combi,Standing,Standing
2025-02-03 13:36:42.500000+00:00,combi,Standing,Standing
2025-02-03 13:37:42.500000+00:00,combi,Standing,Dynamic
2025-02-03 13:38:42.500000+00:00,combi,Standing,Standing
2025-02-03 13:39:42.500000+00:00,combi,Standing,Standing
2025-02-03 13:40:42.500000+00:00,combi,Standing,Standing
2025-02-03 13:41:42.500000+00:00,combi,Standing,Standing
2025-02-03 13:42:42.500000+00:00,combi,Standing,Standing
2025-02-03 13:43:42.500000+00:00,combi,Standing,Standing
2025-02-03 13:44:42.500000+00:00,combi,Standing,Standing
2025-02-03 13:45:42.500000+00:00,combi,Standing,Standing
2025-02-03 13:46:42.500000+00:00,combi,Standing,Dynamic
2025-02-03 13:47:42.500000+00:00,combi,Standing,Standing
2025-02-03 13:48:42.500000+00:00,combi,Standing,Standing
2025-02-03 13:49:42.500000+00:00,combi,Standing,Dynamic
2025-02-03 13:50:42.500000+00:00,combi,Standing,Standing
2025-02-03 13:51:42.500000+00:00,combi,Standing,Standing
2025-02-03 13:52:42.500000+00:00,combi,Standing,Standing
2025-02-03 13:53:42.500000+00:00,combi,Standing,Dynamic
2025-02-03 13:54:42.500000+00:00,combi,Standing,Standing
2025-02-03 13:55:42.500000+00:00,combi,Standing,Standing
2025-02-03 13:56:42.500000+00:00,combi,Standing,Standing
2025-02-03 13:57:42.500000+00:00,combi,Standing,Dynamic
2025-02-03 13:58:42.500000+00:00,combi,Standing,Dynamic
2025-02-03 13:59:42.500000+00:00,combi,Standing,Standing
2025-02-03 14:00:42.500000+00:00,combi,Standing,Standing
2025-02-03 14:01:42.500000+00:00,combi,Standing,Standing
2025-02-03 14:02:42.500000+00:00,combi,Standing,Standing
2025-02-03 14:03:42.500000+00:00,combi,Standing,Dynamic
2025-02-03 14:04:42.500000+00:00,combi,Standing,Sitting
2025-02-03 14:05:42.500000+00:00,combi,Standing,Standing
2025-02-03 14:06:42.500000+00:00,combi,Standing,Dynamic
2025-02-03 14:07:42.500000+00:00,combi,Standing,Standing
2025-02-03 14:08:42.500000+00:00,combi,Standing,Standing
2025-02-03 14:09:42.500000+00:00,combi,Standing,Standing
2025-02-03 14:10:42.500000+00:00,combi,Standing,Standing
2025-02-03 14:11:42.500000+00:00,combi,Standing,Dynamic
2025-02-03 14:12:42.500000+00:00,combi,Standing,Dynamic
2025-02-03 14:13:42.500000+00:00,combi,Standing,Dynamic
2025-02-03 14:14:42.500000+00:00,combi,Standing,Standing
2025-02-03 14:15:42.500000+00:00,combi,Standing,Dynamic
2025-02-03 14:16:42.500000+00:00,combi,Standing,Standing
2025-02-03 14:17:42.500000+00:00,combi,Standing,Dynamic
2025-02-03 14:18:42.500000+00:00,combi,Standing,Dynamic
2025-02-03 14:19:42.500000+00:00,combi,Standing,Standing
2025-02-03 14:20:42.500000+00:00,combi,Standing,Dynamic
2025-02-03 14:21:42.500000+00:00,combi,Standing,Dynamic
2025-02-03 14:22:42.500000+00:00,combi,Standing,Dynamic
2025-02-03 14:23:42.500000+00:00,combi,Standing,Sitting
2025-02-03 14:24:42.500000+00:00,combi,Standing,Dynamic
2025-02-03 14:25:42.500000+00:00,combi,Standing,Dynamic
2025-02-03 14:26:42.500000+00:00,combi,Standing,Dynamic
2025-02-03 14:27:42.500000+00:00,combi,Standing,Standing
2025-02-03 14:28:42.500000+00:00,combi,Standing,Dynamic
2025-02-03 14:29:42.500000+00:00,combi,Standing,Standing
2025-02-03 14:30:42.500000+00:00,combi,Standing,Dynamic
2025-02-03 14:31:42.500000+00:00,combi,Standing,Dynamic
2025-02-03 14:32:42.500000+00:00,combi,Standing,Dynamic
2025-02-03 14:33:42.500000+00:00,combi,Lying,Dynamic
2025-02-03 14:34:42.500000+00:00,combi,Standing,Dynamic
2025-02-03 14:35:42.500000+00:00,combi,Standing,Dynamic
2025-02-03 14:36:42.500000+00:00,combi,Standing,Dynamic
2025-02-03 14:37:42.500000+00:00,combi,Standing,Dynamic
2025-02-03 14:38:42.500000+00:00,combi,Standing,Dynamic
2025-02-03 14:39:42.500000+00:00,combi,Standing,Dynamic
2025-02-03 14:40:42.500000+00:00,combi,Standing,Dynamic
2025-02-03 14:41:42.500000+00:00,combi,Standing,Dynamic
2025-02-03 14:42:42.500000+00:00,combi,Standing,Dynamic
2025-02-03 14:43:42.500000+00:00,combi,Standing,Dynamic
2025-02-03 14:44:42.500000+00:00,combi,Standing,Dynamic
2025-02-03 14:45:42.500000+00:00,combi,Standing,Dynamic
2025-02-03 14:46:42.500000+00:00,combi,Standing,Dynamic
2025-02-03 14:47:42.500000+00:00,combi,Standing,Dynamic
2025-02-03 14:48:42.500000+00:00,combi,Standing,Dynamic
2025-02-03 14:49:42.500000+00:00,combi,Standing,Dynamic
2025-02-03 14:50:42.500000+00:00,combi,Sitting,Sitting
2025-02-03 14:51:42.500000+00:00,combi,Sitting,Sitting
2025-02-03 14:52:42.500000+00:00,combi,Sitting,Sitting
2025-02-03 14:53:42.500000+00:00,combi,Sitting,Sitting
2025-02-03 14:54:42.500000+00:00,combi,Sitting,Sitting
2025-02-03 14:55:42.500000+00:00,combi,Sitting,Sitting
2025-02-03 14:56:42.500000+00:00,combi,Sitting,Sitting
2025-02-03 14:57:42.500000+00:00,combi,Sitting,Sitting
2025-02-03 14:58:42.500000+00:00,combi,Standing,Dynamic
2025-02-03 14:59:42.500000+00:00,combi,Lying,Dynamic
2025-02-03 15:00:42.500000+00:00,combi,Standing,Dynamic
2025-02-03 15:01:42.500000+00:00,combi,Sitting,Dynamic
2025-02-03 15:02:42.500000+00:00,combi,Standing,Dynamic
2025-02-03 15:03:42.500000+00:00,combi,Standing,Dynamic
2025-02-03 15:04:42.500000+00:00,combi,Standing,Dynamic
2025-02-03 15:05:42.500000+00:00,combi,Lying,Dynamic
2025-02-03 15:06:42.500000+00:00,combi,Lying,Dynamic
2025-02-03 15:07:42.500000+00:00,combi,Standing,Standing
2025-02-03 15:08:42.500000+00:00,combi,Standing,Dynamic
2025-02-03 15:09:42.500000+00:00,combi,Lying,Dynamic
2025-02-03 15:10:42.500000+00:00,combi,Standing,Dynamic
2025-02-03 15:11:42.500000+00:00,combi,Standing,Dynamic
2025-02-03 15:12:42.500000+00:00,combi,Sitting,Sitting
2025-02-03 15:13:42.500000+00:00,combi,Sitting,Sitting
2025-02-03 15:14:42.500000+00:00,combi,Sitting,Sitting
2025-02-03 15:15:42.500000+00:00,combi,Sitting,Sitting
2025-02-03 15:16:42.500000+00:00,combi,Sitting,Sitting
2025-02-03 15:17:42.500000+00:00,combi,Sitting,Sitting
2025-02-03 15:18:42.500000+00:00,combi,Sitting,Sitting
2025-02-03 15:19:42.500000+00:00,combi,Sitting,Sitting
2025-02-03 15:20:42.500000+00:00,combi,Standing,Dynamic
2025-02-03 15:21:42.500000+00:00,combi,Standing,Dynamic
2025-02-03 15:22:42.500000+00:00,combi,Lying,Dynamic
2025-02-03 15:23:42.500000+00:00,combi,Lying,Dynamic
2025-02-03 15:24:42.500000+00:00,combi,Lying,Dynamic
2025-02-03 15:25:42.500000+00:00,combi,Standing,Dynamic
2025-02-03 15:26:42.500000+00:00,combi,Lying,Dynamic
2025-02-03 15:27:42.500000+00:00,combi,Lying,Dynamic
2025-02-03 15:28:42.500000+00:00,combi,Standing,Dynamic
2025-02-03 15:29:42.500000+00:00,combi,Standing,Standing
2025-02-03 15:30:42.500000+00:00,combi,Standing,Dynamic
2025-02-03 15:31:42.500000+00:00,combi,Standing,Dynamic
2025-02-03 15:32:42.500000+00:00,combi,Standing,Dynamic
2025-02-03 15:33:42.500000+00:00,combi,Standing,Dynamic
2025-02-03 15:34:42.500000+00:00,combi,Standing,Dynamic
2025-02-03 15:35:42.500000+00:00,combi,Standing,Dynamic
2025-02-03 15:36:42.500000+00:00,combi,Standing,Standing
2025-02-03 15:37:42.500000+00:00,combi,Standing,Dynamic
2025-02-03 15:38:42.500000+00:00,combi,Sitting,Dynamic
2025-02-03 15:39:42.500000+00:00,combi,Sitting,Sitting
2025-02-03 15:40:42.500000+00:00,combi,Sitting,Sitting
2025-02-03 15:41:42.500000+00:00,combi,Sitting,Sitting
2025-02-03 15:42:42.500000+00:00,combi,Standing,Dynamic
2025-02-03 15:43:42.500000+00:00,combi,Standing,Dynamic
2025-02-03 15:44:42.500000+00:00,combi,Standing,Dynamic
2025-02-03 15:45:42.500000+00:00,combi,Standing,Dynamic
2025-02-03 15:46:42.500000+00:00,combi,Standing,Dynamic
2025-02-03 15:47:42.500000+00:00,combi,Standing,Dynamic
2025-02-03 15:48:42.500000+00:00,combi,Standing,Dynamic
2025-02-03 15:49:42.500000+00:00,combi,Standing,Dynamic
2025-02-03 15:50:42.500000+00:00,combi,Standing,Dynamic
2025-02-03 15:51:42.500000+00:00,combi,Standing,Dynamic
2025-02-03 15:52:42.500000+00:00,combi,Sitting,Sitting
2025-02-03 15:53:42.500000+00:00,combi,Sitting,Sitting
2025-02-03 15:54:42.500000+00:00,combi,Standing,Dynamic
2025-02-03 15:55:42.500000+00:00,combi,Standing,Dynamic
2025-02-03 15:56:42.500000+00:00,combi,Standing,Dynamic
2025-02-03 15:57:42.500000+00:00,combi,Standing,Standing
2025-02-03 15:58:42.500000+00:00,combi,Standing,Dynamic
2025-02-03 15:59:42.500000+00:00,combi,Standing,Dynamic
2025-02-03 16:00:42.500000+00:00,combi,Standing,Dynamic
2025-02-03 16:01:42.500000+00:00,combi,Standing,Dynamic
2025-02-03 16:02:42.500000+00:00,combi,Standing,Dynamic
2025-02-03 16:03:42.500000+00:00,combi,Standing,Standing
2025-02-03 16:04:42.500000+00:00,combi,Standing,Dynamic
2025-02-03 16:05:42.500000+00:00,combi,Standing,Dynamic
2025-02-03 16:06:42.500000+00:00,combi,Standing,Dynamic
2025-02-03 16:07:42.500000+00:00,combi,Standing,Dynamic
2025-02-03 16:08:42.500000+00:00,combi,Standing,Standing
2025-02-03 16:09:42.500000+00:00,combi,Standing,Standing
2025-02-03 16:10:42.500000+00:00,combi,Standing,Standing
2025-02-03 16:11:42.500000+00:00,combi,Standing,Dynamic
2025-02-03 16:12:42.500000+00:00,combi,Standing,Dynamic
2025-02-03 16:13:42.500000+00:00,combi,Standing,Dynamic
2025-02-03 16:14:42.500000+00:00,combi,Standing,Dynamic
2025-02-03 16:15:42.500000+00:00,combi,Standing,Dynamic
2025-02-03 16:16:42.500000+00:00,combi,Standing,Standing
2025-02-03 16:17:42.500000+00:00,combi,Standing,Standing
2025-02-03 16:18:42.500000+00:00,combi,Standing,Standing
2025-02-03 16:19:42.500000+00:00,combi,Standing,Standing
2025-02-03 16:20:42.500000+00:00,combi,Standing,Dynamic
2025-02-03 16:21:42.500000+00:00,combi,Standing,Dynamic
2025-02-03 16:22:42.500000+00:00,combi,Standing,Dynamic
2025-02-03 16:23:42.500000+00:00,combi,Standing,Dynamic
2025-02-03 16:24:42.500000+00:00,combi,Standing,Dynamic
2025-02-03 16:25:42.500000+00:00,combi,Standing,Dynamic
2025-02-03 16:26:42.500000+00:00,combi,Standing,Dynamic
2025-02-03 16:27:42.500000+00:00,combi,Standing,Dynamic
2025-02-03 16:28:42.500000+00:00,combi,Standing,Dynamic
2025-02-03 16:29:42.500000+00:00,combi,Standing,Dynamic
2025-02-03 16:30:42.500000+00:00,combi,Standing,Dynamic
2025-02-03 16:31:42.500000+00:00,combi,Standing,Dynamic
2025-02-03 16:32:42.500000+00:00,combi,Standing,Dynamic
2025-02-03 16:33:42.500000+00:00,combi,Standing,Dynamic
2025-02-03 16:34:42.500000+00:00,combi,Standing,Dynamic
2025-02-03 16:35:42.500000+00:00,combi,Standing,Dynamic
2025-02-03 16:36:42.500000+00:00,combi,Standing,Dynamic
2025-02-03 16:37:42.500000+00:00,combi,Sitting,Sitting
2025-02-03 16:38:42.500000+00:00,combi,Sitting,Sitting
2025-02-03 16:39:42.500000+00:00,combi,Sitting,Sitting
2025-02-03 16:40:42.500000+00:00,combi,Sitting,Sitting
2025-02-03 16:41:42.500000+00:00,combi,Sitting,Sitting
2025-02-03 16:42:42.500000+00:00,combi,Sitting,Sitting
2025-02-03 16:43:42.500000+00:00,combi,Standing,Dynamic
2025-02-03 16:44:42.500000+00:00,combi,Standing,Dynamic
2025-02-03 16:45:42.500000+00:00,combi,Lying,Dynamic
2025-02-03 16:46:42.500000+00:00,combi,Standing,Dynamic
2025-02-03 16:47:42.500000+00:00,combi,Standing,Dynamic
2025-02-03 16:48:42.500000+00:00,combi,Standing,Standing
2025-02-03 16:49:42.500000+00:00,combi,Standing,Dynamic
2025-02-03 16:50:42.500000+00:00,combi,Standing,Dynamic
2025-02-03 16:51:42.500000+00:00,combi,Standing,Dynamic
2025-02-03 16:52:42.500000+00:00,combi,Standing,Dynamic
2025-02-03 16:53:42.500000+00:00,combi,Standing,Dynamic
2025-02-03 16:54:42.500000+00:00,combi,Lying,Dynamic
2025-02-03 16:55:42.500000+00:00,combi,Lying,Dynamic
2025-02-03 16:56:42.500000+00:00,combi,Lying,Dynamic
2025-02-03 16:57:42.500000+00:00,combi,Lying,Dynamic
2025-02-03 16:58:42.500000+00:00,combi,Standing,Dynamic
2025-02-03 16:59:42.500000+00:00,combi,Lying,Dynamic
2025-02-03 17:00:42.500000+00:00,combi,Lying,Dynamic
2025-02-03 17:01:42.500000+00:00,combi,Lying,Dynamic
2025-02-03 17:02:42.500000+00:00,combi,Lying,Dynamic
2025-02-03 17:03:42.500000+00:00,combi,Lying,Dynamic
2025-02-03 17:04:42.500000+00:00,combi,Sitting,Sitting
2025-02-03 17:05:42.500000+00:00,combi,Sitting,Sitting
2025-02-03 17:06:42.500000+00:00,combi,Sitting,Sitting
2025-02-03 17:07:42.500000+00:00,combi,Sitting,Sitting
2025-02-03 17:08:42.500000+00:00,combi,Sitting,Sitting
2025-02-03 17:09:42.500000+00:00,combi,Standing,Standing
2025-02-03 17:10:42.500000+00:00,combi,Standing,Standing
2025-02-03 17:11:42.500000+00:00,combi,Standing,Standing
2025-02-03 17:12:42.500000+00:00,combi,Lying,Dynamic
2025-02-03 17:13:42.500000+00:00,combi,Lying,Dynamic
2025-02-03 17:14:42.500000+00:00,combi,Standing,Dynamic
2025-02-03 17:15:42.500000+00:00,combi,Standing,Dynamic
2025-02-03 17:16:42.500000+00:00,combi,Standing,Dynamic
2025-02-03 17:17:42.500000+00:00,combi,Sitting,Dynamic
2025-02-03 17:18:42.500000+00:00,combi,Sitting,Sitting
2025-02-03 17:19:42.500000+00:00,combi,Sitting,Dynamic
2025-02-03 17:20:42.500000+00:00,combi,Standing,Dynamic
2025-02-03 17:21:42.500000+00:00,combi,Standing,Dynamic
2025-02-03 17:22:42.500000+00:00,combi,Standing,Sitting
2025-02-03 17:23:42.500000+00:00,combi,Standing,Dynamic
2025-02-03 17:24:42.500000+00:00,combi,Standing,Dynamic
2025-02-03 17:25:42.500000+00:00,combi,Standing,Sitting
2025-02-03 17:26:42.500000+00:00,combi,Sitting,Sitting
2025-02-03 17:27:42.500000+00:00,combi,Standing,Dynamic
2025-02-03 17:28:42.500000+00:00,combi,Sitting,Dynamic
2025-02-03 17:29:42.500000+00:00,combi,Standing,Standing
2025-02-03 17:30:42.500000+00:00,combi,Standing,Dynamic
2025-02-03 17:31:42.500000+00:00,combi,Sitting,Dynamic
2025-02-03 17:32:42.500000+00:00,combi,Standing,Dynamic
2025-02-03 17:33:42.500000+00:00,combi,Sitting,Sitting
2025-02-03 17:34:42.500000+00:00,combi,Sitting,Sitting
2025-02-03 17:35:42.500000+00:00,combi,Sitting,Sitting
2025-02-03 17:36:42.500000+00:00,combi,Sitting,Sitting
2025-02-03 17:37:42.500000+00:00,combi,Sitting,Sitting
2025-02-03 17:38:42.500000+00:00,combi,Sitting,Sitting
2025-02-03 17:39:42.500000+00:00,combi,Sitting,Sitting
2025-02-03 17:40:42.500000+00:00,combi,Sitting,Sitting
2025-02-03 17:41:42.500000+00:00,combi,Sitting,Sitting
2025-02-03 17:42:42.500000+00:00,combi,Sitting,Sitting
2025-02-03 17:43:42.500000+00:00,combi,Sitting,Sitting
2025-02-03 17:44:42.500000+00:00,combi,Sitting,Sitting
2025-02-03 17:45:42.500000+00:00,combi,Standing,Dynamic
2025-02-03 17:46:42.500000+00:00,combi,Lying,Lying
2025-02-03 17:47:42.500000+00:00,combi,Sitting,Sitting
2025-02-03 17:48:42.500000+00:00,combi,Sitting,Sitting
2025-02-03 17:49:42.500000+00:00,combi,Sitting,Sitting
2025-02-03 17:50:42.500000+00:00,combi,Sitting,Sitting
2025-02-03 17:51:42.500000+00:00,combi,Sitting,Sitting
2025-02-03 17:52:42.500000+00:00,combi,Sitting,Sitting
2025-02-03 17:53:42.500000+00:00,combi,Sitting,Sitting
2025-02-03 17:54:42.500000+00:00,combi,Sitting,Dynamic
2025-02-03 17:55:42.500000+00:00,combi,Standing,Dynamic
2025-02-03 17:56:42.500000+00:00,combi,Sitting,Sitting
2025-02-03 17:57:42.500000+00:00,combi,Sitting,Sitting
2025-02-03 17:58:42.500000+00:00,combi,Sitting,Dynamic
2025-02-03 17:59:42.500000+00:00,combi,Lying,Lying
2025-02-03 18:00:42.500000+00:00,combi,Standing,Dynamic
2025-02-03 18:01:42.500000+00:00,combi,Sitting,Sitting
2025-02-03 18:02:42.500000+00:00,combi,Sitting,Sitting
2025-02-03 18:03:42.500000+00:00,combi,Sitting,Dynamic
2025-02-03 18:04:42.500000+00:00,combi,Sitting,Sitting
2025-02-03 18:05:42.500000+00:00,combi,Sitting,Sitting
2025-02-03 18:06:42.500000+00:00,combi,Sitting,Sitting
2025-02-03 18:07:42.500000+00:00,combi,Sitting,Sitting
2025-02-03 18:08:42.500000+00:00,combi,Sitting,Sitting
2025-02-03 18:09:42.500000+00:00,combi,Sitting,Sitting
2025-02-03 18:10:42.500000+00:00,combi,Sitting,Sitting
2025-02-03 18:11:42.500000+00:00,combi,Sitting,Sitting
2025-02-03 18:12:42.500000+00:00,combi,Sitting,Sitting
2025-02-03 18:13:42.500000+00:00,combi,Sitting,Sitting
2025-02-03 18:14:42.500000+00:00,combi,Sitting,Sitting
2025-02-03 18:15:42.500000+00:00,combi,Standing,Standing
2025-02-03 18:16:42.500000+00:00,combi,Sitting,Sitting
2025-02-03 18:17:42.500000+00:00,combi,Standing,Dynamic
2025-02-03 18:18:42.500000+00:00,combi,Sitting,Sitting
2025-02-03 18:19:42.500000+00:00,combi,Sitting,Sitting
2025-02-03 18:20:42.500000+00:00,combi,Sitting,Sitting
2025-02-03 18:21:42.500000+00:00,combi,Sitting,Sitting
2025-02-03 18:22:42.500000+00:00,combi,Standing,Dynamic
2025-02-03 18:23:42.500000+00:00,combi,Sitting,Sitting
2025-02-03 18:24:42.500000+00:00,combi,Sitting,Sitting
2025-02-03 18:25:42.500000+00:00,combi,Lying,Lying
2025-02-03 18:26:42.500000+00:00,combi,Standing,Dynamic
2025-02-03 18:27:42.500000+00:00,combi,Standing,Standing
2025-02-03 18:28:42.500000+00:00,combi,Sitting,Sitting
2025-02-03 18:29:42.500000+00:00,combi,Sitting,Dynamic
2025-02-03 18:30:42.500000+00:00,combi,Sitting,Sitting
2025-02-03 18:31:42.500000+00:00,combi,Sitting,Sitting
2025-02-03 18:32:42.500000+00:00,combi,Sitting,Dynamic
2025-02-03 18:33:42.500000+00:00,combi,Sitting,Sitting
2025-02-03 18:34:42.500000+00:00,combi,Sitting,Sitting
2025-02-03 18:35:42.500000+00:00,combi,Sitting,Sitting
2025-02-03 18:36:42.500000+00:00,combi,Sitting,Sitting
2025-02-03 18:37:42.500000+00:00,combi,Sitting,Sitting
2025-02-03 18:38:42.500000+00:00,combi,Sitting,Sitting
2025-02-03 18:39:42.500000+00:00,combi,Sitting,Sitting
2025-02-03 18:40:42.500000+00:00,combi,Sitting,Sitting
2025-02-03 18:41:42.500000+00:00,combi,Standing,Dynamic
2025-02-03 18:42:42.500000+00:00,combi,Sitting,Dynamic
2025-02-03 18:43:42.500000+00:00,combi,Sitting,Dynamic
2025-02-03 18:44:42.500000+00:00,combi,Standing,Dynamic
2025-02-03 18:45:42.500000+00:00,combi,Standing,Dynamic
2025-02-03 18:46:42.500000+00:00,combi,Lying,Dynamic
2025-02-03 18:47:42.500000+00:00,combi,Lying,Dynamic
2025-02-03 18:48:42.500000+00:00,combi,Lying,Dynamic
2025-02-03 18:49:42.500000+00:00,combi,Lying,Dynamic
2025-02-03 18:50:42.500000+00:00,combi,Standing,Dynamic
2025-02-03 18:51:42.500000+00:00,combi,Standing,Standing
2025-02-03 18:52:42.500000+00:00,combi,Standing,Dynamic
2025-02-03 18:53:42.500000+00:00,combi,Standing,Dynamic
2025-02-03 18:54:42.500000+00:00,combi,Standing,Dynamic
2025-02-03 18:55:42.500000+00:00,combi,Standing,Dynamic
2025-02-03 18:56:42.500000+00:00,combi,Standing,Dynamic
2025-02-03 18:57:42.500000+00:00,combi,Sitting,Sitting
2025-02-03 18:58:42.500000+00:00,combi,Sitting,Sitting
2025-02-03 18:59:42.500000+00:00,combi,Sitting,Sitting
2025-02-03 19:00:42.500000+00:00,combi,Sitting,Sitting
2025-02-03 19:01:42.500000+00:00,combi,Standing,Dynamic
2025-02-03 19:02:42.500000+00:00,combi,Lying,Dynamic
2025-02-03 19:03:42.500000+00:00,combi,Lying,Dynamic
2025-02-03 19:04:42.500000+00:00,combi,Lying,Dynamic
2025-02-03 19:05:42.500000+00:00,combi,Lying,Dynamic
2025-02-03 19:06:42.500000+00:00,combi,Sitting,Sitting
2025-02-03 19:07:42.500000+00:00,combi,Sitting,Sitting
2025-02-03 19:08:42.500000+00:00,combi,Sitting,Sitting
2025-02-03 19:09:42.500000+00:00,combi,Sitting,Sitting
2025-02-03 19:10:42.500000+00:00,combi,Sitting,Sitting
2025-02-03 19:11:42.500000+00:00,combi,Sitting,Sitting
2025-02-03 19:12:42.500000+00:00,combi,Sitting,Sitting
2025-02-03 19:13:42.500000+00:00,combi,Sitting,Sitting
2025-02-03 19:14:42.500000+00:00,combi,Sitting,Sitting
2025-02-03 19:15:42.500000+00:00,combi,Sitting,Sitting
2025-02-03 19:16:42.500000+00:00,combi,Sitting,Sitting
2025-02-03 19:17:42.500000+00:00,combi,Sitting,Sitting
2025-02-03 19:18:42.500000+00:00,combi,Sitting,Sitting
2025-02-03 19:19:42.500000+00:00,combi,Sitting,Sitting
2025-02-03 19:20:42.500000+00:00,combi,Sitting,Sitting
2025-02-03 19:21:42.500000+00:00,combi,Sitting,Sitting
2025-02-03 19:22:42.500000+00:00,combi,Sitting,Sitting
2025-02-03 19:23:42.500000+00:00,combi,Standing,Dynamic
2025-02-03 19:24:42.500000+00:00,combi,Standing,Dynamic
2025-02-03 19:25:42.500000+00:00,combi,Standing,Dynamic
2025-02-03 19:26:42.500000+00:00,combi,Standing,Dynamic
2025-02-03 19:27:42.500000+00:00,combi,Standing,Dynamic
2025-02-03 19:28:42.500000+00:00,combi,Standing,Dynamic
2025-02-03 19:29:42.500000+00:00,combi,Standing,Dynamic
2025-02-03 19:30:42.500000+00:00,combi,Standing,Dynamic
2025-02-03 19:31:42.500000+00:00,combi,Standing,Dynamic
2025-02-03 19:32:42.500000+00:00,combi,Standing,Dynamic
2025-02-03 19:33:42.500000+00:00,combi,Standing,Standing
2025-02-03 19:34:42.500000+00:00,combi,Standing,Dynamic
2025-02-03 19:35:42.500000+00:00,combi,Standing,Dynamic
2025-02-03 19:36:42.500000+00:00,combi,Standing,Dynamic
2025-02-03 19:37:42.500000+00:00,combi,Standing,Dynamic
2025-02-03 19:38:42.500000+00:00,combi,Standing,Dynamic
2025-02-03 19:39:42.500000+00:00,combi,Standing,Dynamic
2025-02-03 19:40:42.500000+00:00,combi,Lying,Dynamic
2025-02-03 19:41:42.500000+00:00,combi,Lying,Dynamic
2025-02-03 19:42:42.500000+00:00,combi,Standing,Dynamic
2025-02-03 19:43:42.500000+00:00,combi,Lying,Dynamic
2025-02-03 19:44:42.500000+00:00,combi,Lying,Dynamic
2025-02-03 19:45:42.500000+00:00,combi,Standing,Dynamic
2025-02-03 19:46:42.500000+00:00,combi,Standing,Sitting
2025-02-03 19:47:42.500000+00:00,combi,Standing,Standing
2025-02-03 19:48:42.500000+00:00,combi,Sitting,Sitting
2025-02-03 19:49:42.500000+00:00,combi,Sitting,Sitting
2025-02-03 19:50:42.500000+00:00,combi,Standing,Dynamic
2025-02-03 19:51:42.500000+00:00,combi,Sitting,Dynamic
2025-02-03 19:52:42.500000+00:00,combi,Standing,Standing
2025-02-03 19:53:42.500000+00:00,combi,Standing,Dynamic
2025-02-03 19:54:42.500000+00:00,combi,Standing,Dynamic
2025-02-03 19:55:42.500000+00:00,combi,Standing,Dynamic
2025-02-03 19:56:42.500000+00:00,combi,Sitting,Sitting
2025-02-03 19:57:42.500000+00:00,combi,Sitting,Sitting
2025-02-03 19:58:42.500000+00:00,combi,Sitting,Sitting
2025-02-03 19:59:42.500000+00:00,combi,Sitting,Sitting
2025-02-03 20:00:42.500000+00:00,combi,Sitting,Sitting
2025-02-03 20:01:42.500000+00:00,combi,Sitting,Sitting
2025-02-03 20:02:42.500000+00:00,combi,Sitting,Sitting
2025-02-03 20:03:42.500000+00:00,combi,Sitting,Sitting
2025-02-03 20:04:42.500000+00:00,combi,Standing,Standing
2025-02-03 20:05:42.500000+00:00,combi,Standing,Standing
2025-02-03 20:06:42.500000+00:00,combi,Lying,Dynamic
2025-02-03 20:07:42.500000+00:00,combi,Standing,Dynamic
2025-02-03 20:08:42.500000+00:00,combi,Lying,Dynamic
2025-02-03 20:09:42.500000+00:00,combi,Lying,Dynamic
2025-02-03 20:10:42.500000+00:00,combi,Lying,Dynamic
2025-02-03 20:11:42.500000+00:00,combi,Lying,Dynamic
2025-02-03 20:12:42.500000+00:00,combi,Sitting,Sitting
2025-02-03 20:13:42.500000+00:00,combi,Sitting,Sitting
2025-02-03 20:14:42.500000+00:00,combi,Sitting,Sitting
2025-02-03 20:15:42.500000+00:00,combi,Sitting,Sitting
2025-02-03 20:16:42.500000+00:00,combi,Sitting,Sitting
2025-02-03 20:17:42.500000+00:00,combi,Sitting,Sitting
2025-02-03 20:18:42.500000+00:00,combi,Sitting,Sitting
2025-02-03 20:19:42.500000+00:00,combi,Standing,Dynamic
2025-02-03 20:20:42.500000+00:00,combi,Lying,Dynamic
2025-02-03 20:21:42.500000+00:00,combi,Lying,Dynamic
2025-02-03 20:22:42.500000+00:00,combi,Lying,Dynamic
2025-02-03 20:23:42.500000+00:00,combi,Standing,Dynamic
2025-02-03 20:24:42.500000+00:00,combi,Standing,Dynamic
2025-02-03 20:25:42.500000+00:00,combi,Standing,Dynamic
2025-02-03 20:26:42.500000+00:00,combi,Standing,Dynamic
2025-02-03 20:27:42.500000+00:00,combi,Standing,Dynamic
2025-02-03 20:28:42.500000+00:00,combi,Standing,Dynamic
2025-02-03 20:29:42.500000+00:00,combi,Standing,Standing
2025-02-03 20:30:42.500000+00:00,combi,Standing,Dynamic
2025-02-03 20:31:42.500000+00:00,combi,Standing,Dynamic
2025-02-03 20:32:42.500000+00:00,combi,Standing,Dynamic
2025-02-03 20:33:42.500000+00:00,combi,Standing,Dynamic
2025-02-03 20:34:42.500000+00:00,combi,Standing,Dynamic
2025-02-03 20:35:42.500000+00:00,combi,Standing,Standing
2025-02-03 20:36:42.500000+00:00,combi,Standing,Sitting
2025-02-03 20:37:42.500000+00:00,combi,Standing,Sitting
2025-02-03 20:38:42.500000+00:00,combi,Sitting,Dynamic
2025-02-03 20:39:42.500000+00:00,combi,Standing,Dynamic
2025-02-03 20:40:42.500000+00:00,combi,Standing,Dynamic
2025-02-03 20:41:42.500000+00:00,combi,Standing,Standing
2025-02-03 20:42:42.500000+00:00,combi,Sitting,Sitting
2025-02-03 20:43:42.500000+00:00,combi,Sitting,Sitting
2025-02-03 20:44:42.500000+00:00,combi,Standing,Dynamic
2025-02-03 20:45:42.500000+00:00,combi,Sitting,Sitting
2025-02-03 20:46:42.500000+00:00,combi,Sitting,Sitting
2025-02-03 20:47:42.500000+00:00,combi,Sitting,Sitting
2025-02-03 20:48:42.500000+00:00,combi,Sitting,Sitting
2025-02-03 20:49:42.500000+00:00,combi,Sitting,Sitting
2025-02-03 20:50:42.500000+00:00,combi,Sitting,Sitting
2025-02-03 20:51:42.500000+00:00,combi,Sitting,Sitting
2025-02-03 20:52:42.500000+00:00,combi,Sitting,Sitting
2025-02-03 20:53:42.500000+00:00,combi,Sitting,Sitting
2025-02-03 20:54:42.500000+00:00,combi,Sitting,Sitting
2025-02-03 20:55:42.500000+00:00,combi,Sitting,Sitting
2025-02-03 20:56:42.500000+00:00,combi,Sitting,Sitting
2025-02-03 20:57:42.500000+00:00,combi,Sitting,Sitting
2025-02-03 20:58:42.500000+00:00,combi,Sitting,Sitting
2025-02-03 20:59:42.500000+00:00,combi,Sitting,Sitting
2025-02-03 21:00:42.500000+00:00,combi,Sitting,Sitting
2025-02-03 21:01:42.500000+00:00,combi,Sitting,Sitting
2025-02-03 21:02:42.500000+00:00,combi,Sitting,Sitting
2025-02-03 21:03:42.500000+00:00,combi,Standing,Dynamic
2025-02-03 21:04:42.500000+00:00,combi,Standing,Dynamic
2025-02-03 21:05:42.500000+00:00,combi,Sitting,Sitting
2025-02-03 21:06:42.500000+00:00,combi,Sitting,Dynamic
2025-02-03 21:07:42.500000+00:00,combi,Standing,Dynamic
2025-02-03 21:08:42.500000+00:00,combi,Standing,Dynamic
2025-02-03 21:09:42.500000+00:00,combi,Standing,Dynamic
2025-02-03 21:10:42.500000+00:00,combi,Standing,Dynamic
2025-02-03 21:11:42.500000+00:00,combi,Standing,Dynamic
2025-02-03 21:12:42.500000+00:00,combi,Standing,Dynamic
2025-02-03 21:13:42.500000+00:00,combi,Sitting,Sitting
2025-02-03 21:14:42.500000+00:00,combi,Sitting,Sitting
2025-02-03 21:15:42.500000+00:00,combi,Sitting,Sitting
2025-02-03 21:16:42.500000+00:00,combi,Standing,Dynamic
2025-02-03 21:17:42.500000+00:00,combi,Standing,Dynamic
2025-02-03 21:18:42.500000+00:00,combi,Standing,Dynamic
2025-02-03 21:19:42.500000+00:00,combi,Standing,Dynamic
2025-02-03 21:20:42.500000+00:00,combi,Standing,Dynamic
2025-02-03 21:21:42.500000+00:00,combi,Standing,Dynamic
2025-02-03 21:22:42.500000+00:00,combi,Standing,Dynamic
2025-02-03 21:23:42.500000+00:00,combi,Standing,Standing
2025-02-03 21:24:42.500000+00:00,combi,Sitting,Sitting
2025-02-03 21:25:42.500000+00:00,combi,Sitting,Sitting
2025-02-03 21:26:42.500000+00:00,combi,Standing,Dynamic
2025-02-03 21:27:42.500000+00:00,combi,Sitting,Sitting
2025-02-03 21:28:42.500000+00:00,combi,Standing,Standing
2025-02-03 21:29:42.500000+00:00,combi,Standing,Standing
2025-02-03 21:30:42.500000+00:00,combi,Standing,Standing
2025-02-03 21:31:42.500000+00:00,combi,Standing,Dynamic
2025-02-03 21:32:42.500000+00:00,combi,Standing,Standing
2025-02-03 21:33:42.500000+00:00,combi,Standing,Dynamic
2025-02-03 21:34:42.500000+00:00,combi,Standing,Dynamic
2025-02-03 21:35:42.500000+00:00,combi,Sitting,Dynamic
2025-02-03 21:36:42.500000+00:00,combi,Standing,Dynamic
2025-02-03 21:37:42.500000+00:00,combi,Standing,Dynamic
2025-02-03 21:38:42.500000+00:00,combi,Sitting,Dynamic
2025-02-03 21:39:42.500000+00:00,combi,Sitting,Sitting
2025-02-03 21:40:42.500000+00:00,combi,Sitting,Sitting
2025-02-03 21:41:42.500000+00:00,combi,Sitting,Sitting
2025-02-03 21:42:42.500000+00:00,combi,Sitting,Sitting
2025-02-03 21:43:42.500000+00:00,combi,Sitting,Sitting
2025-02-03 21:44:42.500000+00:00,combi,Sitting,Sitting
2025-02-03 21:45:42.500000+00:00,combi,Sitting,Sitting
2025-02-03 21:46:42.500000+00:00,combi,Sitting,Sitting
2025-02-03 21:47:42.500000+00:00,combi,Sitting,Sitting
2025-02-03 21:48:42.500000+00:00,combi,Sitting,Sitting
2025-02-03 21:49:42.500000+00:00,combi,Sitting,Sitting
2025-02-03 21:50:42.500000+00:00,combi,Sitting,Sitting
2025-02-03 21:51:42.500000+00:00,combi,Sitting,Sitting
2025-02-03 21:52:42.500000+00:00,combi,Sitting,Sitting
2025-02-03 21:53:42.500000+00:00,combi,Sitting,Sitting
2025-02-03 21:54:42.500000+00:00,combi,Sitting,Sitting
2025-02-03 21:55:42.500000+00:00,combi,Sitting,Sitting
2025-02-03 21:56:42.500000+00:00,combi,Sitting,Sitting
2025-02-03 21:57:42.500000+00:00,combi,Sitting,Sitting
2025-02-03 21:58:42.500000+00:00,combi,Sitting,Sitting
2025-02-03 21:59:42.500000+00:00,combi,Sitting,Sitting
2025-02-03 22:00:42.500000+00:00,combi,Sitting,Sitting
2025-02-03 22:01:42.500000+00:00,combi,Sitting,Sitting
2025-02-03 22:02:42.500000+00:00,combi,Sitting,Sitting
2025-02-03 22:03:42.500000+00:00,combi,Sitting,Sitting
2025-02-03 22:04:42.500000+00:00,combi,Sitting,Sitting
2025-02-03 22:05:42.500000+00:00,combi,Sitting,Sitting
2025-02-03 22:06:42.500000+00:00,combi,Sitting,Sitting
2025-02-03 22:07:42.500000+00:00,combi,Sitting,Sitting
2025-02-03 22:08:42.500000+00:00,combi,Sitting,Sitting
2025-02-03 22:09:42.500000+00:00,combi,Sitting,Sitting
2025-02-03 22:10:42.500000+00:00,combi,Sitting,Sitting
2025-02-03 22:11:42.500000+00:00,combi,Sitting,Sitting
2025-02-03 22:12:42.500000+00:00,combi,Sitting,Sitting
2025-02-03 22:13:42.500000+00:00,combi,Sitting,Dynamic
2025-02-03 22:14:42.500000+00:00,combi,Sitting,Sitting
2025-02-03 22:15:42.500000+00:00,combi,Sitting,Sitting
2025-02-03 22:16:42.500000+00:00,combi,Sitting,Sitting
2025-02-03 22:17:42.500000+00:00,combi,Sitting,Sitting
2025-02-03 22:18:42.500000+00:00,combi,Sitting,Sitting
2025-02-03 22:19:42.500000+00:00,combi,Standing,Sitting
2025-02-03 22:20:42.500000+00:00,combi,Sitting,Sitting
2025-02-03 22:21:42.500000+00:00,combi,Sitting,Sitting
2025-02-03 22:22:42.500000+00:00,combi,Sitting,Sitting
2025-02-03 22:23:42.500000+00:00,combi,Sitting,Sitting
2025-02-03 22:24:42.500000+00:00,combi,Standing,Sitting
2025-02-03 22:25:42.500000+00:00,combi,Standing,Standing
2025-02-03 22:26:42.500000+00:00,combi,Standing,Dynamic
2025-02-03 22:27:42.500000+00:00,combi,Standing,Dynamic
2025-02-03 22:28:42.500000+00:00,combi,Standing,Dynamic
2025-02-03 22:29:42.500000+00:00,combi,Sitting,Sitting
2025-02-03 22:30:42.500000+00:00,combi,Sitting,Sitting
2025-02-03 22:31:42.500000+00:00,combi,Sitting,Sitting
2025-02-03 22:32:42.500000+00:00,combi,Standing,Dynamic
2025-02-03 22:33:42.500000+00:00,combi,Standing,Sitting
2025-02-03 22:34:42.500000+00:00,combi,Standing,Standing
2025-02-03 22:35:42.500000+00:00,combi,Standing,Dynamic
2025-02-03 22:36:42.500000+00:00,combi,Sitting,Sitting
2025-02-03 22:37:42.500000+00:00,combi,Sitting,Sitting
2025-02-03 22:38:42.500000+00:00,combi,Sitting,Sitting
2025-02-03 22:39:42.500000+00:00,combi,Sitting,Sitting
2025-02-03 22:40:42.500000+00:00,combi,Sitting,Sitting
2025-02-03 22:41:42.500000+00:00,combi,Sitting,Sitting
2025-02-03 22:42:42.500000+00:00,combi,Sitting,Dynamic
2025-02-03 22:43:42.500000+00:00,combi,Standing,Dynamic
2025-02-03 22:44:42.500000+00:00,combi,Standing,Standing
2025-02-03 22:45:42.500000+00:00,combi,Standing,Standing
2025-02-03 22:46:42.500000+00:00,combi,Standing,Sitting
2025-02-03 22:47:42.500000+00:00,combi,Standing,Sitting
2025-02-03 22:48:42.500000+00:00,combi,Sitting,Dynamic
2025-02-03 22:49:42.500000+00:00,combi,Standing,Standing
2025-02-03 22:50:42.500000+00:00,combi,Sitting,Sitting
2025-02-03 22:51:42.500000+00:00,combi,Lying,Dynamic
2025-02-03 22:52:42.500000+00:00,combi,Lying,Lying
2025-02-03 22:53:42.500000+00:00,combi,Lying,Lying
2025-02-03 22:54:42.500000+00:00,combi,Lying,Lying
2025-02-03 22:55:42.500000+00:00,combi,Lying,Lying
2025-02-03 22:56:42.500000+00:00,combi,Lying,Lying
2025-02-03 22:57:42.500000+00:00,combi,Lying,Lying
2025-02-03 22:58:42.500000+00:00,combi,Lying,Lying
2025-02-03 22:59:42.500000+00:00,combi,Lying,Lying
2025-02-03 23:00:42.500000+00:00,combi,Lying,Lying
2025-02-03 23:01:42.500000+00:00,combi,Lying,Lying
2025-02-03 23:02:42.500000+00:00,combi,Lying,Lying
2025-02-03 23:03:42.500000+00:00,combi,Lying,Lying
2025-02-03 23:04:42.500000+00:00,combi,Lying,Lying
2025-02-03 23:05:42.500000+00:00,combi,Lying,Lying
2025-02-03 23:06:42.500000+00:00,combi,Lying,Lying
2025-02-03 23:07:42.500000+00:00,combi,Lying,Lying
2025-02-03 23:08:42.500000+00:00,combi,Lying,Lying
2025-02-03 23:09:42.500000+00:00,combi,Lying,Lying
2025-02-03 23:10:42.500000+00:00,combi,Lying,Lying
2025-02-03 23:11:42.500000+00:00,combi,Lying,Lying
2025-02-03 23:12:42.500000+00:00,combi,Lying,Lying
2025-02-03 23:13:42.500000+00:00,combi,Lying,Lying
2025-02-03 23:14:42.500000+00:00,combi,Lying,Lying
2025-02-03 23:15:42.500000+00:00,combi,Lying,Lying
2025-02-03 23:16:42.500000+00:00,combi,Lying,Lying
2025-02-03 23:17:42.500000+00:00,combi,Lying,Lying
2025-02-03 23:18:42.500000+00:00,combi,Lying,Lying
2025-02-03 23:19:42.500000+00:00,combi,Lying,Lying
2025-02-03 23:20:42.500000+00:00,combi,Lying,Lying
2025-02-03 23:21:42.500000+00:00,combi,Lying,Lying
2025-02-03 23:22:42.500000+00:00,combi,Lying,Lying
2025-02-03 23:23:42.500000+00:00,combi,Lying,Lying
2025-02-03 23:24:42.500000+00:00,combi,Lying,Lying
2025-02-03 23:25:42.500000+00:00,combi,Lying,Lying
2025-02-03 23:26:42.500000+00:00,combi,Lying,Lying
2025-02-03 23:27:42.500000+00:00,combi,Lying,Lying
2025-02-03 23:28:42.500000+00:00,combi,Lying,Lying
2025-02-03 23:29:42.500000+00:00,combi,Lying,Lying
2025-02-03 23:30:42.500000+00:00,combi,Lying,Lying
2025-02-03 23:31:42.500000+00:00,combi,Lying,Lying
2025-02-03 23:32:42.500000+00:00,combi,Lying,Lying
2025-02-03 23:33:42.500000+00:00,combi,Lying,Lying
2025-02-03 23:34:42.500000+00:00,combi,Lying,Lying
2025-02-03 23:35:42.500000+00:00,combi,Lying,Lying
2025-02-03 23:36:42.500000+00:00,combi,Lying,Lying
2025-02-03 23:37:42.500000+00:00,combi,Lying,Lying
2025-02-03 23:38:42.500000+00:00,combi,Lying,Lying
2025-02-03 23:39:42.500000+00:00,combi,Lying,Lying
2025-02-03 23:40:42.500000+00:00,combi,Lying,Lying
2025-02-03 23:41:42.500000+00:00,combi,Lying,Lying
2025-02-03 23:42:42.500000+00:00,combi,Lying,Lying
2025-02-03 23:43:42.500000+00:00,combi,Lying,Lying
2025-02-03 23:44:42.500000+00:00,combi,Lying,Lying
2025-02-03 23:45:42.500000+00:00,combi,Lying,Lying
2025-02-03 23:46:42.500000+00:00,combi,Lying,Lying
2025-02-03 23:47:42.500000+00:00,combi,Lying,Lying
2025-02-03 23:48:42.500000+00:00,combi,Lying,Lying
2025-02-03 23:49:42.500000+00:00,combi,Lying,Lying
2025-02-03 23:50:42.500000+00:00,combi,Lying,Lying
2025-02-03 23:51:42.500000+00:00,combi,Lying,Lying
2025-02-03 23:52:42.500000+00:00,combi,Lying,Lying
2025-02-03 23:53:42.500000+00:00,combi,Lying,Lying
2025-02-03 23:54:42.500000+00:00,combi,Lying,Lying
2025-02-03 23:55:42.500000+00:00,combi,Lying,Lying
2025-02-03 23:56:42.500000+00:00,combi,Lying,Lying
2025-02-03 23:57:42.500000+00:00,combi,Lying,Lying
2025-02-03 23:58:42.500000+00:00,combi,Lying,Lying
2025-02-03 23:59:42.500000+00:00,combi,Lying,Lying
2025-02-04 00:00:42.500000+00:00,combi,Lying,Lying
2025-02-04 00:01:42.500000+00:00,combi,Lying,Lying
2025-02-04 00:02:42.500000+00:00,combi,Lying,Lying
2025-02-04 00:03:42.500000+00:00,combi,Lying,Lying
2025-02-04 00:04:42.500000+00:00,combi,Lying,Lying
2025-02-04 00:05:42.500000+00:00,combi,Lying,Lying
2025-02-04 00:06:42.500000+00:00,combi,Lying,Lying
2025-02-04 00:07:42.500000+00:00,combi,Lying,Lying
2025-02-04 00:08:42.500000+00:00,combi,Lying,Lying
2025-02-04 00:09:42.500000+00:00,combi,Lying,Lying
2025-02-04 00:10:42.500000+00:00,combi,Lying,Lying
2025-02-04 00:11:42.500000+00:00,combi,Lying,Lying
2025-02-04 00:12:42.500000+00:00,combi,Lying,Lying
2025-02-04 00:13:42.500000+00:00,combi,Lying,Lying
2025-02-04 00:14:42.500000+00:00,combi,Lying,Lying
2025-02-04 00:15:42.500000+00:00,combi,Lying,Lying
2025-02-04 00:16:42.500000+00:00,combi,Lying,Lying
2025-02-04 00:17:42.500000+00:00,combi,Lying,Lying
2025-02-04 00:18:42.500000+00:00,combi,Lying,Lying
2025-02-04 00:19:42.500000+00:00,combi,Lying,Lying
2025-02-04 00:20:42.500000+00:00,combi,Lying,Lying
2025-02-04 00:21:42.500000+00:00,combi,Lying,Lying
2025-02-04 00:22:42.500000+00:00,combi,Lying,Lying
2025-02-04 00:23:42.500000+00:00,combi,Lying,Lying
2025-02-04 00:24:42.500000+00:00,combi,Lying,Lying
2025-02-04 00:25:42.500000+00:00,combi,Lying,Lying
2025-02-04 00:26:42.500000+00:00,combi,Lying,Lying
2025-02-04 00:27:42.500000+00:00,combi,Lying,Lying
2025-02-04 00:28:42.500000+00:00,combi,Lying,Lying
2025-02-04 00:29:42.500000+00:00,combi,Lying,Lying
2025-02-04 00:30:42.500000+00:00,combi,Lying,Lying
2025-02-04 00:31:42.500000+00:00,combi,Lying,Lying
2025-02-04 00:32:42.500000+00:00,combi,Lying,Lying
2025-02-04 00:33:42.500000+00:00,combi,Lying,Lying
2025-02-04 00:34:42.500000+00:00,combi,Lying,Lying
2025-02-04 00:35:42.500000+00:00,combi,Lying,Lying
2025-02-04 00:36:42.500000+00:00,combi,Lying,Lying
2025-02-04 00:37:42.500000+00:00,combi,Lying,Lying
2025-02-04 00:38:42.500000+00:00,combi,Lying,Lying
2025-02-04 00:39:42.500000+00:00,combi,Lying,Lying
2025-02-04 00:40:42.500000+00:00,combi,Lying,Lying
2025-02-04 00:41:42.500000+00:00,combi,Lying,Lying
2025-02-04 00:42:42.500000+00:00,combi,Lying,Lying
2025-02-04 00:43:42.500000+00:00,combi,Lying,Lying
2025-02-04 00:44:42.500000+00:00,combi,Lying,Lying
2025-02-04 00:45:42.500000+00:00,combi,Lying,Lying
2025-02-04 00:46:42.500000+00:00,combi,Lying,Lying
2025-02-04 00:47:42.500000+00:00,combi,Lying,Lying
2025-02-04 00:48:42.500000+00:00,combi,Lying,Lying
2025-02-04 00:49:42.500000+00:00,combi,Lying,Lying
2025-02-04 00:50:42.500000+00:00,combi,Lying,Lying
2025-02-04 00:51:42.500000+00:00,combi,Lying,Lying
2025-02-04 00:52:42.500000+00:00,combi,Lying,Lying
2025-02-04 00:53:42.500000+00:00,combi,Lying,Lying
2025-02-04 00:54:42.500000+00:00,combi,Lying,Lying
2025-02-04 00:55:42.500000+00:00,combi,Lying,Lying
2025-02-04 00:56:42.500000+00:00,combi,Lying,Lying
2025-02-04 00:57:42.500000+00:00,combi,Lying,Dynamic
2025-02-04 00:58:42.500000+00:00,combi,Sitting,Sitting
2025-02-04 00:59:42.500000+00:00,combi,Standing,Dynamic
2025-02-04 01:00:42.500000+00:00,combi,Standing,Standing
2025-02-04 01:01:42.500000+00:00,combi,Standing,Standing
2025-02-04 01:02:42.500000+00:00,combi,Standing,Dynamic
2025-02-04 01:03:42.500000+00:00,combi,Sitting,Sitting
2025-02-04 01:04:42.500000+00:00,combi,Sitting,Sitting
2025-02-04 01:05:42.500000+00:00,combi,Sitting,Sitting
2025-02-04 01:06:42.500000+00:00,combi,Sitting,Sitting
2025-02-04 01:07:42.500000+00:00,combi,Sitting,Sitting
2025-02-04 01:08:42.500000+00:00,combi,Sitting,Sitting
2025-02-04 01:09:42.500000+00:00,combi,Sitting,Sitting
2025-02-04 01:10:42.500000+00:00,combi,Sitting,Sitting
2025-02-04 01:11:42.500000+00:00,combi,Sitting,Sitting
2025-02-04 01:12:42.500000+00:00,combi,Sitting,Sitting
2025-02-04 01:13:42.500000+00:00,combi,Sitting,Sitting
2025-02-04 01:14:42.500000+00:00,combi,Sitting,Sitting
2025-02-04 01:15:42.500000+00:00,combi,Sitting,Sitting
2025-02-04 01:16:42.500000+00:00,combi,Sitting,Sitting
2025-02-04 01:17:42.500000+00:00,combi,Sitting,Sitting
2025-02-04 01:18:42.500000+00:00,combi,Sitting,Sitting
2025-02-04 01:19:42.500000+00:00,combi,Standing,Standing
2025-02-04 01:20:42.500000+00:00,combi,Sitting,Dynamic
2025-02-04 01:21:42.500000+00:00,combi,Lying,Lying
2025-02-04 01:22:42.500000+00:00,combi,Lying,Lying
2025-02-04 01:23:42.500000+00:00,combi,Lying,Lying
2025-02-04 01:24:42.500000+00:00,combi,Lying,Lying
2025-02-04 01:25:42.500000+00:00,combi,Lying,Lying
2025-02-04 01:26:42.500000+00:00,combi,Lying,Lying
2025-02-04 01:27:42.500000+00:00,combi,Lying,Lying
2025-02-04 01:28:42.500000+00:00,combi,Lying,Lying
2025-02-04 01:29:42.500000+00:00,combi,Lying,Lying
2025-02-04 01:30:42.500000+00:00,combi,Lying,Lying
2025-02-04 01:31:42.500000+00:00,combi,Lying,Lying
2025-02-04 01:32:42.500000+00:00,combi,Lying,Lying
2025-02-04 01:33:42.500000+00:00,combi,Lying,Lying
2025-02-04 01:34:42.500000+00:00,combi,Lying,Lying
2025-02-04 01:35:42.500000+00:00,combi,Lying,Lying
2025-02-04 01:36:42.500000+00:00,combi,Lying,Lying
2025-02-04 01:37:42.500000+00:00,combi,Lying,Lying
2025-02-04 01:38:42.500000+00:00,combi,Lying,Lying
2025-02-04 01:39:42.500000+00:00,combi,Lying,Lying
2025-02-04 01:40:42.500000+00:00,combi,Lying,Lying
2025-02-04 01:41:42.500000+00:00,combi,Lying,Lying
2025-02-04 01:42:42.500000+00:00,combi,Lying,Lying
2025-02-04 01:43:42.500000+00:00,combi,Lying,Lying
2025-02-04 01:44:42.500000+00:00,combi,Lying,Lying
2025-02-04 01:45:42.500000+00:00,combi,Lying,Lying
2025-02-04 01:46:42.500000+00:00,combi,Lying,Lying
2025-02-04 01:47:42.500000+00:00,combi,Lying,Lying
2025-02-04 01:48:42.500000+00:00,combi,Lying,Lying
2025-02-04 01:49:42.500000+00:00,combi,Lying,Lying
2025-02-04 01:50:42.500000+00:00,combi,Lying,Lying
2025-02-04 01:51:42.500000+00:00,combi,Lying,Lying
2025-02-04 01:52:42.500000+00:00,combi,Lying,Lying
2025-02-04 01:53:42.500000+00:00,combi,Lying,Lying
2025-02-04 01:54:42.500000+00:00,combi,Lying,Lying
2025-02-04 01:55:42.500000+00:00,combi,Lying,Lying
2025-02-04 01:56:42.500000+00:00,combi,Lying,Lying
2025-02-04 01:57:42.500000+00:00,combi,Lying,Lying
2025-02-04 01:58:42.500000+00:00,combi,Lying,Lying
2025-02-04 01:59:42.500000+00:00,combi,Lying,Lying
2025-02-04 02:00:42.500000+00:00,combi,Lying,Lying
2025-02-04 02:01:42.500000+00:00,combi,Lying,Lying
2025-02-04 02:02:42.500000+00:00,combi,Lying,Lying
2025-02-04 02:03:42.500000+00:00,combi,Lying,Lying
2025-02-04 02:04:42.500000+00:00,combi,Lying,Lying
2025-02-04 02:05:42.500000+00:00,combi,Lying,Lying
2025-02-04 02:06:42.500000+00:00,combi,Lying,Lying
2025-02-04 02:07:42.500000+00:00,combi,Lying,Lying
2025-02-04 02:08:42.500000+00:00,combi,Lying,Lying
2025-02-04 02:09:42.500000+00:00,combi,Lying,Lying
2025-02-04 02:10:42.500000+00:00,combi,Lying,Lying
2025-02-04 02:11:42.500000+00:00,combi,Lying,Lying
2025-02-04 02:12:42.500000+00:00,combi,Lying,Lying
2025-02-04 02:13:42.500000+00:00,combi,Lying,Lying
2025-02-04 02:14:42.500000+00:00,combi,Lying,Lying
2025-02-04 02:15:42.500000+00:00,combi,Lying,Lying
2025-02-04 02:16:42.500000+00:00,combi,Lying,Lying
2025-02-04 02:17:42.500000+00:00,combi,Lying,Lying
2025-02-04 02:18:42.500000+00:00,combi,Lying,Lying
2025-02-04 02:19:42.500000+00:00,combi,Lying,Lying
2025-02-04 02:20:42.500000+00:00,combi,Lying,Lying
2025-02-04 02:21:42.500000+00:00,combi,Lying,Lying
2025-02-04 02:22:42.500000+00:00,combi,Sitting,Sitting
2025-02-04 02:23:42.500000+00:00,combi,Sitting,Sitting
2025-02-04 02:24:42.500000+00:00,combi,Sitting,Sitting
2025-02-04 02:25:42.500000+00:00,combi,Sitting,Sitting
2025-02-04 02:26:42.500000+00:00,combi,Sitting,Sitting
2025-02-04 02:27:42.500000+00:00,combi,Sitting,Sitting
2025-02-04 02:28:42.500000+00:00,combi,Lying,Sitting
2025-02-04 02:29:42.500000+00:00,combi,Lying,Lying
2025-02-04 02:30:42.500000+00:00,combi,Sitting,Sitting
2025-02-04 02:31:42.500000+00:00,combi,Sitting,Sitting
2025-02-04 02:32:42.500000+00:00,combi,Sitting,Sitting
2025-02-04 02:33:42.500000+00:00,combi,Sitting,Sitting
2025-02-04 02:34:42.500000+00:00,combi,Sitting,Sitting
2025-02-04 02:35:42.500000+00:00,combi,Sitting,Sitting
2025-02-04 02:36:42.500000+00:00,combi,Sitting,Sitting
2025-02-04 02:37:42.500000+00:00,combi,Sitting,Sitting
2025-02-04 02:38:42.500000+00:00,combi,Sitting,Sitting
2025-02-04 02:39:42.500000+00:00,combi,Sitting,Sitting
2025-02-04 02:40:42.500000+00:00,combi,Sitting,Sitting
2025-02-04 02:41:42.500000+00:00,combi,Sitting,Sitting
2025-02-04 02:42:42.500000+00:00,combi,Sitting,Sitting
2025-02-04 02:43:42.500000+00:00,combi,Sitting,Sitting
2025-02-04 02:44:42.500000+00:00,combi,Sitting,Sitting
2025-02-04 02:45:42.500000+00:00,combi,Sitting,Sitting
2025-02-04 02:46:42.500000+00:00,combi,Sitting,Sitting
2025-02-04 02:47:42.500000+00:00,combi,Sitting,Sitting
2025-02-04 02:48:42.500000+00:00,combi,Sitting,Sitting
2025-02-04 02:49:42.500000+00:00,combi,Sitting,Sitting
2025-02-04 02:50:42.500000+00:00,combi,Sitting,Sitting
2025-02-04 02:51:42.500000+00:00,combi,Sitting,Sitting
2025-02-04 02:52:42.500000+00:00,combi,Sitting,Sitting
2025-02-04 02:53:42.500000+00:00,combi,Sitting,Sitting
2025-02-04 02:54:42.500000+00:00,combi,Sitting,Sitting
2025-02-04 02:55:42.500000+00:00,combi,Sitting,Sitting
2025-02-04 02:56:42.500000+00:00,combi,Sitting,Sitting
2025-02-04 02:57:42.500000+00:00,combi,Sitting,Sitting
2025-02-04 02:58:42.500000+00:00,combi,Sitting,Sitting
2025-02-04 02:59:42.500000+00:00,combi,Sitting,Sitting
2025-02-04 03:00:42.500000+00:00,combi,Sitting,Sitting
2025-02-04 03:01:42.500000+00:00,combi,Sitting,Sitting
2025-02-04 03:02:42.500000+00:00,combi,Sitting,Sitting
2025-02-04 03:03:42.500000+00:00,combi,Lying,Lying
2025-02-04 03:04:42.500000+00:00,combi,Lying,Lying
2025-02-04 03:05:42.500000+00:00,combi,Lying,Lying
2025-02-04 03:06:42.500000+00:00,combi,Lying,Lying
2025-02-04 03:07:42.500000+00:00,combi,Lying,Lying
2025-02-04 03:08:42.500000+00:00,combi,Lying,Lying
2025-02-04 03:09:42.500000+00:00,combi,Lying,Lying
2025-02-04 03:10:42.500000+00:00,combi,Lying,Lying
2025-02-04 03:11:42.500000+00:00,combi,Lying,Lying
2025-02-04 03:12:42.500000+00:00,combi,Lying,Lying
2025-02-04 03:13:42.500000+00:00,combi,Lying,Lying
2025-02-04 03:14:42.500000+00:00,combi,Lying,Lying
2025-02-04 03:15:42.500000+00:00,combi,Lying,Lying
2025-02-04 03:16:42.500000+00:00,combi,Lying,Lying
2025-02-04 03:17:42.500000+00:00,combi,Lying,Lying
2025-02-04 03:18:42.500000+00:00,combi,Lying,Lying
2025-02-04 03:19:42.500000+00:00,combi,Lying,Lying
2025-02-04 03:20:42.500000+00:00,combi,Lying,Lying
2025-02-04 03:21:42.500000+00:00,combi,Lying,Lying
2025-02-04 03:22:42.500000+00:00,combi,Lying,Lying
2025-02-04 03:23:42.500000+00:00,combi,Lying,Lying
2025-02-04 03:24:42.500000+00:00,combi,Lying,Lying
2025-02-04 03:25:42.500000+00:00,combi,Lying,Lying
2025-02-04 03:26:42.500000+00:00,combi,Lying,Lying
2025-02-04 03:27:42.500000+00:00,combi,Lying,Lying
2025-02-04 03:28:42.500000+00:00,combi,Lying,Lying
2025-02-04 03:29:42.500000+00:00,combi,Lying,Lying
2025-02-04 03:30:42.500000+00:00,combi,Lying,Lying
2025-02-04 03:31:42.500000+00:00,combi,Lying,Lying
2025-02-04 03:32:42.500000+00:00,combi,Lying,Lying
2025-02-04 03:33:42.500000+00:00,combi,Lying,Lying
2025-02-04 03:34:42.500000+00:00,combi,Lying,Lying
2025-02-04 03:35:42.500000+00:00,combi,Lying,Lying
2025-02-04 03:36:42.500000+00:00,combi,Lying,Lying
2025-02-04 03:37:42.500000+00:00,combi,Lying,Lying
2025-02-04 03:38:42.500000+00:00,combi,Lying,Lying
2025-02-04 03:39:42.500000+00:00,combi,Lying,Lying
2025-02-04 03:40:42.500000+00:00,combi,Lying,Lying
2025-02-04 03:41:42.500000+00:00,combi,Lying,Lying
2025-02-04 03:42:42.500000+00:00,combi,Lying,Lying
2025-02-04 03:43:42.500000+00:00,combi,Lying,Lying
2025-02-04 03:44:42.500000+00:00,combi,Lying,Lying
2025-02-04 03:45:42.500000+00:00,combi,Lying,Lying
2025-02-04 03:46:42.500000+00:00,combi,Lying,Lying
2025-02-04 03:47:42.500000+00:00,combi,Lying,Lying
2025-02-04 03:48:42.500000+00:00,combi,Lying,Lying
2025-02-04 03:49:42.500000+00:00,combi,Lying,Lying
2025-02-04 03:50:42.500000+00:00,combi,Lying,Lying
2025-02-04 03:51:42.500000+00:00,combi,Lying,Lying
2025-02-04 03:52:42.500000+00:00,combi,Lying,Lying
2025-02-04 03:53:42.500000+00:00,combi,Lying,Lying
2025-02-04 03:54:42.500000+00:00,combi,Lying,Lying
2025-02-04 03:55:42.500000+00:00,combi,Lying,Lying
2025-02-04 03:56:42.500000+00:00,combi,Lying,Lying
2025-02-04 03:57:42.500000+00:00,combi,Lying,Lying
2025-02-04 03:58:42.500000+00:00,combi,Lying,Lying
2025-02-04 03:59:42.500000+00:00,combi,Lying,Lying
2025-02-04 04:00:42.500000+00:00,combi,Lying,Lying
2025-02-04 04:01:42.500000+00:00,combi,Lying,Lying
2025-02-04 04:02:42.500000+00:00,combi,Lying,Lying
2025-02-04 04:03:42.500000+00:00,combi,Lying,Lying
2025-02-04 04:04:42.500000+00:00,combi,Lying,Lying
2025-02-04 04:05:42.500000+00:00,combi,Lying,Lying
2025-02-04 04:06:42.500000+00:00,combi,Lying,Lying
2025-02-04 04:07:42.500000+00:00,combi,Lying,Lying
2025-02-04 04:08:42.500000+00:00,combi,Lying,Lying
2025-02-04 04:09:42.500000+00:00,combi,Lying,Lying
2025-02-04 04:10:42.500000+00:00,combi,Lying,Lying
2025-02-04 04:11:42.500000+00:00,combi,Lying,Lying
2025-02-04 04:12:42.500000+00:00,combi,Lying,Lying
2025-02-04 04:13:42.500000+00:00,combi,Lying,Lying
2025-02-04 04:14:42.500000+00:00,combi,Lying,Lying
2025-02-04 04:15:42.500000+00:00,combi,Lying,Lying
2025-02-04 04:16:42.500000+00:00,combi,Lying,Lying
2025-02-04 04:17:42.500000+00:00,combi,Lying,Lying
2025-02-04 04:18:42.500000+00:00,combi,Lying,Lying
2025-02-04 04:19:42.500000+00:00,combi,Lying,Lying
2025-02-04 04:20:42.500000+00:00,combi,Lying,Lying
2025-02-04 04:21:42.500000+00:00,combi,Lying,Lying
2025-02-04 04:22:42.500000+00:00,combi,Lying,Lying
2025-02-04 04:23:42.500000+00:00,combi,Lying,Lying
2025-02-04 04:24:42.500000+00:00,combi,Lying,Lying
2025-02-04 04:25:42.500000+00:00,combi,Lying,Lying
2025-02-04 04:26:42.500000+00:00,combi,Lying,Lying
2025-02-04 04:27:42.500000+00:00,combi,Lying,Lying
2025-02-04 04:28:42.500000+00:00,combi,Lying,Lying
2025-02-04 04:29:42.500000+00:00,combi,Lying,Lying
2025-02-04 04:30:42.500000+00:00,combi,Lying,Lying
2025-02-04 04:31:42.500000+00:00,combi,Lying,Lying
2025-02-04 04:32:42.500000+00:00,combi,Lying,Lying
2025-02-04 04:33:42.500000+00:00,combi,Lying,Lying
2025-02-04 04:34:42.500000+00:00,combi,Lying,Lying
2025-02-04 04:35:42.500000+00:00,combi,Lying,Lying
2025-02-04 04:36:42.500000+00:00,combi,Lying,Lying
2025-02-04 04:37:42.500000+00:00,combi,Lying,Lying
2025-02-04 04:38:42.500000+00:00,combi,Lying,Lying
2025-02-04 04:39:42.500000+00:00,combi,Lying,Lying
