Time,Participant,Majority_postures,Majority_including_dynamic
2024-08-06 10:05:07.500000+00:00,combi,Standing,Standing
2024-08-06 10:06:07.500000+00:00,combi,Standing,Standing
2024-08-06 10:07:07.500000+00:00,combi,Standing,Standing
2024-08-06 10:08:07.500000+00:00,combi,Standing,Standing
2024-08-06 10:09:07.500000+00:00,combi,Standing,Standing
2024-08-06 10:10:07.500000+00:00,combi,Standing,Standing
2024-08-06 10:11:07.500000+00:00,combi,Standing,Standing
2024-08-06 10:12:07.500000+00:00,combi,Standing,Standing
2024-08-06 10:13:07.500000+00:00,combi,Standing,Sitting
2024-08-06 10:14:07.500000+00:00,combi,Standing,Standing
2024-08-06 10:15:07.500000+00:00,combi,Standing,Standing
2024-08-06 10:16:07.500000+00:00,combi,Standing,Standing
2024-08-06 10:17:07.500000+00:00,combi,Standing,Standing
2024-08-06 10:18:07.500000+00:00,combi,Standing,Standing
2024-08-06 10:19:07.500000+00:00,combi,Standing,Standing
2024-08-06 10:20:07.500000+00:00,combi,Standing,Standing
2024-08-06 10:21:07.500000+00:00,combi,Standing,Standing
2024-08-06 10:22:07.500000+00:00,combi,Sitting,Sitting
2024-08-06 10:23:07.500000+00:00,combi,Sitting,Sitting
2024-08-06 10:24:07.500000+00:00,combi,Sitting,Sitting
2024-08-06 10:25:07.500000+00:00,combi,Lying,Lying
2024-08-06 10:26:07.500000+00:00,combi,Lying,Lying
2024-08-06 10:27:07.500000+00:00,combi,Lying,Lying
2024-08-06 10:28:07.500000+00:00,combi,Standing,Standing
2024-08-06 10:29:07.500000+00:00,combi,Standing,Standing
2024-08-06 10:30:07.500000+00:00,combi,Standing,Standing
2024-08-06 10:31:07.500000+00:00,combi,Standing,Standing
2024-08-06 10:32:07.500000+00:00,combi,Standing,Standing
2024-08-06 10:33:07.500000+00:00,combi,Standing,Standing
2024-08-06 10:34:07.500000+00:00,combi,Standing,Sitting
2024-08-06 10:35:07.500000+00:00,combi,Standing,Standing
2024-08-06 10:36:07.500000+00:00,combi,Standing,Standing
2024-08-06 10:37:07.500000+00:00,combi,Standing,Standing
2024-08-06 10:38:07.500000+00:00,combi,Standing,Standing
2024-08-06 10:39:07.500000+00:00,combi,Standing,Standing
2024-08-06 10:40:07.500000+00:00,combi,Standing,Sitting
2024-08-06 10:41:07.500000+00:00,combi,Sitting,Sitting
2024-08-06 10:42:07.500000+00:00,combi,Sitting,Sitting
2024-08-06 10:43:07.500000+00:00,combi,Standing,Sitting
2024-08-06 10:44:07.500000+00:00,combi,Sitting,Sitting
2024-08-06 10:45:07.500000+00:00,combi,Sitting,Sitting
2024-08-06 10:46:07.500000+00:00,combi,Standing,Standing
2024-08-06 10:47:07.500000+00:00,combi,Sitting,Sitting
2024-08-06 10:48:07.500000+00:00,combi,Standing,Sitting
2024-08-06 10:49:07.500000+00:00,combi,Lying,Lying
2024-08-06 10:50:07.500000+00:00,combi,Lying,Lying
2024-08-06 10:51:07.500000+00:00,combi,Lying,Lying
2024-08-06 10:52:07.500000+00:00,combi,Lying,Lying
2024-08-06 10:53:07.500000+00:00,combi,Lying,Lying
2024-08-06 10:54:07.500000+00:00,combi,Lying,Lying
2024-08-06 10:55:07.500000+00:00,combi,Lying,Lying
2024-08-06 10:56:07.500000+00:00,combi,Lying,Lying
2024-08-06 10:57:07.500000+00:00,combi,Lying,Lying
2024-08-06 10:58:07.500000+00:00,combi,Sitting,Sitting
2024-08-06 10:59:07.500000+00:00,combi,Sitting,Sitting
2024-08-06 11:00:07.500000+00:00,combi,Sitting,Sitting
2024-08-06 11:01:07.500000+00:00,combi,Sitting,Sitting
2024-08-06 11:02:07.500000+00:00,combi,Sitting,Sitting
2024-08-06 11:03:07.500000+00:00,combi,Sitting,Sitting
2024-08-06 11:04:07.500000+00:00,combi,Sitting,Sitting
2024-08-06 11:05:07.500000+00:00,combi,Sitting,Sitting
2024-08-06 11:06:07.500000+00:00,combi,Sitting,Sitting
2024-08-06 11:07:07.500000+00:00,combi,Sitting,Sitting
2024-08-06 11:08:07.500000+00:00,combi,Sitting,Sitting
2024-08-06 11:09:07.500000+00:00,combi,Sitting,Sitting
2024-08-06 11:10:07.500000+00:00,combi,Sitting,Sitting
2024-08-06 11:11:07.500000+00:00,combi,Sitting,Sitting
2024-08-06 11:12:07.500000+00:00,combi,Sitting,Sitting
2024-08-06 11:13:07.500000+00:00,combi,Sitting,Sitting
2024-08-06 11:14:07.500000+00:00,combi,Standing,Sitting
2024-08-06 11:15:07.500000+00:00,combi,Standing,Standing
2024-08-06 11:16:07.500000+00:00,combi,Standing,Standing
2024-08-06 11:17:07.500000+00:00,combi,Standing,Standing
2024-08-06 11:18:07.500000+00:00,combi,Standing,Standing
2024-08-06 11:19:07.500000+00:00,combi,Standing,Standing
2024-08-06 11:20:07.500000+00:00,combi,Standing,Standing
2024-08-06 11:21:07.500000+00:00,combi,Standing,Standing
2024-08-06 11:22:07.500000+00:00,combi,Standing,Standing
2024-08-06 11:23:07.500000+00:00,combi,Standing,Standing
2024-08-06 11:24:07.500000+00:00,combi,Standing,Standing
2024-08-06 11:25:07.500000+00:00,combi,Standing,Standing
2024-08-06 11:26:07.500000+00:00,combi,Standing,Standing
2024-08-06 11:27:07.500000+00:00,combi,Standing,Standing
2024-08-06 11:28:07.500000+00:00,combi,Standing,Standing
2024-08-06 11:29:07.500000+00:00,combi,Standing,Standing
2024-08-06 11:30:07.500000+00:00,combi,Standing,Standing
2024-08-06 11:31:07.500000+00:00,combi,Standing,Standing
2024-08-06 11:32:07.500000+00:00,combi,Standing,Standing
2024-08-06 11:33:07.500000+00:00,combi,Standing,Standing
2024-08-06 11:34:07.500000+00:00,combi,Standing,Standing
2024-08-06 11:35:07.500000+00:00,combi,Standing,Standing
2024-08-06 11:36:07.500000+00:00,combi,Standing,Standing
2024-08-06 11:37:07.500000+00:00,combi,Standing,Standing
2024-08-06 11:38:07.500000+00:00,combi,Standing,Standing
2024-08-06 11:39:07.500000+00:00,combi,Standing,Standing
2024-08-06 11:40:07.500000+00:00,combi,Standing,Standing
2024-08-06 11:41:07.500000+00:00,combi,Standing,Standing
2024-08-06 11:42:07.500000+00:00,combi,Standing,Standing
2024-08-06 11:43:07.500000+00:00,combi,Standing,Standing
2024-08-06 11:44:07.500000+00:00,combi,Standing,Dynamic
2024-08-06 11:45:07.500000+00:00,combi,Standing,Standing
2024-08-06 11:46:07.500000+00:00,combi,Standing,Dynamic
2024-08-06 11:47:07.500000+00:00,combi,Sitting,Sitting
2024-08-06 11:48:07.500000+00:00,combi,Sitting,Sitting
2024-08-06 11:49:07.500000+00:00,combi,Sitting,Sitting
2024-08-06 11:50:07.500000+00:00,combi,Sitting,Sitting
2024-08-06 11:51:07.500000+00:00,combi,Sitting,Sitting
2024-08-06 11:52:07.500000+00:00,combi,Sitting,Sitting
2024-08-06 11:53:07.500000+00:00,combi,Standing,Dynamic
2024-08-06 11:54:07.500000+00:00,combi,Standing,Dynamic
2024-08-06 11:55:07.500000+00:00,combi,Standing,Dynamic
2024-08-06 11:56:07.500000+00:00,combi,Standing,Dynamic
2024-08-06 11:57:07.500000+00:00,combi,Standing,Dynamic
2024-08-06 11:58:07.500000+00:00,combi,Standing,Standing
2024-08-06 11:59:07.500000+00:00,combi,Standing,Dynamic
2024-08-06 12:00:07.500000+00:00,combi,Standing,Dynamic
2024-08-06 12:01:07.500000+00:00,combi,Standing,Standing
2024-08-06 12:02:07.500000+00:00,combi,Standing,Standing
2024-08-06 12:03:07.500000+00:00,combi,Standing,Dynamic
2024-08-06 12:04:07.500000+00:00,combi,Sitting,Dynamic
2024-08-06 12:05:07.500000+00:00,combi,Sitting,Dynamic
2024-08-06 12:06:07.500000+00:00,combi,Lying,Dynamic
2024-08-06 12:07:07.500000+00:00,combi,Sitting,Dynamic
2024-08-06 12:08:07.500000+00:00,combi,Standing,Dynamic
2024-08-06 12:09:07.500000+00:00,combi,Standing,Dynamic
2024-08-06 12:10:07.500000+00:00,combi,Standing,Dynamic
2024-08-06 12:11:07.500000+00:00,combi,Standing,Dynamic
2024-08-06 12:12:07.500000+00:00,combi,Lying,Dynamic
2024-08-06 12:13:07.500000+00:00,combi,Standing,Dynamic
2024-08-06 12:14:07.500000+00:00,combi,Standing,Standing
2024-08-06 12:15:07.500000+00:00,combi,Standing,Standing
2024-08-06 12:16:07.500000+00:00,combi,Standing,Dynamic
2024-08-06 12:17:07.500000+00:00,combi,Standing,Dynamic
2024-08-06 12:18:07.500000+00:00,combi,Standing,Dynamic
2024-08-06 12:19:07.500000+00:00,combi,Standing,Sitting
2024-08-06 12:20:07.500000+00:00,combi,Sitting,Sitting
2024-08-06 12:21:07.500000+00:00,combi,Sitting,Sitting
2024-08-06 12:22:07.500000+00:00,combi,Sitting,Sitting
2024-08-06 12:23:07.500000+00:00,combi,Sitting,Sitting
2024-08-06 12:24:07.500000+00:00,combi,Sitting,Sitting
2024-08-06 12:25:07.500000+00:00,combi,Sitting,Sitting
2024-08-06 12:26:07.500000+00:00,combi,Standing,Standing
2024-08-06 12:27:07.500000+00:00,combi,Sitting,Sitting
2024-08-06 12:28:07.500000+00:00,combi,Standing,Standing
2024-08-06 12:29:07.500000+00:00,combi,Sitting,Dynamic
2024-08-06 12:30:07.500000+00:00,combi,Sitting,Sitting
2024-08-06 12:31:07.500000+00:00,combi,Sitting,Sitting
2024-08-06 12:32:07.500000+00:00,combi,Sitting,Sitting
2024-08-06 12:33:07.500000+00:00,combi,Sitting,Sitting
2024-08-06 12:34:07.500000+00:00,combi,Sitting,Sitting
2024-08-06 12:35:07.500000+00:00,combi,Sitting,Sitting
2024-08-06 12:36:07.500000+00:00,combi,Sitting,Sitting
2024-08-06 12:37:07.500000+00:00,combi,Sitting,Sitting
2024-08-06 12:38:07.500000+00:00,combi,Sitting,Sitting
2024-08-06 12:39:07.500000+00:00,combi,Sitting,Sitting
2024-08-06 12:40:07.500000+00:00,combi,Sitting,Sitting
2024-08-06 12:41:07.500000+00:00,combi,Sitting,Sitting
2024-08-06 12:42:07.500000+00:00,combi,Sitting,Sitting
2024-08-06 12:43:07.500000+00:00,combi,Sitting,Sitting
2024-08-06 12:44:07.500000+00:00,combi,Sitting,Sitting
2024-08-06 12:45:07.500000+00:00,combi,Sitting,Sitting
2024-08-06 12:46:07.500000+00:00,combi,Sitting,Sitting
2024-08-06 12:47:07.500000+00:00,combi,Sitting,Sitting
2024-08-06 12:48:07.500000+00:00,combi,Sitting,Sitting
2024-08-06 12:49:07.500000+00:00,combi,Sitting,Sitting
2024-08-06 12:50:07.500000+00:00,combi,Sitting,Sitting
2024-08-06 12:51:07.500000+00:00,combi,Sitting,Sitting
2024-08-06 12:52:07.500000+00:00,combi,Sitting,Sitting
2024-08-06 12:53:07.500000+00:00,combi,Sitting,Sitting
2024-08-06 12:54:07.500000+00:00,combi,Sitting,Sitting
2024-08-06 12:55:07.500000+00:00,combi,Sitting,Sitting
2024-08-06 12:56:07.500000+00:00,combi,Sitting,Sitting
2024-08-06 12:57:07.500000+00:00,combi,Sitting,Sitting
2024-08-06 12:58:07.500000+00:00,combi,Sitting,Sitting
2024-08-06 12:59:07.500000+00:00,combi,Sitting,Sitting
2024-08-06 13:00:07.500000+00:00,combi,Sitting,Sitting
2024-08-06 13:01:07.500000+00:00,combi,Sitting,Sitting
2024-08-06 13:02:07.500000+00:00,combi,Standing,Dynamic
2024-08-06 13:03:07.500000+00:00,combi,Sitting,Sitting
2024-08-06 13:04:07.500000+00:00,combi,Sitting,Sitting
2024-08-06 13:05:07.500000+00:00,combi,Sitting,Sitting
2024-08-06 13:06:07.500000+00:00,combi,Sitting,Sitting
2024-08-06 13:07:07.500000+00:00,combi,Sitting,Sitting
2024-08-06 13:08:07.500000+00:00,combi,Sitting,Sitting
2024-08-06 13:09:07.500000+00:00,combi,Sitting,Sitting
2024-08-06 13:10:07.500000+00:00,combi,Sitting,Sitting
2024-08-06 13:11:07.500000+00:00,combi,Standing,Sitting
2024-08-06 13:12:07.500000+00:00,combi,Sitting,Sitting
2024-08-06 13:13:07.500000+00:00,combi,Sitting,Sitting
2024-08-06 13:14:07.500000+00:00,combi,Sitting,Sitting
2024-08-06 13:15:07.500000+00:00,combi,Sitting,Sitting
2024-08-06 13:16:07.500000+00:00,combi,Sitting,Sitting
2024-08-06 13:17:07.500000+00:00,combi,Sitting,Sitting
2024-08-06 13:18:07.500000+00:00,combi,Standing,Standing
2024-08-06 13:19:07.500000+00:00,combi,Standing,Standing
2024-08-06 13:20:07.500000+00:00,combi,Standing,Standing
2024-08-06 13:21:07.500000+00:00,combi,Standing,Standing
2024-08-06 13:22:07.500000+00:00,combi,Standing,Standing
2024-08-06 13:23:07.500000+00:00,combi,Standing,Standing
2024-08-06 13:24:07.500000+00:00,combi,Sitting,Sitting
2024-08-06 13:25:07.500000+00:00,combi,Sitting,Sitting
2024-08-06 13:26:07.500000+00:00,combi,Sitting,Sitting
2024-08-06 13:27:07.500000+00:00,combi,Sitting,Sitting
2024-08-06 13:28:07.500000+00:00,combi,Sitting,Sitting
2024-08-06 13:29:07.500000+00:00,combi,Sitting,Sitting
2024-08-06 13:30:07.500000+00:00,combi,Sitting,Sitting
2024-08-06 13:31:07.500000+00:00,combi,Sitting,Sitting
2024-08-06 13:32:07.500000+00:00,combi,Sitting,Sitting
2024-08-06 13:33:07.500000+00:00,combi,Sitting,Sitting
2024-08-06 13:34:07.500000+00:00,combi,Sitting,Sitting
2024-08-06 13:35:07.500000+00:00,combi,Sitting,Sitting
2024-08-06 13:36:07.500000+00:00,combi,Sitting,Sitting
2024-08-06 13:37:07.500000+00:00,combi,Sitting,Sitting
2024-08-06 13:38:07.500000+00:00,combi,Sitting,Sitting
2024-08-06 13:39:07.500000+00:00,combi,Sitting,Sitting
2024-08-06 13:40:07.500000+00:00,combi,Sitting,Sitting
2024-08-06 13:41:07.500000+00:00,combi,Sitting,Sitting
2024-08-06 13:42:07.500000+00:00,combi,Sitting,Sitting
2024-08-06 13:43:07.500000+00:00,combi,Sitting,Sitting
2024-08-06 13:44:07.500000+00:00,combi,Sitting,Sitting
2024-08-06 13:45:07.500000+00:00,combi,Sitting,Sitting
2024-08-06 13:46:07.500000+00:00,combi,Standing,Dynamic
2024-08-06 13:47:07.500000+00:00,combi,Standing,Standing
2024-08-06 13:48:07.500000+00:00,combi,Sitting,Sitting
2024-08-06 13:49:07.500000+00:00,combi,Sitting,Sitting
2024-08-06 13:50:07.500000+00:00,combi,Sitting,Sitting
2024-08-06 13:51:07.500000+00:00,combi,Sitting,Sitting
2024-08-06 13:52:07.500000+00:00,combi,Sitting,Sitting
2024-08-06 13:53:07.500000+00:00,combi,Sitting,Sitting
2024-08-06 13:54:07.500000+00:00,combi,Sitting,Sitting
2024-08-06 13:55:07.500000+00:00,combi,Sitting,Sitting
2024-08-06 13:56:07.500000+00:00,combi,Sitting,Sitting
2024-08-06 13:57:07.500000+00:00,combi,Sitting,Sitting
2024-08-06 13:58:07.500000+00:00,combi,Sitting,Sitting
2024-08-06 13:59:07.500000+00:00,combi,Sitting,Sitting
2024-08-06 14:00:07.500000+00:00,combi,Sitting,Sitting
2024-08-06 14:01:07.500000+00:00,combi,Sitting,Sitting
2024-08-06 14:02:07.500000+00:00,combi,Sitting,Sitting
2024-08-06 14:03:07.500000+00:00,combi,Sitting,Sitting
2024-08-06 14:04:07.500000+00:00,combi,Sitting,Sitting
2024-08-06 14:05:07.500000+00:00,combi,Sitting,Sitting
2024-08-06 14:06:07.500000+00:00,combi,Sitting,Sitting
2024-08-06 14:07:07.500000+00:00,combi,Sitting,Sitting
2024-08-06 14:08:07.500000+00:00,combi,Sitting,Sitting
2024-08-06 14:09:07.500000+00:00,combi,Sitting,Sitting
2024-08-06 14:10:07.500000+00:00,combi,Sitting,Sitting
2024-08-06 14:11:07.500000+00:00,combi,Sitting,Sitting
2024-08-06 14:12:07.500000+00:00,combi,Sitting,Sitting
2024-08-06 14:13:07.500000+00:00,combi,Sitting,Dynamic
2024-08-06 14:14:07.500000+00:00,combi,Standing,Dynamic
2024-08-06 14:15:07.500000+00:00,combi,Standing,Dynamic
2024-08-06 14:16:07.500000+00:00,combi,Sitting,Sitting
2024-08-06 14:17:07.500000+00:00,combi,Sitting,Sitting
2024-08-06 14:18:07.500000+00:00,combi,Sitting,Dynamic
2024-08-06 14:19:07.500000+00:00,combi,Lying,Dynamic
2024-08-06 14:20:07.500000+00:00,combi,Sitting,Dynamic
2024-08-06 14:21:07.500000+00:00,combi,Lying,Dynamic
2024-08-06 14:22:07.500000+00:00,combi,Lying,Dynamic
2024-08-06 14:23:07.500000+00:00,combi,Sitting,Sitting
2024-08-06 14:24:07.500000+00:00,combi,Sitting,Sitting
2024-08-06 14:25:07.500000+00:00,combi,Standing,Standing
2024-08-06 14:26:07.500000+00:00,combi,Standing,Standing
2024-08-06 14:27:07.500000+00:00,combi,Sitting,Sitting
2024-08-06 14:28:07.500000+00:00,combi,Standing,Dynamic
2024-08-06 14:29:07.500000+00:00,combi,Lying,Dynamic
2024-08-06 14:30:07.500000+00:00,combi,Standing,Dynamic
2024-08-06 14:31:07.500000+00:00,combi,Standing,Dynamic
2024-08-06 14:32:07.500000+00:00,combi,Standing,Dynamic
2024-08-06 14:33:07.500000+00:00,combi,Standing,Standing
2024-08-06 14:34:07.500000+00:00,combi,Standing,Dynamic
2024-08-06 14:35:07.500000+00:00,combi,Standing,Standing
2024-08-06 14:36:07.500000+00:00,combi,Lying,Dynamic
2024-08-06 14:37:07.500000+00:00,combi,Standing,Dynamic
2024-08-06 14:38:07.500000+00:00,combi,Sitting,Dynamic
2024-08-06 14:39:07.500000+00:00,combi,Standing,Dynamic
2024-08-06 14:40:07.500000+00:00,combi,Standing,Dynamic
2024-08-06 14:41:07.500000+00:00,combi,Standing,Dynamic
2024-08-06 14:42:07.500000+00:00,combi,Standing,Dynamic
2024-08-06 14:43:07.500000+00:00,combi,Standing,Dynamic
2024-08-06 14:44:07.500000+00:00,combi,Sitting,Dynamic
2024-08-06 14:45:07.500000+00:00,combi,Sitting,Dynamic
2024-08-06 14:46:07.500000+00:00,combi,Standing,Dynamic
2024-08-06 14:47:07.500000+00:00,combi,Standing,Dynamic
2024-08-06 14:48:07.500000+00:00,combi,Sitting,Sitting
2024-08-06 14:49:07.500000+00:00,combi,Sitting,Sitting
2024-08-06 14:50:07.500000+00:00,combi,Sitting,Sitting
2024-08-06 14:51:07.500000+00:00,combi,Sitting,Dynamic
2024-08-06 14:52:07.500000+00:00,combi,Sitting,Sitting
2024-08-06 14:53:07.500000+00:00,combi,Sitting,Sitting
2024-08-06 14:54:07.500000+00:00,combi,Standing,Dynamic
2024-08-06 14:55:07.500000+00:00,combi,Standing,Dynamic
2024-08-06 14:56:07.500000+00:00,combi,Standing,Dynamic
2024-08-06 14:57:07.500000+00:00,combi,Standing,Dynamic
2024-08-06 14:58:07.500000+00:00,combi,Standing,Dynamic
2024-08-06 14:59:07.500000+00:00,combi,Lying,Dynamic
2024-08-06 15:00:07.500000+00:00,combi,Standing,Dynamic
2024-08-06 15:01:07.500000+00:00,combi,Standing,Dynamic
2024-08-06 15:02:07.500000+00:00,combi,Standing,Dynamic
2024-08-06 15:03:07.500000+00:00,combi,Sitting,Sitting
2024-08-06 15:04:07.500000+00:00,combi,Sitting,Sitting
2024-08-06 15:05:07.500000+00:00,combi,Lying,Sitting
2024-08-06 15:06:07.500000+00:00,combi,Lying,Lying
2024-08-06 15:07:07.500000+00:00,combi,Sitting,Sitting
2024-08-06 15:08:07.500000+00:00,combi,Sitting,Dynamic
2024-08-06 15:09:07.500000+00:00,combi,Sitting,Sitting
2024-08-06 15:10:07.500000+00:00,combi,Lying,Dynamic
2024-08-06 15:11:07.500000+00:00,combi,Sitting,Dynamic
2024-08-06 15:12:07.500000+00:00,combi,Sitting,Dynamic
2024-08-06 15:13:07.500000+00:00,combi,Sitting,Dynamic
2024-08-06 15:14:07.500000+00:00,combi,Sitting,Dynamic
2024-08-06 15:15:07.500000+00:00,combi,Sitting,Dynamic
2024-08-06 15:16:07.500000+00:00,combi,Sitting,Dynamic
2024-08-06 15:17:07.500000+00:00,combi,Sitting,Sitting
2024-08-06 15:18:07.500000+00:00,combi,Sitting,Sitting
2024-08-06 15:19:07.500000+00:00,combi,Sitting,Sitting
2024-08-06 15:20:07.500000+00:00,combi,Standing,Dynamic
2024-08-06 15:21:07.500000+00:00,combi,Sitting,Sitting
2024-08-06 15:22:07.500000+00:00,combi,Sitting,Dynamic
2024-08-06 15:23:07.500000+00:00,combi,Sitting,Sitting
2024-08-06 15:24:07.500000+00:00,combi,Standing,Dynamic
2024-08-06 15:25:07.500000+00:00,combi,Standing,Standing
2024-08-06 15:26:07.500000+00:00,combi,Sitting,Sitting
2024-08-06 15:27:07.500000+00:00,combi,Sitting,Dynamic
2024-08-06 15:28:07.500000+00:00,combi,Sitting,Sitting
2024-08-06 15:29:07.500000+00:00,combi,Sitting,Dynamic
2024-08-06 15:30:07.500000+00:00,combi,Standing,Standing
2024-08-06 15:31:07.500000+00:00,combi,Sitting,Dynamic
2024-08-06 15:32:07.500000+00:00,combi,Sitting,Dynamic
2024-08-06 15:33:07.500000+00:00,combi,Standing,Standing
2024-08-06 15:34:07.500000+00:00,combi,Standing,Dynamic
2024-08-06 15:35:07.500000+00:00,combi,Sitting,Sitting
2024-08-06 15:36:07.500000+00:00,combi,Sitting,Sitting
2024-08-06 15:37:07.500000+00:00,combi,Sitting,Sitting
2024-08-06 15:38:07.500000+00:00,combi,Standing,Dynamic
2024-08-06 15:39:07.500000+00:00,combi,Sitting,Dynamic
2024-08-06 15:40:07.500000+00:00,combi,Lying,Dynamic
2024-08-06 15:41:07.500000+00:00,combi,Standing,Dynamic
2024-08-06 15:42:07.500000+00:00,combi,Standing,Dynamic
2024-08-06 15:43:07.500000+00:00,combi,Standing,Standing
2024-08-06 15:44:07.500000+00:00,combi,Standing,Standing
2024-08-06 15:45:07.500000+00:00,combi,Standing,Standing
2024-08-06 15:46:07.500000+00:00,combi,Standing,Dynamic
2024-08-06 15:47:07.500000+00:00,combi,Standing,Dynamic
2024-08-06 15:48:07.500000+00:00,combi,Standing,Dynamic
2024-08-06 15:49:07.500000+00:00,combi,Standing,Dynamic
2024-08-06 15:50:07.500000+00:00,combi,Standing,Dynamic
2024-08-06 15:51:07.500000+00:00,combi,Sitting,Dynamic
2024-08-06 15:52:07.500000+00:00,combi,Standing,Dynamic
2024-08-06 15:53:07.500000+00:00,combi,Standing,Standing
2024-08-06 15:54:07.500000+00:00,combi,Standing,Standing
2024-08-06 15:55:07.500000+00:00,combi,Standing,Dynamic
2024-08-06 15:56:07.500000+00:00,combi,Sitting,Sitting
2024-08-06 15:57:07.500000+00:00,combi,Sitting,Sitting
2024-08-06 15:58:07.500000+00:00,combi,Sitting,Sitting
2024-08-06 15:59:07.500000+00:00,combi,Sitting,Sitting
2024-08-06 16:00:07.500000+00:00,combi,Sitting,Sitting
2024-08-06 16:01:07.500000+00:00,combi,Sitting,Sitting
2024-08-06 16:02:07.500000+00:00,combi,Sitting,Sitting
2024-08-06 16:03:07.500000+00:00,combi,Sitting,Sitting
2024-08-06 16:04:07.500000+00:00,combi,Standing,Standing
2024-08-06 16:05:07.500000+00:00,combi,Sitting,Sitting
2024-08-06 16:06:07.500000+00:00,combi,Standing,Sitting
2024-08-06 16:07:07.500000+00:00,combi,Standing,Standing
2024-08-06 16:08:07.500000+00:00,combi,Standing,Standing
2024-08-06 16:09:07.500000+00:00,combi,Standing,Standing
2024-08-06 16:10:07.500000+00:00,combi,Standing,Sitting
2024-08-06 16:11:07.500000+00:00,combi,Sitting,Sitting
2024-08-06 16:12:07.500000+00:00,combi,Sitting,Sitting
2024-08-06 16:13:07.500000+00:00,combi,Standing,Dynamic
2024-08-06 16:14:07.500000+00:00,combi,Standing,Dynamic
2024-08-06 16:15:07.500000+00:00,combi,Sitting,Sitting
2024-08-06 16:16:07.500000+00:00,combi,Standing,Dynamic
2024-08-06 16:17:07.500000+00:00,combi,Standing,Dynamic
2024-08-06 16:18:07.500000+00:00,combi,Standing,Dynamic
2024-08-06 16:19:07.500000+00:00,combi,Standing,Dynamic
2024-08-06 16:20:07.500000+00:00,combi,Standing,Dynamic
2024-08-06 16:21:07.500000+00:00,combi,Standing,Standing
2024-08-06 16:22:07.500000+00:00,combi,Standing,Standing
2024-08-06 16:23:07.500000+00:00,combi,Standing,Dynamic
2024-08-06 16:24:07.500000+00:00,combi,Sitting,Sitting
2024-08-06 16:25:07.500000+00:00,combi,Standing,Standing
2024-08-06 16:26:07.500000+00:00,combi,Standing,Dynamic
2024-08-06 16:27:07.500000+00:00,combi,Standing,Dynamic
2024-08-06 16:28:07.500000+00:00,combi,Sitting,Sitting
2024-08-06 16:29:07.500000+00:00,combi,Standing,Dynamic
2024-08-06 16:30:07.500000+00:00,combi,Standing,Dynamic
2024-08-06 16:31:07.500000+00:00,combi,Standing,Dynamic
2024-08-06 16:32:07.500000+00:00,combi,Standing,Dynamic
2024-08-06 16:33:07.500000+00:00,combi,Standing,Dynamic
2024-08-06 16:34:07.500000+00:00,combi,Standing,Dynamic
2024-08-06 16:35:07.500000+00:00,combi,Standing,Dynamic
2024-08-06 16:36:07.500000+00:00,combi,Standing,Dynamic
2024-08-06 16:37:07.500000+00:00,combi,Standing,Dynamic
2024-08-06 16:38:07.500000+00:00,combi,Standing,Dynamic
2024-08-06 16:39:07.500000+00:00,combi,Standing,Dynamic
2024-08-06 16:40:07.500000+00:00,combi,Standing,Dynamic
2024-08-06 16:41:07.500000+00:00,combi,Sitting,Dynamic
2024-08-06 16:42:07.500000+00:00,combi,Standing,Dynamic
2024-08-06 16:43:07.500000+00:00,combi,Standing,Dynamic
2024-08-06 16:44:07.500000+00:00,combi,Standing,Dynamic
2024-08-06 16:45:07.500000+00:00,combi,Sitting,Sitting
2024-08-06 16:46:07.500000+00:00,combi,Sitting,Sitting
2024-08-06 16:47:07.500000+00:00,combi,Sitting,Sitting
2024-08-06 16:48:07.500000+00:00,combi,Sitting,Sitting
2024-08-06 16:49:07.500000+00:00,combi,Sitting,Sitting
2024-08-06 16:50:07.500000+00:00,combi,Sitting,Sitting
2024-08-06 16:51:07.500000+00:00,combi,Standing,Dynamic
2024-08-06 16:52:07.500000+00:00,combi,Standing,Standing
2024-08-06 16:53:07.500000+00:00,combi,Sitting,Dynamic
2024-08-06 16:54:07.500000+00:00,combi,Standing,Dynamic
2024-08-06 16:55:07.500000+00:00,combi,Standing,Dynamic
2024-08-06 16:56:07.500000+00:00,combi,Sitting,Dynamic
2024-08-06 16:57:07.500000+00:00,combi,Sitting,Sitting
2024-08-06 16:58:07.500000+00:00,combi,Sitting,Sitting
2024-08-06 16:59:07.500000+00:00,combi,Sitting,Sitting
2024-08-06 17:00:07.500000+00:00,combi,Sitting,Sitting
2024-08-06 17:01:07.500000+00:00,combi,Sitting,Sitting
2024-08-06 17:02:07.500000+00:00,combi,Sitting,Sitting
2024-08-06 17:03:07.500000+00:00,combi,Sitting,Sitting
2024-08-06 17:04:07.500000+00:00,combi,Sitting,Dynamic
2024-08-06 17:05:07.500000+00:00,combi,Sitting,Sitting
2024-08-06 17:06:07.500000+00:00,combi,Standing,Standing
2024-08-06 17:07:07.500000+00:00,combi,Standing,Dynamic
2024-08-06 17:08:07.500000+00:00,combi,Lying,Lying
2024-08-06 17:09:07.500000+00:00,combi,Lying,Lying
2024-08-06 17:10:07.500000+00:00,combi,Lying,Lying
2024-08-06 17:11:07.500000+00:00,combi,Lying,Lying
2024-08-06 17:12:07.500000+00:00,combi,Lying,Lying
2024-08-06 17:13:07.500000+00:00,combi,Sitting,Sitting
2024-08-06 17:14:07.500000+00:00,combi,Sitting,Sitting
2024-08-06 17:15:07.500000+00:00,combi,Sitting,Sitting
2024-08-06 17:16:07.500000+00:00,combi,Sitting,Sitting
2024-08-06 17:17:07.500000+00:00,combi,Sitting,Sitting
2024-08-06 17:18:07.500000+00:00,combi,Sitting,Sitting
2024-08-06 17:19:07.500000+00:00,combi,Sitting,Sitting
2024-08-06 17:20:07.500000+00:00,combi,Standing,Dynamic
2024-08-06 17:21:07.500000+00:00,combi,Sitting,Sitting
2024-08-06 17:22:07.500000+00:00,combi,Standing,Sitting
2024-08-06 17:23:07.500000+00:00,combi,Standing,Dynamic
2024-08-06 17:24:07.500000+00:00,combi,Sitting,Sitting
2024-08-06 17:25:07.500000+00:00,combi,Standing,Standing
2024-08-06 17:26:07.500000+00:00,combi,Standing,Standing
2024-08-06 17:27:07.500000+00:00,combi,Standing,Sitting
2024-08-06 17:28:07.500000+00:00,combi,Sitting,Sitting
2024-08-06 17:29:07.500000+00:00,combi,Sitting,Sitting
2024-08-06 17:30:07.500000+00:00,combi,Sitting,Sitting
2024-08-06 17:31:07.500000+00:00,combi,Sitting,Sitting
2024-08-06 17:32:07.500000+00:00,combi,Sitting,Sitting
2024-08-06 17:33:07.500000+00:00,combi,Sitting,Sitting
2024-08-06 17:34:07.500000+00:00,combi,Sitting,Sitting
2024-08-06 17:35:07.500000+00:00,combi,Sitting,Sitting
2024-08-06 17:36:07.500000+00:00,combi,Sitting,Sitting
2024-08-06 17:37:07.500000+00:00,combi,Sitting,Sitting
2024-08-06 17:38:07.500000+00:00,combi,Sitting,Sitting
2024-08-06 17:39:07.500000+00:00,combi,Sitting,Sitting
2024-08-06 17:40:07.500000+00:00,combi,Sitting,Sitting
2024-08-06 17:41:07.500000+00:00,combi,Sitting,Sitting
2024-08-06 17:42:07.500000+00:00,combi,Standing,Standing
2024-08-06 17:43:07.500000+00:00,combi,Sitting,Sitting
2024-08-06 17:44:07.500000+00:00,combi,Sitting,Sitting
2024-08-06 17:45:07.500000+00:00,combi,Sitting,Sitting
2024-08-06 17:46:07.500000+00:00,combi,Standing,Standing
2024-08-06 17:47:07.500000+00:00,combi,Sitting,Sitting
2024-08-06 17:48:07.500000+00:00,combi,Standing,Standing
2024-08-06 17:49:07.500000+00:00,combi,Sitting,Sitting
2024-08-06 17:50:07.500000+00:00,combi,Sitting,Sitting
2024-08-06 17:51:07.500000+00:00,combi,Sitting,Sitting
2024-08-06 17:52:07.500000+00:00,combi,Sitting,Sitting
2024-08-06 17:53:07.500000+00:00,combi,Sitting,Sitting
2024-08-06 17:54:07.500000+00:00,combi,Sitting,Sitting
2024-08-06 17:55:07.500000+00:00,combi,Sitting,Sitting
2024-08-06 17:56:07.500000+00:00,combi,Sitting,Sitting
2024-08-06 17:57:07.500000+00:00,combi,Sitting,Sitting
2024-08-06 17:58:07.500000+00:00,combi,Standing,Sitting
2024-08-06 17:59:07.500000+00:00,combi,Standing,Standing
2024-08-06 18:00:07.500000+00:00,combi,Sitting,Sitting
2024-08-06 18:01:07.500000+00:00,combi,Sitting,Sitting
2024-08-06 18:02:07.500000+00:00,combi,Standing,Dynamic
2024-08-06 18:03:07.500000+00:00,combi,Standing,Standing
2024-08-06 18:04:07.500000+00:00,combi,Standing,Standing
2024-08-06 18:05:07.500000+00:00,combi,Standing,Dynamic
2024-08-06 18:06:07.500000+00:00,combi,Sitting,Sitting
2024-08-06 18:07:07.500000+00:00,combi,Standing,Dynamic
2024-08-06 18:08:07.500000+00:00,combi,Standing,Dynamic
2024-08-06 18:09:07.500000+00:00,combi,Standing,Standing
2024-08-06 18:10:07.500000+00:00,combi,Standing,Standing
2024-08-06 18:11:07.500000+00:00,combi,Standing,Dynamic
2024-08-06 18:12:07.500000+00:00,combi,Standing,Dynamic
2024-08-06 18:13:07.500000+00:00,combi,Standing,Dynamic
2024-08-06 18:14:07.500000+00:00,combi,Standing,Dynamic
2024-08-06 18:15:07.500000+00:00,combi,Standing,Dynamic
2024-08-06 18:16:07.500000+00:00,combi,Standing,Dynamic
2024-08-06 18:17:07.500000+00:00,combi,Standing,Dynamic
2024-08-06 18:18:07.500000+00:00,combi,Standing,Standing
2024-08-06 18:19:07.500000+00:00,combi,Standing,Standing
2024-08-06 18:20:07.500000+00:00,combi,Standing,Standing
2024-08-06 18:21:07.500000+00:00,combi,Standing,Standing
2024-08-06 18:22:07.500000+00:00,combi,Standing,Dynamic
2024-08-06 18:23:07.500000+00:00,combi,Standing,Standing
2024-08-06 18:24:07.500000+00:00,combi,Standing,Dynamic
2024-08-06 18:25:07.500000+00:00,combi,Sitting,Sitting
2024-08-06 18:26:07.500000+00:00,combi,Sitting,Sitting
2024-08-06 18:27:07.500000+00:00,combi,Standing,Standing
2024-08-06 18:28:07.500000+00:00,combi,Standing,Standing
2024-08-06 18:29:07.500000+00:00,combi,Standing,Standing
2024-08-06 18:30:07.500000+00:00,combi,Standing,Standing
2024-08-06 18:31:07.500000+00:00,combi,Standing,Standing
2024-08-06 18:32:07.500000+00:00,combi,Standing,Dynamic
2024-08-06 18:33:07.500000+00:00,combi,Standing,Standing
2024-08-06 18:34:07.500000+00:00,combi,Standing,Standing
2024-08-06 18:35:07.500000+00:00,combi,Standing,Standing
2024-08-06 18:36:07.500000+00:00,combi,Sitting,Sitting
2024-08-06 18:37:07.500000+00:00,combi,Sitting,Sitting
2024-08-06 18:38:07.500000+00:00,combi,Standing,Standing
2024-08-06 18:39:07.500000+00:00,combi,Sitting,Sitting
2024-08-06 18:40:07.500000+00:00,combi,Sitting,Sitting
2024-08-06 18:41:07.500000+00:00,combi,Sitting,Sitting
2024-08-06 18:42:07.500000+00:00,combi,Standing,Standing
2024-08-06 18:43:07.500000+00:00,combi,Sitting,Sitting
2024-08-06 18:44:07.500000+00:00,combi,Standing,Dynamic
2024-08-06 18:45:07.500000+00:00,combi,Standing,Standing
2024-08-06 18:46:07.500000+00:00,combi,Standing,Standing
2024-08-06 18:47:07.500000+00:00,combi,Standing,Dynamic
2024-08-06 18:48:07.500000+00:00,combi,Sitting,Dynamic
2024-08-06 18:49:07.500000+00:00,combi,Sitting,Dynamic
2024-08-06 18:50:07.500000+00:00,combi,Standing,Dynamic
2024-08-06 18:51:07.500000+00:00,combi,Standing,Dynamic
2024-08-06 18:52:07.500000+00:00,combi,Standing,Dynamic
2024-08-06 18:53:07.500000+00:00,combi,Standing,Dynamic
2024-08-06 18:54:07.500000+00:00,combi,Standing,Dynamic
2024-08-06 18:55:07.500000+00:00,combi,Standing,Dynamic
2024-08-06 18:56:07.500000+00:00,combi,Standing,Dynamic
2024-08-06 18:57:07.500000+00:00,combi,Standing,Dynamic
2024-08-06 18:58:07.500000+00:00,combi,Standing,Dynamic
2024-08-06 18:59:07.500000+00:00,combi,Standing,Dynamic
2024-08-06 19:00:07.500000+00:00,combi,Standing,Dynamic
2024-08-06 19:01:07.500000+00:00,combi,Standing,Dynamic
2024-08-06 19:02:07.500000+00:00,combi,Standing,Dynamic
2024-08-06 19:03:07.500000+00:00,combi,Standing,Dynamic
2024-08-06 19:04:07.500000+00:00,combi,Standing,Dynamic
2024-08-06 19:05:07.500000+00:00,combi,Standing,Dynamic
2024-08-06 19:06:07.500000+00:00,combi,Standing,Dynamic
2024-08-06 19:07:07.500000+00:00,combi,Standing,Dynamic
2024-08-06 19:08:07.500000+00:00,combi,Standing,Dynamic
2024-08-06 19:09:07.500000+00:00,combi,Standing,Dynamic
2024-08-06 19:10:07.500000+00:00,combi,Standing,Dynamic
2024-08-06 19:11:07.500000+00:00,combi,Standing,Standing
2024-08-06 19:12:07.500000+00:00,combi,Standing,Standing
2024-08-06 19:13:07.500000+00:00,combi,Standing,Standing
2024-08-06 19:14:07.500000+00:00,combi,Standing,Standing
2024-08-06 19:15:07.500000+00:00,combi,Standing,Standing
2024-08-06 19:16:07.500000+00:00,combi,Standing,Dynamic
2024-08-06 19:17:07.500000+00:00,combi,Standing,Dynamic
2024-08-06 19:18:07.500000+00:00,combi,Standing,Dynamic
2024-08-06 19:19:07.500000+00:00,combi,Sitting,Dynamic
2024-08-06 19:20:07.500000+00:00,combi,Standing,Standing
2024-08-06 19:21:07.500000+00:00,combi,Standing,Dynamic
2024-08-06 19:22:07.500000+00:00,combi,Standing,Dynamic
2024-08-06 19:23:07.500000+00:00,combi,Standing,Dynamic
2024-08-06 19:24:07.500000+00:00,combi,Lying,Dynamic
2024-08-06 19:25:07.500000+00:00,combi,Lying,Dynamic
2024-08-06 19:26:07.500000+00:00,combi,Standing,Dynamic
2024-08-06 19:27:07.500000+00:00,combi,Standing,Standing
2024-08-06 19:28:07.500000+00:00,combi,Standing,Dynamic
2024-08-06 19:29:07.500000+00:00,combi,Sitting,Sitting
2024-08-06 19:30:07.500000+00:00,combi,Sitting,Sitting
2024-08-06 19:31:07.500000+00:00,combi,Sitting,Sitting
2024-08-06 19:32:07.500000+00:00,combi,Sitting,Sitting
2024-08-06 19:33:07.500000+00:00,combi,Sitting,Sitting
2024-08-06 19:34:07.500000+00:00,combi,Sitting,Sitting
2024-08-06 19:35:07.500000+00:00,combi,Sitting,Sitting
2024-08-06 19:36:07.500000+00:00,combi,Sitting,Sitting
2024-08-06 19:37:07.500000+00:00,combi,Sitting,Sitting
2024-08-06 19:38:07.500000+00:00,combi,Sitting,Sitting
2024-08-06 19:39:07.500000+00:00,combi,Sitting,Sitting
2024-08-06 19:40:07.500000+00:00,combi,Sitting,Sitting
2024-08-06 19:41:07.500000+00:00,combi,Sitting,Sitting
2024-08-06 19:42:07.500000+00:00,combi,Sitting,Sitting
2024-08-06 19:43:07.500000+00:00,combi,Sitting,Sitting
2024-08-06 19:44:07.500000+00:00,combi,Sitting,Sitting
2024-08-06 19:45:07.500000+00:00,combi,Sitting,Sitting
2024-08-06 19:46:07.500000+00:00,combi,Sitting,Dynamic
2024-08-06 19:47:07.500000+00:00,combi,Sitting,Sitting
2024-08-06 19:48:07.500000+00:00,combi,Sitting,Sitting
2024-08-06 19:49:07.500000+00:00,combi,Sitting,Sitting
2024-08-06 19:50:07.500000+00:00,combi,Sitting,Sitting
2024-08-06 19:51:07.500000+00:00,combi,Sitting,Sitting
2024-08-06 19:52:07.500000+00:00,combi,Sitting,Sitting
2024-08-06 19:53:07.500000+00:00,combi,Sitting,Sitting
2024-08-06 19:54:07.500000+00:00,combi,Sitting,Sitting
2024-08-06 19:55:07.500000+00:00,combi,Sitting,Sitting
2024-08-06 19:56:07.500000+00:00,combi,Sitting,Sitting
2024-08-06 19:57:07.500000+00:00,combi,Sitting,Sitting
2024-08-06 19:58:07.500000+00:00,combi,Sitting,Sitting
2024-08-06 19:59:07.500000+00:00,combi,Standing,Standing
2024-08-06 20:00:07.500000+00:00,combi,Standing,Dynamic
2024-08-06 20:01:07.500000+00:00,combi,Standing,Dynamic
2024-08-06 20:02:07.500000+00:00,combi,Standing,Dynamic
2024-08-06 20:03:07.500000+00:00,combi,Standing,Dynamic
2024-08-06 20:04:07.500000+00:00,combi,Sitting,Sitting
2024-08-06 20:05:07.500000+00:00,combi,Standing,Dynamic
2024-08-06 20:06:07.500000+00:00,combi,Standing,Dynamic
2024-08-06 20:07:07.500000+00:00,combi,Standing,Dynamic
2024-08-06 20:08:07.500000+00:00,combi,Sitting,Dynamic
2024-08-06 20:09:07.500000+00:00,combi,Standing,Dynamic
2024-08-06 20:10:07.500000+00:00,combi,Sitting,Dynamic
2024-08-06 20:11:07.500000+00:00,combi,Sitting,Dynamic
2024-08-06 20:12:07.500000+00:00,combi,Standing,Dynamic
2024-08-06 20:13:07.500000+00:00,combi,Standing,Dynamic
2024-08-06 20:14:07.500000+00:00,combi,Sitting,Dynamic
2024-08-06 20:15:07.500000+00:00,combi,Standing,Dynamic
2024-08-06 20:16:07.500000+00:00,combi,Sitting,Dynamic
2024-08-06 20:17:07.500000+00:00,combi,Sitting,Dynamic
2024-08-06 20:18:07.500000+00:00,combi,Standing,Standing
2024-08-06 20:19:07.500000+00:00,combi,Standing,Standing
2024-08-06 20:20:07.500000+00:00,combi,Sitting,Dynamic
2024-08-06 20:21:07.500000+00:00,combi,Sitting,Dynamic
2024-08-06 20:22:07.500000+00:00,combi,Standing,Standing
2024-08-06 20:23:07.500000+00:00,combi,Standing,Standing
2024-08-06 20:24:07.500000+00:00,combi,Sitting,Dynamic
2024-08-06 20:25:07.500000+00:00,combi,Standing,Dynamic
2024-08-06 20:26:07.500000+00:00,combi,Sitting,Sitting
2024-08-06 20:27:07.500000+00:00,combi,Lying,Dynamic
2024-08-06 20:28:07.500000+00:00,combi,Lying,Dynamic
2024-08-06 20:29:07.500000+00:00,combi,Lying,Dynamic
2024-08-06 20:30:07.500000+00:00,combi,Lying,Dynamic
2024-08-06 20:31:07.500000+00:00,combi,Standing,Dynamic
2024-08-06 20:32:07.500000+00:00,combi,Standing,Standing
2024-08-06 20:33:07.500000+00:00,combi,Standing,Standing
2024-08-06 20:34:07.500000+00:00,combi,Standing,Standing
2024-08-06 20:35:07.500000+00:00,combi,Standing,Dynamic
2024-08-06 20:36:07.500000+00:00,combi,Standing,Dynamic
2024-08-06 20:37:07.500000+00:00,combi,Standing,Dynamic
2024-08-06 20:38:07.500000+00:00,combi,Standing,Dynamic
2024-08-06 20:39:07.500000+00:00,combi,Standing,Dynamic
2024-08-06 20:40:07.500000+00:00,combi,Standing,Standing
2024-08-06 20:41:07.500000+00:00,combi,Standing,Standing
2024-08-06 20:42:07.500000+00:00,combi,Standing,Standing
2024-08-06 20:43:07.500000+00:00,combi,Standing,Standing
2024-08-06 20:44:07.500000+00:00,combi,Standing,Standing
2024-08-06 20:45:07.500000+00:00,combi,Standing,Standing
2024-08-06 20:46:07.500000+00:00,combi,Standing,Standing
2024-08-06 20:47:07.500000+00:00,combi,Standing,Standing
2024-08-06 20:48:07.500000+00:00,combi,Standing,Standing
2024-08-06 20:49:07.500000+00:00,combi,Standing,Standing
2024-08-06 20:50:07.500000+00:00,combi,Standing,Standing
2024-08-06 20:51:07.500000+00:00,combi,Standing,Standing
2024-08-06 20:52:07.500000+00:00,combi,Standing,Standing
2024-08-06 20:53:07.500000+00:00,combi,Standing,Standing
2024-08-06 20:54:07.500000+00:00,combi,Standing,Standing
2024-08-06 20:55:07.500000+00:00,combi,Sitting,Sitting
2024-08-06 20:56:07.500000+00:00,combi,Standing,Dynamic
2024-08-06 20:57:07.500000+00:00,combi,Lying,Dynamic
2024-08-06 20:58:07.500000+00:00,combi,Standing,Dynamic
2024-08-06 20:59:07.500000+00:00,combi,Standing,Standing
2024-08-06 21:00:07.500000+00:00,combi,Standing,Dynamic
2024-08-06 21:01:07.500000+00:00,combi,Sitting,Dynamic
2024-08-06 21:02:07.500000+00:00,combi,Standing,Dynamic
2024-08-06 21:03:07.500000+00:00,combi,Standing,Dynamic
2024-08-06 21:04:07.500000+00:00,combi,Standing,Dynamic
2024-08-06 21:05:07.500000+00:00,combi,Standing,Dynamic
2024-08-06 21:06:07.500000+00:00,combi,Standing,Dynamic
2024-08-06 21:07:07.500000+00:00,combi,Sitting,Sitting
2024-08-06 21:08:07.500000+00:00,combi,Standing,Standing
2024-08-06 21:09:07.500000+00:00,combi,Sitting,Sitting
2024-08-06 21:10:07.500000+00:00,combi,Sitting,Sitting
2024-08-06 21:11:07.500000+00:00,combi,Standing,Standing
2024-08-06 21:12:07.500000+00:00,combi,Standing,Dynamic
2024-08-06 21:13:07.500000+00:00,combi,Sitting,Sitting
2024-08-06 21:14:07.500000+00:00,combi,Standing,Dynamic
2024-08-06 21:15:07.500000+00:00,combi,Standing,Dynamic
2024-08-06 21:16:07.500000+00:00,combi,Lying,Lying
2024-08-06 21:17:07.500000+00:00,combi,Lying,Lying
2024-08-06 21:18:07.500000+00:00,combi,Lying,Lying
2024-08-06 21:19:07.500000+00:00,combi,Lying,Lying
2024-08-06 21:20:07.500000+00:00,combi,Lying,Lying
2024-08-06 21:21:07.500000+00:00,combi,Lying,Lying
2024-08-06 21:22:07.500000+00:00,combi,Lying,Lying
2024-08-06 21:23:07.500000+00:00,combi,Lying,Lying
2024-08-06 21:24:07.500000+00:00,combi,Lying,Lying
2024-08-06 21:25:07.500000+00:00,combi,Lying,Lying
2024-08-06 21:26:07.500000+00:00,combi,Lying,Lying
2024-08-06 21:27:07.500000+00:00,combi,Lying,Lying
2024-08-06 21:28:07.500000+00:00,combi,Lying,Lying
2024-08-06 21:29:07.500000+00:00,combi,Lying,Lying
2024-08-06 21:30:07.500000+00:00,combi,Lying,Lying
2024-08-06 21:31:07.500000+00:00,combi,Lying,Lying
2024-08-06 21:32:07.500000+00:00,combi,Lying,Lying
2024-08-06 21:33:07.500000+00:00,combi,Lying,Lying
2024-08-06 21:34:07.500000+00:00,combi,Lying,Lying
2024-08-06 21:35:07.500000+00:00,combi,Lying,Lying
2024-08-06 21:36:07.500000+00:00,combi,Lying,Lying
2024-08-06 21:37:07.500000+00:00,combi,Lying,Lying
2024-08-06 21:38:07.500000+00:00,combi,Lying,Lying
2024-08-06 21:39:07.500000+00:00,combi,Lying,Lying
2024-08-06 21:40:07.500000+00:00,combi,Lying,Lying
2024-08-06 21:41:07.500000+00:00,combi,Lying,Lying
2024-08-06 21:42:07.500000+00:00,combi,Lying,Lying
2024-08-06 21:43:07.500000+00:00,combi,Lying,Lying
2024-08-06 21:44:07.500000+00:00,combi,Lying,Lying
2024-08-06 21:45:07.500000+00:00,combi,Lying,Lying
2024-08-06 21:46:07.500000+00:00,combi,Lying,Lying
2024-08-06 21:47:07.500000+00:00,combi,Lying,Lying
2024-08-06 21:48:07.500000+00:00,combi,Lying,Lying
2024-08-06 21:49:07.500000+00:00,combi,Lying,Lying
2024-08-06 21:50:07.500000+00:00,combi,Lying,Lying
2024-08-06 21:51:07.500000+00:00,combi,Lying,Lying
2024-08-06 21:52:07.500000+00:00,combi,Lying,Lying
2024-08-06 21:53:07.500000+00:00,combi,Lying,Lying
2024-08-06 21:54:07.500000+00:00,combi,Lying,Lying
2024-08-06 21:55:07.500000+00:00,combi,Lying,Lying
2024-08-06 21:56:07.500000+00:00,combi,Lying,Lying
2024-08-06 21:57:07.500000+00:00,combi,Lying,Lying
2024-08-06 21:58:07.500000+00:00,combi,Lying,Lying
2024-08-06 21:59:07.500000+00:00,combi,Lying,Lying
2024-08-06 22:00:07.500000+00:00,combi,Lying,Lying
2024-08-06 22:01:07.500000+00:00,combi,Lying,Lying
2024-08-06 22:02:07.500000+00:00,combi,Lying,Lying
2024-08-06 22:03:07.500000+00:00,combi,Lying,Lying
2024-08-06 22:04:07.500000+00:00,combi,Lying,Lying
2024-08-06 22:05:07.500000+00:00,combi,Lying,Lying
2024-08-06 22:06:07.500000+00:00,combi,Lying,Lying
2024-08-06 22:07:07.500000+00:00,combi,Lying,Lying
2024-08-06 22:08:07.500000+00:00,combi,Lying,Lying
2024-08-06 22:09:07.500000+00:00,combi,Lying,Lying
2024-08-06 22:10:07.500000+00:00,combi,Lying,Lying
2024-08-06 22:11:07.500000+00:00,combi,Lying,Lying
2024-08-06 22:12:07.500000+00:00,combi,Lying,Lying
2024-08-06 22:13:07.500000+00:00,combi,Lying,Lying
2024-08-06 22:14:07.500000+00:00,combi,Lying,Lying
2024-08-06 22:15:07.500000+00:00,combi,Lying,Lying
2024-08-06 22:16:07.500000+00:00,combi,Lying,Lying
2024-08-06 22:17:07.500000+00:00,combi,Lying,Lying
2024-08-06 22:18:07.500000+00:00,combi,Lying,Lying
2024-08-06 22:19:07.500000+00:00,combi,Lying,Lying
2024-08-06 22:20:07.500000+00:00,combi,Lying,Lying
2024-08-06 22:21:07.500000+00:00,combi,Lying,Lying
2024-08-06 22:22:07.500000+00:00,combi,Lying,Lying
2024-08-06 22:23:07.500000+00:00,combi,Lying,Lying
2024-08-06 22:24:07.500000+00:00,combi,Lying,Lying
2024-08-06 22:25:07.500000+00:00,combi,Lying,Lying
2024-08-06 22:26:07.500000+00:00,combi,Lying,Lying
2024-08-06 22:27:07.500000+00:00,combi,Lying,Lying
2024-08-06 22:28:07.500000+00:00,combi,Lying,Lying
2024-08-06 22:29:07.500000+00:00,combi,Lying,Lying
2024-08-06 22:30:07.500000+00:00,combi,Lying,Lying
2024-08-06 22:31:07.500000+00:00,combi,Lying,Lying
2024-08-06 22:32:07.500000+00:00,combi,Lying,Lying
2024-08-06 22:33:07.500000+00:00,combi,Lying,Lying
2024-08-06 22:34:07.500000+00:00,combi,Lying,Lying
2024-08-06 22:35:07.500000+00:00,combi,Lying,Lying
2024-08-06 22:36:07.500000+00:00,combi,Lying,Lying
2024-08-06 22:37:07.500000+00:00,combi,Lying,Lying
2024-08-06 22:38:07.500000+00:00,combi,Lying,Lying
2024-08-06 22:39:07.500000+00:00,combi,Lying,Lying
2024-08-06 22:40:07.500000+00:00,combi,Lying,Lying
2024-08-06 22:41:07.500000+00:00,combi,Lying,Lying
2024-08-06 22:42:07.500000+00:00,combi,Lying,Lying
2024-08-06 22:43:07.500000+00:00,combi,Lying,Lying
2024-08-06 22:44:07.500000+00:00,combi,Lying,Lying
2024-08-06 22:45:07.500000+00:00,combi,Lying,Lying
2024-08-06 22:46:07.500000+00:00,combi,Lying,Lying
2024-08-06 22:47:07.500000+00:00,combi,Lying,Lying
2024-08-06 22:48:07.500000+00:00,combi,Lying,Lying
2024-08-06 22:49:07.500000+00:00,combi,Lying,Lying
2024-08-06 22:50:07.500000+00:00,combi,Lying,Lying
2024-08-06 22:51:07.500000+00:00,combi,Lying,Lying
2024-08-06 22:52:07.500000+00:00,combi,Lying,Lying
2024-08-06 22:53:07.500000+00:00,combi,Lying,Lying
2024-08-06 22:54:07.500000+00:00,combi,Lying,Lying
2024-08-06 22:55:07.500000+00:00,combi,Lying,Lying
2024-08-06 22:56:07.500000+00:00,combi,Lying,Lying
2024-08-06 22:57:07.500000+00:00,combi,Lying,Lying
2024-08-06 22:58:07.500000+00:00,combi,Lying,Lying
2024-08-06 22:59:07.500000+00:00,combi,Lying,Lying
2024-08-06 23:00:07.500000+00:00,combi,Lying,Lying
2024-08-06 23:01:07.500000+00:00,combi,Lying,Lying
2024-08-06 23:02:07.500000+00:00,combi,Lying,Lying
2024-08-06 23:03:07.500000+00:00,combi,Lying,Lying
2024-08-06 23:04:07.500000+00:00,combi,Lying,Lying
2024-08-06 23:05:07.500000+00:00,combi,Lying,Lying
2024-08-06 23:06:07.500000+00:00,combi,Lying,Lying
2024-08-06 23:07:07.500000+00:00,combi,Lying,Lying
2024-08-06 23:08:07.500000+00:00,combi,Lying,Lying
2024-08-06 23:09:07.500000+00:00,combi,Lying,Lying
2024-08-06 23:10:07.500000+00:00,combi,Lying,Lying
2024-08-06 23:11:07.500000+00:00,combi,Lying,Lying
2024-08-06 23:12:07.500000+00:00,combi,Lying,Lying
2024-08-06 23:13:07.500000+00:00,combi,Lying,Lying
2024-08-06 23:14:07.500000+00:00,combi,Lying,Lying
2024-08-06 23:15:07.500000+00:00,combi,Lying,Lying
2024-08-06 23:16:07.500000+00:00,combi,Lying,Lying
2024-08-06 23:17:07.500000+00:00,combi,Lying,Lying
2024-08-06 23:18:07.500000+00:00,combi,Lying,Lying
2024-08-06 23:19:07.500000+00:00,combi,Lying,Lying
2024-08-06 23:20:07.500000+00:00,combi,Lying,Lying
2024-08-06 23:21:07.500000+00:00,combi,Lying,Lying
2024-08-06 23:22:07.500000+00:00,combi,Lying,Lying
2024-08-06 23:23:07.500000+00:00,combi,Lying,Lying
2024-08-06 23:24:07.500000+00:00,combi,Lying,Lying
2024-08-06 23:25:07.500000+00:00,combi,Lying,Lying
2024-08-06 23:26:07.500000+00:00,combi,Lying,Lying
2024-08-06 23:27:07.500000+00:00,combi,Lying,Lying
2024-08-06 23:28:07.500000+00:00,combi,Lying,Lying
2024-08-06 23:29:07.500000+00:00,combi,Lying,Lying
2024-08-06 23:30:07.500000+00:00,combi,Lying,Lying
2024-08-06 23:31:07.500000+00:00,combi,Lying,Lying
2024-08-06 23:32:07.500000+00:00,combi,Lying,Lying
2024-08-06 23:33:07.500000+00:00,combi,Lying,Lying
2024-08-06 23:34:07.500000+00:00,combi,Lying,Lying
2024-08-06 23:35:07.500000+00:00,combi,Lying,Lying
2024-08-06 23:36:07.500000+00:00,combi,Lying,Lying
2024-08-06 23:37:07.500000+00:00,combi,Lying,Lying
2024-08-06 23:38:07.500000+00:00,combi,Lying,Lying
2024-08-06 23:39:07.500000+00:00,combi,Lying,Lying
2024-08-06 23:40:07.500000+00:00,combi,Lying,Lying
2024-08-06 23:41:07.500000+00:00,combi,Lying,Lying
2024-08-06 23:42:07.500000+00:00,combi,Lying,Lying
2024-08-06 23:43:07.500000+00:00,combi,Lying,Lying
2024-08-06 23:44:07.500000+00:00,combi,Lying,Lying
2024-08-06 23:45:07.500000+00:00,combi,Lying,Lying
2024-08-06 23:46:07.500000+00:00,combi,Lying,Lying
2024-08-06 23:47:07.500000+00:00,combi,Lying,Lying
2024-08-06 23:48:07.500000+00:00,combi,Lying,Lying
2024-08-06 23:49:07.500000+00:00,combi,Lying,Lying
2024-08-06 23:50:07.500000+00:00,combi,Lying,Lying
2024-08-06 23:51:07.500000+00:00,combi,Lying,Lying
2024-08-06 23:52:07.500000+00:00,combi,Lying,Lying
2024-08-06 23:53:07.500000+00:00,combi,Lying,Lying
2024-08-06 23:54:07.500000+00:00,combi,Lying,Lying
2024-08-06 23:55:07.500000+00:00,combi,Lying,Lying
2024-08-06 23:56:07.500000+00:00,combi,Lying,Lying
2024-08-06 23:57:07.500000+00:00,combi,Lying,Lying
2024-08-06 23:58:07.500000+00:00,combi,Lying,Lying
2024-08-06 23:59:07.500000+00:00,combi,Lying,Lying
2024-08-07 00:00:07.500000+00:00,combi,Lying,Lying
2024-08-07 00:01:07.500000+00:00,combi,Lying,Lying
2024-08-07 00:02:07.500000+00:00,combi,Lying,Lying
2024-08-07 00:03:07.500000+00:00,combi,Lying,Lying
2024-08-07 00:04:07.500000+00:00,combi,Lying,Lying
2024-08-07 00:05:07.500000+00:00,combi,Lying,Lying
2024-08-07 00:06:07.500000+00:00,combi,Lying,Lying
2024-08-07 00:07:07.500000+00:00,combi,Lying,Lying
2024-08-07 00:08:07.500000+00:00,combi,Lying,Lying
2024-08-07 00:09:07.500000+00:00,combi,Lying,Lying
2024-08-07 00:10:07.500000+00:00,combi,Lying,Lying
2024-08-07 00:11:07.500000+00:00,combi,Lying,Lying
2024-08-07 00:12:07.500000+00:00,combi,Lying,Lying
2024-08-07 00:13:07.500000+00:00,combi,Lying,Lying
2024-08-07 00:14:07.500000+00:00,combi,Lying,Lying
2024-08-07 00:15:07.500000+00:00,combi,Lying,Lying
2024-08-07 00:16:07.500000+00:00,combi,Lying,Lying
2024-08-07 00:17:07.500000+00:00,combi,Lying,Lying
2024-08-07 00:18:07.500000+00:00,combi,Lying,Lying
2024-08-07 00:19:07.500000+00:00,combi,Lying,Lying
2024-08-07 00:20:07.500000+00:00,combi,Lying,Lying
2024-08-07 00:21:07.500000+00:00,combi,Lying,Lying
2024-08-07 00:22:07.500000+00:00,combi,Lying,Lying
2024-08-07 00:23:07.500000+00:00,combi,Lying,Lying
2024-08-07 00:24:07.500000+00:00,combi,Lying,Lying
2024-08-07 00:25:07.500000+00:00,combi,Lying,Lying
2024-08-07 00:26:07.500000+00:00,combi,Lying,Lying
2024-08-07 00:27:07.500000+00:00,combi,Lying,Lying
2024-08-07 00:28:07.500000+00:00,combi,Lying,Lying
2024-08-07 00:29:07.500000+00:00,combi,Lying,Lying
2024-08-07 00:30:07.500000+00:00,combi,Lying,Lying
2024-08-07 00:31:07.500000+00:00,combi,Lying,Lying
2024-08-07 00:32:07.500000+00:00,combi,Lying,Lying
2024-08-07 00:33:07.500000+00:00,combi,Lying,Lying
2024-08-07 00:34:07.500000+00:00,combi,Lying,Lying
2024-08-07 00:35:07.500000+00:00,combi,Lying,Lying
2024-08-07 00:36:07.500000+00:00,combi,Lying,Lying
2024-08-07 00:37:07.500000+00:00,combi,Lying,Lying
2024-08-07 00:38:07.500000+00:00,combi,Lying,Lying
2024-08-07 00:39:07.500000+00:00,combi,Lying,Lying
2024-08-07 00:40:07.500000+00:00,combi,Lying,Lying
2024-08-07 00:41:07.500000+00:00,combi,Lying,Lying
2024-08-07 00:42:07.500000+00:00,combi,Lying,Lying
2024-08-07 00:43:07.500000+00:00,combi,Lying,Lying
2024-08-07 00:44:07.500000+00:00,combi,Lying,Lying
2024-08-07 00:45:07.500000+00:00,combi,Lying,Lying
2024-08-07 00:46:07.500000+00:00,combi,Lying,Lying
2024-08-07 00:47:07.500000+00:00,combi,Lying,Lying
2024-08-07 00:48:07.500000+00:00,combi,Lying,Lying
2024-08-07 00:49:07.500000+00:00,combi,Lying,Lying
2024-08-07 00:50:07.500000+00:00,combi,Lying,Lying
2024-08-07 00:51:07.500000+00:00,combi,Lying,Lying
2024-08-07 00:52:07.500000+00:00,combi,Lying,Lying
2024-08-07 00:53:07.500000+00:00,combi,Lying,Lying
2024-08-07 00:54:07.500000+00:00,combi,Lying,Lying
2024-08-07 00:55:07.500000+00:00,combi,Lying,Lying
2024-08-07 00:56:07.500000+00:00,combi,Lying,Lying
2024-08-07 00:57:07.500000+00:00,combi,Lying,Lying
2024-08-07 00:58:07.500000+00:00,combi,Lying,Lying
2024-08-07 00:59:07.500000+00:00,combi,Lying,Lying
2024-08-07 01:00:07.500000+00:00,combi,Lying,Lying
2024-08-07 01:01:07.500000+00:00,combi,Lying,Lying
2024-08-07 01:02:07.500000+00:00,combi,Lying,Lying
2024-08-07 01:03:07.500000+00:00,combi,Lying,Lying
2024-08-07 01:04:07.500000+00:00,combi,Lying,Lying
2024-08-07 01:05:07.500000+00:00,combi,Lying,Lying
2024-08-07 01:06:07.500000+00:00,combi,Lying,Lying
2024-08-07 01:07:07.500000+00:00,combi,Lying,Lying
2024-08-07 01:08:07.500000+00:00,combi,Lying,Lying
2024-08-07 01:09:07.500000+00:00,combi,Lying,Lying
2024-08-07 01:10:07.500000+00:00,combi,Lying,Lying
2024-08-07 01:11:07.500000+00:00,combi,Lying,Lying
2024-08-07 01:12:07.500000+00:00,combi,Lying,Lying
2024-08-07 01:13:07.500000+00:00,combi,Lying,Lying
2024-08-07 01:14:07.500000+00:00,combi,Lying,Lying
2024-08-07 01:15:07.500000+00:00,combi,Lying,Lying
2024-08-07 01:16:07.500000+00:00,combi,Lying,Lying
2024-08-07 01:17:07.500000+00:00,combi,Lying,Lying
2024-08-07 01:18:07.500000+00:00,combi,Lying,Lying
2024-08-07 01:19:07.500000+00:00,combi,Lying,Lying
2024-08-07 01:20:07.500000+00:00,combi,Lying,Lying
2024-08-07 01:21:07.500000+00:00,combi,Lying,Lying
2024-08-07 01:22:07.500000+00:00,combi,Lying,Lying
2024-08-07 01:23:07.500000+00:00,combi,Lying,Lying
2024-08-07 01:24:07.500000+00:00,combi,Lying,Lying
2024-08-07 01:25:07.500000+00:00,combi,Lying,Lying
2024-08-07 01:26:07.500000+00:00,combi,Lying,Lying
2024-08-07 01:27:07.500000+00:00,combi,Lying,Lying
2024-08-07 01:28:07.500000+00:00,combi,Lying,Lying
2024-08-07 01:29:07.500000+00:00,combi,Lying,Lying
2024-08-07 01:30:07.500000+00:00,combi,Lying,Lying
2024-08-07 01:31:07.500000+00:00,combi,Lying,Lying
2024-08-07 01:32:07.500000+00:00,combi,Lying,Lying
2024-08-07 01:33:07.500000+00:00,combi,Lying,Lying
2024-08-07 01:34:07.500000+00:00,combi,Lying,Lying
2024-08-07 01:35:07.500000+00:00,combi,Lying,Lying
2024-08-07 01:36:07.500000+00:00,combi,Lying,Lying
2024-08-07 01:37:07.500000+00:00,combi,Lying,Lying
2024-08-07 01:38:07.500000+00:00,combi,Lying,Lying
2024-08-07 01:39:07.500000+00:00,combi,Lying,Lying
2024-08-07 01:40:07.500000+00:00,combi,Lying,Lying
2024-08-07 01:41:07.500000+00:00,combi,Lying,Lying
2024-08-07 01:42:07.500000+00:00,combi,Lying,Lying
2024-08-07 01:43:07.500000+00:00,combi,Lying,Lying
2024-08-07 01:44:07.500000+00:00,combi,Lying,Lying
2024-08-07 01:45:07.500000+00:00,combi,Lying,Lying
2024-08-07 01:46:07.500000+00:00,combi,Lying,Lying
2024-08-07 01:47:07.500000+00:00,combi,Lying,Lying
2024-08-07 01:48:07.500000+00:00,combi,Lying,Lying
2024-08-07 01:49:07.500000+00:00,combi,Lying,Lying
2024-08-07 01:50:07.500000+00:00,combi,Lying,Lying
2024-08-07 01:51:07.500000+00:00,combi,Lying,Lying
2024-08-07 01:52:07.500000+00:00,combi,Lying,Lying
2024-08-07 01:53:07.500000+00:00,combi,Lying,Lying
2024-08-07 01:54:07.500000+00:00,combi,Lying,Lying
2024-08-07 01:55:07.500000+00:00,combi,Lying,Lying
2024-08-07 01:56:07.500000+00:00,combi,Lying,Lying
2024-08-07 01:57:07.500000+00:00,combi,Lying,Lying
2024-08-07 01:58:07.500000+00:00,combi,Lying,Lying
2024-08-07 01:59:07.500000+00:00,combi,Lying,Lying
2024-08-07 02:00:07.500000+00:00,combi,Lying,Lying
2024-08-07 02:01:07.500000+00:00,combi,Lying,Lying
2024-08-07 02:02:07.500000+00:00,combi,Lying,Lying
2024-08-07 02:03:07.500000+00:00,combi,Lying,Lying
2024-08-07 02:04:07.500000+00:00,combi,Lying,Lying
2024-08-07 02:05:07.500000+00:00,combi,Lying,Lying
2024-08-07 02:06:07.500000+00:00,combi,Lying,Lying
2024-08-07 02:07:07.500000+00:00,combi,Lying,Lying
2024-08-07 02:08:07.500000+00:00,combi,Lying,Lying
2024-08-07 02:09:07.500000+00:00,combi,Lying,Lying
2024-08-07 02:10:07.500000+00:00,combi,Lying,Lying
2024-08-07 02:11:07.500000+00:00,combi,Lying,Lying
2024-08-07 02:12:07.500000+00:00,combi,Lying,Lying
2024-08-07 02:13:07.500000+00:00,combi,Lying,Lying
2024-08-07 02:14:07.500000+00:00,combi,Lying,Lying
2024-08-07 02:15:07.500000+00:00,combi,Lying,Lying
2024-08-07 02:16:07.500000+00:00,combi,Lying,Lying
2024-08-07 02:17:07.500000+00:00,combi,Lying,Lying
2024-08-07 02:18:07.500000+00:00,combi,Lying,Lying
2024-08-07 02:19:07.500000+00:00,combi,Lying,Dynamic
2024-08-07 02:20:07.500000+00:00,combi,Standing,Standing
2024-08-07 02:21:07.500000+00:00,combi,Standing,Standing
2024-08-07 02:22:07.500000+00:00,combi,Standing,Standing
2024-08-07 02:23:07.500000+00:00,combi,Standing,Dynamic
2024-08-07 02:24:07.500000+00:00,combi,Lying,Dynamic
2024-08-07 02:25:07.500000+00:00,combi,Lying,Dynamic
2024-08-07 02:26:07.500000+00:00,combi,Standing,Standing
2024-08-07 02:27:07.500000+00:00,combi,Lying,Dynamic
2024-08-07 02:28:07.500000+00:00,combi,Lying,Dynamic
2024-08-07 02:29:07.500000+00:00,combi,Standing,Dynamic
2024-08-07 02:30:07.500000+00:00,combi,Sitting,Sitting
2024-08-07 02:31:07.500000+00:00,combi,Lying,Lying
2024-08-07 02:32:07.500000+00:00,combi,Lying,Lying
2024-08-07 02:33:07.500000+00:00,combi,Lying,Lying
2024-08-07 02:34:07.500000+00:00,combi,Lying,Lying
2024-08-07 02:35:07.500000+00:00,combi,Lying,Lying
2024-08-07 02:36:07.500000+00:00,combi,Lying,Lying
2024-08-07 02:37:07.500000+00:00,combi,Lying,Lying
2024-08-07 02:38:07.500000+00:00,combi,Lying,Lying
2024-08-07 02:39:07.500000+00:00,combi,Lying,Lying
2024-08-07 02:40:07.500000+00:00,combi,Lying,Lying
2024-08-07 02:41:07.500000+00:00,combi,Lying,Lying
2024-08-07 02:42:07.500000+00:00,combi,Lying,Lying
2024-08-07 02:43:07.500000+00:00,combi,Lying,Lying
2024-08-07 02:44:07.500000+00:00,combi,Lying,Lying
2024-08-07 02:45:07.500000+00:00,combi,Lying,Lying
2024-08-07 02:46:07.500000+00:00,combi,Lying,Lying
2024-08-07 02:47:07.500000+00:00,combi,Lying,Lying
2024-08-07 02:48:07.500000+00:00,combi,Lying,Lying
2024-08-07 02:49:07.500000+00:00,combi,Lying,Lying
2024-08-07 02:50:07.500000+00:00,combi,Lying,Lying
2024-08-07 02:51:07.500000+00:00,combi,Lying,Lying
2024-08-07 02:52:07.500000+00:00,combi,Lying,Lying
2024-08-07 02:53:07.500000+00:00,combi,Lying,Lying
2024-08-07 02:54:07.500000+00:00,combi,Lying,Lying
2024-08-07 02:55:07.500000+00:00,combi,Lying,Lying
2024-08-07 02:56:07.500000+00:00,combi,Lying,Lying
2024-08-07 02:57:07.500000+00:00,combi,Lying,Lying
2024-08-07 02:58:07.500000+00:00,combi,Lying,Lying
2024-08-07 02:59:07.500000+00:00,combi,Lying,Lying
2024-08-07 03:00:07.500000+00:00,combi,Lying,Lying
2024-08-07 03:01:07.500000+00:00,combi,Lying,Lying
2024-08-07 03:02:07.500000+00:00,combi,Lying,Lying
2024-08-07 03:03:07.500000+00:00,combi,Lying,Lying
2024-08-07 03:04:07.500000+00:00,combi,Lying,Lying
2024-08-07 03:05:07.500000+00:00,combi,Lying,Lying
2024-08-07 03:06:07.500000+00:00,combi,Lying,Lying
2024-08-07 03:07:07.500000+00:00,combi,Lying,Lying
2024-08-07 03:08:07.500000+00:00,combi,Lying,Lying
2024-08-07 03:09:07.500000+00:00,combi,Lying,Lying
2024-08-07 03:10:07.500000+00:00,combi,Lying,Lying
2024-08-07 03:11:07.500000+00:00,combi,Lying,Lying
2024-08-07 03:12:07.500000+00:00,combi,Lying,Lying
2024-08-07 03:13:07.500000+00:00,combi,Lying,Lying
2024-08-07 03:14:07.500000+00:00,combi,Lying,Lying
2024-08-07 03:15:07.500000+00:00,combi,Lying,Lying
2024-08-07 03:16:07.500000+00:00,combi,Lying,Lying
2024-08-07 03:17:07.500000+00:00,combi,Lying,Lying
2024-08-07 03:18:07.500000+00:00,combi,Lying,Lying
2024-08-07 03:19:07.500000+00:00,combi,Lying,Lying
2024-08-07 03:20:07.500000+00:00,combi,Lying,Lying
2024-08-07 03:21:07.500000+00:00,combi,Lying,Lying
2024-08-07 03:22:07.500000+00:00,combi,Lying,Lying
2024-08-07 03:23:07.500000+00:00,combi,Lying,Lying
2024-08-07 03:24:07.500000+00:00,combi,Lying,Lying
2024-08-07 03:25:07.500000+00:00,combi,Lying,Lying
2024-08-07 03:26:07.500000+00:00,combi,Lying,Lying
2024-08-07 03:27:07.500000+00:00,combi,Lying,Lying
2024-08-07 03:28:07.500000+00:00,combi,Lying,Lying
2024-08-07 03:29:07.500000+00:00,combi,Lying,Lying
2024-08-07 03:30:07.500000+00:00,combi,Lying,Lying
2024-08-07 03:31:07.500000+00:00,combi,Sitting,Sitting
2024-08-07 03:32:07.500000+00:00,combi,Sitting,Sitting
2024-08-07 03:33:07.500000+00:00,combi,Sitting,Sitting
2024-08-07 03:34:07.500000+00:00,combi,Sitting,Sitting
2024-08-07 03:35:07.500000+00:00,combi,Sitting,Sitting
2024-08-07 03:36:07.500000+00:00,combi,Sitting,Sitting
2024-08-07 03:37:07.500000+00:00,combi,Sitting,Sitting
2024-08-07 03:38:07.500000+00:00,combi,Sitting,Sitting
2024-08-07 03:39:07.500000+00:00,combi,Sitting,Sitting
2024-08-07 03:40:07.500000+00:00,combi,Sitting,Sitting
2024-08-07 03:41:07.500000+00:00,combi,Sitting,Sitting
2024-08-07 03:42:07.500000+00:00,combi,Sitting,Sitting
2024-08-07 03:43:07.500000+00:00,combi,Sitting,Sitting
2024-08-07 03:44:07.500000+00:00,combi,Sitting,Sitting
2024-08-07 03:45:07.500000+00:00,combi,Sitting,Sitting
2024-08-07 03:46:07.500000+00:00,combi,Sitting,Sitting
2024-08-07 03:47:07.500000+00:00,combi,Sitting,Sitting
2024-08-07 03:48:07.500000+00:00,combi,Sitting,Sitting
2024-08-07 03:49:07.500000+00:00,combi,Sitting,Sitting
2024-08-07 03:50:07.500000+00:00,combi,Sitting,Sitting
2024-08-07 03:51:07.500000+00:00,combi,Sitting,Sitting
2024-08-07 03:52:07.500000+00:00,combi,Sitting,Sitting
2024-08-07 03:53:07.500000+00:00,combi,Sitting,Sitting
2024-08-07 03:54:07.500000+00:00,combi,Sitting,Sitting
2024-08-07 03:55:07.500000+00:00,combi,Sitting,Sitting
2024-08-07 03:56:07.500000+00:00,combi,Sitting,Sitting
2024-08-07 03:57:07.500000+00:00,combi,Sitting,Sitting
2024-08-07 03:58:07.500000+00:00,combi,Sitting,Sitting
2024-08-07 03:59:07.500000+00:00,combi,Lying,Lying
2024-08-07 04:00:07.500000+00:00,combi,Lying,Lying
2024-08-07 04:01:07.500000+00:00,combi,Lying,Lying
2024-08-07 04:02:07.500000+00:00,combi,Lying,Lying
2024-08-07 04:03:07.500000+00:00,combi,Lying,Lying
2024-08-07 04:04:07.500000+00:00,combi,Lying,Lying
2024-08-07 04:05:07.500000+00:00,combi,Lying,Lying
2024-08-07 04:06:07.500000+00:00,combi,Lying,Lying
2024-08-07 04:07:07.500000+00:00,combi,Lying,Lying
2024-08-07 04:08:07.500000+00:00,combi,Lying,Lying
2024-08-07 04:09:07.500000+00:00,combi,Lying,Lying
2024-08-07 04:10:07.500000+00:00,combi,Lying,Lying
2024-08-07 04:11:07.500000+00:00,combi,Lying,Lying
2024-08-07 04:12:07.500000+00:00,combi,Lying,Lying
2024-08-07 04:13:07.500000+00:00,combi,Lying,Lying
2024-08-07 04:14:07.500000+00:00,combi,Lying,Lying
2024-08-07 04:15:07.500000+00:00,combi,Lying,Lying
2024-08-07 04:16:07.500000+00:00,combi,Lying,Lying
2024-08-07 04:17:07.500000+00:00,combi,Lying,Lying
2024-08-07 04:18:07.500000+00:00,combi,Lying,Lying
2024-08-07 04:19:07.500000+00:00,combi,Lying,Lying
2024-08-07 04:20:07.500000+00:00,combi,Lying,Lying
2024-08-07 04:21:07.500000+00:00,combi,Lying,Lying
2024-08-07 04:22:07.500000+00:00,combi,Lying,Lying
2024-08-07 04:23:07.500000+00:00,combi,Lying,Lying
2024-08-07 04:24:07.500000+00:00,combi,Lying,Lying
2024-08-07 04:25:07.500000+00:00,combi,Lying,Lying
2024-08-07 04:26:07.500000+00:00,combi,Lying,Lying
2024-08-07 04:27:07.500000+00:00,combi,Lying,Lying
2024-08-07 04:28:07.500000+00:00,combi,Lying,Lying
2024-08-07 04:29:07.500000+00:00,combi,Lying,Lying
2024-08-07 04:30:07.500000+00:00,combi,Lying,Lying
2024-08-07 04:31:07.500000+00:00,combi,Lying,Lying
2024-08-07 04:32:07.500000+00:00,combi,Lying,Lying
2024-08-07 04:33:07.500000+00:00,combi,Lying,Lying
2024-08-07 04:34:07.500000+00:00,combi,Lying,Lying
2024-08-07 04:35:07.500000+00:00,combi,Lying,Lying
2024-08-07 04:36:07.500000+00:00,combi,Lying,Lying
2024-08-07 04:37:07.500000+00:00,combi,Lying,Lying
2024-08-07 04:38:07.500000+00:00,combi,Lying,Lying
2024-08-07 04:39:07.500000+00:00,combi,Lying,Lying
2024-08-07 04:40:07.500000+00:00,combi,Lying,Lying
2024-08-07 04:41:07.500000+00:00,combi,Lying,Lying
2024-08-07 04:42:07.500000+00:00,combi,Lying,Lying
2024-08-07 04:43:07.500000+00:00,combi,Lying,Lying
2024-08-07 04:44:07.500000+00:00,combi,Lying,Lying
2024-08-07 04:45:07.500000+00:00,combi,Lying,Lying
2024-08-07 04:46:07.500000+00:00,combi,Lying,Lying
2024-08-07 04:47:07.500000+00:00,combi,Lying,Lying
2024-08-07 04:48:07.500000+00:00,combi,Lying,Lying
2024-08-07 04:49:07.500000+00:00,combi,Lying,Lying
2024-08-07 04:50:07.500000+00:00,combi,Lying,Lying
2024-08-07 04:51:07.500000+00:00,combi,Lying,Lying
2024-08-07 04:52:07.500000+00:00,combi,Lying,Lying
2024-08-07 04:53:07.500000+00:00,combi,Lying,Lying
2024-08-07 04:54:07.500000+00:00,combi,Lying,Lying
2024-08-07 04:55:07.500000+00:00,combi,Lying,Lying
2024-08-07 04:56:07.500000+00:00,combi,Lying,Lying
2024-08-07 04:57:07.500000+00:00,combi,Lying,Lying
2024-08-07 04:58:07.500000+00:00,combi,Lying,Lying
2024-08-07 04:59:07.500000+00:00,combi,Lying,Lying
2024-08-07 05:00:07.500000+00:00,combi,Lying,Lying
2024-08-07 05:01:07.500000+00:00,combi,Lying,Lying
2024-08-07 05:02:07.500000+00:00,combi,Lying,Lying
2024-08-07 05:03:07.500000+00:00,combi,Lying,Lying
2024-08-07 05:04:07.500000+00:00,combi,Lying,Lying
2024-08-07 05:05:07.500000+00:00,combi,Lying,Lying
2024-08-07 05:06:07.500000+00:00,combi,Lying,Lying
2024-08-07 05:07:07.500000+00:00,combi,Lying,Lying
2024-08-07 05:08:07.500000+00:00,combi,Lying,Lying
2024-08-07 05:09:07.500000+00:00,combi,Lying,Lying
2024-08-07 05:10:07.500000+00:00,combi,Lying,Lying
2024-08-07 05:11:07.500000+00:00,combi,Lying,Lying
2024-08-07 05:12:07.500000+00:00,combi,Lying,Lying
2024-08-07 05:13:07.500000+00:00,combi,Lying,Lying
2024-08-07 05:14:07.500000+00:00,combi,Lying,Lying
2024-08-07 05:15:07.500000+00:00,combi,Lying,Lying
2024-08-07 05:16:07.500000+00:00,combi,Lying,Lying
2024-08-07 05:17:07.500000+00:00,combi,Lying,Lying
2024-08-07 05:18:07.500000+00:00,combi,Lying,Lying
2024-08-07 05:19:07.500000+00:00,combi,Lying,Lying
2024-08-07 05:20:07.500000+00:00,combi,Lying,Lying
2024-08-07 05:21:07.500000+00:00,combi,Lying,Lying
2024-08-07 05:22:07.500000+00:00,combi,Lying,Lying
2024-08-07 05:23:07.500000+00:00,combi,Lying,Lying
2024-08-07 05:24:07.500000+00:00,combi,Lying,Lying
2024-08-07 05:25:07.500000+00:00,combi,Lying,Lying
2024-08-07 05:26:07.500000+00:00,combi,Lying,Lying
2024-08-07 05:27:07.500000+00:00,combi,Lying,Lying
2024-08-07 05:28:07.500000+00:00,combi,Lying,Lying
2024-08-07 05:29:07.500000+00:00,combi,Lying,Lying
2024-08-07 05:30:07.500000+00:00,combi,Lying,Lying
2024-08-07 05:31:07.500000+00:00,combi,Lying,Lying
2024-08-07 05:32:07.500000+00:00,combi,Lying,Lying
2024-08-07 05:33:07.500000+00:00,combi,Lying,Lying
2024-08-07 05:34:07.500000+00:00,combi,Lying,Lying
2024-08-07 05:35:07.500000+00:00,combi,Lying,Lying
2024-08-07 05:36:07.500000+00:00,combi,Lying,Lying
2024-08-07 05:37:07.500000+00:00,combi,Lying,Lying
2024-08-07 05:38:07.500000+00:00,combi,Lying,Lying
2024-08-07 05:39:07.500000+00:00,combi,Lying,Lying
2024-08-07 05:40:07.500000+00:00,combi,Lying,Lying
2024-08-07 05:41:07.500000+00:00,combi,Lying,Lying
2024-08-07 05:42:07.500000+00:00,combi,Lying,Lying
2024-08-07 05:43:07.500000+00:00,combi,Lying,Lying
2024-08-07 05:44:07.500000+00:00,combi,Lying,Lying
2024-08-07 05:45:07.500000+00:00,combi,Lying,Lying
2024-08-07 05:46:07.500000+00:00,combi,Lying,Lying
2024-08-07 05:47:07.500000+00:00,combi,Lying,Lying
2024-08-07 05:48:07.500000+00:00,combi,Lying,Lying
2024-08-07 05:49:07.500000+00:00,combi,Lying,Lying
2024-08-07 05:50:07.500000+00:00,combi,Lying,Lying
2024-08-07 05:51:07.500000+00:00,combi,Lying,Lying
2024-08-07 05:52:07.500000+00:00,combi,Lying,Lying
2024-08-07 05:53:07.500000+00:00,combi,Lying,Lying
2024-08-07 05:54:07.500000+00:00,combi,Lying,Lying
2024-08-07 05:55:07.500000+00:00,combi,Lying,Lying
2024-08-07 05:56:07.500000+00:00,combi,Lying,Lying
2024-08-07 05:57:07.500000+00:00,combi,Lying,Lying
2024-08-07 05:58:07.500000+00:00,combi,Lying,Lying
2024-08-07 05:59:07.500000+00:00,combi,Lying,Lying
2024-08-07 06:00:07.500000+00:00,combi,Lying,Lying
2024-08-07 06:01:07.500000+00:00,combi,Lying,Lying
2024-08-07 06:02:07.500000+00:00,combi,Lying,Lying
2024-08-07 06:03:07.500000+00:00,combi,Lying,Lying
2024-08-07 06:04:07.500000+00:00,combi,Lying,Lying
