Time,Participant,Majority_postures,Majority_including_dynamic
2024-09-18 06:48:20.500000+00:00,combi,Lying,Lying
2024-09-18 06:49:20.500000+00:00,combi,Lying,Lying
2024-09-18 06:50:20.500000+00:00,combi,Lying,Lying
2024-09-18 06:51:20.500000+00:00,combi,Lying,Lying
2024-09-18 06:52:20.500000+00:00,combi,Lying,Lying
2024-09-18 06:53:20.500000+00:00,combi,Lying,Lying
2024-09-18 06:54:20.500000+00:00,combi,Lying,Lying
2024-09-18 06:55:20.500000+00:00,combi,Lying,Lying
2024-09-18 06:56:20.500000+00:00,combi,Lying,Lying
2024-09-18 06:57:20.500000+00:00,combi,Lying,Lying
2024-09-18 06:58:20.500000+00:00,combi,Lying,Lying
2024-09-18 06:59:20.500000+00:00,combi,Lying,Lying
2024-09-18 07:00:20.500000+00:00,combi,Lying,Lying
2024-09-18 07:01:20.500000+00:00,combi,Lying,Lying
2024-09-18 07:02:20.500000+00:00,combi,Lying,Lying
2024-09-18 07:03:20.500000+00:00,combi,Lying,Lying
2024-09-18 07:04:20.500000+00:00,combi,Lying,Lying
2024-09-18 07:05:20.500000+00:00,combi,Lying,Lying
2024-09-18 07:06:20.500000+00:00,combi,Lying,Lying
2024-09-18 07:07:20.500000+00:00,combi,Lying,Lying
2024-09-18 07:08:20.500000+00:00,combi,Lying,Lying
2024-09-18 07:09:20.500000+00:00,combi,Lying,Lying
2024-09-18 07:10:20.500000+00:00,combi,Lying,Lying
2024-09-18 07:11:20.500000+00:00,combi,Lying,Lying
2024-09-18 07:12:20.500000+00:00,combi,Lying,Lying
2024-09-18 07:13:20.500000+00:00,combi,Lying,Lying
2024-09-18 07:14:20.500000+00:00,combi,Lying,Lying
2024-09-18 07:15:20.500000+00:00,combi,Lying,Lying
2024-09-18 07:16:20.500000+00:00,combi,Lying,Lying
2024-09-18 07:17:20.500000+00:00,combi,Lying,Lying
2024-09-18 07:18:20.500000+00:00,combi,Lying,Lying
2024-09-18 07:19:20.500000+00:00,combi,Lying,Lying
2024-09-18 07:20:20.500000+00:00,combi,Lying,Lying
2024-09-18 07:21:20.500000+00:00,combi,Lying,Lying
2024-09-18 07:22:20.500000+00:00,combi,Lying,Lying
2024-09-18 07:23:20.500000+00:00,combi,Lying,Lying
2024-09-18 07:24:20.500000+00:00,combi,Lying,Lying
2024-09-18 07:25:20.500000+00:00,combi,Lying,Lying
2024-09-18 07:26:20.500000+00:00,combi,Lying,Lying
2024-09-18 07:27:20.500000+00:00,combi,Lying,Lying
2024-09-18 07:28:20.500000+00:00,combi,Lying,Lying
2024-09-18 07:29:20.500000+00:00,combi,Lying,Lying
2024-09-18 07:30:20.500000+00:00,combi,Sitting,Sitting
2024-09-18 07:31:20.500000+00:00,combi,Sitting,Sitting
2024-09-18 07:32:20.500000+00:00,combi,Sitting,Sitting
2024-09-18 07:33:20.500000+00:00,combi,Sitting,Sitting
2024-09-18 07:34:20.500000+00:00,combi,Lying,Lying
2024-09-18 07:35:20.500000+00:00,combi,Lying,Lying
2024-09-18 07:36:20.500000+00:00,combi,Lying,Lying
2024-09-18 07:37:20.500000+00:00,combi,Lying,Lying
2024-09-18 07:38:20.500000+00:00,combi,Lying,Lying
2024-09-18 07:39:20.500000+00:00,combi,Lying,Lying
2024-09-18 07:40:20.500000+00:00,combi,Lying,Lying
2024-09-18 07:41:20.500000+00:00,combi,Lying,Lying
2024-09-18 07:42:20.500000+00:00,combi,Lying,Lying
2024-09-18 07:43:20.500000+00:00,combi,Lying,Lying
2024-09-18 07:44:20.500000+00:00,combi,Lying,Lying
2024-09-18 07:45:20.500000+00:00,combi,Lying,Lying
2024-09-18 07:46:20.500000+00:00,combi,Lying,Lying
2024-09-18 07:47:20.500000+00:00,combi,Sitting,Sitting
2024-09-18 07:48:20.500000+00:00,combi,Sitting,Sitting
2024-09-18 07:49:20.500000+00:00,combi,Sitting,Sitting
2024-09-18 07:50:20.500000+00:00,combi,Sitting,Sitting
2024-09-18 07:51:20.500000+00:00,combi,Sitting,Sitting
2024-09-18 07:52:20.500000+00:00,combi,Sitting,Sitting
2024-09-18 07:53:20.500000+00:00,combi,Sitting,Sitting
2024-09-18 07:54:20.500000+00:00,combi,Sitting,Dynamic
2024-09-18 07:55:20.500000+00:00,combi,Sitting,Sitting
2024-09-18 07:56:20.500000+00:00,combi,Sitting,Sitting
2024-09-18 07:57:20.500000+00:00,combi,Sitting,Sitting
2024-09-18 07:58:20.500000+00:00,combi,Sitting,Sitting
2024-09-18 07:59:20.500000+00:00,combi,Sitting,Sitting
2024-09-18 08:00:20.500000+00:00,combi,Sitting,Sitting
2024-09-18 08:01:20.500000+00:00,combi,Sitting,Sitting
2024-09-18 08:02:20.500000+00:00,combi,Sitting,Sitting
2024-09-18 08:03:20.500000+00:00,combi,Sitting,Sitting
2024-09-18 08:04:20.500000+00:00,combi,Sitting,Sitting
2024-09-18 08:05:20.500000+00:00,combi,Sitting,Sitting
2024-09-18 08:06:20.500000+00:00,combi,Sitting,Sitting
2024-09-18 08:07:20.500000+00:00,combi,Sitting,Sitting
2024-09-18 08:08:20.500000+00:00,combi,Sitting,Sitting
2024-09-18 08:09:20.500000+00:00,combi,Standing,Standing
2024-09-18 08:10:20.500000+00:00,combi,Sitting,Sitting
2024-09-18 08:11:20.500000+00:00,combi,Standing,Dynamic
2024-09-18 08:12:20.500000+00:00,combi,Standing,Dynamic
2024-09-18 08:13:20.500000+00:00,combi,Standing,Standing
2024-09-18 08:14:20.500000+00:00,combi,Sitting,Sitting
2024-09-18 08:15:20.500000+00:00,combi,Sitting,Sitting
2024-09-18 08:16:20.500000+00:00,combi,Sitting,Dynamic
2024-09-18 08:17:20.500000+00:00,combi,Sitting,Sitting
2024-09-18 08:18:20.500000+00:00,combi,Sitting,Sitting
2024-09-18 08:19:20.500000+00:00,combi,Sitting,Standing
2024-09-18 08:20:20.500000+00:00,combi,Standing,Dynamic
2024-09-18 08:21:20.500000+00:00,combi,Standing,Dynamic
2024-09-18 08:22:20.500000+00:00,combi,Standing,Dynamic
2024-09-18 08:23:20.500000+00:00,combi,Standing,Dynamic
2024-09-18 08:24:20.500000+00:00,combi,Sitting,Sitting
2024-09-18 08:25:20.500000+00:00,combi,Sitting,Dynamic
2024-09-18 08:26:20.500000+00:00,combi,Sitting,Sitting
2024-09-18 08:27:20.500000+00:00,combi,Sitting,Sitting
2024-09-18 08:28:20.500000+00:00,combi,Sitting,Sitting
2024-09-18 08:29:20.500000+00:00,combi,Sitting,Sitting
2024-09-18 08:30:20.500000+00:00,combi,Sitting,Sitting
2024-09-18 08:31:20.500000+00:00,combi,Sitting,Sitting
2024-09-18 08:32:20.500000+00:00,combi,Sitting,Sitting
2024-09-18 08:33:20.500000+00:00,combi,Sitting,Sitting
2024-09-18 08:34:20.500000+00:00,combi,Sitting,Sitting
2024-09-18 08:35:20.500000+00:00,combi,Standing,Standing
2024-09-18 08:36:20.500000+00:00,combi,Standing,Standing
2024-09-18 08:37:20.500000+00:00,combi,Sitting,Sitting
2024-09-18 08:38:20.500000+00:00,combi,Standing,Sitting
2024-09-18 08:39:20.500000+00:00,combi,Standing,Standing
2024-09-18 08:40:20.500000+00:00,combi,Standing,Standing
2024-09-18 08:41:20.500000+00:00,combi,Standing,Standing
2024-09-18 08:42:20.500000+00:00,combi,Standing,Dynamic
2024-09-18 08:43:20.500000+00:00,combi,Standing,Standing
2024-09-18 08:44:20.500000+00:00,combi,Standing,Dynamic
2024-09-18 08:45:20.500000+00:00,combi,Standing,Standing
2024-09-18 08:46:20.500000+00:00,combi,Standing,Dynamic
2024-09-18 08:47:20.500000+00:00,combi,Standing,Sitting
2024-09-18 08:48:20.500000+00:00,combi,Sitting,Sitting
2024-09-18 08:49:20.500000+00:00,combi,Sitting,Sitting
2024-09-18 08:50:20.500000+00:00,combi,Sitting,Dynamic
2024-09-18 08:51:20.500000+00:00,combi,Standing,Dynamic
2024-09-18 08:52:20.500000+00:00,combi,Standing,Standing
2024-09-18 08:53:20.500000+00:00,combi,Standing,Standing
2024-09-18 08:54:20.500000+00:00,combi,Standing,Standing
2024-09-18 08:55:20.500000+00:00,combi,Sitting,Dynamic
2024-09-18 08:56:20.500000+00:00,combi,Sitting,Sitting
2024-09-18 08:57:20.500000+00:00,combi,Sitting,Sitting
2024-09-18 08:58:20.500000+00:00,combi,Standing,Standing
2024-09-18 08:59:20.500000+00:00,combi,Standing,Standing
2024-09-18 09:00:20.500000+00:00,combi,Sitting,Sitting
2024-09-18 09:01:20.500000+00:00,combi,Sitting,Sitting
2024-09-18 09:02:20.500000+00:00,combi,Sitting,Sitting
2024-09-18 09:03:20.500000+00:00,combi,Sitting,Sitting
2024-09-18 09:04:20.500000+00:00,combi,Sitting,Sitting
2024-09-18 09:05:20.500000+00:00,combi,Standing,Standing
2024-09-18 09:06:20.500000+00:00,combi,Sitting,Sitting
2024-09-18 09:07:20.500000+00:00,combi,Sitting,Sitting
2024-09-18 09:08:20.500000+00:00,combi,Sitting,Sitting
2024-09-18 09:09:20.500000+00:00,combi,Sitting,Sitting
2024-09-18 09:10:20.500000+00:00,combi,Sitting,Sitting
2024-09-18 09:11:20.500000+00:00,combi,Sitting,Sitting
2024-09-18 09:12:20.500000+00:00,combi,Sitting,Sitting
2024-09-18 09:13:20.500000+00:00,combi,Sitting,Sitting
2024-09-18 09:14:20.500000+00:00,combi,Sitting,Sitting
2024-09-18 09:15:20.500000+00:00,combi,Standing,Dynamic
2024-09-18 09:16:20.500000+00:00,combi,Standing,Dynamic
2024-09-18 09:17:20.500000+00:00,combi,Standing,Dynamic
2024-09-18 09:18:20.500000+00:00,combi,Standing,Dynamic
2024-09-18 09:19:20.500000+00:00,combi,Lying,Dynamic
2024-09-18 09:20:20.500000+00:00,combi,Lying,Dynamic
2024-09-18 09:21:20.500000+00:00,combi,Sitting,Sitting
2024-09-18 09:22:20.500000+00:00,combi,Sitting,Sitting
2024-09-18 09:23:20.500000+00:00,combi,Sitting,Sitting
2024-09-18 09:24:20.500000+00:00,combi,Sitting,Sitting
2024-09-18 09:25:20.500000+00:00,combi,Sitting,Sitting
2024-09-18 09:26:20.500000+00:00,combi,Sitting,Sitting
2024-09-18 09:27:20.500000+00:00,combi,Sitting,Sitting
2024-09-18 09:28:20.500000+00:00,combi,Sitting,Sitting
2024-09-18 09:29:20.500000+00:00,combi,Sitting,Sitting
2024-09-18 09:30:20.500000+00:00,combi,Sitting,Sitting
2024-09-18 09:31:20.500000+00:00,combi,Sitting,Sitting
2024-09-18 09:32:20.500000+00:00,combi,Standing,Standing
2024-09-18 09:33:20.500000+00:00,combi,Standing,Standing
2024-09-18 09:34:20.500000+00:00,combi,Standing,Standing
2024-09-18 09:35:20.500000+00:00,combi,Standing,Standing
2024-09-18 09:36:20.500000+00:00,combi,Standing,Standing
2024-09-18 09:37:20.500000+00:00,combi,Standing,Standing
2024-09-18 09:38:20.500000+00:00,combi,Standing,Standing
2024-09-18 09:39:20.500000+00:00,combi,Lying,Dynamic
2024-09-18 09:40:20.500000+00:00,combi,Standing,Dynamic
2024-09-18 09:41:20.500000+00:00,combi,Standing,Standing
2024-09-18 09:42:20.500000+00:00,combi,Standing,Dynamic
2024-09-18 09:43:20.500000+00:00,combi,Standing,Dynamic
2024-09-18 09:44:20.500000+00:00,combi,Standing,Standing
2024-09-18 09:45:20.500000+00:00,combi,Lying,Dynamic
2024-09-18 09:46:20.500000+00:00,combi,Lying,Dynamic
2024-09-18 09:47:20.500000+00:00,combi,Lying,Dynamic
2024-09-18 09:48:20.500000+00:00,combi,Standing,Standing
2024-09-18 09:49:20.500000+00:00,combi,Standing,Standing
2024-09-18 09:50:20.500000+00:00,combi,Standing,Standing
2024-09-18 09:51:20.500000+00:00,combi,Standing,Standing
2024-09-18 09:52:20.500000+00:00,combi,Standing,Dynamic
2024-09-18 09:53:20.500000+00:00,combi,Standing,Dynamic
2024-09-18 09:54:20.500000+00:00,combi,Standing,Standing
2024-09-18 09:55:20.500000+00:00,combi,Standing,Dynamic
2024-09-18 09:56:20.500000+00:00,combi,Standing,Dynamic
2024-09-18 09:57:20.500000+00:00,combi,Standing,Dynamic
2024-09-18 09:58:20.500000+00:00,combi,Lying,Dynamic
2024-09-18 09:59:20.500000+00:00,combi,Standing,Standing
2024-09-18 10:00:20.500000+00:00,combi,Standing,Dynamic
2024-09-18 10:01:20.500000+00:00,combi,Sitting,Sitting
2024-09-18 10:02:20.500000+00:00,combi,Standing,Standing
2024-09-18 10:03:20.500000+00:00,combi,Standing,Standing
2024-09-18 10:04:20.500000+00:00,combi,Standing,Standing
2024-09-18 10:05:20.500000+00:00,combi,Standing,Dynamic
2024-09-18 10:06:20.500000+00:00,combi,Standing,Dynamic
2024-09-18 10:07:20.500000+00:00,combi,Standing,Dynamic
2024-09-18 10:08:20.500000+00:00,combi,Sitting,Sitting
2024-09-18 10:09:20.500000+00:00,combi,Sitting,Sitting
2024-09-18 10:10:20.500000+00:00,combi,Standing,Standing
2024-09-18 10:11:20.500000+00:00,combi,Lying,Lying
2024-09-18 10:12:20.500000+00:00,combi,Lying,Lying
2024-09-18 10:13:20.500000+00:00,combi,Lying,Lying
2024-09-18 10:14:20.500000+00:00,combi,Lying,Lying
2024-09-18 10:15:20.500000+00:00,combi,Lying,Lying
2024-09-18 10:16:20.500000+00:00,combi,Lying,Lying
2024-09-18 10:17:20.500000+00:00,combi,Lying,Lying
2024-09-18 10:18:20.500000+00:00,combi,Lying,Lying
2024-09-18 10:19:20.500000+00:00,combi,Lying,Lying
2024-09-18 10:20:20.500000+00:00,combi,Lying,Lying
2024-09-18 10:21:20.500000+00:00,combi,Lying,Lying
2024-09-18 10:22:20.500000+00:00,combi,Lying,Lying
2024-09-18 10:23:20.500000+00:00,combi,Lying,Lying
2024-09-18 10:24:20.500000+00:00,combi,Lying,Lying
2024-09-18 10:25:20.500000+00:00,combi,Lying,Lying
2024-09-18 10:26:20.500000+00:00,combi,Lying,Lying
2024-09-18 10:27:20.500000+00:00,combi,Lying,Lying
2024-09-18 10:28:20.500000+00:00,combi,Lying,Lying
2024-09-18 10:29:20.500000+00:00,combi,Lying,Lying
2024-09-18 10:30:20.500000+00:00,combi,Lying,Lying
2024-09-18 10:31:20.500000+00:00,combi,Lying,Lying
2024-09-18 10:32:20.500000+00:00,combi,Lying,Lying
2024-09-18 10:33:20.500000+00:00,combi,Lying,Lying
2024-09-18 10:34:20.500000+00:00,combi,Lying,Lying
2024-09-18 10:35:20.500000+00:00,combi,Lying,Lying
2024-09-18 10:36:20.500000+00:00,combi,Lying,Lying
2024-09-18 10:37:20.500000+00:00,combi,Lying,Lying
2024-09-18 10:38:20.500000+00:00,combi,Lying,Lying
2024-09-18 10:39:20.500000+00:00,combi,Lying,Lying
2024-09-18 10:40:20.500000+00:00,combi,Lying,Lying
2024-09-18 10:41:20.500000+00:00,combi,Lying,Lying
2024-09-18 10:42:20.500000+00:00,combi,Standing,Standing
2024-09-18 10:43:20.500000+00:00,combi,Standing,Dynamic
2024-09-18 10:44:20.500000+00:00,combi,Standing,Dynamic
2024-09-18 10:45:20.500000+00:00,combi,Standing,Dynamic
2024-09-18 10:46:20.500000+00:00,combi,Standing,Dynamic
2024-09-18 10:47:20.500000+00:00,combi,Sitting,Dynamic
2024-09-18 10:48:20.500000+00:00,combi,Standing,Standing
2024-09-18 10:49:20.500000+00:00,combi,Standing,Standing
2024-09-18 10:50:20.500000+00:00,combi,Sitting,Sitting
2024-09-18 10:51:20.500000+00:00,combi,Standing,Standing
2024-09-18 10:52:20.500000+00:00,combi,Sitting,Sitting
2024-09-18 10:53:20.500000+00:00,combi,Sitting,Sitting
2024-09-18 10:54:20.500000+00:00,combi,Sitting,Sitting
2024-09-18 10:55:20.500000+00:00,combi,Standing,Sitting
2024-09-18 10:56:20.500000+00:00,combi,Sitting,Sitting
2024-09-18 10:57:20.500000+00:00,combi,Sitting,Sitting
2024-09-18 10:58:20.500000+00:00,combi,Sitting,Sitting
2024-09-18 10:59:20.500000+00:00,combi,Sitting,Sitting
2024-09-18 11:00:20.500000+00:00,combi,Sitting,Sitting
2024-09-18 11:01:20.500000+00:00,combi,Sitting,Sitting
2024-09-18 11:02:20.500000+00:00,combi,Sitting,Sitting
2024-09-18 11:03:20.500000+00:00,combi,Sitting,Sitting
2024-09-18 11:04:20.500000+00:00,combi,Sitting,Sitting
2024-09-18 11:05:20.500000+00:00,combi,Sitting,Sitting
2024-09-18 11:06:20.500000+00:00,combi,Sitting,Sitting
2024-09-18 11:07:20.500000+00:00,combi,Sitting,Sitting
2024-09-18 11:08:20.500000+00:00,combi,Sitting,Sitting
2024-09-18 11:09:20.500000+00:00,combi,Sitting,Sitting
2024-09-18 11:10:20.500000+00:00,combi,Sitting,Sitting
2024-09-18 11:11:20.500000+00:00,combi,Sitting,Sitting
2024-09-18 11:12:20.500000+00:00,combi,Sitting,Sitting
2024-09-18 11:13:20.500000+00:00,combi,Sitting,Sitting
2024-09-18 11:14:20.500000+00:00,combi,Sitting,Sitting
2024-09-18 11:15:20.500000+00:00,combi,Sitting,Sitting
2024-09-18 11:16:20.500000+00:00,combi,Sitting,Sitting
2024-09-18 11:17:20.500000+00:00,combi,Sitting,Sitting
2024-09-18 11:18:20.500000+00:00,combi,Sitting,Sitting
2024-09-18 11:19:20.500000+00:00,combi,Sitting,Sitting
2024-09-18 11:20:20.500000+00:00,combi,Sitting,Sitting
2024-09-18 11:21:20.500000+00:00,combi,Sitting,Sitting
2024-09-18 11:22:20.500000+00:00,combi,Sitting,Sitting
2024-09-18 11:23:20.500000+00:00,combi,Sitting,Sitting
2024-09-18 11:24:20.500000+00:00,combi,Sitting,Sitting
2024-09-18 11:25:20.500000+00:00,combi,Sitting,Sitting
2024-09-18 11:26:20.500000+00:00,combi,Sitting,Sitting
2024-09-18 11:27:20.500000+00:00,combi,Sitting,Sitting
2024-09-18 11:28:20.500000+00:00,combi,Sitting,Sitting
2024-09-18 11:29:20.500000+00:00,combi,Sitting,Sitting
2024-09-18 11:30:20.500000+00:00,combi,Sitting,Sitting
2024-09-18 11:31:20.500000+00:00,combi,Sitting,Sitting
2024-09-18 11:32:20.500000+00:00,combi,Sitting,Sitting
2024-09-18 11:33:20.500000+00:00,combi,Sitting,Sitting
2024-09-18 11:34:20.500000+00:00,combi,Sitting,Sitting
2024-09-18 11:35:20.500000+00:00,combi,Sitting,Sitting
2024-09-18 11:36:20.500000+00:00,combi,Sitting,Sitting
2024-09-18 11:37:20.500000+00:00,combi,Sitting,Sitting
2024-09-18 11:38:20.500000+00:00,combi,Sitting,Sitting
2024-09-18 11:39:20.500000+00:00,combi,Sitting,Sitting
2024-09-18 11:40:20.500000+00:00,combi,Sitting,Sitting
2024-09-18 11:41:20.500000+00:00,combi,Sitting,Sitting
2024-09-18 11:42:20.500000+00:00,combi,Sitting,Sitting
2024-09-18 11:43:20.500000+00:00,combi,Sitting,Sitting
2024-09-18 11:44:20.500000+00:00,combi,Sitting,Sitting
2024-09-18 11:45:20.500000+00:00,combi,Sitting,Sitting
2024-09-18 11:46:20.500000+00:00,combi,Sitting,Sitting
2024-09-18 11:47:20.500000+00:00,combi,Sitting,Sitting
2024-09-18 11:48:20.500000+00:00,combi,Sitting,Sitting
2024-09-18 11:49:20.500000+00:00,combi,Sitting,Sitting
2024-09-18 11:50:20.500000+00:00,combi,Sitting,Sitting
2024-09-18 11:51:20.500000+00:00,combi,Sitting,Sitting
2024-09-18 11:52:20.500000+00:00,combi,Sitting,Sitting
2024-09-18 11:53:20.500000+00:00,combi,Sitting,Sitting
2024-09-18 11:54:20.500000+00:00,combi,Sitting,Sitting
2024-09-18 11:55:20.500000+00:00,combi,Sitting,Sitting
2024-09-18 11:56:20.500000+00:00,combi,Sitting,Sitting
2024-09-18 11:57:20.500000+00:00,combi,Sitting,Sitting
2024-09-18 11:58:20.500000+00:00,combi,Sitting,Sitting
2024-09-18 11:59:20.500000+00:00,combi,Sitting,Sitting
2024-09-18 12:00:20.500000+00:00,combi,Sitting,Sitting
2024-09-18 12:01:20.500000+00:00,combi,Sitting,Sitting
2024-09-18 12:02:20.500000+00:00,combi,Sitting,Sitting
2024-09-18 12:03:20.500000+00:00,combi,Sitting,Sitting
2024-09-18 12:04:20.500000+00:00,combi,Sitting,Sitting
2024-09-18 12:05:20.500000+00:00,combi,Sitting,Sitting
2024-09-18 12:06:20.500000+00:00,combi,Sitting,Sitting
2024-09-18 12:07:20.500000+00:00,combi,Sitting,Sitting
2024-09-18 12:08:20.500000+00:00,combi,Sitting,Sitting
2024-09-18 12:09:20.500000+00:00,combi,Sitting,Sitting
2024-09-18 12:10:20.500000+00:00,combi,Sitting,Sitting
2024-09-18 12:11:20.500000+00:00,combi,Sitting,Sitting
2024-09-18 12:12:20.500000+00:00,combi,Sitting,Sitting
2024-09-18 12:13:20.500000+00:00,combi,Sitting,Sitting
2024-09-18 12:14:20.500000+00:00,combi,Sitting,Sitting
2024-09-18 12:15:20.500000+00:00,combi,Sitting,Sitting
2024-09-18 12:16:20.500000+00:00,combi,Sitting,Sitting
2024-09-18 12:17:20.500000+00:00,combi,Sitting,Sitting
2024-09-18 12:18:20.500000+00:00,combi,Sitting,Sitting
2024-09-18 12:19:20.500000+00:00,combi,Sitting,Sitting
2024-09-18 12:20:20.500000+00:00,combi,Sitting,Sitting
2024-09-18 12:21:20.500000+00:00,combi,Sitting,Sitting
2024-09-18 12:22:20.500000+00:00,combi,Sitting,Sitting
2024-09-18 12:23:20.500000+00:00,combi,Sitting,Sitting
2024-09-18 12:24:20.500000+00:00,combi,Sitting,Sitting
2024-09-18 12:25:20.500000+00:00,combi,Sitting,Sitting
2024-09-18 12:26:20.500000+00:00,combi,Sitting,Sitting
2024-09-18 12:27:20.500000+00:00,combi,Sitting,Sitting
2024-09-18 12:28:20.500000+00:00,combi,Sitting,Sitting
2024-09-18 12:29:20.500000+00:00,combi,Sitting,Sitting
2024-09-18 12:30:20.500000+00:00,combi,Sitting,Sitting
2024-09-18 12:31:20.500000+00:00,combi,Sitting,Sitting
2024-09-18 12:32:20.500000+00:00,combi,Sitting,Sitting
2024-09-18 12:33:20.500000+00:00,combi,Standing,Standing
2024-09-18 12:34:20.500000+00:00,combi,Sitting,Sitting
2024-09-18 12:35:20.500000+00:00,combi,Sitting,Sitting
2024-09-18 12:36:20.500000+00:00,combi,Sitting,Sitting
2024-09-18 12:37:20.500000+00:00,combi,Sitting,Sitting
2024-09-18 12:38:20.500000+00:00,combi,Sitting,Sitting
2024-09-18 12:39:20.500000+00:00,combi,Sitting,Sitting
2024-09-18 12:40:20.500000+00:00,combi,Sitting,Sitting
2024-09-18 12:41:20.500000+00:00,combi,Sitting,Sitting
2024-09-18 12:42:20.500000+00:00,combi,Sitting,Sitting
2024-09-18 12:43:20.500000+00:00,combi,Sitting,Sitting
2024-09-18 12:44:20.500000+00:00,combi,Sitting,Sitting
2024-09-18 12:45:20.500000+00:00,combi,Sitting,Sitting
2024-09-18 12:46:20.500000+00:00,combi,Sitting,Sitting
2024-09-18 12:47:20.500000+00:00,combi,Sitting,Sitting
2024-09-18 12:48:20.500000+00:00,combi,Sitting,Sitting
2024-09-18 12:49:20.500000+00:00,combi,Standing,Dynamic
2024-09-18 12:50:20.500000+00:00,combi,Standing,Dynamic
2024-09-18 12:51:20.500000+00:00,combi,Standing,Dynamic
2024-09-18 12:52:20.500000+00:00,combi,Standing,Sitting
2024-09-18 12:53:20.500000+00:00,combi,Standing,Standing
2024-09-18 12:54:20.500000+00:00,combi,Sitting,Sitting
2024-09-18 12:55:20.500000+00:00,combi,Sitting,Sitting
2024-09-18 12:56:20.500000+00:00,combi,Standing,Standing
2024-09-18 12:57:20.500000+00:00,combi,Standing,Standing
2024-09-18 12:58:20.500000+00:00,combi,Standing,Dynamic
2024-09-18 12:59:20.500000+00:00,combi,Standing,Dynamic
2024-09-18 13:00:20.500000+00:00,combi,Standing,Standing
2024-09-18 13:01:20.500000+00:00,combi,Standing,Dynamic
2024-09-18 13:02:20.500000+00:00,combi,Standing,Standing
2024-09-18 13:03:20.500000+00:00,combi,Standing,Dynamic
2024-09-18 13:04:20.500000+00:00,combi,Standing,Standing
2024-09-18 13:05:20.500000+00:00,combi,Sitting,Dynamic
2024-09-18 13:06:20.500000+00:00,combi,Standing,Dynamic
2024-09-18 13:07:20.500000+00:00,combi,Standing,Standing
2024-09-18 13:08:20.500000+00:00,combi,Standing,Standing
2024-09-18 13:09:20.500000+00:00,combi,Standing,Standing
2024-09-18 13:10:20.500000+00:00,combi,Standing,Dynamic
2024-09-18 13:11:20.500000+00:00,combi,Standing,Dynamic
2024-09-18 13:12:20.500000+00:00,combi,Sitting,Sitting
2024-09-18 13:13:20.500000+00:00,combi,Sitting,Sitting
2024-09-18 13:14:20.500000+00:00,combi,Standing,Dynamic
2024-09-18 13:15:20.500000+00:00,combi,Standing,Dynamic
2024-09-18 13:16:20.500000+00:00,combi,Standing,Dynamic
2024-09-18 13:17:20.500000+00:00,combi,Sitting,Dynamic
2024-09-18 13:18:20.500000+00:00,combi,Standing,Dynamic
2024-09-18 13:19:20.500000+00:00,combi,Standing,Dynamic
2024-09-18 13:20:20.500000+00:00,combi,Standing,Dynamic
2024-09-18 13:21:20.500000+00:00,combi,Standing,Standing
2024-09-18 13:22:20.500000+00:00,combi,Standing,Standing
2024-09-18 13:23:20.500000+00:00,combi,Sitting,Sitting
2024-09-18 13:24:20.500000+00:00,combi,Sitting,Sitting
2024-09-18 13:25:20.500000+00:00,combi,Standing,Dynamic
2024-09-18 13:26:20.500000+00:00,combi,Standing,Dynamic
2024-09-18 13:27:20.500000+00:00,combi,Sitting,Sitting
2024-09-18 13:28:20.500000+00:00,combi,Standing,Sitting
2024-09-18 13:29:20.500000+00:00,combi,Standing,Dynamic
2024-09-18 13:30:20.500000+00:00,combi,Sitting,Sitting
2024-09-18 13:31:20.500000+00:00,combi,Sitting,Sitting
2024-09-18 13:32:20.500000+00:00,combi,Sitting,Sitting
2024-09-18 13:33:20.500000+00:00,combi,Sitting,Sitting
2024-09-18 13:34:20.500000+00:00,combi,Sitting,Sitting
2024-09-18 13:35:20.500000+00:00,combi,Sitting,Sitting
2024-09-18 13:36:20.500000+00:00,combi,Sitting,Sitting
2024-09-18 13:37:20.500000+00:00,combi,Sitting,Sitting
2024-09-18 13:38:20.500000+00:00,combi,Sitting,Sitting
2024-09-18 13:39:20.500000+00:00,combi,Sitting,Sitting
2024-09-18 13:40:20.500000+00:00,combi,Sitting,Sitting
2024-09-18 13:41:20.500000+00:00,combi,Sitting,Sitting
2024-09-18 13:42:20.500000+00:00,combi,Sitting,Sitting
2024-09-18 13:43:20.500000+00:00,combi,Sitting,Sitting
2024-09-18 13:44:20.500000+00:00,combi,Sitting,Sitting
2024-09-18 13:45:20.500000+00:00,combi,Sitting,Sitting
2024-09-18 13:46:20.500000+00:00,combi,Sitting,Sitting
2024-09-18 13:47:20.500000+00:00,combi,Sitting,Sitting
2024-09-18 13:48:20.500000+00:00,combi,Sitting,Sitting
2024-09-18 13:49:20.500000+00:00,combi,Sitting,Sitting
2024-09-18 13:50:20.500000+00:00,combi,Sitting,Sitting
2024-09-18 13:51:20.500000+00:00,combi,Sitting,Sitting
2024-09-18 13:52:20.500000+00:00,combi,Sitting,Sitting
2024-09-18 13:53:20.500000+00:00,combi,Sitting,Sitting
2024-09-18 13:54:20.500000+00:00,combi,Sitting,Sitting
2024-09-18 13:55:20.500000+00:00,combi,Sitting,Sitting
2024-09-18 13:56:20.500000+00:00,combi,Sitting,Sitting
2024-09-18 13:57:20.500000+00:00,combi,Sitting,Sitting
2024-09-18 13:58:20.500000+00:00,combi,Sitting,Sitting
2024-09-18 13:59:20.500000+00:00,combi,Sitting,Sitting
2024-09-18 14:00:20.500000+00:00,combi,Sitting,Sitting
2024-09-18 14:01:20.500000+00:00,combi,Sitting,Sitting
2024-09-18 14:02:20.500000+00:00,combi,Sitting,Sitting
2024-09-18 14:03:20.500000+00:00,combi,Sitting,Sitting
2024-09-18 14:04:20.500000+00:00,combi,Sitting,Sitting
2024-09-18 14:05:20.500000+00:00,combi,Sitting,Sitting
2024-09-18 14:06:20.500000+00:00,combi,Sitting,Sitting
2024-09-18 14:07:20.500000+00:00,combi,Sitting,Sitting
2024-09-18 14:08:20.500000+00:00,combi,Sitting,Sitting
2024-09-18 14:09:20.500000+00:00,combi,Sitting,Sitting
2024-09-18 14:10:20.500000+00:00,combi,Sitting,Sitting
2024-09-18 14:11:20.500000+00:00,combi,Sitting,Sitting
2024-09-18 14:12:20.500000+00:00,combi,Sitting,Sitting
2024-09-18 14:13:20.500000+00:00,combi,Sitting,Sitting
2024-09-18 14:14:20.500000+00:00,combi,Sitting,Sitting
2024-09-18 14:15:20.500000+00:00,combi,Sitting,Sitting
2024-09-18 14:16:20.500000+00:00,combi,Sitting,Sitting
2024-09-18 14:17:20.500000+00:00,combi,Sitting,Sitting
2024-09-18 14:18:20.500000+00:00,combi,Sitting,Sitting
2024-09-18 14:19:20.500000+00:00,combi,Sitting,Sitting
2024-09-18 14:20:20.500000+00:00,combi,Sitting,Sitting
2024-09-18 14:21:20.500000+00:00,combi,Sitting,Sitting
2024-09-18 14:22:20.500000+00:00,combi,Sitting,Sitting
2024-09-18 14:23:20.500000+00:00,combi,Sitting,Sitting
2024-09-18 14:24:20.500000+00:00,combi,Sitting,Sitting
2024-09-18 14:25:20.500000+00:00,combi,Sitting,Sitting
2024-09-18 14:26:20.500000+00:00,combi,Sitting,Sitting
2024-09-18 14:27:20.500000+00:00,combi,Standing,Dynamic
2024-09-18 14:28:20.500000+00:00,combi,Standing,Dynamic
2024-09-18 14:29:20.500000+00:00,combi,Standing,Standing
2024-09-18 14:30:20.500000+00:00,combi,Standing,Dynamic
2024-09-18 14:31:20.500000+00:00,combi,Standing,Dynamic
2024-09-18 14:32:20.500000+00:00,combi,Standing,Dynamic
2024-09-18 14:33:20.500000+00:00,combi,Standing,Dynamic
2024-09-18 14:34:20.500000+00:00,combi,Standing,Dynamic
2024-09-18 14:35:20.500000+00:00,combi,Standing,Dynamic
2024-09-18 14:36:20.500000+00:00,combi,Standing,Dynamic
2024-09-18 14:37:20.500000+00:00,combi,Standing,Dynamic
2024-09-18 14:38:20.500000+00:00,combi,Standing,Standing
2024-09-18 14:39:20.500000+00:00,combi,Standing,Standing
2024-09-18 14:40:20.500000+00:00,combi,Standing,Standing
2024-09-18 14:41:20.500000+00:00,combi,Standing,Standing
2024-09-18 14:42:20.500000+00:00,combi,Standing,Standing
2024-09-18 14:43:20.500000+00:00,combi,Standing,Standing
2024-09-18 14:44:20.500000+00:00,combi,Standing,Standing
2024-09-18 14:45:20.500000+00:00,combi,Standing,Standing
2024-09-18 14:46:20.500000+00:00,combi,Standing,Dynamic
2024-09-18 14:47:20.500000+00:00,combi,Sitting,Sitting
2024-09-18 14:48:20.500000+00:00,combi,Sitting,Sitting
2024-09-18 14:49:20.500000+00:00,combi,Standing,Standing
2024-09-18 14:50:20.500000+00:00,combi,Sitting,Sitting
2024-09-18 14:51:20.500000+00:00,combi,Sitting,Sitting
2024-09-18 14:52:20.500000+00:00,combi,Sitting,Sitting
2024-09-18 14:53:20.500000+00:00,combi,Sitting,Sitting
2024-09-18 14:54:20.500000+00:00,combi,Standing,Standing
2024-09-18 14:55:20.500000+00:00,combi,Sitting,Sitting
2024-09-18 14:56:20.500000+00:00,combi,Sitting,Sitting
2024-09-18 14:57:20.500000+00:00,combi,Sitting,Sitting
2024-09-18 14:58:20.500000+00:00,combi,Sitting,Sitting
2024-09-18 14:59:20.500000+00:00,combi,Standing,Sitting
2024-09-18 15:00:20.500000+00:00,combi,Standing,Standing
2024-09-18 15:01:20.500000+00:00,combi,Sitting,Sitting
2024-09-18 15:02:20.500000+00:00,combi,Standing,Sitting
2024-09-18 15:03:20.500000+00:00,combi,Sitting,Sitting
2024-09-18 15:04:20.500000+00:00,combi,Sitting,Sitting
2024-09-18 15:05:20.500000+00:00,combi,Sitting,Sitting
2024-09-18 15:06:20.500000+00:00,combi,Sitting,Sitting
2024-09-18 15:07:20.500000+00:00,combi,Sitting,Sitting
2024-09-18 15:08:20.500000+00:00,combi,Sitting,Sitting
2024-09-18 15:09:20.500000+00:00,combi,Standing,Standing
2024-09-18 15:10:20.500000+00:00,combi,Standing,Standing
2024-09-18 15:11:20.500000+00:00,combi,Standing,Standing
2024-09-18 15:12:20.500000+00:00,combi,Sitting,Sitting
2024-09-18 15:13:20.500000+00:00,combi,Sitting,Sitting
2024-09-18 15:14:20.500000+00:00,combi,Sitting,Sitting
2024-09-18 15:15:20.500000+00:00,combi,Standing,Dynamic
2024-09-18 15:16:20.500000+00:00,combi,Standing,Dynamic
2024-09-18 15:17:20.500000+00:00,combi,Standing,Dynamic
2024-09-18 15:18:20.500000+00:00,combi,Standing,Standing
2024-09-18 15:19:20.500000+00:00,combi,Standing,Dynamic
2024-09-18 15:20:20.500000+00:00,combi,Sitting,Dynamic
2024-09-18 15:21:20.500000+00:00,combi,Standing,Standing
2024-09-18 15:22:20.500000+00:00,combi,Standing,Dynamic
2024-09-18 15:23:20.500000+00:00,combi,Standing,Dynamic
2024-09-18 15:24:20.500000+00:00,combi,Sitting,Sitting
2024-09-18 15:25:20.500000+00:00,combi,Sitting,Sitting
2024-09-18 15:26:20.500000+00:00,combi,Sitting,Sitting
2024-09-18 15:27:20.500000+00:00,combi,Sitting,Sitting
2024-09-18 15:28:20.500000+00:00,combi,Sitting,Sitting
2024-09-18 15:29:20.500000+00:00,combi,Standing,Standing
2024-09-18 15:30:20.500000+00:00,combi,Sitting,Sitting
2024-09-18 15:31:20.500000+00:00,combi,Standing,Standing
2024-09-18 15:32:20.500000+00:00,combi,Sitting,Sitting
2024-09-18 15:33:20.500000+00:00,combi,Sitting,Sitting
2024-09-18 15:34:20.500000+00:00,combi,Sitting,Sitting
2024-09-18 15:35:20.500000+00:00,combi,Sitting,Sitting
2024-09-18 15:36:20.500000+00:00,combi,Sitting,Sitting
2024-09-18 15:37:20.500000+00:00,combi,Sitting,Sitting
2024-09-18 15:38:20.500000+00:00,combi,Sitting,Sitting
2024-09-18 15:39:20.500000+00:00,combi,Sitting,Sitting
2024-09-18 15:40:20.500000+00:00,combi,Sitting,Sitting
2024-09-18 15:41:20.500000+00:00,combi,Sitting,Dynamic
2024-09-18 15:42:20.500000+00:00,combi,Sitting,Sitting
2024-09-18 15:43:20.500000+00:00,combi,Sitting,Sitting
2024-09-18 15:44:20.500000+00:00,combi,Sitting,Sitting
2024-09-18 15:45:20.500000+00:00,combi,Sitting,Sitting
2024-09-18 15:46:20.500000+00:00,combi,Sitting,Sitting
2024-09-18 15:47:20.500000+00:00,combi,Standing,Sitting
2024-09-18 15:48:20.500000+00:00,combi,Sitting,Sitting
2024-09-18 15:49:20.500000+00:00,combi,Sitting,Sitting
2024-09-18 15:50:20.500000+00:00,combi,Sitting,Sitting
2024-09-18 15:51:20.500000+00:00,combi,Sitting,Sitting
2024-09-18 15:52:20.500000+00:00,combi,Sitting,Sitting
2024-09-18 15:53:20.500000+00:00,combi,Sitting,Sitting
2024-09-18 15:54:20.500000+00:00,combi,Sitting,Dynamic
2024-09-18 15:55:20.500000+00:00,combi,Standing,Standing
2024-09-18 15:56:20.500000+00:00,combi,Sitting,Sitting
2024-09-18 15:57:20.500000+00:00,combi,Sitting,Sitting
2024-09-18 15:58:20.500000+00:00,combi,Sitting,Sitting
2024-09-18 15:59:20.500000+00:00,combi,Sitting,Sitting
2024-09-18 16:00:20.500000+00:00,combi,Sitting,Sitting
2024-09-18 16:01:20.500000+00:00,combi,Sitting,Sitting
2024-09-18 16:02:20.500000+00:00,combi,Sitting,Sitting
2024-09-18 16:03:20.500000+00:00,combi,Sitting,Sitting
2024-09-18 16:04:20.500000+00:00,combi,Sitting,Sitting
2024-09-18 16:05:20.500000+00:00,combi,Sitting,Sitting
2024-09-18 16:06:20.500000+00:00,combi,Sitting,Sitting
2024-09-18 16:07:20.500000+00:00,combi,Sitting,Sitting
2024-09-18 16:08:20.500000+00:00,combi,Sitting,Sitting
2024-09-18 16:09:20.500000+00:00,combi,Sitting,Sitting
2024-09-18 16:10:20.500000+00:00,combi,Sitting,Sitting
2024-09-18 16:11:20.500000+00:00,combi,Sitting,Sitting
2024-09-18 16:12:20.500000+00:00,combi,Sitting,Sitting
2024-09-18 16:13:20.500000+00:00,combi,Sitting,Sitting
2024-09-18 16:14:20.500000+00:00,combi,Sitting,Sitting
2024-09-18 16:15:20.500000+00:00,combi,Sitting,Sitting
2024-09-18 16:16:20.500000+00:00,combi,Sitting,Sitting
2024-09-18 16:17:20.500000+00:00,combi,Sitting,Sitting
2024-09-18 16:18:20.500000+00:00,combi,Sitting,Sitting
2024-09-18 16:19:20.500000+00:00,combi,Sitting,Sitting
2024-09-18 16:20:20.500000+00:00,combi,Sitting,Sitting
2024-09-18 16:21:20.500000+00:00,combi,Sitting,Sitting
2024-09-18 16:22:20.500000+00:00,combi,Sitting,Sitting
2024-09-18 16:23:20.500000+00:00,combi,Sitting,Sitting
2024-09-18 16:24:20.500000+00:00,combi,Sitting,Sitting
2024-09-18 16:25:20.500000+00:00,combi,Sitting,Sitting
2024-09-18 16:26:20.500000+00:00,combi,Sitting,Sitting
2024-09-18 16:27:20.500000+00:00,combi,Sitting,Sitting
2024-09-18 16:28:20.500000+00:00,combi,Sitting,Sitting
2024-09-18 16:29:20.500000+00:00,combi,Sitting,Sitting
2024-09-18 16:30:20.500000+00:00,combi,Sitting,Sitting
2024-09-18 16:31:20.500000+00:00,combi,Sitting,Sitting
2024-09-18 16:32:20.500000+00:00,combi,Sitting,Sitting
2024-09-18 16:33:20.500000+00:00,combi,Sitting,Sitting
2024-09-18 16:34:20.500000+00:00,combi,Sitting,Sitting
2024-09-18 16:35:20.500000+00:00,combi,Sitting,Sitting
2024-09-18 16:36:20.500000+00:00,combi,Sitting,Sitting
2024-09-18 16:37:20.500000+00:00,combi,Sitting,Sitting
2024-09-18 16:38:20.500000+00:00,combi,Sitting,Sitting
2024-09-18 16:39:20.500000+00:00,combi,Standing,Standing
2024-09-18 16:40:20.500000+00:00,combi,Sitting,Sitting
2024-09-18 16:41:20.500000+00:00,combi,Sitting,Sitting
2024-09-18 16:42:20.500000+00:00,combi,Sitting,Sitting
2024-09-18 16:43:20.500000+00:00,combi,Sitting,Sitting
2024-09-18 16:44:20.500000+00:00,combi,Sitting,Sitting
2024-09-18 16:45:20.500000+00:00,combi,Sitting,Sitting
2024-09-18 16:46:20.500000+00:00,combi,Sitting,Sitting
2024-09-18 16:47:20.500000+00:00,combi,Sitting,Sitting
2024-09-18 16:48:20.500000+00:00,combi,Sitting,Sitting
2024-09-18 16:49:20.500000+00:00,combi,Sitting,Sitting
2024-09-18 16:50:20.500000+00:00,combi,Sitting,Sitting
2024-09-18 16:51:20.500000+00:00,combi,Sitting,Sitting
2024-09-18 16:52:20.500000+00:00,combi,Sitting,Sitting
2024-09-18 16:53:20.500000+00:00,combi,Sitting,Sitting
2024-09-18 16:54:20.500000+00:00,combi,Sitting,Sitting
2024-09-18 16:55:20.500000+00:00,combi,Sitting,Sitting
2024-09-18 16:56:20.500000+00:00,combi,Sitting,Sitting
2024-09-18 16:57:20.500000+00:00,combi,Sitting,Sitting
2024-09-18 16:58:20.500000+00:00,combi,Sitting,Sitting
2024-09-18 16:59:20.500000+00:00,combi,Sitting,Sitting
2024-09-18 17:00:20.500000+00:00,combi,Sitting,Sitting
2024-09-18 17:01:20.500000+00:00,combi,Sitting,Sitting
2024-09-18 17:02:20.500000+00:00,combi,Sitting,Sitting
2024-09-18 17:03:20.500000+00:00,combi,Sitting,Sitting
2024-09-18 17:04:20.500000+00:00,combi,Sitting,Sitting
2024-09-18 17:05:20.500000+00:00,combi,Sitting,Sitting
2024-09-18 17:06:20.500000+00:00,combi,Sitting,Sitting
2024-09-18 17:07:20.500000+00:00,combi,Sitting,Sitting
2024-09-18 17:08:20.500000+00:00,combi,Sitting,Sitting
2024-09-18 17:09:20.500000+00:00,combi,Sitting,Sitting
2024-09-18 17:10:20.500000+00:00,combi,Sitting,Sitting
2024-09-18 17:11:20.500000+00:00,combi,Sitting,Sitting
2024-09-18 17:12:20.500000+00:00,combi,Sitting,Sitting
2024-09-18 17:13:20.500000+00:00,combi,Sitting,Sitting
2024-09-18 17:14:20.500000+00:00,combi,Sitting,Sitting
2024-09-18 17:15:20.500000+00:00,combi,Standing,Standing
2024-09-18 17:16:20.500000+00:00,combi,Sitting,Dynamic
2024-09-18 17:17:20.500000+00:00,combi,Standing,Dynamic
2024-09-18 17:18:20.500000+00:00,combi,Standing,Dynamic
2024-09-18 17:19:20.500000+00:00,combi,Standing,Dynamic
2024-09-18 17:20:20.500000+00:00,combi,Standing,Sitting
2024-09-18 17:21:20.500000+00:00,combi,Standing,Standing
2024-09-18 17:22:20.500000+00:00,combi,Standing,Standing
2024-09-18 17:23:20.500000+00:00,combi,Standing,Standing
2024-09-18 17:24:20.500000+00:00,combi,Standing,Dynamic
2024-09-18 17:25:20.500000+00:00,combi,Standing,Dynamic
2024-09-18 17:26:20.500000+00:00,combi,Standing,Dynamic
2024-09-18 17:27:20.500000+00:00,combi,Sitting,Sitting
2024-09-18 17:28:20.500000+00:00,combi,Sitting,Dynamic
2024-09-18 17:29:20.500000+00:00,combi,Standing,Standing
2024-09-18 17:30:20.500000+00:00,combi,Standing,Dynamic
2024-09-18 17:31:20.500000+00:00,combi,Standing,Dynamic
2024-09-18 17:32:20.500000+00:00,combi,Sitting,Dynamic
2024-09-18 17:33:20.500000+00:00,combi,Standing,Dynamic
2024-09-18 17:34:20.500000+00:00,combi,Standing,Dynamic
2024-09-18 17:35:20.500000+00:00,combi,Standing,Standing
2024-09-18 17:36:20.500000+00:00,combi,Standing,Dynamic
2024-09-18 17:37:20.500000+00:00,combi,Standing,Dynamic
2024-09-18 17:38:20.500000+00:00,combi,Standing,Dynamic
2024-09-18 17:39:20.500000+00:00,combi,Standing,Dynamic
2024-09-18 17:40:20.500000+00:00,combi,Standing,Dynamic
2024-09-18 17:41:20.500000+00:00,combi,Sitting,Sitting
2024-09-18 17:42:20.500000+00:00,combi,Sitting,Sitting
2024-09-18 17:43:20.500000+00:00,combi,Sitting,Sitting
2024-09-18 17:44:20.500000+00:00,combi,Sitting,Sitting
2024-09-18 17:45:20.500000+00:00,combi,Sitting,Sitting
2024-09-18 17:46:20.500000+00:00,combi,Sitting,Sitting
2024-09-18 17:47:20.500000+00:00,combi,Sitting,Sitting
2024-09-18 17:48:20.500000+00:00,combi,Sitting,Sitting
2024-09-18 17:49:20.500000+00:00,combi,Sitting,Sitting
2024-09-18 17:50:20.500000+00:00,combi,Sitting,Sitting
2024-09-18 17:51:20.500000+00:00,combi,Sitting,Sitting
2024-09-18 17:52:20.500000+00:00,combi,Sitting,Sitting
2024-09-18 17:53:20.500000+00:00,combi,Sitting,Sitting
2024-09-18 17:54:20.500000+00:00,combi,Sitting,Sitting
2024-09-18 17:55:20.500000+00:00,combi,Sitting,Sitting
2024-09-18 17:56:20.500000+00:00,combi,Sitting,Sitting
2024-09-18 17:57:20.500000+00:00,combi,Sitting,Sitting
2024-09-18 17:58:20.500000+00:00,combi,Sitting,Sitting
2024-09-18 17:59:20.500000+00:00,combi,Sitting,Sitting
2024-09-18 18:00:20.500000+00:00,combi,Lying,Dynamic
2024-09-18 18:01:20.500000+00:00,combi,Lying,Dynamic
2024-09-18 18:02:20.500000+00:00,combi,Standing,Dynamic
2024-09-18 18:03:20.500000+00:00,combi,Standing,Standing
2024-09-18 18:04:20.500000+00:00,combi,Standing,Standing
2024-09-18 18:05:20.500000+00:00,combi,Standing,Standing
2024-09-18 18:06:20.500000+00:00,combi,Standing,Standing
2024-09-18 18:07:20.500000+00:00,combi,Standing,Standing
2024-09-18 18:08:20.500000+00:00,combi,Standing,Standing
2024-09-18 18:09:20.500000+00:00,combi,Standing,Standing
2024-09-18 18:10:20.500000+00:00,combi,Standing,Standing
2024-09-18 18:11:20.500000+00:00,combi,Sitting,Sitting
2024-09-18 18:12:20.500000+00:00,combi,Standing,Standing
2024-09-18 18:13:20.500000+00:00,combi,Standing,Standing
2024-09-18 18:14:20.500000+00:00,combi,Standing,Standing
2024-09-18 18:15:20.500000+00:00,combi,Standing,Dynamic
2024-09-18 18:16:20.500000+00:00,combi,Standing,Sitting
2024-09-18 18:17:20.500000+00:00,combi,Sitting,Sitting
2024-09-18 18:18:20.500000+00:00,combi,Sitting,Sitting
2024-09-18 18:19:20.500000+00:00,combi,Sitting,Sitting
2024-09-18 18:20:20.500000+00:00,combi,Sitting,Sitting
2024-09-18 18:21:20.500000+00:00,combi,Sitting,Sitting
2024-09-18 18:22:20.500000+00:00,combi,Standing,Standing
2024-09-18 18:23:20.500000+00:00,combi,Standing,Dynamic
2024-09-18 18:24:20.500000+00:00,combi,Standing,Dynamic
2024-09-18 18:25:20.500000+00:00,combi,Standing,Dynamic
2024-09-18 18:26:20.500000+00:00,combi,Standing,Dynamic
2024-09-18 18:27:20.500000+00:00,combi,Standing,Standing
2024-09-18 18:28:20.500000+00:00,combi,Standing,Dynamic
2024-09-18 18:29:20.500000+00:00,combi,Standing,Standing
2024-09-18 18:30:20.500000+00:00,combi,Standing,Dynamic
2024-09-18 18:31:20.500000+00:00,combi,Lying,Dynamic
2024-09-18 18:32:20.500000+00:00,combi,Standing,Dynamic
2024-09-18 18:33:20.500000+00:00,combi,Standing,Standing
2024-09-18 18:34:20.500000+00:00,combi,Sitting,Sitting
2024-09-18 18:35:20.500000+00:00,combi,Sitting,Sitting
2024-09-18 18:36:20.500000+00:00,combi,Standing,Dynamic
2024-09-18 18:37:20.500000+00:00,combi,Standing,Dynamic
2024-09-18 18:38:20.500000+00:00,combi,Standing,Dynamic
2024-09-18 18:39:20.500000+00:00,combi,Lying,Dynamic
2024-09-18 18:40:20.500000+00:00,combi,Lying,Dynamic
2024-09-18 18:41:20.500000+00:00,combi,Standing,Dynamic
2024-09-18 18:42:20.500000+00:00,combi,Standing,Dynamic
2024-09-18 18:43:20.500000+00:00,combi,Standing,Dynamic
2024-09-18 18:44:20.500000+00:00,combi,Standing,Standing
2024-09-18 18:45:20.500000+00:00,combi,Standing,Standing
2024-09-18 18:46:20.500000+00:00,combi,Sitting,Sitting
2024-09-18 18:47:20.500000+00:00,combi,Sitting,Sitting
2024-09-18 18:48:20.500000+00:00,combi,Sitting,Sitting
2024-09-18 18:49:20.500000+00:00,combi,Sitting,Sitting
2024-09-18 18:50:20.500000+00:00,combi,Sitting,Sitting
2024-09-18 18:51:20.500000+00:00,combi,Sitting,Dynamic
2024-09-18 18:52:20.500000+00:00,combi,Sitting,Dynamic
2024-09-18 18:53:20.500000+00:00,combi,Standing,Dynamic
2024-09-18 18:54:20.500000+00:00,combi,Sitting,Sitting
2024-09-18 18:55:20.500000+00:00,combi,Sitting,Sitting
2024-09-18 18:56:20.500000+00:00,combi,Sitting,Sitting
2024-09-18 18:57:20.500000+00:00,combi,Sitting,Sitting
2024-09-18 18:58:20.500000+00:00,combi,Sitting,Sitting
2024-09-18 18:59:20.500000+00:00,combi,Standing,Dynamic
2024-09-18 19:00:20.500000+00:00,combi,Sitting,Dynamic
2024-09-18 19:01:20.500000+00:00,combi,Standing,Standing
2024-09-18 19:02:20.500000+00:00,combi,Standing,Dynamic
2024-09-18 19:03:20.500000+00:00,combi,Standing,Standing
2024-09-18 19:04:20.500000+00:00,combi,Standing,Standing
2024-09-18 19:05:20.500000+00:00,combi,Standing,Dynamic
2024-09-18 19:06:20.500000+00:00,combi,Standing,Dynamic
2024-09-18 19:07:20.500000+00:00,combi,Standing,Standing
2024-09-18 19:08:20.500000+00:00,combi,Standing,Dynamic
2024-09-18 19:09:20.500000+00:00,combi,Standing,Dynamic
2024-09-18 19:10:20.500000+00:00,combi,Lying,Dynamic
2024-09-18 19:11:20.500000+00:00,combi,Standing,Dynamic
2024-09-18 19:12:20.500000+00:00,combi,Standing,Dynamic
2024-09-18 19:13:20.500000+00:00,combi,Standing,Dynamic
2024-09-18 19:14:20.500000+00:00,combi,Standing,Dynamic
2024-09-18 19:15:20.500000+00:00,combi,Standing,Sitting
2024-09-18 19:16:20.500000+00:00,combi,Sitting,Sitting
2024-09-18 19:17:20.500000+00:00,combi,Sitting,Sitting
2024-09-18 19:18:20.500000+00:00,combi,Sitting,Sitting
2024-09-18 19:19:20.500000+00:00,combi,Sitting,Sitting
2024-09-18 19:20:20.500000+00:00,combi,Sitting,Sitting
2024-09-18 19:21:20.500000+00:00,combi,Sitting,Sitting
2024-09-18 19:22:20.500000+00:00,combi,Sitting,Sitting
2024-09-18 19:23:20.500000+00:00,combi,Sitting,Sitting
2024-09-18 19:24:20.500000+00:00,combi,Sitting,Sitting
2024-09-18 19:25:20.500000+00:00,combi,Standing,Dynamic
2024-09-18 19:26:20.500000+00:00,combi,Standing,Dynamic
2024-09-18 19:27:20.500000+00:00,combi,Standing,Dynamic
2024-09-18 19:28:20.500000+00:00,combi,Standing,Dynamic
2024-09-18 19:29:20.500000+00:00,combi,Standing,Dynamic
2024-09-18 19:30:20.500000+00:00,combi,Standing,Dynamic
2024-09-18 19:31:20.500000+00:00,combi,Standing,Dynamic
2024-09-18 19:32:20.500000+00:00,combi,Standing,Dynamic
2024-09-18 19:33:20.500000+00:00,combi,Lying,Dynamic
2024-09-18 19:34:20.500000+00:00,combi,Standing,Dynamic
2024-09-18 19:35:20.500000+00:00,combi,Standing,Dynamic
2024-09-18 19:36:20.500000+00:00,combi,Standing,Dynamic
2024-09-18 19:37:20.500000+00:00,combi,Standing,Dynamic
2024-09-18 19:38:20.500000+00:00,combi,Standing,Dynamic
2024-09-18 19:39:20.500000+00:00,combi,Standing,Dynamic
2024-09-18 19:40:20.500000+00:00,combi,Standing,Dynamic
2024-09-18 19:41:20.500000+00:00,combi,Standing,Dynamic
2024-09-18 19:42:20.500000+00:00,combi,Lying,Dynamic
2024-09-18 19:43:20.500000+00:00,combi,Standing,Dynamic
2024-09-18 19:44:20.500000+00:00,combi,Standing,Dynamic
2024-09-18 19:45:20.500000+00:00,combi,Standing,Dynamic
2024-09-18 19:46:20.500000+00:00,combi,Standing,Standing
2024-09-18 19:47:20.500000+00:00,combi,Standing,Standing
2024-09-18 19:48:20.500000+00:00,combi,Standing,Standing
2024-09-18 19:49:20.500000+00:00,combi,Standing,Standing
2024-09-18 19:50:20.500000+00:00,combi,Standing,Standing
2024-09-18 19:51:20.500000+00:00,combi,Standing,Standing
2024-09-18 19:52:20.500000+00:00,combi,Standing,Standing
2024-09-18 19:53:20.500000+00:00,combi,Standing,Dynamic
2024-09-18 19:54:20.500000+00:00,combi,Standing,Dynamic
2024-09-18 19:55:20.500000+00:00,combi,Standing,Dynamic
2024-09-18 19:56:20.500000+00:00,combi,Sitting,Dynamic
2024-09-18 19:57:20.500000+00:00,combi,Standing,Dynamic
2024-09-18 19:58:20.500000+00:00,combi,Standing,Dynamic
2024-09-18 19:59:20.500000+00:00,combi,Standing,Standing
2024-09-18 20:00:20.500000+00:00,combi,Sitting,Sitting
2024-09-18 20:01:20.500000+00:00,combi,Sitting,Sitting
2024-09-18 20:02:20.500000+00:00,combi,Standing,Dynamic
2024-09-18 20:03:20.500000+00:00,combi,Standing,Standing
2024-09-18 20:04:20.500000+00:00,combi,Sitting,Sitting
2024-09-18 20:05:20.500000+00:00,combi,Sitting,Sitting
2024-09-18 20:06:20.500000+00:00,combi,Sitting,Sitting
2024-09-18 20:07:20.500000+00:00,combi,Sitting,Sitting
2024-09-18 20:08:20.500000+00:00,combi,Sitting,Sitting
2024-09-18 20:09:20.500000+00:00,combi,Sitting,Sitting
2024-09-18 20:10:20.500000+00:00,combi,Sitting,Sitting
2024-09-18 20:11:20.500000+00:00,combi,Sitting,Sitting
2024-09-18 20:12:20.500000+00:00,combi,Sitting,Sitting
2024-09-18 20:13:20.500000+00:00,combi,Sitting,Sitting
2024-09-18 20:14:20.500000+00:00,combi,Sitting,Sitting
2024-09-18 20:15:20.500000+00:00,combi,Sitting,Sitting
2024-09-18 20:16:20.500000+00:00,combi,Sitting,Sitting
2024-09-18 20:17:20.500000+00:00,combi,Sitting,Sitting
2024-09-18 20:18:20.500000+00:00,combi,Sitting,Sitting
2024-09-18 20:19:20.500000+00:00,combi,Sitting,Sitting
2024-09-18 20:20:20.500000+00:00,combi,Sitting,Sitting
2024-09-18 20:21:20.500000+00:00,combi,Standing,Standing
2024-09-18 20:22:20.500000+00:00,combi,Standing,Dynamic
2024-09-18 20:23:20.500000+00:00,combi,Standing,Dynamic
2024-09-18 20:24:20.500000+00:00,combi,Sitting,Sitting
2024-09-18 20:25:20.500000+00:00,combi,Sitting,Sitting
2024-09-18 20:26:20.500000+00:00,combi,Sitting,Sitting
2024-09-18 20:27:20.500000+00:00,combi,Sitting,Sitting
2024-09-18 20:28:20.500000+00:00,combi,Sitting,Sitting
2024-09-18 20:29:20.500000+00:00,combi,Sitting,Sitting
2024-09-18 20:30:20.500000+00:00,combi,Sitting,Sitting
2024-09-18 20:31:20.500000+00:00,combi,Sitting,Sitting
2024-09-18 20:32:20.500000+00:00,combi,Sitting,Sitting
2024-09-18 20:33:20.500000+00:00,combi,Sitting,Sitting
2024-09-18 20:34:20.500000+00:00,combi,Sitting,Sitting
2024-09-18 20:35:20.500000+00:00,combi,Standing,Dynamic
2024-09-18 20:36:20.500000+00:00,combi,Standing,Sitting
2024-09-18 20:37:20.500000+00:00,combi,Sitting,Sitting
2024-09-18 20:38:20.500000+00:00,combi,Sitting,Sitting
2024-09-18 20:39:20.500000+00:00,combi,Sitting,Sitting
2024-09-18 20:40:20.500000+00:00,combi,Sitting,Sitting
2024-09-18 20:41:20.500000+00:00,combi,Sitting,Sitting
2024-09-18 20:42:20.500000+00:00,combi,Sitting,Sitting
2024-09-18 20:43:20.500000+00:00,combi,Sitting,Sitting
2024-09-18 20:44:20.500000+00:00,combi,Sitting,Sitting
2024-09-18 20:45:20.500000+00:00,combi,Sitting,Sitting
2024-09-18 20:46:20.500000+00:00,combi,Sitting,Sitting
2024-09-18 20:47:20.500000+00:00,combi,Sitting,Sitting
2024-09-18 20:48:20.500000+00:00,combi,Sitting,Sitting
2024-09-18 20:49:20.500000+00:00,combi,Sitting,Sitting
2024-09-18 20:50:20.500000+00:00,combi,Sitting,Sitting
2024-09-18 20:51:20.500000+00:00,combi,Sitting,Sitting
2024-09-18 20:52:20.500000+00:00,combi,Sitting,Sitting
2024-09-18 20:53:20.500000+00:00,combi,Sitting,Sitting
2024-09-18 20:54:20.500000+00:00,combi,Sitting,Sitting
2024-09-18 20:55:20.500000+00:00,combi,Sitting,Sitting
2024-09-18 20:56:20.500000+00:00,combi,Sitting,Sitting
2024-09-18 20:57:20.500000+00:00,combi,Sitting,Sitting
2024-09-18 20:58:20.500000+00:00,combi,Sitting,Sitting
2024-09-18 20:59:20.500000+00:00,combi,Sitting,Dynamic
2024-09-18 21:00:20.500000+00:00,combi,Standing,Dynamic
2024-09-18 21:01:20.500000+00:00,combi,Lying,Lying
2024-09-18 21:02:20.500000+00:00,combi,Lying,Dynamic
2024-09-18 21:03:20.500000+00:00,combi,Sitting,Sitting
2024-09-18 21:04:20.500000+00:00,combi,Lying,Lying
2024-09-18 21:05:20.500000+00:00,combi,Lying,Lying
2024-09-18 21:06:20.500000+00:00,combi,Lying,Lying
2024-09-18 21:07:20.500000+00:00,combi,Lying,Lying
2024-09-18 21:08:20.500000+00:00,combi,Lying,Lying
2024-09-18 21:09:20.500000+00:00,combi,Lying,Lying
2024-09-18 21:10:20.500000+00:00,combi,Lying,Lying
2024-09-18 21:11:20.500000+00:00,combi,Lying,Lying
2024-09-18 21:12:20.500000+00:00,combi,Lying,Lying
2024-09-18 21:13:20.500000+00:00,combi,Standing,Dynamic
2024-09-18 21:14:20.500000+00:00,combi,Standing,Dynamic
2024-09-18 21:15:20.500000+00:00,combi,Standing,Dynamic
2024-09-18 21:16:20.500000+00:00,combi,Standing,Standing
2024-09-18 21:17:20.500000+00:00,combi,Sitting,Sitting
2024-09-18 21:18:20.500000+00:00,combi,Sitting,Sitting
2024-09-18 21:19:20.500000+00:00,combi,Sitting,Sitting
2024-09-18 21:20:20.500000+00:00,combi,Sitting,Sitting
2024-09-18 21:21:20.500000+00:00,combi,Sitting,Sitting
2024-09-18 21:22:20.500000+00:00,combi,Sitting,Sitting
2024-09-18 21:23:20.500000+00:00,combi,Sitting,Sitting
2024-09-18 21:24:20.500000+00:00,combi,Sitting,Sitting
2024-09-18 21:25:20.500000+00:00,combi,Sitting,Sitting
2024-09-18 21:26:20.500000+00:00,combi,Sitting,Sitting
2024-09-18 21:27:20.500000+00:00,combi,Sitting,Sitting
2024-09-18 21:28:20.500000+00:00,combi,Sitting,Sitting
2024-09-18 21:29:20.500000+00:00,combi,Sitting,Sitting
2024-09-18 21:30:20.500000+00:00,combi,Sitting,Sitting
2024-09-18 21:31:20.500000+00:00,combi,Sitting,Sitting
2024-09-18 21:32:20.500000+00:00,combi,Sitting,Sitting
2024-09-18 21:33:20.500000+00:00,combi,Sitting,Sitting
2024-09-18 21:34:20.500000+00:00,combi,Sitting,Sitting
2024-09-18 21:35:20.500000+00:00,combi,Sitting,Sitting
2024-09-18 21:36:20.500000+00:00,combi,Sitting,Sitting
2024-09-18 21:37:20.500000+00:00,combi,Sitting,Sitting
2024-09-18 21:38:20.500000+00:00,combi,Sitting,Sitting
2024-09-18 21:39:20.500000+00:00,combi,Sitting,Sitting
2024-09-18 21:40:20.500000+00:00,combi,Sitting,Sitting
2024-09-18 21:41:20.500000+00:00,combi,Sitting,Sitting
2024-09-18 21:42:20.500000+00:00,combi,Sitting,Sitting
2024-09-18 21:43:20.500000+00:00,combi,Sitting,Sitting
2024-09-18 21:44:20.500000+00:00,combi,Lying,Lying
2024-09-18 21:45:20.500000+00:00,combi,Lying,Lying
2024-09-18 21:46:20.500000+00:00,combi,Lying,Lying
2024-09-18 21:47:20.500000+00:00,combi,Lying,Lying
2024-09-18 21:48:20.500000+00:00,combi,Lying,Lying
2024-09-18 21:49:20.500000+00:00,combi,Lying,Lying
2024-09-18 21:50:20.500000+00:00,combi,Lying,Lying
2024-09-18 21:51:20.500000+00:00,combi,Lying,Lying
2024-09-18 21:52:20.500000+00:00,combi,Lying,Lying
2024-09-18 21:53:20.500000+00:00,combi,Lying,Lying
2024-09-18 21:54:20.500000+00:00,combi,Lying,Lying
2024-09-18 21:55:20.500000+00:00,combi,Lying,Lying
2024-09-18 21:56:20.500000+00:00,combi,Lying,Lying
2024-09-18 21:57:20.500000+00:00,combi,Lying,Lying
2024-09-18 21:58:20.500000+00:00,combi,Lying,Lying
2024-09-18 21:59:20.500000+00:00,combi,Lying,Lying
2024-09-18 22:00:20.500000+00:00,combi,Lying,Lying
2024-09-18 22:01:20.500000+00:00,combi,Lying,Lying
2024-09-18 22:02:20.500000+00:00,combi,Lying,Lying
2024-09-18 22:03:20.500000+00:00,combi,Lying,Lying
2024-09-18 22:04:20.500000+00:00,combi,Lying,Lying
2024-09-18 22:05:20.500000+00:00,combi,Lying,Lying
2024-09-18 22:06:20.500000+00:00,combi,Sitting,Sitting
2024-09-18 22:07:20.500000+00:00,combi,Sitting,Sitting
2024-09-18 22:08:20.500000+00:00,combi,Standing,Standing
2024-09-18 22:09:20.500000+00:00,combi,Sitting,Sitting
2024-09-18 22:10:20.500000+00:00,combi,Sitting,Sitting
2024-09-18 22:11:20.500000+00:00,combi,Sitting,Sitting
2024-09-18 22:12:20.500000+00:00,combi,Sitting,Sitting
2024-09-18 22:13:20.500000+00:00,combi,Sitting,Sitting
2024-09-18 22:14:20.500000+00:00,combi,Sitting,Sitting
2024-09-18 22:15:20.500000+00:00,combi,Sitting,Dynamic
2024-09-18 22:16:20.500000+00:00,combi,Sitting,Sitting
2024-09-18 22:17:20.500000+00:00,combi,Standing,Standing
2024-09-18 22:18:20.500000+00:00,combi,Standing,Dynamic
2024-09-18 22:19:20.500000+00:00,combi,Sitting,Sitting
2024-09-18 22:20:20.500000+00:00,combi,Sitting,Sitting
2024-09-18 22:21:20.500000+00:00,combi,Sitting,Sitting
2024-09-18 22:22:20.500000+00:00,combi,Sitting,Dynamic
2024-09-18 22:23:20.500000+00:00,combi,Sitting,Sitting
2024-09-18 22:24:20.500000+00:00,combi,Sitting,Dynamic
2024-09-18 22:25:20.500000+00:00,combi,Sitting,Sitting
2024-09-18 22:26:20.500000+00:00,combi,Sitting,Sitting
2024-09-18 22:27:20.500000+00:00,combi,Sitting,Sitting
2024-09-18 22:28:20.500000+00:00,combi,Sitting,Sitting
2024-09-18 22:29:20.500000+00:00,combi,Sitting,Sitting
2024-09-18 22:30:20.500000+00:00,combi,Sitting,Dynamic
2024-09-18 22:31:20.500000+00:00,combi,Standing,Sitting
2024-09-18 22:32:20.500000+00:00,combi,Standing,Standing
2024-09-18 22:33:20.500000+00:00,combi,Standing,Standing
2024-09-18 22:34:20.500000+00:00,combi,Standing,Sitting
2024-09-18 22:35:20.500000+00:00,combi,Standing,Dynamic
2024-09-18 22:36:20.500000+00:00,combi,Standing,Dynamic
2024-09-18 22:37:20.500000+00:00,combi,Standing,Dynamic
2024-09-18 22:38:20.500000+00:00,combi,Standing,Standing
2024-09-18 22:39:20.500000+00:00,combi,Standing,Standing
2024-09-18 22:40:20.500000+00:00,combi,Standing,Standing
2024-09-18 22:41:20.500000+00:00,combi,Sitting,Sitting
2024-09-18 22:42:20.500000+00:00,combi,Sitting,Sitting
2024-09-18 22:43:20.500000+00:00,combi,Sitting,Sitting
2024-09-18 22:44:20.500000+00:00,combi,Standing,Standing
2024-09-18 22:45:20.500000+00:00,combi,Sitting,Sitting
2024-09-18 22:46:20.500000+00:00,combi,Standing,Dynamic
2024-09-18 22:47:20.500000+00:00,combi,Standing,Dynamic
2024-09-18 22:48:20.500000+00:00,combi,Standing,Dynamic
2024-09-18 22:49:20.500000+00:00,combi,Sitting,Sitting
2024-09-18 22:50:20.500000+00:00,combi,Sitting,Dynamic
2024-09-18 22:51:20.500000+00:00,combi,Sitting,Sitting
2024-09-18 22:52:20.500000+00:00,combi,Sitting,Sitting
2024-09-18 22:53:20.500000+00:00,combi,Sitting,Sitting
2024-09-18 22:54:20.500000+00:00,combi,Sitting,Sitting
2024-09-18 22:55:20.500000+00:00,combi,Sitting,Dynamic
2024-09-18 22:56:20.500000+00:00,combi,Sitting,Sitting
2024-09-18 22:57:20.500000+00:00,combi,Sitting,Sitting
2024-09-18 22:58:20.500000+00:00,combi,Sitting,Sitting
2024-09-18 22:59:20.500000+00:00,combi,Sitting,Sitting
2024-09-18 23:00:20.500000+00:00,combi,Sitting,Sitting
2024-09-18 23:01:20.500000+00:00,combi,Sitting,Sitting
2024-09-18 23:02:20.500000+00:00,combi,Sitting,Sitting
2024-09-18 23:03:20.500000+00:00,combi,Sitting,Sitting
2024-09-18 23:04:20.500000+00:00,combi,Standing,Standing
2024-09-18 23:05:20.500000+00:00,combi,Sitting,Sitting
2024-09-18 23:06:20.500000+00:00,combi,Sitting,Sitting
2024-09-18 23:07:20.500000+00:00,combi,Sitting,Sitting
2024-09-18 23:08:20.500000+00:00,combi,Sitting,Sitting
2024-09-18 23:09:20.500000+00:00,combi,Sitting,Sitting
2024-09-18 23:10:20.500000+00:00,combi,Sitting,Sitting
2024-09-18 23:11:20.500000+00:00,combi,Sitting,Sitting
2024-09-18 23:12:20.500000+00:00,combi,Sitting,Sitting
2024-09-18 23:13:20.500000+00:00,combi,Sitting,Sitting
2024-09-18 23:14:20.500000+00:00,combi,Sitting,Sitting
2024-09-18 23:15:20.500000+00:00,combi,Sitting,Sitting
2024-09-18 23:16:20.500000+00:00,combi,Sitting,Sitting
2024-09-18 23:17:20.500000+00:00,combi,Sitting,Sitting
2024-09-18 23:18:20.500000+00:00,combi,Sitting,Sitting
2024-09-18 23:19:20.500000+00:00,combi,Sitting,Sitting
2024-09-18 23:20:20.500000+00:00,combi,Sitting,Sitting
2024-09-18 23:21:20.500000+00:00,combi,Sitting,Sitting
2024-09-18 23:22:20.500000+00:00,combi,Sitting,Sitting
2024-09-18 23:23:20.500000+00:00,combi,Sitting,Sitting
2024-09-18 23:24:20.500000+00:00,combi,Sitting,Sitting
2024-09-18 23:25:20.500000+00:00,combi,Sitting,Sitting
2024-09-18 23:26:20.500000+00:00,combi,Standing,Sitting
2024-09-18 23:27:20.500000+00:00,combi,Standing,Dynamic
2024-09-18 23:28:20.500000+00:00,combi,Standing,Dynamic
2024-09-18 23:29:20.500000+00:00,combi,Sitting,Dynamic
2024-09-18 23:30:20.500000+00:00,combi,Lying,Lying
2024-09-18 23:31:20.500000+00:00,combi,Lying,Lying
2024-09-18 23:32:20.500000+00:00,combi,Lying,Lying
2024-09-18 23:33:20.500000+00:00,combi,Lying,Lying
2024-09-18 23:34:20.500000+00:00,combi,Lying,Lying
2024-09-18 23:35:20.500000+00:00,combi,Lying,Lying
2024-09-18 23:36:20.500000+00:00,combi,Lying,Lying
2024-09-18 23:37:20.500000+00:00,combi,Lying,Lying
2024-09-18 23:38:20.500000+00:00,combi,Lying,Lying
2024-09-18 23:39:20.500000+00:00,combi,Lying,Lying
2024-09-18 23:40:20.500000+00:00,combi,Lying,Lying
2024-09-18 23:41:20.500000+00:00,combi,Lying,Lying
2024-09-18 23:42:20.500000+00:00,combi,Lying,Lying
2024-09-18 23:43:20.500000+00:00,combi,Lying,Lying
2024-09-18 23:44:20.500000+00:00,combi,Lying,Lying
2024-09-18 23:45:20.500000+00:00,combi,Lying,Lying
2024-09-18 23:46:20.500000+00:00,combi,Lying,Lying
2024-09-18 23:47:20.500000+00:00,combi,Lying,Lying
2024-09-18 23:48:20.500000+00:00,combi,Lying,Lying
2024-09-18 23:49:20.500000+00:00,combi,Lying,Lying
2024-09-18 23:50:20.500000+00:00,combi,Lying,Lying
2024-09-18 23:51:20.500000+00:00,combi,Lying,Lying
2024-09-18 23:52:20.500000+00:00,combi,Lying,Lying
2024-09-18 23:53:20.500000+00:00,combi,Lying,Lying
2024-09-18 23:54:20.500000+00:00,combi,Lying,Lying
2024-09-18 23:55:20.500000+00:00,combi,Lying,Lying
2024-09-18 23:56:20.500000+00:00,combi,Lying,Lying
2024-09-18 23:57:20.500000+00:00,combi,Lying,Lying
2024-09-18 23:58:20.500000+00:00,combi,Lying,Lying
2024-09-18 23:59:20.500000+00:00,combi,Lying,Lying
2024-09-19 00:00:20.500000+00:00,combi,Lying,Lying
2024-09-19 00:01:20.500000+00:00,combi,Lying,Lying
2024-09-19 00:02:20.500000+00:00,combi,Lying,Lying
2024-09-19 00:03:20.500000+00:00,combi,Lying,Lying
2024-09-19 00:04:20.500000+00:00,combi,Lying,Lying
2024-09-19 00:05:20.500000+00:00,combi,Lying,Lying
2024-09-19 00:06:20.500000+00:00,combi,Lying,Lying
2024-09-19 00:07:20.500000+00:00,combi,Lying,Lying
2024-09-19 00:08:20.500000+00:00,combi,Lying,Lying
2024-09-19 00:09:20.500000+00:00,combi,Lying,Lying
2024-09-19 00:10:20.500000+00:00,combi,Lying,Lying
2024-09-19 00:11:20.500000+00:00,combi,Lying,Lying
2024-09-19 00:12:20.500000+00:00,combi,Lying,Lying
