Time,Participant,Majority_postures,Majority_including_dynamic
2024-07-03 10:46:36.500000+00:00,combi,Sitting,Sitting
2024-07-03 10:47:36.500000+00:00,combi,Standing,Standing
2024-07-03 10:48:36.500000+00:00,combi,Standing,Dynamic
2024-07-03 10:49:36.500000+00:00,combi,Standing,Standing
2024-07-03 10:50:36.500000+00:00,combi,Standing,Standing
2024-07-03 10:51:36.500000+00:00,combi,Standing,Standing
2024-07-03 10:52:36.500000+00:00,combi,Standing,Standing
2024-07-03 10:53:36.500000+00:00,combi,Standing,Standing
2024-07-03 10:54:36.500000+00:00,combi,Standing,Standing
2024-07-03 10:55:36.500000+00:00,combi,Standing,Standing
2024-07-03 10:56:36.500000+00:00,combi,Standing,Standing
2024-07-03 10:57:36.500000+00:00,combi,Standing,Standing
2024-07-03 10:58:36.500000+00:00,combi,Standing,Standing
2024-07-03 10:59:36.500000+00:00,combi,Standing,Standing
2024-07-03 11:00:36.500000+00:00,combi,Standing,Standing
2024-07-03 11:01:36.500000+00:00,combi,Standing,Standing
2024-07-03 11:02:36.500000+00:00,combi,Standing,Standing
2024-07-03 11:03:36.500000+00:00,combi,Standing,Standing
2024-07-03 11:04:36.500000+00:00,combi,Standing,Standing
2024-07-03 11:05:36.500000+00:00,combi,Standing,Standing
2024-07-03 11:06:36.500000+00:00,combi,Sitting,Sitting
2024-07-03 11:07:36.500000+00:00,combi,Sitting,Sitting
2024-07-03 11:08:36.500000+00:00,combi,Sitting,Sitting
2024-07-03 11:09:36.500000+00:00,combi,Lying,Lying
2024-07-03 11:10:36.500000+00:00,combi,Lying,Lying
2024-07-03 11:11:36.500000+00:00,combi,Lying,Lying
2024-07-03 11:12:36.500000+00:00,combi,Lying,Standing
2024-07-03 11:13:36.500000+00:00,combi,Standing,Standing
2024-07-03 11:14:36.500000+00:00,combi,Standing,Standing
2024-07-03 11:15:36.500000+00:00,combi,Standing,Standing
2024-07-03 11:16:36.500000+00:00,combi,Standing,Standing
2024-07-03 11:17:36.500000+00:00,combi,Standing,Standing
2024-07-03 11:18:36.500000+00:00,combi,Standing,Standing
2024-07-03 11:19:36.500000+00:00,combi,Standing,Standing
2024-07-03 11:20:36.500000+00:00,combi,Standing,Standing
2024-07-03 11:21:36.500000+00:00,combi,Standing,Standing
2024-07-03 11:22:36.500000+00:00,combi,Standing,Standing
2024-07-03 11:23:36.500000+00:00,combi,Standing,Standing
2024-07-03 11:24:36.500000+00:00,combi,Standing,Standing
2024-07-03 11:25:36.500000+00:00,combi,Standing,Standing
2024-07-03 11:26:36.500000+00:00,combi,Standing,Standing
2024-07-03 11:27:36.500000+00:00,combi,Sitting,Sitting
2024-07-03 11:28:36.500000+00:00,combi,Sitting,Sitting
2024-07-03 11:29:36.500000+00:00,combi,Sitting,Sitting
2024-07-03 11:30:36.500000+00:00,combi,Sitting,Sitting
2024-07-03 11:31:36.500000+00:00,combi,Sitting,Sitting
2024-07-03 11:32:36.500000+00:00,combi,Sitting,Sitting
2024-07-03 11:33:36.500000+00:00,combi,Sitting,Sitting
2024-07-03 11:34:36.500000+00:00,combi,Sitting,Sitting
2024-07-03 11:35:36.500000+00:00,combi,Lying,Lying
2024-07-03 11:36:36.500000+00:00,combi,Lying,Lying
2024-07-03 11:37:36.500000+00:00,combi,Lying,Lying
2024-07-03 11:38:36.500000+00:00,combi,Lying,Lying
2024-07-03 11:39:36.500000+00:00,combi,Lying,Lying
2024-07-03 11:40:36.500000+00:00,combi,Lying,Lying
2024-07-03 11:41:36.500000+00:00,combi,Lying,Lying
2024-07-03 11:42:36.500000+00:00,combi,Lying,Lying
2024-07-03 11:43:36.500000+00:00,combi,Lying,Lying
2024-07-03 11:44:36.500000+00:00,combi,Lying,Lying
2024-07-03 11:45:36.500000+00:00,combi,Sitting,Standing
2024-07-03 11:46:36.500000+00:00,combi,Sitting,Sitting
2024-07-03 11:47:36.500000+00:00,combi,Sitting,Sitting
2024-07-03 11:48:36.500000+00:00,combi,Sitting,Sitting
2024-07-03 11:49:36.500000+00:00,combi,Sitting,Sitting
2024-07-03 11:50:36.500000+00:00,combi,Sitting,Sitting
2024-07-03 11:51:36.500000+00:00,combi,Sitting,Sitting
2024-07-03 11:52:36.500000+00:00,combi,Sitting,Sitting
2024-07-03 11:53:36.500000+00:00,combi,Sitting,Sitting
2024-07-03 11:54:36.500000+00:00,combi,Sitting,Sitting
2024-07-03 11:55:36.500000+00:00,combi,Sitting,Sitting
2024-07-03 11:56:36.500000+00:00,combi,Sitting,Sitting
2024-07-03 11:57:36.500000+00:00,combi,Sitting,Sitting
2024-07-03 11:58:36.500000+00:00,combi,Sitting,Sitting
2024-07-03 11:59:36.500000+00:00,combi,Sitting,Sitting
2024-07-03 12:00:36.500000+00:00,combi,Sitting,Sitting
2024-07-03 12:01:36.500000+00:00,combi,Sitting,Sitting
2024-07-03 12:02:36.500000+00:00,combi,Sitting,Sitting
2024-07-03 12:03:36.500000+00:00,combi,Sitting,Sitting
2024-07-03 12:04:36.500000+00:00,combi,Sitting,Sitting
2024-07-03 12:05:36.500000+00:00,combi,Standing,Standing
2024-07-03 12:06:36.500000+00:00,combi,Standing,Standing
2024-07-03 12:07:36.500000+00:00,combi,Standing,Standing
2024-07-03 12:08:36.500000+00:00,combi,Standing,Standing
2024-07-03 12:09:36.500000+00:00,combi,Standing,Standing
2024-07-03 12:10:36.500000+00:00,combi,Standing,Standing
2024-07-03 12:11:36.500000+00:00,combi,Standing,Standing
2024-07-03 12:12:36.500000+00:00,combi,Standing,Standing
2024-07-03 12:13:36.500000+00:00,combi,Standing,Standing
2024-07-03 12:14:36.500000+00:00,combi,Standing,Standing
2024-07-03 12:15:36.500000+00:00,combi,Standing,Standing
2024-07-03 12:16:36.500000+00:00,combi,Standing,Standing
2024-07-03 12:17:36.500000+00:00,combi,Standing,Dynamic
2024-07-03 12:18:36.500000+00:00,combi,Standing,Dynamic
2024-07-03 12:19:36.500000+00:00,combi,Standing,Dynamic
2024-07-03 12:20:36.500000+00:00,combi,Lying,Dynamic
2024-07-03 12:21:36.500000+00:00,combi,Lying,Dynamic
2024-07-03 12:22:36.500000+00:00,combi,Lying,Dynamic
2024-07-03 12:23:36.500000+00:00,combi,Lying,Dynamic
2024-07-03 12:24:36.500000+00:00,combi,Sitting,Sitting
2024-07-03 12:25:36.500000+00:00,combi,Sitting,Sitting
2024-07-03 12:26:36.500000+00:00,combi,Sitting,Sitting
2024-07-03 12:27:36.500000+00:00,combi,Sitting,Sitting
2024-07-03 12:28:36.500000+00:00,combi,Sitting,Sitting
2024-07-03 12:29:36.500000+00:00,combi,Sitting,Sitting
2024-07-03 12:30:36.500000+00:00,combi,Sitting,Sitting
2024-07-03 12:31:36.500000+00:00,combi,Lying,Dynamic
2024-07-03 12:32:36.500000+00:00,combi,Standing,Standing
2024-07-03 12:33:36.500000+00:00,combi,Lying,Dynamic
2024-07-03 12:34:36.500000+00:00,combi,Lying,Dynamic
2024-07-03 12:35:36.500000+00:00,combi,Standing,Dynamic
2024-07-03 12:36:36.500000+00:00,combi,Standing,Dynamic
2024-07-03 12:37:36.500000+00:00,combi,Standing,Standing
2024-07-03 12:38:36.500000+00:00,combi,Standing,Standing
2024-07-03 12:39:36.500000+00:00,combi,Standing,Standing
2024-07-03 12:40:36.500000+00:00,combi,Standing,Standing
2024-07-03 12:41:36.500000+00:00,combi,Standing,Dynamic
2024-07-03 12:42:36.500000+00:00,combi,Standing,Dynamic
2024-07-03 12:43:36.500000+00:00,combi,Standing,Dynamic
2024-07-03 12:44:36.500000+00:00,combi,Standing,Dynamic
2024-07-03 12:45:36.500000+00:00,combi,Standing,Dynamic
2024-07-03 12:46:36.500000+00:00,combi,Standing,Dynamic
2024-07-03 12:47:36.500000+00:00,combi,Standing,Dynamic
2024-07-03 12:48:36.500000+00:00,combi,Sitting,Sitting
2024-07-03 12:49:36.500000+00:00,combi,Sitting,Sitting
2024-07-03 12:50:36.500000+00:00,combi,Standing,Standing
2024-07-03 12:51:36.500000+00:00,combi,Standing,Standing
2024-07-03 12:52:36.500000+00:00,combi,Standing,Standing
2024-07-03 12:53:36.500000+00:00,combi,Standing,Dynamic
2024-07-03 12:54:36.500000+00:00,combi,Standing,Dynamic
2024-07-03 12:55:36.500000+00:00,combi,Standing,Dynamic
2024-07-03 12:56:36.500000+00:00,combi,Standing,Standing
2024-07-03 12:57:36.500000+00:00,combi,Standing,Standing
2024-07-03 12:58:36.500000+00:00,combi,Standing,Standing
2024-07-03 12:59:36.500000+00:00,combi,Standing,Dynamic
2024-07-03 13:00:36.500000+00:00,combi,Standing,Standing
2024-07-03 13:01:36.500000+00:00,combi,Standing,Standing
2024-07-03 13:02:36.500000+00:00,combi,Sitting,Sitting
2024-07-03 13:03:36.500000+00:00,combi,Standing,Dynamic
2024-07-03 13:04:36.500000+00:00,combi,Sitting,Dynamic
2024-07-03 13:05:36.500000+00:00,combi,Standing,Dynamic
2024-07-03 13:06:36.500000+00:00,combi,Standing,Standing
2024-07-03 13:07:36.500000+00:00,combi,Sitting,Sitting
2024-07-03 13:08:36.500000+00:00,combi,Standing,Dynamic
2024-07-03 13:09:36.500000+00:00,combi,Sitting,Dynamic
2024-07-03 13:10:36.500000+00:00,combi,Sitting,Sitting
2024-07-03 13:11:36.500000+00:00,combi,Sitting,Dynamic
2024-07-03 13:12:36.500000+00:00,combi,Sitting,Dynamic
2024-07-03 13:13:36.500000+00:00,combi,Sitting,Dynamic
2024-07-03 13:14:36.500000+00:00,combi,Standing,Standing
2024-07-03 13:15:36.500000+00:00,combi,Standing,Dynamic
2024-07-03 13:16:36.500000+00:00,combi,Standing,Standing
2024-07-03 13:17:36.500000+00:00,combi,Standing,Standing
2024-07-03 13:18:36.500000+00:00,combi,Standing,Dynamic
2024-07-03 13:19:36.500000+00:00,combi,Sitting,Dynamic
2024-07-03 13:20:36.500000+00:00,combi,Sitting,Sitting
2024-07-03 13:21:36.500000+00:00,combi,Sitting,Dynamic
2024-07-03 13:22:36.500000+00:00,combi,Standing,Dynamic
2024-07-03 13:23:36.500000+00:00,combi,Standing,Dynamic
2024-07-03 13:24:36.500000+00:00,combi,Standing,Dynamic
2024-07-03 13:25:36.500000+00:00,combi,Standing,Dynamic
2024-07-03 13:26:36.500000+00:00,combi,Standing,Dynamic
2024-07-03 13:27:36.500000+00:00,combi,Standing,Dynamic
2024-07-03 13:28:36.500000+00:00,combi,Sitting,Dynamic
2024-07-03 13:29:36.500000+00:00,combi,Sitting,Dynamic
2024-07-03 13:30:36.500000+00:00,combi,Sitting,Dynamic
2024-07-03 13:31:36.500000+00:00,combi,Sitting,Dynamic
2024-07-03 13:32:36.500000+00:00,combi,Standing,Dynamic
2024-07-03 13:33:36.500000+00:00,combi,Standing,Dynamic
2024-07-03 13:34:36.500000+00:00,combi,Standing,Dynamic
2024-07-03 13:35:36.500000+00:00,combi,Sitting,Dynamic
2024-07-03 13:36:36.500000+00:00,combi,Standing,Dynamic
2024-07-03 13:37:36.500000+00:00,combi,Standing,Dynamic
2024-07-03 13:38:36.500000+00:00,combi,Standing,Dynamic
2024-07-03 13:39:36.500000+00:00,combi,Standing,Dynamic
2024-07-03 13:40:36.500000+00:00,combi,Sitting,Dynamic
2024-07-03 13:41:36.500000+00:00,combi,Sitting,Sitting
2024-07-03 13:42:36.500000+00:00,combi,Standing,Dynamic
2024-07-03 13:43:36.500000+00:00,combi,Sitting,Sitting
2024-07-03 13:44:36.500000+00:00,combi,Sitting,Sitting
2024-07-03 13:45:36.500000+00:00,combi,Sitting,Sitting
2024-07-03 13:46:36.500000+00:00,combi,Sitting,Sitting
2024-07-03 13:47:36.500000+00:00,combi,Sitting,Sitting
2024-07-03 13:48:36.500000+00:00,combi,Sitting,Sitting
2024-07-03 13:49:36.500000+00:00,combi,Standing,Dynamic
2024-07-03 13:50:36.500000+00:00,combi,Standing,Dynamic
2024-07-03 13:51:36.500000+00:00,combi,Standing,Dynamic
2024-07-03 13:52:36.500000+00:00,combi,Standing,Standing
2024-07-03 13:53:36.500000+00:00,combi,Standing,Standing
2024-07-03 13:54:36.500000+00:00,combi,Standing,Dynamic
2024-07-03 13:55:36.500000+00:00,combi,Standing,Dynamic
2024-07-03 13:56:36.500000+00:00,combi,Sitting,Dynamic
2024-07-03 13:57:36.500000+00:00,combi,Sitting,Dynamic
2024-07-03 13:58:36.500000+00:00,combi,Standing,Dynamic
2024-07-03 13:59:36.500000+00:00,combi,Standing,Dynamic
2024-07-03 14:00:36.500000+00:00,combi,Standing,Dynamic
2024-07-03 14:01:36.500000+00:00,combi,Sitting,Dynamic
2024-07-03 14:02:36.500000+00:00,combi,Sitting,Dynamic
2024-07-03 14:03:36.500000+00:00,combi,Standing,Dynamic
2024-07-03 14:04:36.500000+00:00,combi,Standing,Dynamic
2024-07-03 14:05:36.500000+00:00,combi,Standing,Dynamic
2024-07-03 14:06:36.500000+00:00,combi,Standing,Dynamic
2024-07-03 14:07:36.500000+00:00,combi,Lying,Dynamic
2024-07-03 14:08:36.500000+00:00,combi,Standing,Dynamic
2024-07-03 14:09:36.500000+00:00,combi,Sitting,Dynamic
2024-07-03 14:10:36.500000+00:00,combi,Sitting,Dynamic
2024-07-03 14:11:36.500000+00:00,combi,Standing,Dynamic
2024-07-03 14:12:36.500000+00:00,combi,Standing,Dynamic
2024-07-03 14:13:36.500000+00:00,combi,Sitting,Dynamic
2024-07-03 14:14:36.500000+00:00,combi,Standing,Dynamic
2024-07-03 14:15:36.500000+00:00,combi,Sitting,Dynamic
2024-07-03 14:16:36.500000+00:00,combi,Sitting,Dynamic
2024-07-03 14:17:36.500000+00:00,combi,Lying,Dynamic
2024-07-03 14:18:36.500000+00:00,combi,Sitting,Dynamic
2024-07-03 14:19:36.500000+00:00,combi,Standing,Dynamic
2024-07-03 14:20:36.500000+00:00,combi,Standing,Dynamic
2024-07-03 14:21:36.500000+00:00,combi,Sitting,Dynamic
2024-07-03 14:22:36.500000+00:00,combi,Lying,Dynamic
2024-07-03 14:23:36.500000+00:00,combi,Lying,Dynamic
2024-07-03 14:24:36.500000+00:00,combi,Sitting,Dynamic
2024-07-03 14:25:36.500000+00:00,combi,Standing,Dynamic
2024-07-03 14:26:36.500000+00:00,combi,Lying,Dynamic
2024-07-03 14:27:36.500000+00:00,combi,Lying,Dynamic
2024-07-03 14:28:36.500000+00:00,combi,Lying,Dynamic
2024-07-03 14:29:36.500000+00:00,combi,Standing,Dynamic
2024-07-03 14:30:36.500000+00:00,combi,Standing,Standing
2024-07-03 14:31:36.500000+00:00,combi,Standing,Dynamic
2024-07-03 14:32:36.500000+00:00,combi,Sitting,Dynamic
2024-07-03 14:33:36.500000+00:00,combi,Sitting,Dynamic
2024-07-03 14:34:36.500000+00:00,combi,Standing,Dynamic
2024-07-03 14:35:36.500000+00:00,combi,Sitting,Dynamic
2024-07-03 14:36:36.500000+00:00,combi,Sitting,Dynamic
2024-07-03 14:37:36.500000+00:00,combi,Standing,Dynamic
2024-07-03 14:38:36.500000+00:00,combi,Standing,Dynamic
2024-07-03 14:39:36.500000+00:00,combi,Sitting,Sitting
2024-07-03 14:40:36.500000+00:00,combi,Standing,Dynamic
2024-07-03 14:41:36.500000+00:00,combi,Lying,Lying
2024-07-03 14:42:36.500000+00:00,combi,Standing,Dynamic
2024-07-03 14:43:36.500000+00:00,combi,Standing,Dynamic
2024-07-03 14:44:36.500000+00:00,combi,Sitting,Sitting
2024-07-03 14:45:36.500000+00:00,combi,Standing,Dynamic
2024-07-03 14:46:36.500000+00:00,combi,Lying,Dynamic
2024-07-03 14:47:36.500000+00:00,combi,Sitting,Dynamic
2024-07-03 14:48:36.500000+00:00,combi,Sitting,Dynamic
2024-07-03 14:49:36.500000+00:00,combi,Standing,Dynamic
2024-07-03 14:50:36.500000+00:00,combi,Standing,Dynamic
2024-07-03 14:51:36.500000+00:00,combi,Standing,Dynamic
2024-07-03 14:52:36.500000+00:00,combi,Standing,Dynamic
2024-07-03 14:53:36.500000+00:00,combi,Standing,Dynamic
2024-07-03 14:54:36.500000+00:00,combi,Standing,Dynamic
2024-07-03 14:55:36.500000+00:00,combi,Standing,Dynamic
2024-07-03 14:56:36.500000+00:00,combi,Lying,Dynamic
2024-07-03 14:57:36.500000+00:00,combi,Lying,Dynamic
2024-07-03 14:58:36.500000+00:00,combi,Sitting,Dynamic
2024-07-03 14:59:36.500000+00:00,combi,Standing,Dynamic
2024-07-03 15:00:36.500000+00:00,combi,Lying,Dynamic
2024-07-03 15:01:36.500000+00:00,combi,Standing,Dynamic
2024-07-03 15:02:36.500000+00:00,combi,Standing,Dynamic
2024-07-03 15:03:36.500000+00:00,combi,Sitting,Dynamic
2024-07-03 15:04:36.500000+00:00,combi,Standing,Dynamic
2024-07-03 15:05:36.500000+00:00,combi,Standing,Dynamic
2024-07-03 15:06:36.500000+00:00,combi,Standing,Dynamic
2024-07-03 15:07:36.500000+00:00,combi,Sitting,Dynamic
2024-07-03 15:08:36.500000+00:00,combi,Sitting,Sitting
2024-07-03 15:09:36.500000+00:00,combi,Standing,Standing
2024-07-03 15:10:36.500000+00:00,combi,Sitting,Dynamic
2024-07-03 15:11:36.500000+00:00,combi,Lying,Dynamic
2024-07-03 15:12:36.500000+00:00,combi,Sitting,Dynamic
2024-07-03 15:13:36.500000+00:00,combi,Standing,Dynamic
2024-07-03 15:14:36.500000+00:00,combi,Standing,Dynamic
2024-07-03 15:15:36.500000+00:00,combi,Sitting,Dynamic
2024-07-03 15:16:36.500000+00:00,combi,Standing,Dynamic
2024-07-03 15:17:36.500000+00:00,combi,Standing,Standing
2024-07-03 15:18:36.500000+00:00,combi,Sitting,Dynamic
2024-07-03 15:19:36.500000+00:00,combi,Standing,Dynamic
2024-07-03 15:20:36.500000+00:00,combi,Lying,Dynamic
2024-07-03 15:21:36.500000+00:00,combi,Sitting,Sitting
2024-07-03 15:22:36.500000+00:00,combi,Lying,Dynamic
2024-07-03 15:23:36.500000+00:00,combi,Lying,Dynamic
2024-07-03 15:24:36.500000+00:00,combi,Lying,Dynamic
2024-07-03 15:25:36.500000+00:00,combi,Sitting,Dynamic
2024-07-03 15:26:36.500000+00:00,combi,Sitting,Dynamic
2024-07-03 15:27:36.500000+00:00,combi,Standing,Dynamic
2024-07-03 15:28:36.500000+00:00,combi,Standing,Dynamic
2024-07-03 15:29:36.500000+00:00,combi,Standing,Standing
2024-07-03 15:30:36.500000+00:00,combi,Standing,Dynamic
2024-07-03 15:31:36.500000+00:00,combi,Standing,Dynamic
2024-07-03 15:32:36.500000+00:00,combi,Sitting,Sitting
2024-07-03 15:33:36.500000+00:00,combi,Standing,Standing
2024-07-03 15:34:36.500000+00:00,combi,Sitting,Sitting
2024-07-03 15:35:36.500000+00:00,combi,Sitting,Sitting
2024-07-03 15:36:36.500000+00:00,combi,Standing,Dynamic
2024-07-03 15:37:36.500000+00:00,combi,Standing,Dynamic
2024-07-03 15:38:36.500000+00:00,combi,Standing,Dynamic
2024-07-03 15:39:36.500000+00:00,combi,Standing,Dynamic
2024-07-03 15:40:36.500000+00:00,combi,Standing,Dynamic
2024-07-03 15:41:36.500000+00:00,combi,Standing,Dynamic
2024-07-03 15:42:36.500000+00:00,combi,Standing,Dynamic
2024-07-03 15:43:36.500000+00:00,combi,Sitting,Sitting
2024-07-03 15:44:36.500000+00:00,combi,Standing,Dynamic
2024-07-03 15:45:36.500000+00:00,combi,Standing,Dynamic
2024-07-03 15:46:36.500000+00:00,combi,Lying,Dynamic
2024-07-03 15:47:36.500000+00:00,combi,Standing,Dynamic
2024-07-03 15:48:36.500000+00:00,combi,Standing,Dynamic
2024-07-03 15:49:36.500000+00:00,combi,Sitting,Dynamic
2024-07-03 15:50:36.500000+00:00,combi,Standing,Dynamic
2024-07-03 15:51:36.500000+00:00,combi,Standing,Dynamic
2024-07-03 15:52:36.500000+00:00,combi,Standing,Dynamic
2024-07-03 15:53:36.500000+00:00,combi,Standing,Dynamic
2024-07-03 15:54:36.500000+00:00,combi,Standing,Dynamic
2024-07-03 15:55:36.500000+00:00,combi,Standing,Dynamic
2024-07-03 15:56:36.500000+00:00,combi,Lying,Dynamic
2024-07-03 15:57:36.500000+00:00,combi,Standing,Dynamic
2024-07-03 15:58:36.500000+00:00,combi,Standing,Dynamic
2024-07-03 15:59:36.500000+00:00,combi,Sitting,Dynamic
2024-07-03 16:00:36.500000+00:00,combi,Standing,Dynamic
2024-07-03 16:01:36.500000+00:00,combi,Standing,Dynamic
2024-07-03 16:02:36.500000+00:00,combi,Standing,Standing
2024-07-03 16:03:36.500000+00:00,combi,Standing,Dynamic
2024-07-03 16:04:36.500000+00:00,combi,Lying,Dynamic
2024-07-03 16:05:36.500000+00:00,combi,Lying,Dynamic
2024-07-03 16:06:36.500000+00:00,combi,Lying,Dynamic
2024-07-03 16:07:36.500000+00:00,combi,Standing,Dynamic
2024-07-03 16:08:36.500000+00:00,combi,Standing,Dynamic
2024-07-03 16:09:36.500000+00:00,combi,Standing,Dynamic
2024-07-03 16:10:36.500000+00:00,combi,Standing,Dynamic
2024-07-03 16:11:36.500000+00:00,combi,Sitting,Dynamic
2024-07-03 16:12:36.500000+00:00,combi,Standing,Standing
2024-07-03 16:13:36.500000+00:00,combi,Standing,Dynamic
2024-07-03 16:14:36.500000+00:00,combi,Standing,Dynamic
2024-07-03 16:15:36.500000+00:00,combi,Standing,Dynamic
2024-07-03 16:16:36.500000+00:00,combi,Standing,Dynamic
2024-07-03 16:17:36.500000+00:00,combi,Standing,Dynamic
2024-07-03 16:18:36.500000+00:00,combi,Standing,Dynamic
2024-07-03 16:19:36.500000+00:00,combi,Standing,Standing
2024-07-03 16:20:36.500000+00:00,combi,Standing,Standing
2024-07-03 16:21:36.500000+00:00,combi,Standing,Dynamic
2024-07-03 16:22:36.500000+00:00,combi,Sitting,Dynamic
2024-07-03 16:23:36.500000+00:00,combi,Standing,Dynamic
2024-07-03 16:24:36.500000+00:00,combi,Sitting,Dynamic
2024-07-03 16:25:36.500000+00:00,combi,Lying,Dynamic
2024-07-03 16:26:36.500000+00:00,combi,Standing,Dynamic
2024-07-03 16:27:36.500000+00:00,combi,Standing,Dynamic
2024-07-03 16:28:36.500000+00:00,combi,Standing,Dynamic
2024-07-03 16:29:36.500000+00:00,combi,Sitting,Sitting
2024-07-03 16:30:36.500000+00:00,combi,Sitting,Dynamic
2024-07-03 16:31:36.500000+00:00,combi,Sitting,Dynamic
2024-07-03 16:32:36.500000+00:00,combi,Sitting,Sitting
2024-07-03 16:33:36.500000+00:00,combi,Sitting,Dynamic
2024-07-03 16:34:36.500000+00:00,combi,Sitting,Sitting
2024-07-03 16:35:36.500000+00:00,combi,Sitting,Dynamic
2024-07-03 16:36:36.500000+00:00,combi,Sitting,Dynamic
2024-07-03 16:37:36.500000+00:00,combi,Sitting,Dynamic
2024-07-03 16:38:36.500000+00:00,combi,Standing,Dynamic
2024-07-03 16:39:36.500000+00:00,combi,Lying,Dynamic
2024-07-03 16:40:36.500000+00:00,combi,Lying,Dynamic
2024-07-03 16:41:36.500000+00:00,combi,Lying,Dynamic
2024-07-03 16:42:36.500000+00:00,combi,Standing,Dynamic
2024-07-03 16:43:36.500000+00:00,combi,Lying,Dynamic
2024-07-03 16:44:36.500000+00:00,combi,Standing,Dynamic
2024-07-03 16:45:36.500000+00:00,combi,Lying,Dynamic
2024-07-03 16:46:36.500000+00:00,combi,Standing,Dynamic
2024-07-03 16:47:36.500000+00:00,combi,Sitting,Dynamic
2024-07-03 16:48:36.500000+00:00,combi,Standing,Dynamic
2024-07-03 16:49:36.500000+00:00,combi,Lying,Dynamic
2024-07-03 16:50:36.500000+00:00,combi,Lying,Dynamic
2024-07-03 16:51:36.500000+00:00,combi,Standing,Dynamic
2024-07-03 16:52:36.500000+00:00,combi,Lying,Dynamic
2024-07-03 16:53:36.500000+00:00,combi,Sitting,Dynamic
2024-07-03 16:54:36.500000+00:00,combi,Standing,Dynamic
2024-07-03 16:55:36.500000+00:00,combi,Standing,Dynamic
2024-07-03 16:56:36.500000+00:00,combi,Standing,Dynamic
2024-07-03 16:57:36.500000+00:00,combi,Sitting,Dynamic
2024-07-03 16:58:36.500000+00:00,combi,Standing,Dynamic
2024-07-03 16:59:36.500000+00:00,combi,Standing,Dynamic
2024-07-03 17:00:36.500000+00:00,combi,Standing,Dynamic
2024-07-03 17:01:36.500000+00:00,combi,Standing,Dynamic
2024-07-03 17:02:36.500000+00:00,combi,Lying,Dynamic
2024-07-03 17:03:36.500000+00:00,combi,Standing,Dynamic
2024-07-03 17:04:36.500000+00:00,combi,Sitting,Dynamic
2024-07-03 17:05:36.500000+00:00,combi,Standing,Dynamic
2024-07-03 17:06:36.500000+00:00,combi,Sitting,Dynamic
2024-07-03 17:07:36.500000+00:00,combi,Standing,Dynamic
2024-07-03 17:08:36.500000+00:00,combi,Standing,Dynamic
2024-07-03 17:09:36.500000+00:00,combi,Sitting,Dynamic
2024-07-03 17:10:36.500000+00:00,combi,Standing,Dynamic
2024-07-03 17:11:36.500000+00:00,combi,Lying,Dynamic
2024-07-03 17:12:36.500000+00:00,combi,Lying,Dynamic
2024-07-03 17:13:36.500000+00:00,combi,Standing,Dynamic
2024-07-03 17:14:36.500000+00:00,combi,Standing,Dynamic
2024-07-03 17:15:36.500000+00:00,combi,Standing,Dynamic
2024-07-03 17:16:36.500000+00:00,combi,Sitting,Dynamic
2024-07-03 17:17:36.500000+00:00,combi,Sitting,Dynamic
2024-07-03 17:18:36.500000+00:00,combi,Sitting,Dynamic
2024-07-03 17:19:36.500000+00:00,combi,Standing,Dynamic
2024-07-03 17:20:36.500000+00:00,combi,Standing,Dynamic
2024-07-03 17:21:36.500000+00:00,combi,Standing,Dynamic
2024-07-03 17:22:36.500000+00:00,combi,Standing,Dynamic
2024-07-03 17:23:36.500000+00:00,combi,Standing,Dynamic
2024-07-03 17:24:36.500000+00:00,combi,Lying,Dynamic
2024-07-03 17:25:36.500000+00:00,combi,Lying,Dynamic
2024-07-03 17:26:36.500000+00:00,combi,Sitting,Dynamic
2024-07-03 17:27:36.500000+00:00,combi,Standing,Dynamic
2024-07-03 17:28:36.500000+00:00,combi,Standing,Dynamic
2024-07-03 17:29:36.500000+00:00,combi,Sitting,Dynamic
2024-07-03 17:30:36.500000+00:00,combi,Standing,Dynamic
2024-07-03 17:31:36.500000+00:00,combi,Sitting,Dynamic
2024-07-03 17:32:36.500000+00:00,combi,Lying,Dynamic
2024-07-03 17:33:36.500000+00:00,combi,Standing,Dynamic
2024-07-03 17:34:36.500000+00:00,combi,Standing,Dynamic
2024-07-03 17:35:36.500000+00:00,combi,Sitting,Dynamic
2024-07-03 17:36:36.500000+00:00,combi,Standing,Dynamic
2024-07-03 17:37:36.500000+00:00,combi,Standing,Dynamic
2024-07-03 17:38:36.500000+00:00,combi,Standing,Dynamic
2024-07-03 17:39:36.500000+00:00,combi,Lying,Dynamic
2024-07-03 17:40:36.500000+00:00,combi,Standing,Dynamic
2024-07-03 17:41:36.500000+00:00,combi,Lying,Dynamic
2024-07-03 17:42:36.500000+00:00,combi,Lying,Dynamic
2024-07-03 17:43:36.500000+00:00,combi,Standing,Dynamic
2024-07-03 17:44:36.500000+00:00,combi,Standing,Dynamic
2024-07-03 17:45:36.500000+00:00,combi,Standing,Dynamic
2024-07-03 17:46:36.500000+00:00,combi,Lying,Dynamic
2024-07-03 17:47:36.500000+00:00,combi,Standing,Dynamic
2024-07-03 17:48:36.500000+00:00,combi,Standing,Dynamic
2024-07-03 17:49:36.500000+00:00,combi,Standing,Dynamic
2024-07-03 17:50:36.500000+00:00,combi,Standing,Dynamic
2024-07-03 17:51:36.500000+00:00,combi,Standing,Dynamic
2024-07-03 17:52:36.500000+00:00,combi,Lying,Dynamic
2024-07-03 17:53:36.500000+00:00,combi,Standing,Standing
2024-07-03 17:54:36.500000+00:00,combi,Standing,Dynamic
2024-07-03 17:55:36.500000+00:00,combi,Standing,Dynamic
2024-07-03 17:56:36.500000+00:00,combi,Standing,Dynamic
2024-07-03 17:57:36.500000+00:00,combi,Sitting,Dynamic
2024-07-03 17:58:36.500000+00:00,combi,Standing,Dynamic
2024-07-03 17:59:36.500000+00:00,combi,Standing,Dynamic
2024-07-03 18:00:36.500000+00:00,combi,Standing,Dynamic
2024-07-03 18:01:36.500000+00:00,combi,Standing,Dynamic
2024-07-03 18:02:36.500000+00:00,combi,Standing,Dynamic
2024-07-03 18:03:36.500000+00:00,combi,Standing,Dynamic
2024-07-03 18:04:36.500000+00:00,combi,Standing,Dynamic
2024-07-03 18:05:36.500000+00:00,combi,Standing,Dynamic
2024-07-03 18:06:36.500000+00:00,combi,Standing,Dynamic
2024-07-03 18:07:36.500000+00:00,combi,Standing,Dynamic
2024-07-03 18:08:36.500000+00:00,combi,Standing,Dynamic
2024-07-03 18:09:36.500000+00:00,combi,Standing,Dynamic
2024-07-03 18:10:36.500000+00:00,combi,Standing,Dynamic
2024-07-03 18:11:36.500000+00:00,combi,Standing,Dynamic
2024-07-03 18:12:36.500000+00:00,combi,Standing,Dynamic
2024-07-03 18:13:36.500000+00:00,combi,Sitting,Sitting
2024-07-03 18:14:36.500000+00:00,combi,Sitting,Dynamic
2024-07-03 18:15:36.500000+00:00,combi,Sitting,Dynamic
2024-07-03 18:16:36.500000+00:00,combi,Lying,Dynamic
2024-07-03 18:17:36.500000+00:00,combi,Lying,Dynamic
2024-07-03 18:18:36.500000+00:00,combi,Standing,Dynamic
2024-07-03 18:19:36.500000+00:00,combi,Standing,Dynamic
2024-07-03 18:20:36.500000+00:00,combi,Standing,Dynamic
2024-07-03 18:21:36.500000+00:00,combi,Standing,Dynamic
2024-07-03 18:22:36.500000+00:00,combi,Standing,Dynamic
2024-07-03 18:23:36.500000+00:00,combi,Standing,Dynamic
2024-07-03 18:24:36.500000+00:00,combi,Lying,Dynamic
2024-07-03 18:25:36.500000+00:00,combi,Standing,Dynamic
2024-07-03 18:26:36.500000+00:00,combi,Standing,Dynamic
2024-07-03 18:27:36.500000+00:00,combi,Standing,Dynamic
2024-07-03 18:28:36.500000+00:00,combi,Standing,Dynamic
2024-07-03 18:29:36.500000+00:00,combi,Standing,Dynamic
2024-07-03 18:30:36.500000+00:00,combi,Standing,Dynamic
2024-07-03 18:31:36.500000+00:00,combi,Standing,Dynamic
2024-07-03 18:32:36.500000+00:00,combi,Standing,Dynamic
2024-07-03 18:33:36.500000+00:00,combi,Standing,Dynamic
2024-07-03 18:34:36.500000+00:00,combi,Standing,Dynamic
2024-07-03 18:35:36.500000+00:00,combi,Standing,Dynamic
2024-07-03 18:36:36.500000+00:00,combi,Standing,Dynamic
2024-07-03 18:37:36.500000+00:00,combi,Standing,Dynamic
2024-07-03 18:38:36.500000+00:00,combi,Standing,Dynamic
2024-07-03 18:39:36.500000+00:00,combi,Standing,Standing
2024-07-03 18:40:36.500000+00:00,combi,Standing,Dynamic
2024-07-03 18:41:36.500000+00:00,combi,Standing,Dynamic
2024-07-03 18:42:36.500000+00:00,combi,Standing,Dynamic
2024-07-03 18:43:36.500000+00:00,combi,Standing,Dynamic
2024-07-03 18:44:36.500000+00:00,combi,Standing,Dynamic
2024-07-03 18:45:36.500000+00:00,combi,Standing,Dynamic
2024-07-03 18:46:36.500000+00:00,combi,Standing,Dynamic
2024-07-03 18:47:36.500000+00:00,combi,Standing,Dynamic
2024-07-03 18:48:36.500000+00:00,combi,Standing,Dynamic
2024-07-03 18:49:36.500000+00:00,combi,Standing,Dynamic
2024-07-03 18:50:36.500000+00:00,combi,Standing,Dynamic
2024-07-03 18:51:36.500000+00:00,combi,Standing,Dynamic
2024-07-03 18:52:36.500000+00:00,combi,Standing,Dynamic
2024-07-03 18:53:36.500000+00:00,combi,Standing,Dynamic
2024-07-03 18:54:36.500000+00:00,combi,Standing,Dynamic
2024-07-03 18:55:36.500000+00:00,combi,Standing,Dynamic
2024-07-03 18:56:36.500000+00:00,combi,Standing,Dynamic
2024-07-03 18:57:36.500000+00:00,combi,Standing,Dynamic
2024-07-03 18:58:36.500000+00:00,combi,Standing,Dynamic
2024-07-03 18:59:36.500000+00:00,combi,Standing,Dynamic
2024-07-03 19:00:36.500000+00:00,combi,Standing,Dynamic
2024-07-03 19:01:36.500000+00:00,combi,Standing,Dynamic
2024-07-03 19:02:36.500000+00:00,combi,Standing,Dynamic
2024-07-03 19:03:36.500000+00:00,combi,Sitting,Sitting
2024-07-03 19:04:36.500000+00:00,combi,Sitting,Sitting
2024-07-03 19:05:36.500000+00:00,combi,Sitting,Sitting
2024-07-03 19:06:36.500000+00:00,combi,Sitting,Sitting
2024-07-03 19:07:36.500000+00:00,combi,Sitting,Sitting
2024-07-03 19:08:36.500000+00:00,combi,Sitting,Sitting
2024-07-03 19:09:36.500000+00:00,combi,Sitting,Sitting
2024-07-03 19:10:36.500000+00:00,combi,Sitting,Sitting
2024-07-03 19:11:36.500000+00:00,combi,Sitting,Sitting
2024-07-03 19:12:36.500000+00:00,combi,Sitting,Sitting
2024-07-03 19:13:36.500000+00:00,combi,Sitting,Sitting
2024-07-03 19:14:36.500000+00:00,combi,Sitting,Sitting
2024-07-03 19:15:36.500000+00:00,combi,Sitting,Sitting
2024-07-03 19:16:36.500000+00:00,combi,Sitting,Sitting
2024-07-03 19:17:36.500000+00:00,combi,Sitting,Sitting
2024-07-03 19:18:36.500000+00:00,combi,Sitting,Sitting
2024-07-03 19:19:36.500000+00:00,combi,Sitting,Sitting
2024-07-03 19:20:36.500000+00:00,combi,Standing,Dynamic
2024-07-03 19:21:36.500000+00:00,combi,Standing,Dynamic
2024-07-03 19:22:36.500000+00:00,combi,Standing,Dynamic
2024-07-03 19:23:36.500000+00:00,combi,Standing,Dynamic
2024-07-03 19:24:36.500000+00:00,combi,Sitting,Sitting
2024-07-03 19:25:36.500000+00:00,combi,Sitting,Sitting
2024-07-03 19:26:36.500000+00:00,combi,Sitting,Sitting
2024-07-03 19:27:36.500000+00:00,combi,Sitting,Sitting
2024-07-03 19:28:36.500000+00:00,combi,Sitting,Sitting
2024-07-03 19:29:36.500000+00:00,combi,Standing,Dynamic
2024-07-03 19:30:36.500000+00:00,combi,Sitting,Sitting
2024-07-03 19:31:36.500000+00:00,combi,Sitting,Sitting
2024-07-03 19:32:36.500000+00:00,combi,Sitting,Sitting
2024-07-03 19:33:36.500000+00:00,combi,Sitting,Sitting
2024-07-03 19:34:36.500000+00:00,combi,Sitting,Sitting
2024-07-03 19:35:36.500000+00:00,combi,Standing,Dynamic
2024-07-03 19:36:36.500000+00:00,combi,Standing,Dynamic
2024-07-03 19:37:36.500000+00:00,combi,Standing,Dynamic
2024-07-03 19:38:36.500000+00:00,combi,Standing,Dynamic
2024-07-03 19:39:36.500000+00:00,combi,Standing,Dynamic
2024-07-03 19:40:36.500000+00:00,combi,Lying,Dynamic
2024-07-03 19:41:36.500000+00:00,combi,Lying,Dynamic
2024-07-03 19:42:36.500000+00:00,combi,Lying,Dynamic
2024-07-03 19:43:36.500000+00:00,combi,Standing,Dynamic
2024-07-03 19:44:36.500000+00:00,combi,Standing,Standing
2024-07-03 19:45:36.500000+00:00,combi,Standing,Dynamic
2024-07-03 19:46:36.500000+00:00,combi,Standing,Standing
2024-07-03 19:47:36.500000+00:00,combi,Standing,Standing
2024-07-03 19:48:36.500000+00:00,combi,Sitting,Sitting
2024-07-03 19:49:36.500000+00:00,combi,Sitting,Sitting
2024-07-03 19:50:36.500000+00:00,combi,Sitting,Sitting
2024-07-03 19:51:36.500000+00:00,combi,Sitting,Sitting
2024-07-03 19:52:36.500000+00:00,combi,Sitting,Sitting
2024-07-03 19:53:36.500000+00:00,combi,Sitting,Sitting
2024-07-03 19:54:36.500000+00:00,combi,Sitting,Sitting
2024-07-03 19:55:36.500000+00:00,combi,Sitting,Sitting
2024-07-03 19:56:36.500000+00:00,combi,Sitting,Sitting
2024-07-03 19:57:36.500000+00:00,combi,Sitting,Sitting
2024-07-03 19:58:36.500000+00:00,combi,Sitting,Sitting
2024-07-03 19:59:36.500000+00:00,combi,Sitting,Sitting
2024-07-03 20:00:36.500000+00:00,combi,Sitting,Sitting
2024-07-03 20:01:36.500000+00:00,combi,Sitting,Sitting
2024-07-03 20:02:36.500000+00:00,combi,Sitting,Sitting
2024-07-03 20:03:36.500000+00:00,combi,Sitting,Sitting
2024-07-03 20:04:36.500000+00:00,combi,Sitting,Sitting
2024-07-03 20:05:36.500000+00:00,combi,Sitting,Sitting
2024-07-03 20:06:36.500000+00:00,combi,Sitting,Sitting
2024-07-03 20:07:36.500000+00:00,combi,Sitting,Sitting
2024-07-03 20:08:36.500000+00:00,combi,Sitting,Sitting
2024-07-03 20:09:36.500000+00:00,combi,Sitting,Sitting
2024-07-03 20:10:36.500000+00:00,combi,Sitting,Sitting
2024-07-03 20:11:36.500000+00:00,combi,Sitting,Sitting
2024-07-03 20:12:36.500000+00:00,combi,Sitting,Sitting
2024-07-03 20:13:36.500000+00:00,combi,Sitting,Sitting
2024-07-03 20:14:36.500000+00:00,combi,Sitting,Sitting
2024-07-03 20:15:36.500000+00:00,combi,Sitting,Sitting
2024-07-03 20:16:36.500000+00:00,combi,Sitting,Sitting
2024-07-03 20:17:36.500000+00:00,combi,Sitting,Sitting
2024-07-03 20:18:36.500000+00:00,combi,Sitting,Sitting
2024-07-03 20:19:36.500000+00:00,combi,Sitting,Sitting
2024-07-03 20:20:36.500000+00:00,combi,Sitting,Sitting
2024-07-03 20:21:36.500000+00:00,combi,Sitting,Sitting
2024-07-03 20:22:36.500000+00:00,combi,Sitting,Sitting
2024-07-03 20:23:36.500000+00:00,combi,Sitting,Sitting
2024-07-03 20:24:36.500000+00:00,combi,Sitting,Sitting
2024-07-03 20:25:36.500000+00:00,combi,Sitting,Sitting
2024-07-03 20:26:36.500000+00:00,combi,Standing,Standing
2024-07-03 20:27:36.500000+00:00,combi,Standing,Standing
2024-07-03 20:28:36.500000+00:00,combi,Standing,Standing
2024-07-03 20:29:36.500000+00:00,combi,Standing,Standing
2024-07-03 20:30:36.500000+00:00,combi,Standing,Standing
2024-07-03 20:31:36.500000+00:00,combi,Standing,Dynamic
2024-07-03 20:32:36.500000+00:00,combi,Standing,Sitting
2024-07-03 20:33:36.500000+00:00,combi,Standing,Standing
2024-07-03 20:34:36.500000+00:00,combi,Standing,Standing
2024-07-03 20:35:36.500000+00:00,combi,Standing,Standing
2024-07-03 20:36:36.500000+00:00,combi,Standing,Standing
2024-07-03 20:37:36.500000+00:00,combi,Standing,Standing
2024-07-03 20:38:36.500000+00:00,combi,Standing,Standing
2024-07-03 20:39:36.500000+00:00,combi,Standing,Standing
2024-07-03 20:40:36.500000+00:00,combi,Standing,Standing
2024-07-03 20:41:36.500000+00:00,combi,Sitting,Sitting
2024-07-03 20:42:36.500000+00:00,combi,Standing,Standing
2024-07-03 20:43:36.500000+00:00,combi,Standing,Sitting
2024-07-03 20:44:36.500000+00:00,combi,Standing,Standing
2024-07-03 20:45:36.500000+00:00,combi,Standing,Sitting
2024-07-03 20:46:36.500000+00:00,combi,Standing,Sitting
2024-07-03 20:47:36.500000+00:00,combi,Standing,Standing
2024-07-03 20:48:36.500000+00:00,combi,Standing,Standing
2024-07-03 20:49:36.500000+00:00,combi,Standing,Standing
2024-07-03 20:50:36.500000+00:00,combi,Standing,Standing
2024-07-03 20:51:36.500000+00:00,combi,Standing,Standing
2024-07-03 20:52:36.500000+00:00,combi,Standing,Standing
2024-07-03 20:53:36.500000+00:00,combi,Standing,Standing
2024-07-03 20:54:36.500000+00:00,combi,Standing,Standing
2024-07-03 20:55:36.500000+00:00,combi,Standing,Standing
2024-07-03 20:56:36.500000+00:00,combi,Sitting,Sitting
2024-07-03 20:57:36.500000+00:00,combi,Sitting,Sitting
2024-07-03 20:58:36.500000+00:00,combi,Sitting,Sitting
2024-07-03 20:59:36.500000+00:00,combi,Standing,Standing
2024-07-03 21:00:36.500000+00:00,combi,Standing,Dynamic
2024-07-03 21:01:36.500000+00:00,combi,Standing,Standing
2024-07-03 21:02:36.500000+00:00,combi,Standing,Standing
2024-07-03 21:03:36.500000+00:00,combi,Standing,Standing
2024-07-03 21:04:36.500000+00:00,combi,Standing,Standing
2024-07-03 21:05:36.500000+00:00,combi,Standing,Standing
2024-07-03 21:06:36.500000+00:00,combi,Sitting,Sitting
2024-07-03 21:07:36.500000+00:00,combi,Standing,Standing
2024-07-03 21:08:36.500000+00:00,combi,Standing,Standing
2024-07-03 21:09:36.500000+00:00,combi,Sitting,Sitting
2024-07-03 21:10:36.500000+00:00,combi,Sitting,Sitting
2024-07-03 21:11:36.500000+00:00,combi,Sitting,Sitting
2024-07-03 21:12:36.500000+00:00,combi,Sitting,Sitting
2024-07-03 21:13:36.500000+00:00,combi,Sitting,Sitting
2024-07-03 21:14:36.500000+00:00,combi,Sitting,Sitting
2024-07-03 21:15:36.500000+00:00,combi,Sitting,Sitting
2024-07-03 21:16:36.500000+00:00,combi,Standing,Standing
2024-07-03 21:17:36.500000+00:00,combi,Standing,Standing
2024-07-03 21:18:36.500000+00:00,combi,Sitting,Sitting
2024-07-03 21:19:36.500000+00:00,combi,Sitting,Sitting
2024-07-03 21:20:36.500000+00:00,combi,Sitting,Sitting
2024-07-03 21:21:36.500000+00:00,combi,Sitting,Sitting
2024-07-03 21:22:36.500000+00:00,combi,Standing,Sitting
2024-07-03 21:23:36.500000+00:00,combi,Sitting,Sitting
2024-07-03 21:24:36.500000+00:00,combi,Sitting,Sitting
2024-07-03 21:25:36.500000+00:00,combi,Sitting,Sitting
2024-07-03 21:26:36.500000+00:00,combi,Sitting,Sitting
2024-07-03 21:27:36.500000+00:00,combi,Sitting,Sitting
2024-07-03 21:28:36.500000+00:00,combi,Sitting,Sitting
2024-07-03 21:29:36.500000+00:00,combi,Sitting,Sitting
2024-07-03 21:30:36.500000+00:00,combi,Sitting,Sitting
2024-07-03 21:31:36.500000+00:00,combi,Sitting,Sitting
2024-07-03 21:32:36.500000+00:00,combi,Sitting,Sitting
2024-07-03 21:33:36.500000+00:00,combi,Sitting,Sitting
2024-07-03 21:34:36.500000+00:00,combi,Sitting,Sitting
2024-07-03 21:35:36.500000+00:00,combi,Sitting,Sitting
2024-07-03 21:36:36.500000+00:00,combi,Sitting,Sitting
2024-07-03 21:37:36.500000+00:00,combi,Sitting,Sitting
2024-07-03 21:38:36.500000+00:00,combi,Sitting,Sitting
2024-07-03 21:39:36.500000+00:00,combi,Sitting,Sitting
2024-07-03 21:40:36.500000+00:00,combi,Lying,Dynamic
2024-07-03 21:41:36.500000+00:00,combi,Lying,Lying
2024-07-03 21:42:36.500000+00:00,combi,Lying,Lying
2024-07-03 21:43:36.500000+00:00,combi,Lying,Lying
2024-07-03 21:44:36.500000+00:00,combi,Lying,Lying
2024-07-03 21:45:36.500000+00:00,combi,Lying,Lying
2024-07-03 21:46:36.500000+00:00,combi,Lying,Lying
2024-07-03 21:47:36.500000+00:00,combi,Lying,Lying
2024-07-03 21:48:36.500000+00:00,combi,Lying,Lying
2024-07-03 21:49:36.500000+00:00,combi,Lying,Lying
2024-07-03 21:50:36.500000+00:00,combi,Lying,Lying
2024-07-03 21:51:36.500000+00:00,combi,Lying,Lying
2024-07-03 21:52:36.500000+00:00,combi,Lying,Lying
2024-07-03 21:53:36.500000+00:00,combi,Lying,Lying
2024-07-03 21:54:36.500000+00:00,combi,Lying,Lying
2024-07-03 21:55:36.500000+00:00,combi,Lying,Lying
2024-07-03 21:56:36.500000+00:00,combi,Lying,Lying
2024-07-03 21:57:36.500000+00:00,combi,Lying,Lying
2024-07-03 21:58:36.500000+00:00,combi,Lying,Lying
2024-07-03 21:59:36.500000+00:00,combi,Lying,Lying
2024-07-03 22:00:36.500000+00:00,combi,Lying,Lying
2024-07-03 22:01:36.500000+00:00,combi,Lying,Lying
2024-07-03 22:02:36.500000+00:00,combi,Lying,Lying
2024-07-03 22:03:36.500000+00:00,combi,Lying,Lying
2024-07-03 22:04:36.500000+00:00,combi,Lying,Lying
2024-07-03 22:05:36.500000+00:00,combi,Lying,Lying
2024-07-03 22:06:36.500000+00:00,combi,Lying,Lying
2024-07-03 22:07:36.500000+00:00,combi,Lying,Lying
2024-07-03 22:08:36.500000+00:00,combi,Lying,Lying
2024-07-03 22:09:36.500000+00:00,combi,Lying,Lying
2024-07-03 22:10:36.500000+00:00,combi,Lying,Lying
2024-07-03 22:11:36.500000+00:00,combi,Lying,Lying
2024-07-03 22:12:36.500000+00:00,combi,Lying,Lying
2024-07-03 22:13:36.500000+00:00,combi,Lying,Lying
2024-07-03 22:14:36.500000+00:00,combi,Lying,Lying
2024-07-03 22:15:36.500000+00:00,combi,Lying,Lying
2024-07-03 22:16:36.500000+00:00,combi,Lying,Lying
2024-07-03 22:17:36.500000+00:00,combi,Lying,Lying
2024-07-03 22:18:36.500000+00:00,combi,Lying,Lying
2024-07-03 22:19:36.500000+00:00,combi,Lying,Lying
2024-07-03 22:20:36.500000+00:00,combi,Lying,Lying
2024-07-03 22:21:36.500000+00:00,combi,Lying,Lying
2024-07-03 22:22:36.500000+00:00,combi,Lying,Lying
2024-07-03 22:23:36.500000+00:00,combi,Lying,Lying
2024-07-03 22:24:36.500000+00:00,combi,Lying,Lying
2024-07-03 22:25:36.500000+00:00,combi,Lying,Lying
2024-07-03 22:26:36.500000+00:00,combi,Lying,Lying
2024-07-03 22:27:36.500000+00:00,combi,Lying,Lying
2024-07-03 22:28:36.500000+00:00,combi,Lying,Lying
2024-07-03 22:29:36.500000+00:00,combi,Lying,Lying
2024-07-03 22:30:36.500000+00:00,combi,Lying,Lying
2024-07-03 22:31:36.500000+00:00,combi,Lying,Lying
2024-07-03 22:32:36.500000+00:00,combi,Lying,Lying
2024-07-03 22:33:36.500000+00:00,combi,Lying,Lying
2024-07-03 22:34:36.500000+00:00,combi,Lying,Lying
2024-07-03 22:35:36.500000+00:00,combi,Lying,Lying
2024-07-03 22:36:36.500000+00:00,combi,Lying,Lying
2024-07-03 22:37:36.500000+00:00,combi,Lying,Lying
2024-07-03 22:38:36.500000+00:00,combi,Lying,Lying
2024-07-03 22:39:36.500000+00:00,combi,Lying,Lying
2024-07-03 22:40:36.500000+00:00,combi,Lying,Lying
2024-07-03 22:41:36.500000+00:00,combi,Lying,Lying
2024-07-03 22:42:36.500000+00:00,combi,Lying,Lying
2024-07-03 22:43:36.500000+00:00,combi,Lying,Lying
2024-07-03 22:44:36.500000+00:00,combi,Lying,Lying
2024-07-03 22:45:36.500000+00:00,combi,Lying,Lying
2024-07-03 22:46:36.500000+00:00,combi,Lying,Lying
2024-07-03 22:47:36.500000+00:00,combi,Lying,Lying
2024-07-03 22:48:36.500000+00:00,combi,Lying,Lying
2024-07-03 22:49:36.500000+00:00,combi,Lying,Lying
2024-07-03 22:50:36.500000+00:00,combi,Lying,Lying
2024-07-03 22:51:36.500000+00:00,combi,Lying,Lying
2024-07-03 22:52:36.500000+00:00,combi,Lying,Lying
2024-07-03 22:53:36.500000+00:00,combi,Lying,Lying
2024-07-03 22:54:36.500000+00:00,combi,Lying,Lying
2024-07-03 22:55:36.500000+00:00,combi,Lying,Lying
2024-07-03 22:56:36.500000+00:00,combi,Lying,Lying
2024-07-03 22:57:36.500000+00:00,combi,Lying,Lying
2024-07-03 22:58:36.500000+00:00,combi,Lying,Lying
2024-07-03 22:59:36.500000+00:00,combi,Lying,Lying
2024-07-03 23:00:36.500000+00:00,combi,Lying,Lying
2024-07-03 23:01:36.500000+00:00,combi,Lying,Lying
2024-07-03 23:02:36.500000+00:00,combi,Lying,Lying
2024-07-03 23:03:36.500000+00:00,combi,Lying,Lying
2024-07-03 23:04:36.500000+00:00,combi,Lying,Lying
2024-07-03 23:05:36.500000+00:00,combi,Lying,Lying
2024-07-03 23:06:36.500000+00:00,combi,Lying,Lying
2024-07-03 23:07:36.500000+00:00,combi,Lying,Lying
2024-07-03 23:08:36.500000+00:00,combi,Lying,Lying
2024-07-03 23:09:36.500000+00:00,combi,Lying,Lying
2024-07-03 23:10:36.500000+00:00,combi,Lying,Lying
2024-07-03 23:11:36.500000+00:00,combi,Lying,Lying
2024-07-03 23:12:36.500000+00:00,combi,Lying,Lying
2024-07-03 23:13:36.500000+00:00,combi,Lying,Lying
2024-07-03 23:14:36.500000+00:00,combi,Lying,Lying
2024-07-03 23:15:36.500000+00:00,combi,Lying,Lying
2024-07-03 23:16:36.500000+00:00,combi,Lying,Lying
2024-07-03 23:17:36.500000+00:00,combi,Lying,Lying
2024-07-03 23:18:36.500000+00:00,combi,Lying,Lying
2024-07-03 23:19:36.500000+00:00,combi,Lying,Lying
2024-07-03 23:20:36.500000+00:00,combi,Lying,Lying
2024-07-03 23:21:36.500000+00:00,combi,Lying,Lying
2024-07-03 23:22:36.500000+00:00,combi,Lying,Lying
2024-07-03 23:23:36.500000+00:00,combi,Lying,Lying
2024-07-03 23:24:36.500000+00:00,combi,Lying,Lying
2024-07-03 23:25:36.500000+00:00,combi,Lying,Lying
2024-07-03 23:26:36.500000+00:00,combi,Lying,Lying
2024-07-03 23:27:36.500000+00:00,combi,Lying,Lying
2024-07-03 23:28:36.500000+00:00,combi,Lying,Lying
2024-07-03 23:29:36.500000+00:00,combi,Lying,Lying
2024-07-03 23:30:36.500000+00:00,combi,Lying,Lying
2024-07-03 23:31:36.500000+00:00,combi,Lying,Lying
2024-07-03 23:32:36.500000+00:00,combi,Lying,Lying
2024-07-03 23:33:36.500000+00:00,combi,Lying,Lying
2024-07-03 23:34:36.500000+00:00,combi,Lying,Lying
2024-07-03 23:35:36.500000+00:00,combi,Lying,Lying
2024-07-03 23:36:36.500000+00:00,combi,Lying,Lying
2024-07-03 23:37:36.500000+00:00,combi,Lying,Lying
2024-07-03 23:38:36.500000+00:00,combi,Lying,Lying
2024-07-03 23:39:36.500000+00:00,combi,Lying,Lying
2024-07-03 23:40:36.500000+00:00,combi,Lying,Lying
2024-07-03 23:41:36.500000+00:00,combi,Lying,Lying
2024-07-03 23:42:36.500000+00:00,combi,Lying,Lying
2024-07-03 23:43:36.500000+00:00,combi,Lying,Lying
2024-07-03 23:44:36.500000+00:00,combi,Lying,Lying
2024-07-03 23:45:36.500000+00:00,combi,Lying,Lying
2024-07-03 23:46:36.500000+00:00,combi,Lying,Lying
2024-07-03 23:47:36.500000+00:00,combi,Lying,Lying
2024-07-03 23:48:36.500000+00:00,combi,Lying,Lying
2024-07-03 23:49:36.500000+00:00,combi,Lying,Lying
2024-07-03 23:50:36.500000+00:00,combi,Lying,Lying
2024-07-03 23:51:36.500000+00:00,combi,Lying,Lying
2024-07-03 23:52:36.500000+00:00,combi,Lying,Lying
2024-07-03 23:53:36.500000+00:00,combi,Lying,Lying
2024-07-03 23:54:36.500000+00:00,combi,Lying,Lying
2024-07-03 23:55:36.500000+00:00,combi,Lying,Lying
2024-07-03 23:56:36.500000+00:00,combi,Lying,Lying
2024-07-03 23:57:36.500000+00:00,combi,Lying,Lying
2024-07-03 23:58:36.500000+00:00,combi,Lying,Lying
2024-07-03 23:59:36.500000+00:00,combi,Lying,Lying
2024-07-04 00:00:36.500000+00:00,combi,Lying,Lying
2024-07-04 00:01:36.500000+00:00,combi,Lying,Lying
2024-07-04 00:02:36.500000+00:00,combi,Lying,Lying
2024-07-04 00:03:36.500000+00:00,combi,Lying,Lying
2024-07-04 00:04:36.500000+00:00,combi,Lying,Lying
2024-07-04 00:05:36.500000+00:00,combi,Lying,Lying
2024-07-04 00:06:36.500000+00:00,combi,Lying,Lying
2024-07-04 00:07:36.500000+00:00,combi,Lying,Lying
2024-07-04 00:08:36.500000+00:00,combi,Lying,Lying
2024-07-04 00:09:36.500000+00:00,combi,Lying,Lying
2024-07-04 00:10:36.500000+00:00,combi,Lying,Lying
2024-07-04 00:11:36.500000+00:00,combi,Lying,Lying
2024-07-04 00:12:36.500000+00:00,combi,Lying,Lying
2024-07-04 00:13:36.500000+00:00,combi,Lying,Lying
2024-07-04 00:14:36.500000+00:00,combi,Lying,Lying
2024-07-04 00:15:36.500000+00:00,combi,Lying,Lying
2024-07-04 00:16:36.500000+00:00,combi,Lying,Lying
2024-07-04 00:17:36.500000+00:00,combi,Lying,Lying
2024-07-04 00:18:36.500000+00:00,combi,Lying,Lying
2024-07-04 00:19:36.500000+00:00,combi,Lying,Lying
2024-07-04 00:20:36.500000+00:00,combi,Lying,Lying
2024-07-04 00:21:36.500000+00:00,combi,Lying,Lying
2024-07-04 00:22:36.500000+00:00,combi,Lying,Lying
2024-07-04 00:23:36.500000+00:00,combi,Lying,Lying
2024-07-04 00:24:36.500000+00:00,combi,Lying,Lying
2024-07-04 00:25:36.500000+00:00,combi,Lying,Lying
2024-07-04 00:26:36.500000+00:00,combi,Lying,Lying
2024-07-04 00:27:36.500000+00:00,combi,Lying,Lying
2024-07-04 00:28:36.500000+00:00,combi,Lying,Lying
2024-07-04 00:29:36.500000+00:00,combi,Lying,Lying
2024-07-04 00:30:36.500000+00:00,combi,Lying,Lying
2024-07-04 00:31:36.500000+00:00,combi,Lying,Lying
2024-07-04 00:32:36.500000+00:00,combi,Sitting,Dynamic
2024-07-04 00:33:36.500000+00:00,combi,Sitting,Sitting
2024-07-04 00:34:36.500000+00:00,combi,Standing,Standing
2024-07-04 00:35:36.500000+00:00,combi,Standing,Standing
2024-07-04 00:36:36.500000+00:00,combi,Standing,Dynamic
2024-07-04 00:37:36.500000+00:00,combi,Sitting,Sitting
2024-07-04 00:38:36.500000+00:00,combi,Lying,Lying
2024-07-04 00:39:36.500000+00:00,combi,Lying,Lying
2024-07-04 00:40:36.500000+00:00,combi,Lying,Lying
2024-07-04 00:41:36.500000+00:00,combi,Lying,Lying
2024-07-04 00:42:36.500000+00:00,combi,Lying,Lying
2024-07-04 00:43:36.500000+00:00,combi,Lying,Lying
2024-07-04 00:44:36.500000+00:00,combi,Sitting,Sitting
2024-07-04 00:45:36.500000+00:00,combi,Lying,Lying
2024-07-04 00:46:36.500000+00:00,combi,Lying,Lying
2024-07-04 00:47:36.500000+00:00,combi,Lying,Lying
2024-07-04 00:48:36.500000+00:00,combi,Lying,Lying
2024-07-04 00:49:36.500000+00:00,combi,Lying,Lying
2024-07-04 00:50:36.500000+00:00,combi,Lying,Lying
2024-07-04 00:51:36.500000+00:00,combi,Lying,Lying
2024-07-04 00:52:36.500000+00:00,combi,Lying,Lying
2024-07-04 00:53:36.500000+00:00,combi,Lying,Lying
2024-07-04 00:54:36.500000+00:00,combi,Lying,Lying
2024-07-04 00:55:36.500000+00:00,combi,Lying,Lying
2024-07-04 00:56:36.500000+00:00,combi,Lying,Lying
2024-07-04 00:57:36.500000+00:00,combi,Lying,Lying
2024-07-04 00:58:36.500000+00:00,combi,Lying,Lying
2024-07-04 00:59:36.500000+00:00,combi,Lying,Lying
2024-07-04 01:00:36.500000+00:00,combi,Lying,Lying
2024-07-04 01:01:36.500000+00:00,combi,Lying,Lying
2024-07-04 01:02:36.500000+00:00,combi,Lying,Lying
2024-07-04 01:03:36.500000+00:00,combi,Lying,Lying
2024-07-04 01:04:36.500000+00:00,combi,Lying,Lying
2024-07-04 01:05:36.500000+00:00,combi,Lying,Lying
2024-07-04 01:06:36.500000+00:00,combi,Lying,Lying
2024-07-04 01:07:36.500000+00:00,combi,Lying,Lying
2024-07-04 01:08:36.500000+00:00,combi,Lying,Lying
2024-07-04 01:09:36.500000+00:00,combi,Lying,Lying
2024-07-04 01:10:36.500000+00:00,combi,Lying,Lying
2024-07-04 01:11:36.500000+00:00,combi,Lying,Lying
2024-07-04 01:12:36.500000+00:00,combi,Lying,Lying
2024-07-04 01:13:36.500000+00:00,combi,Lying,Lying
2024-07-04 01:14:36.500000+00:00,combi,Lying,Lying
2024-07-04 01:15:36.500000+00:00,combi,Lying,Lying
2024-07-04 01:16:36.500000+00:00,combi,Lying,Lying
2024-07-04 01:17:36.500000+00:00,combi,Lying,Lying
2024-07-04 01:18:36.500000+00:00,combi,Lying,Lying
2024-07-04 01:19:36.500000+00:00,combi,Lying,Lying
2024-07-04 01:20:36.500000+00:00,combi,Lying,Lying
2024-07-04 01:21:36.500000+00:00,combi,Lying,Lying
2024-07-04 01:22:36.500000+00:00,combi,Lying,Lying
2024-07-04 01:23:36.500000+00:00,combi,Lying,Lying
2024-07-04 01:24:36.500000+00:00,combi,Lying,Lying
2024-07-04 01:25:36.500000+00:00,combi,Lying,Lying
2024-07-04 01:26:36.500000+00:00,combi,Lying,Lying
2024-07-04 01:27:36.500000+00:00,combi,Lying,Lying
2024-07-04 01:28:36.500000+00:00,combi,Lying,Lying
2024-07-04 01:29:36.500000+00:00,combi,Lying,Lying
2024-07-04 01:30:36.500000+00:00,combi,Lying,Lying
2024-07-04 01:31:36.500000+00:00,combi,Lying,Lying
2024-07-04 01:32:36.500000+00:00,combi,Lying,Lying
2024-07-04 01:33:36.500000+00:00,combi,Lying,Lying
2024-07-04 01:34:36.500000+00:00,combi,Lying,Lying
2024-07-04 01:35:36.500000+00:00,combi,Lying,Lying
2024-07-04 01:36:36.500000+00:00,combi,Lying,Lying
2024-07-04 01:37:36.500000+00:00,combi,Lying,Lying
2024-07-04 01:38:36.500000+00:00,combi,Lying,Lying
2024-07-04 01:39:36.500000+00:00,combi,Lying,Lying
2024-07-04 01:40:36.500000+00:00,combi,Lying,Lying
2024-07-04 01:41:36.500000+00:00,combi,Lying,Lying
2024-07-04 01:42:36.500000+00:00,combi,Lying,Lying
2024-07-04 01:43:36.500000+00:00,combi,Lying,Lying
2024-07-04 01:44:36.500000+00:00,combi,Lying,Lying
2024-07-04 01:45:36.500000+00:00,combi,Lying,Lying
2024-07-04 01:46:36.500000+00:00,combi,Lying,Lying
2024-07-04 01:47:36.500000+00:00,combi,Lying,Lying
2024-07-04 01:48:36.500000+00:00,combi,Lying,Lying
2024-07-04 01:49:36.500000+00:00,combi,Lying,Lying
2024-07-04 01:50:36.500000+00:00,combi,Lying,Lying
2024-07-04 01:51:36.500000+00:00,combi,Lying,Lying
2024-07-04 01:52:36.500000+00:00,combi,Lying,Lying
2024-07-04 01:53:36.500000+00:00,combi,Lying,Lying
2024-07-04 01:54:36.500000+00:00,combi,Lying,Lying
2024-07-04 01:55:36.500000+00:00,combi,Lying,Lying
2024-07-04 01:56:36.500000+00:00,combi,Lying,Lying
2024-07-04 01:57:36.500000+00:00,combi,Lying,Lying
2024-07-04 01:58:36.500000+00:00,combi,Lying,Lying
2024-07-04 01:59:36.500000+00:00,combi,Lying,Lying
2024-07-04 02:00:36.500000+00:00,combi,Lying,Lying
2024-07-04 02:01:36.500000+00:00,combi,Lying,Lying
2024-07-04 02:02:36.500000+00:00,combi,Lying,Lying
2024-07-04 02:03:36.500000+00:00,combi,Lying,Lying
2024-07-04 02:04:36.500000+00:00,combi,Lying,Lying
2024-07-04 02:05:36.500000+00:00,combi,Lying,Lying
2024-07-04 02:06:36.500000+00:00,combi,Lying,Lying
2024-07-04 02:07:36.500000+00:00,combi,Lying,Lying
2024-07-04 02:08:36.500000+00:00,combi,Lying,Lying
2024-07-04 02:09:36.500000+00:00,combi,Lying,Lying
2024-07-04 02:10:36.500000+00:00,combi,Lying,Lying
2024-07-04 02:11:36.500000+00:00,combi,Lying,Lying
2024-07-04 02:12:36.500000+00:00,combi,Lying,Lying
2024-07-04 02:13:36.500000+00:00,combi,Lying,Lying
2024-07-04 02:14:36.500000+00:00,combi,Lying,Lying
2024-07-04 02:15:36.500000+00:00,combi,Lying,Lying
2024-07-04 02:16:36.500000+00:00,combi,Lying,Lying
2024-07-04 02:17:36.500000+00:00,combi,Lying,Lying
2024-07-04 02:18:36.500000+00:00,combi,Lying,Lying
2024-07-04 02:19:36.500000+00:00,combi,Lying,Lying
2024-07-04 02:20:36.500000+00:00,combi,Lying,Lying
2024-07-04 02:21:36.500000+00:00,combi,Lying,Lying
2024-07-04 02:22:36.500000+00:00,combi,Lying,Lying
2024-07-04 02:23:36.500000+00:00,combi,Lying,Lying
2024-07-04 02:24:36.500000+00:00,combi,Lying,Lying
2024-07-04 02:25:36.500000+00:00,combi,Lying,Lying
2024-07-04 02:26:36.500000+00:00,combi,Lying,Lying
2024-07-04 02:27:36.500000+00:00,combi,Lying,Lying
2024-07-04 02:28:36.500000+00:00,combi,Lying,Lying
2024-07-04 02:29:36.500000+00:00,combi,Lying,Lying
2024-07-04 02:30:36.500000+00:00,combi,Lying,Lying
2024-07-04 02:31:36.500000+00:00,combi,Lying,Lying
2024-07-04 02:32:36.500000+00:00,combi,Lying,Lying
2024-07-04 02:33:36.500000+00:00,combi,Lying,Lying
2024-07-04 02:34:36.500000+00:00,combi,Lying,Lying
2024-07-04 02:35:36.500000+00:00,combi,Lying,Lying
2024-07-04 02:36:36.500000+00:00,combi,Lying,Lying
2024-07-04 02:37:36.500000+00:00,combi,Lying,Lying
2024-07-04 02:38:36.500000+00:00,combi,Lying,Lying
2024-07-04 02:39:36.500000+00:00,combi,Lying,Lying
2024-07-04 02:40:36.500000+00:00,combi,Lying,Lying
2024-07-04 02:41:36.500000+00:00,combi,Lying,Lying
2024-07-04 02:42:36.500000+00:00,combi,Lying,Lying
2024-07-04 02:43:36.500000+00:00,combi,Lying,Lying
2024-07-04 02:44:36.500000+00:00,combi,Lying,Lying
2024-07-04 02:45:36.500000+00:00,combi,Lying,Lying
