Time,Participant,Majority_postures,Majority_including_dynamic
2024-07-04 10:47:56.500000+00:00,combi,Sitting,Sitting
2024-07-04 10:48:56.500000+00:00,combi,Standing,Standing
2024-07-04 10:49:56.500000+00:00,combi,Standing,Standing
2024-07-04 10:50:56.500000+00:00,combi,Standing,Standing
2024-07-04 10:51:56.500000+00:00,combi,Standing,Standing
2024-07-04 10:52:56.500000+00:00,combi,Standing,Standing
2024-07-04 10:53:56.500000+00:00,combi,Standing,Standing
2024-07-04 10:54:56.500000+00:00,combi,Standing,Standing
2024-07-04 10:55:56.500000+00:00,combi,Sitting,Sitting
2024-07-04 10:56:56.500000+00:00,combi,Sitting,Sitting
2024-07-04 10:57:56.500000+00:00,combi,Standing,Sitting
2024-07-04 10:58:56.500000+00:00,combi,Standing,Standing
2024-07-04 10:59:56.500000+00:00,combi,Sitting,Sitting
2024-07-04 11:00:56.500000+00:00,combi,Sitting,Sitting
2024-07-04 11:01:56.500000+00:00,combi,Lying,Lying
2024-07-04 11:02:56.500000+00:00,combi,Lying,Lying
2024-07-04 11:03:56.500000+00:00,combi,Lying,Lying
2024-07-04 11:04:56.500000+00:00,combi,Lying,Lying
2024-07-04 11:05:56.500000+00:00,combi,Sitting,Sitting
2024-07-04 11:06:56.500000+00:00,combi,Sitting,Sitting
2024-07-04 11:07:56.500000+00:00,combi,Sitting,Sitting
2024-07-04 11:08:56.500000+00:00,combi,Sitting,Sitting
2024-07-04 11:09:56.500000+00:00,combi,Sitting,Sitting
2024-07-04 11:10:56.500000+00:00,combi,Sitting,Sitting
2024-07-04 11:11:56.500000+00:00,combi,Standing,Standing
2024-07-04 11:12:56.500000+00:00,combi,Standing,Standing
2024-07-04 11:13:56.500000+00:00,combi,Standing,Standing
2024-07-04 11:14:56.500000+00:00,combi,Standing,Dynamic
2024-07-04 11:15:56.500000+00:00,combi,Lying,Lying
2024-07-04 11:16:56.500000+00:00,combi,Lying,Lying
2024-07-04 11:17:56.500000+00:00,combi,Lying,Lying
2024-07-04 11:18:56.500000+00:00,combi,Lying,Lying
2024-07-04 11:19:56.500000+00:00,combi,Lying,Lying
2024-07-04 11:20:56.500000+00:00,combi,Lying,Lying
2024-07-04 11:21:56.500000+00:00,combi,Lying,Lying
2024-07-04 11:22:56.500000+00:00,combi,Lying,Lying
2024-07-04 11:23:56.500000+00:00,combi,Lying,Lying
2024-07-04 11:24:56.500000+00:00,combi,Lying,Lying
2024-07-04 11:25:56.500000+00:00,combi,Sitting,Sitting
2024-07-04 11:26:56.500000+00:00,combi,Sitting,Sitting
2024-07-04 11:27:56.500000+00:00,combi,Sitting,Sitting
2024-07-04 11:28:56.500000+00:00,combi,Sitting,Sitting
2024-07-04 11:29:56.500000+00:00,combi,Sitting,Sitting
2024-07-04 11:30:56.500000+00:00,combi,Sitting,Sitting
2024-07-04 11:31:56.500000+00:00,combi,Sitting,Sitting
2024-07-04 11:32:56.500000+00:00,combi,Sitting,Sitting
2024-07-04 11:33:56.500000+00:00,combi,Sitting,Sitting
2024-07-04 11:34:56.500000+00:00,combi,Standing,Standing
2024-07-04 11:35:56.500000+00:00,combi,Standing,Standing
2024-07-04 11:36:56.500000+00:00,combi,Standing,Standing
2024-07-04 11:37:56.500000+00:00,combi,Standing,Standing
2024-07-04 11:38:56.500000+00:00,combi,Standing,Standing
2024-07-04 11:39:56.500000+00:00,combi,Standing,Standing
2024-07-04 11:40:56.500000+00:00,combi,Standing,Standing
2024-07-04 11:41:56.500000+00:00,combi,Standing,Standing
2024-07-04 11:42:56.500000+00:00,combi,Standing,Standing
2024-07-04 11:43:56.500000+00:00,combi,Standing,Standing
2024-07-04 11:44:56.500000+00:00,combi,Standing,Standing
2024-07-04 11:45:56.500000+00:00,combi,Sitting,Sitting
2024-07-04 11:46:56.500000+00:00,combi,Sitting,Sitting
2024-07-04 11:47:56.500000+00:00,combi,Sitting,Sitting
2024-07-04 11:48:56.500000+00:00,combi,Sitting,Sitting
2024-07-04 11:49:56.500000+00:00,combi,Sitting,Sitting
2024-07-04 11:50:56.500000+00:00,combi,Sitting,Sitting
2024-07-04 11:51:56.500000+00:00,combi,Sitting,Sitting
2024-07-04 11:52:56.500000+00:00,combi,Sitting,Sitting
2024-07-04 11:53:56.500000+00:00,combi,Sitting,Sitting
2024-07-04 11:54:56.500000+00:00,combi,Sitting,Sitting
2024-07-04 11:55:56.500000+00:00,combi,Sitting,Sitting
2024-07-04 11:56:56.500000+00:00,combi,Sitting,Sitting
2024-07-04 11:57:56.500000+00:00,combi,Sitting,Sitting
2024-07-04 11:58:56.500000+00:00,combi,Standing,Sitting
2024-07-04 11:59:56.500000+00:00,combi,Sitting,Sitting
2024-07-04 12:00:56.500000+00:00,combi,Standing,Sitting
2024-07-04 12:01:56.500000+00:00,combi,Standing,Standing
2024-07-04 12:02:56.500000+00:00,combi,Standing,Standing
2024-07-04 12:03:56.500000+00:00,combi,Standing,Standing
2024-07-04 12:04:56.500000+00:00,combi,Standing,Standing
2024-07-04 12:05:56.500000+00:00,combi,Standing,Standing
2024-07-04 12:06:56.500000+00:00,combi,Standing,Standing
2024-07-04 12:07:56.500000+00:00,combi,Standing,Standing
2024-07-04 12:08:56.500000+00:00,combi,Standing,Standing
2024-07-04 12:09:56.500000+00:00,combi,Standing,Standing
2024-07-04 12:10:56.500000+00:00,combi,Standing,Standing
2024-07-04 12:11:56.500000+00:00,combi,Standing,Standing
2024-07-04 12:12:56.500000+00:00,combi,Standing,Standing
2024-07-04 12:13:56.500000+00:00,combi,Standing,Standing
2024-07-04 12:14:56.500000+00:00,combi,Standing,Dynamic
2024-07-04 12:15:56.500000+00:00,combi,Standing,Dynamic
2024-07-04 12:16:56.500000+00:00,combi,Standing,Dynamic
2024-07-04 12:17:56.500000+00:00,combi,Standing,Dynamic
2024-07-04 12:18:56.500000+00:00,combi,Lying,Dynamic
2024-07-04 12:19:56.500000+00:00,combi,Sitting,Dynamic
2024-07-04 12:20:56.500000+00:00,combi,Sitting,Dynamic
2024-07-04 12:21:56.500000+00:00,combi,Sitting,Dynamic
2024-07-04 12:22:56.500000+00:00,combi,Sitting,Dynamic
2024-07-04 12:23:56.500000+00:00,combi,Sitting,Dynamic
2024-07-04 12:24:56.500000+00:00,combi,Sitting,Dynamic
2024-07-04 12:25:56.500000+00:00,combi,Sitting,Dynamic
2024-07-04 12:26:56.500000+00:00,combi,Sitting,Dynamic
2024-07-04 12:27:56.500000+00:00,combi,Sitting,Dynamic
2024-07-04 12:28:56.500000+00:00,combi,Sitting,Dynamic
2024-07-04 12:29:56.500000+00:00,combi,Sitting,Dynamic
2024-07-04 12:30:56.500000+00:00,combi,Sitting,Dynamic
2024-07-04 12:31:56.500000+00:00,combi,Sitting,Dynamic
2024-07-04 12:32:56.500000+00:00,combi,Lying,Dynamic
2024-07-04 12:33:56.500000+00:00,combi,Standing,Dynamic
2024-07-04 12:34:56.500000+00:00,combi,Standing,Standing
2024-07-04 12:35:56.500000+00:00,combi,Standing,Dynamic
2024-07-04 12:36:56.500000+00:00,combi,Standing,Standing
2024-07-04 12:37:56.500000+00:00,combi,Sitting,Sitting
2024-07-04 12:38:56.500000+00:00,combi,Standing,Standing
2024-07-04 12:39:56.500000+00:00,combi,Standing,Standing
2024-07-04 12:40:56.500000+00:00,combi,Sitting,Sitting
2024-07-04 12:41:56.500000+00:00,combi,Standing,Standing
2024-07-04 12:42:56.500000+00:00,combi,Standing,Standing
2024-07-04 12:43:56.500000+00:00,combi,Standing,Standing
2024-07-04 12:44:56.500000+00:00,combi,Standing,Dynamic
2024-07-04 12:45:56.500000+00:00,combi,Standing,Sitting
2024-07-04 12:46:56.500000+00:00,combi,Standing,Dynamic
2024-07-04 12:47:56.500000+00:00,combi,Sitting,Sitting
2024-07-04 12:48:56.500000+00:00,combi,Sitting,Sitting
2024-07-04 12:49:56.500000+00:00,combi,Sitting,Sitting
2024-07-04 12:50:56.500000+00:00,combi,Sitting,Sitting
2024-07-04 12:51:56.500000+00:00,combi,Sitting,Sitting
2024-07-04 12:52:56.500000+00:00,combi,Sitting,Sitting
2024-07-04 12:53:56.500000+00:00,combi,Sitting,Sitting
2024-07-04 12:54:56.500000+00:00,combi,Sitting,Sitting
2024-07-04 12:55:56.500000+00:00,combi,Sitting,Sitting
2024-07-04 12:56:56.500000+00:00,combi,Sitting,Sitting
2024-07-04 12:57:56.500000+00:00,combi,Sitting,Sitting
2024-07-04 12:58:56.500000+00:00,combi,Sitting,Sitting
2024-07-04 12:59:56.500000+00:00,combi,Sitting,Sitting
2024-07-04 13:00:56.500000+00:00,combi,Sitting,Sitting
2024-07-04 13:01:56.500000+00:00,combi,Sitting,Sitting
2024-07-04 13:02:56.500000+00:00,combi,Sitting,Sitting
2024-07-04 13:03:56.500000+00:00,combi,Sitting,Sitting
2024-07-04 13:04:56.500000+00:00,combi,Sitting,Sitting
2024-07-04 13:05:56.500000+00:00,combi,Sitting,Sitting
2024-07-04 13:06:56.500000+00:00,combi,Sitting,Sitting
2024-07-04 13:07:56.500000+00:00,combi,Sitting,Sitting
2024-07-04 13:08:56.500000+00:00,combi,Sitting,Sitting
2024-07-04 13:09:56.500000+00:00,combi,Sitting,Sitting
2024-07-04 13:10:56.500000+00:00,combi,Sitting,Sitting
2024-07-04 13:11:56.500000+00:00,combi,Sitting,Sitting
2024-07-04 13:12:56.500000+00:00,combi,Sitting,Sitting
2024-07-04 13:13:56.500000+00:00,combi,Sitting,Sitting
2024-07-04 13:14:56.500000+00:00,combi,Sitting,Sitting
2024-07-04 13:15:56.500000+00:00,combi,Sitting,Sitting
2024-07-04 13:16:56.500000+00:00,combi,Sitting,Sitting
2024-07-04 13:17:56.500000+00:00,combi,Sitting,Sitting
2024-07-04 13:18:56.500000+00:00,combi,Sitting,Sitting
2024-07-04 13:19:56.500000+00:00,combi,Sitting,Sitting
2024-07-04 13:20:56.500000+00:00,combi,Sitting,Sitting
2024-07-04 13:21:56.500000+00:00,combi,Sitting,Sitting
2024-07-04 13:22:56.500000+00:00,combi,Sitting,Sitting
2024-07-04 13:23:56.500000+00:00,combi,Sitting,Sitting
2024-07-04 13:24:56.500000+00:00,combi,Sitting,Sitting
2024-07-04 13:25:56.500000+00:00,combi,Sitting,Sitting
2024-07-04 13:26:56.500000+00:00,combi,Sitting,Sitting
2024-07-04 13:27:56.500000+00:00,combi,Sitting,Sitting
2024-07-04 13:28:56.500000+00:00,combi,Sitting,Sitting
2024-07-04 13:29:56.500000+00:00,combi,Sitting,Sitting
2024-07-04 13:30:56.500000+00:00,combi,Sitting,Sitting
2024-07-04 13:31:56.500000+00:00,combi,Sitting,Sitting
2024-07-04 13:32:56.500000+00:00,combi,Sitting,Sitting
2024-07-04 13:33:56.500000+00:00,combi,Sitting,Sitting
2024-07-04 13:34:56.500000+00:00,combi,Sitting,Sitting
2024-07-04 13:35:56.500000+00:00,combi,Sitting,Sitting
2024-07-04 13:36:56.500000+00:00,combi,Sitting,Sitting
2024-07-04 13:37:56.500000+00:00,combi,Sitting,Sitting
2024-07-04 13:38:56.500000+00:00,combi,Sitting,Sitting
2024-07-04 13:39:56.500000+00:00,combi,Sitting,Sitting
2024-07-04 13:40:56.500000+00:00,combi,Sitting,Sitting
2024-07-04 13:41:56.500000+00:00,combi,Sitting,Sitting
2024-07-04 13:42:56.500000+00:00,combi,Sitting,Sitting
2024-07-04 13:43:56.500000+00:00,combi,Sitting,Sitting
2024-07-04 13:44:56.500000+00:00,combi,Sitting,Sitting
2024-07-04 13:45:56.500000+00:00,combi,Sitting,Sitting
2024-07-04 13:46:56.500000+00:00,combi,Sitting,Sitting
2024-07-04 13:47:56.500000+00:00,combi,Sitting,Sitting
2024-07-04 13:48:56.500000+00:00,combi,Sitting,Sitting
2024-07-04 13:49:56.500000+00:00,combi,Sitting,Sitting
2024-07-04 13:50:56.500000+00:00,combi,Sitting,Sitting
2024-07-04 13:51:56.500000+00:00,combi,Sitting,Sitting
2024-07-04 13:52:56.500000+00:00,combi,Sitting,Sitting
2024-07-04 13:53:56.500000+00:00,combi,Sitting,Sitting
2024-07-04 13:54:56.500000+00:00,combi,Sitting,Sitting
2024-07-04 13:55:56.500000+00:00,combi,Sitting,Sitting
2024-07-04 13:56:56.500000+00:00,combi,Sitting,Sitting
2024-07-04 13:57:56.500000+00:00,combi,Sitting,Sitting
2024-07-04 13:58:56.500000+00:00,combi,Sitting,Sitting
2024-07-04 13:59:56.500000+00:00,combi,Sitting,Sitting
2024-07-04 14:00:56.500000+00:00,combi,Sitting,Sitting
2024-07-04 14:01:56.500000+00:00,combi,Sitting,Sitting
2024-07-04 14:02:56.500000+00:00,combi,Sitting,Sitting
2024-07-04 14:03:56.500000+00:00,combi,Sitting,Sitting
2024-07-04 14:04:56.500000+00:00,combi,Sitting,Sitting
2024-07-04 14:05:56.500000+00:00,combi,Sitting,Sitting
2024-07-04 14:06:56.500000+00:00,combi,Sitting,Sitting
2024-07-04 14:07:56.500000+00:00,combi,Sitting,Sitting
2024-07-04 14:08:56.500000+00:00,combi,Sitting,Sitting
2024-07-04 14:09:56.500000+00:00,combi,Sitting,Sitting
2024-07-04 14:10:56.500000+00:00,combi,Sitting,Sitting
2024-07-04 14:11:56.500000+00:00,combi,Sitting,Sitting
2024-07-04 14:12:56.500000+00:00,combi,Sitting,Sitting
2024-07-04 14:13:56.500000+00:00,combi,Sitting,Sitting
2024-07-04 14:14:56.500000+00:00,combi,Sitting,Sitting
2024-07-04 14:15:56.500000+00:00,combi,Sitting,Sitting
2024-07-04 14:16:56.500000+00:00,combi,Sitting,Sitting
2024-07-04 14:17:56.500000+00:00,combi,Sitting,Sitting
2024-07-04 14:18:56.500000+00:00,combi,Sitting,Sitting
2024-07-04 14:19:56.500000+00:00,combi,Sitting,Sitting
2024-07-04 14:20:56.500000+00:00,combi,Sitting,Sitting
2024-07-04 14:21:56.500000+00:00,combi,Sitting,Sitting
2024-07-04 14:22:56.500000+00:00,combi,Sitting,Sitting
2024-07-04 14:23:56.500000+00:00,combi,Sitting,Sitting
2024-07-04 14:24:56.500000+00:00,combi,Sitting,Sitting
2024-07-04 14:25:56.500000+00:00,combi,Sitting,Sitting
2024-07-04 14:26:56.500000+00:00,combi,Sitting,Sitting
2024-07-04 14:27:56.500000+00:00,combi,Sitting,Sitting
2024-07-04 14:28:56.500000+00:00,combi,Sitting,Sitting
2024-07-04 14:29:56.500000+00:00,combi,Sitting,Sitting
2024-07-04 14:30:56.500000+00:00,combi,Sitting,Sitting
2024-07-04 14:31:56.500000+00:00,combi,Sitting,Sitting
2024-07-04 14:32:56.500000+00:00,combi,Sitting,Sitting
2024-07-04 14:33:56.500000+00:00,combi,Sitting,Sitting
2024-07-04 14:34:56.500000+00:00,combi,Sitting,Sitting
2024-07-04 14:35:56.500000+00:00,combi,Sitting,Sitting
2024-07-04 14:36:56.500000+00:00,combi,Sitting,Sitting
2024-07-04 14:37:56.500000+00:00,combi,Sitting,Sitting
2024-07-04 14:38:56.500000+00:00,combi,Sitting,Sitting
2024-07-04 14:39:56.500000+00:00,combi,Sitting,Sitting
2024-07-04 14:40:56.500000+00:00,combi,Sitting,Sitting
2024-07-04 14:41:56.500000+00:00,combi,Sitting,Sitting
2024-07-04 14:42:56.500000+00:00,combi,Sitting,Sitting
2024-07-04 14:43:56.500000+00:00,combi,Sitting,Sitting
2024-07-04 14:44:56.500000+00:00,combi,Sitting,Sitting
2024-07-04 14:45:56.500000+00:00,combi,Sitting,Sitting
2024-07-04 14:46:56.500000+00:00,combi,Sitting,Sitting
2024-07-04 14:47:56.500000+00:00,combi,Sitting,Sitting
2024-07-04 14:48:56.500000+00:00,combi,Sitting,Sitting
2024-07-04 14:49:56.500000+00:00,combi,Sitting,Sitting
2024-07-04 14:50:56.500000+00:00,combi,Sitting,Sitting
2024-07-04 14:51:56.500000+00:00,combi,Sitting,Sitting
2024-07-04 14:52:56.500000+00:00,combi,Lying,Lying
2024-07-04 14:53:56.500000+00:00,combi,Sitting,Sitting
2024-07-04 14:54:56.500000+00:00,combi,Sitting,Sitting
2024-07-04 14:55:56.500000+00:00,combi,Sitting,Sitting
2024-07-04 14:56:56.500000+00:00,combi,Sitting,Sitting
2024-07-04 14:57:56.500000+00:00,combi,Sitting,Sitting
2024-07-04 14:58:56.500000+00:00,combi,Sitting,Sitting
2024-07-04 14:59:56.500000+00:00,combi,Sitting,Sitting
2024-07-04 15:00:56.500000+00:00,combi,Sitting,Sitting
2024-07-04 15:01:56.500000+00:00,combi,Sitting,Sitting
2024-07-04 15:02:56.500000+00:00,combi,Sitting,Sitting
2024-07-04 15:03:56.500000+00:00,combi,Sitting,Sitting
2024-07-04 15:04:56.500000+00:00,combi,Sitting,Sitting
2024-07-04 15:05:56.500000+00:00,combi,Sitting,Sitting
2024-07-04 15:06:56.500000+00:00,combi,Sitting,Sitting
2024-07-04 15:07:56.500000+00:00,combi,Sitting,Sitting
2024-07-04 15:08:56.500000+00:00,combi,Sitting,Sitting
2024-07-04 15:09:56.500000+00:00,combi,Sitting,Sitting
2024-07-04 15:10:56.500000+00:00,combi,Sitting,Sitting
2024-07-04 15:11:56.500000+00:00,combi,Sitting,Sitting
2024-07-04 15:12:56.500000+00:00,combi,Sitting,Sitting
2024-07-04 15:13:56.500000+00:00,combi,Sitting,Sitting
2024-07-04 15:14:56.500000+00:00,combi,Sitting,Sitting
2024-07-04 15:15:56.500000+00:00,combi,Sitting,Sitting
2024-07-04 15:16:56.500000+00:00,combi,Sitting,Sitting
2024-07-04 15:17:56.500000+00:00,combi,Sitting,Sitting
2024-07-04 15:18:56.500000+00:00,combi,Sitting,Sitting
2024-07-04 15:19:56.500000+00:00,combi,Sitting,Sitting
2024-07-04 15:20:56.500000+00:00,combi,Sitting,Sitting
2024-07-04 15:21:56.500000+00:00,combi,Sitting,Sitting
2024-07-04 15:22:56.500000+00:00,combi,Sitting,Sitting
2024-07-04 15:23:56.500000+00:00,combi,Sitting,Sitting
2024-07-04 15:24:56.500000+00:00,combi,Sitting,Sitting
2024-07-04 15:25:56.500000+00:00,combi,Sitting,Sitting
2024-07-04 15:26:56.500000+00:00,combi,Sitting,Sitting
2024-07-04 15:27:56.500000+00:00,combi,Sitting,Sitting
2024-07-04 15:28:56.500000+00:00,combi,Sitting,Sitting
2024-07-04 15:29:56.500000+00:00,combi,Sitting,Sitting
2024-07-04 15:30:56.500000+00:00,combi,Sitting,Sitting
2024-07-04 15:31:56.500000+00:00,combi,Sitting,Sitting
2024-07-04 15:32:56.500000+00:00,combi,Sitting,Sitting
2024-07-04 15:33:56.500000+00:00,combi,Sitting,Sitting
2024-07-04 15:34:56.500000+00:00,combi,Sitting,Sitting
2024-07-04 15:35:56.500000+00:00,combi,Sitting,Sitting
2024-07-04 15:36:56.500000+00:00,combi,Lying,Sitting
2024-07-04 15:37:56.500000+00:00,combi,Lying,Lying
2024-07-04 15:38:56.500000+00:00,combi,Lying,Lying
2024-07-04 15:39:56.500000+00:00,combi,Lying,Lying
2024-07-04 15:40:56.500000+00:00,combi,Lying,Lying
2024-07-04 15:41:56.500000+00:00,combi,Lying,Lying
2024-07-04 15:42:56.500000+00:00,combi,Sitting,Sitting
2024-07-04 15:43:56.500000+00:00,combi,Sitting,Sitting
2024-07-04 15:44:56.500000+00:00,combi,Sitting,Sitting
2024-07-04 15:45:56.500000+00:00,combi,Standing,Dynamic
2024-07-04 15:46:56.500000+00:00,combi,Standing,Standing
2024-07-04 15:47:56.500000+00:00,combi,Standing,Dynamic
2024-07-04 15:48:56.500000+00:00,combi,Sitting,Sitting
2024-07-04 15:49:56.500000+00:00,combi,Sitting,Sitting
2024-07-04 15:50:56.500000+00:00,combi,Sitting,Sitting
2024-07-04 15:51:56.500000+00:00,combi,Sitting,Sitting
2024-07-04 15:52:56.500000+00:00,combi,Sitting,Sitting
2024-07-04 15:53:56.500000+00:00,combi,Sitting,Sitting
2024-07-04 15:54:56.500000+00:00,combi,Sitting,Sitting
2024-07-04 15:55:56.500000+00:00,combi,Sitting,Sitting
2024-07-04 15:56:56.500000+00:00,combi,Sitting,Sitting
2024-07-04 15:57:56.500000+00:00,combi,Sitting,Sitting
2024-07-04 15:58:56.500000+00:00,combi,Sitting,Sitting
2024-07-04 15:59:56.500000+00:00,combi,Sitting,Sitting
2024-07-04 16:00:56.500000+00:00,combi,Sitting,Sitting
2024-07-04 16:01:56.500000+00:00,combi,Sitting,Sitting
2024-07-04 16:02:56.500000+00:00,combi,Sitting,Sitting
2024-07-04 16:03:56.500000+00:00,combi,Sitting,Sitting
2024-07-04 16:04:56.500000+00:00,combi,Sitting,Sitting
2024-07-04 16:05:56.500000+00:00,combi,Sitting,Sitting
2024-07-04 16:06:56.500000+00:00,combi,Sitting,Sitting
2024-07-04 16:07:56.500000+00:00,combi,Sitting,Sitting
2024-07-04 16:08:56.500000+00:00,combi,Sitting,Sitting
2024-07-04 16:09:56.500000+00:00,combi,Sitting,Sitting
2024-07-04 16:10:56.500000+00:00,combi,Sitting,Sitting
2024-07-04 16:11:56.500000+00:00,combi,Sitting,Sitting
2024-07-04 16:12:56.500000+00:00,combi,Sitting,Sitting
2024-07-04 16:13:56.500000+00:00,combi,Sitting,Sitting
2024-07-04 16:14:56.500000+00:00,combi,Sitting,Sitting
2024-07-04 16:15:56.500000+00:00,combi,Sitting,Sitting
2024-07-04 16:16:56.500000+00:00,combi,Sitting,Sitting
2024-07-04 16:17:56.500000+00:00,combi,Sitting,Sitting
2024-07-04 16:18:56.500000+00:00,combi,Sitting,Sitting
2024-07-04 16:19:56.500000+00:00,combi,Sitting,Sitting
2024-07-04 16:20:56.500000+00:00,combi,Sitting,Sitting
2024-07-04 16:21:56.500000+00:00,combi,Sitting,Sitting
2024-07-04 16:22:56.500000+00:00,combi,Sitting,Sitting
2024-07-04 16:23:56.500000+00:00,combi,Sitting,Sitting
2024-07-04 16:24:56.500000+00:00,combi,Sitting,Sitting
2024-07-04 16:25:56.500000+00:00,combi,Sitting,Sitting
2024-07-04 16:26:56.500000+00:00,combi,Sitting,Sitting
2024-07-04 16:27:56.500000+00:00,combi,Sitting,Sitting
2024-07-04 16:28:56.500000+00:00,combi,Sitting,Sitting
2024-07-04 16:29:56.500000+00:00,combi,Sitting,Sitting
2024-07-04 16:30:56.500000+00:00,combi,Sitting,Sitting
2024-07-04 16:31:56.500000+00:00,combi,Sitting,Sitting
2024-07-04 16:32:56.500000+00:00,combi,Sitting,Sitting
2024-07-04 16:33:56.500000+00:00,combi,Sitting,Sitting
2024-07-04 16:34:56.500000+00:00,combi,Sitting,Sitting
2024-07-04 16:35:56.500000+00:00,combi,Sitting,Sitting
2024-07-04 16:36:56.500000+00:00,combi,Sitting,Sitting
2024-07-04 16:37:56.500000+00:00,combi,Sitting,Sitting
2024-07-04 16:38:56.500000+00:00,combi,Sitting,Sitting
2024-07-04 16:39:56.500000+00:00,combi,Sitting,Sitting
2024-07-04 16:40:56.500000+00:00,combi,Sitting,Sitting
2024-07-04 16:41:56.500000+00:00,combi,Sitting,Sitting
2024-07-04 16:42:56.500000+00:00,combi,Sitting,Sitting
2024-07-04 16:43:56.500000+00:00,combi,Sitting,Sitting
2024-07-04 16:44:56.500000+00:00,combi,Sitting,Sitting
2024-07-04 16:45:56.500000+00:00,combi,Sitting,Sitting
2024-07-04 16:46:56.500000+00:00,combi,Sitting,Sitting
2024-07-04 16:47:56.500000+00:00,combi,Sitting,Sitting
2024-07-04 16:48:56.500000+00:00,combi,Sitting,Sitting
2024-07-04 16:49:56.500000+00:00,combi,Sitting,Sitting
2024-07-04 16:50:56.500000+00:00,combi,Sitting,Sitting
2024-07-04 16:51:56.500000+00:00,combi,Sitting,Sitting
2024-07-04 16:52:56.500000+00:00,combi,Sitting,Sitting
2024-07-04 16:53:56.500000+00:00,combi,Sitting,Sitting
2024-07-04 16:54:56.500000+00:00,combi,Sitting,Sitting
2024-07-04 16:55:56.500000+00:00,combi,Lying,Lying
2024-07-04 16:56:56.500000+00:00,combi,Lying,Lying
2024-07-04 16:57:56.500000+00:00,combi,Lying,Lying
2024-07-04 16:58:56.500000+00:00,combi,Sitting,Sitting
2024-07-04 16:59:56.500000+00:00,combi,Sitting,Sitting
2024-07-04 17:00:56.500000+00:00,combi,Sitting,Sitting
2024-07-04 17:01:56.500000+00:00,combi,Sitting,Sitting
2024-07-04 17:02:56.500000+00:00,combi,Sitting,Sitting
2024-07-04 17:03:56.500000+00:00,combi,Sitting,Sitting
2024-07-04 17:04:56.500000+00:00,combi,Sitting,Sitting
2024-07-04 17:05:56.500000+00:00,combi,Sitting,Sitting
2024-07-04 17:06:56.500000+00:00,combi,Sitting,Sitting
2024-07-04 17:07:56.500000+00:00,combi,Sitting,Sitting
2024-07-04 17:08:56.500000+00:00,combi,Sitting,Sitting
2024-07-04 17:09:56.500000+00:00,combi,Sitting,Sitting
2024-07-04 17:10:56.500000+00:00,combi,Sitting,Sitting
2024-07-04 17:11:56.500000+00:00,combi,Sitting,Sitting
2024-07-04 17:12:56.500000+00:00,combi,Sitting,Sitting
2024-07-04 17:13:56.500000+00:00,combi,Sitting,Sitting
2024-07-04 17:14:56.500000+00:00,combi,Sitting,Sitting
2024-07-04 17:15:56.500000+00:00,combi,Sitting,Sitting
2024-07-04 17:16:56.500000+00:00,combi,Sitting,Sitting
2024-07-04 17:17:56.500000+00:00,combi,Sitting,Sitting
2024-07-04 17:18:56.500000+00:00,combi,Sitting,Sitting
2024-07-04 17:19:56.500000+00:00,combi,Sitting,Sitting
2024-07-04 17:20:56.500000+00:00,combi,Sitting,Sitting
2024-07-04 17:21:56.500000+00:00,combi,Sitting,Sitting
2024-07-04 17:22:56.500000+00:00,combi,Sitting,Sitting
2024-07-04 17:23:56.500000+00:00,combi,Sitting,Sitting
2024-07-04 17:24:56.500000+00:00,combi,Sitting,Sitting
2024-07-04 17:25:56.500000+00:00,combi,Sitting,Sitting
2024-07-04 17:26:56.500000+00:00,combi,Sitting,Sitting
2024-07-04 17:27:56.500000+00:00,combi,Sitting,Sitting
2024-07-04 17:28:56.500000+00:00,combi,Sitting,Sitting
2024-07-04 17:29:56.500000+00:00,combi,Sitting,Sitting
2024-07-04 17:30:56.500000+00:00,combi,Sitting,Sitting
2024-07-04 17:31:56.500000+00:00,combi,Sitting,Sitting
2024-07-04 17:32:56.500000+00:00,combi,Sitting,Sitting
2024-07-04 17:33:56.500000+00:00,combi,Sitting,Sitting
2024-07-04 17:34:56.500000+00:00,combi,Sitting,Sitting
2024-07-04 17:35:56.500000+00:00,combi,Standing,Dynamic
2024-07-04 17:36:56.500000+00:00,combi,Sitting,Sitting
2024-07-04 17:37:56.500000+00:00,combi,Sitting,Sitting
2024-07-04 17:38:56.500000+00:00,combi,Sitting,Sitting
2024-07-04 17:39:56.500000+00:00,combi,Sitting,Sitting
2024-07-04 17:40:56.500000+00:00,combi,Sitting,Sitting
2024-07-04 17:41:56.500000+00:00,combi,Sitting,Sitting
2024-07-04 17:42:56.500000+00:00,combi,Sitting,Sitting
2024-07-04 17:43:56.500000+00:00,combi,Sitting,Sitting
2024-07-04 17:44:56.500000+00:00,combi,Sitting,Sitting
2024-07-04 17:45:56.500000+00:00,combi,Sitting,Sitting
2024-07-04 17:46:56.500000+00:00,combi,Sitting,Sitting
2024-07-04 17:47:56.500000+00:00,combi,Sitting,Sitting
2024-07-04 17:48:56.500000+00:00,combi,Sitting,Sitting
2024-07-04 17:49:56.500000+00:00,combi,Sitting,Sitting
2024-07-04 17:50:56.500000+00:00,combi,Sitting,Sitting
2024-07-04 17:51:56.500000+00:00,combi,Sitting,Sitting
2024-07-04 17:52:56.500000+00:00,combi,Sitting,Sitting
2024-07-04 17:53:56.500000+00:00,combi,Sitting,Sitting
2024-07-04 17:54:56.500000+00:00,combi,Sitting,Sitting
2024-07-04 17:55:56.500000+00:00,combi,Sitting,Sitting
2024-07-04 17:56:56.500000+00:00,combi,Sitting,Sitting
2024-07-04 17:57:56.500000+00:00,combi,Sitting,Sitting
2024-07-04 17:58:56.500000+00:00,combi,Sitting,Sitting
2024-07-04 17:59:56.500000+00:00,combi,Sitting,Sitting
2024-07-04 18:00:56.500000+00:00,combi,Sitting,Sitting
2024-07-04 18:01:56.500000+00:00,combi,Sitting,Sitting
2024-07-04 18:02:56.500000+00:00,combi,Sitting,Sitting
2024-07-04 18:03:56.500000+00:00,combi,Sitting,Sitting
2024-07-04 18:04:56.500000+00:00,combi,Sitting,Sitting
2024-07-04 18:05:56.500000+00:00,combi,Sitting,Sitting
2024-07-04 18:06:56.500000+00:00,combi,Sitting,Sitting
2024-07-04 18:07:56.500000+00:00,combi,Sitting,Sitting
2024-07-04 18:08:56.500000+00:00,combi,Sitting,Sitting
2024-07-04 18:09:56.500000+00:00,combi,Sitting,Sitting
2024-07-04 18:10:56.500000+00:00,combi,Sitting,Sitting
2024-07-04 18:11:56.500000+00:00,combi,Sitting,Sitting
2024-07-04 18:12:56.500000+00:00,combi,Sitting,Sitting
2024-07-04 18:13:56.500000+00:00,combi,Sitting,Sitting
2024-07-04 18:14:56.500000+00:00,combi,Sitting,Sitting
2024-07-04 18:15:56.500000+00:00,combi,Sitting,Sitting
2024-07-04 18:16:56.500000+00:00,combi,Sitting,Sitting
2024-07-04 18:17:56.500000+00:00,combi,Sitting,Sitting
2024-07-04 18:18:56.500000+00:00,combi,Sitting,Sitting
2024-07-04 18:19:56.500000+00:00,combi,Sitting,Sitting
2024-07-04 18:20:56.500000+00:00,combi,Sitting,Sitting
2024-07-04 18:21:56.500000+00:00,combi,Sitting,Sitting
2024-07-04 18:22:56.500000+00:00,combi,Sitting,Sitting
2024-07-04 18:23:56.500000+00:00,combi,Sitting,Sitting
2024-07-04 18:24:56.500000+00:00,combi,Sitting,Sitting
2024-07-04 18:25:56.500000+00:00,combi,Sitting,Sitting
2024-07-04 18:26:56.500000+00:00,combi,Sitting,Sitting
2024-07-04 18:27:56.500000+00:00,combi,Sitting,Sitting
2024-07-04 18:28:56.500000+00:00,combi,Sitting,Sitting
2024-07-04 18:29:56.500000+00:00,combi,Sitting,Sitting
2024-07-04 18:30:56.500000+00:00,combi,Sitting,Sitting
2024-07-04 18:31:56.500000+00:00,combi,Sitting,Sitting
2024-07-04 18:32:56.500000+00:00,combi,Sitting,Sitting
2024-07-04 18:33:56.500000+00:00,combi,Sitting,Sitting
2024-07-04 18:34:56.500000+00:00,combi,Sitting,Sitting
2024-07-04 18:35:56.500000+00:00,combi,Sitting,Sitting
2024-07-04 18:36:56.500000+00:00,combi,Sitting,Sitting
2024-07-04 18:37:56.500000+00:00,combi,Sitting,Sitting
2024-07-04 18:38:56.500000+00:00,combi,Sitting,Sitting
2024-07-04 18:39:56.500000+00:00,combi,Sitting,Sitting
2024-07-04 18:40:56.500000+00:00,combi,Sitting,Sitting
2024-07-04 18:41:56.500000+00:00,combi,Standing,Dynamic
2024-07-04 18:42:56.500000+00:00,combi,Lying,Dynamic
2024-07-04 18:43:56.500000+00:00,combi,Standing,Dynamic
2024-07-04 18:44:56.500000+00:00,combi,Standing,Dynamic
2024-07-04 18:45:56.500000+00:00,combi,Standing,Dynamic
2024-07-04 18:46:56.500000+00:00,combi,Standing,Dynamic
2024-07-04 18:47:56.500000+00:00,combi,Sitting,Sitting
2024-07-04 18:48:56.500000+00:00,combi,Sitting,Sitting
2024-07-04 18:49:56.500000+00:00,combi,Sitting,Sitting
2024-07-04 18:50:56.500000+00:00,combi,Standing,Dynamic
2024-07-04 18:51:56.500000+00:00,combi,Sitting,Standing
2024-07-04 18:52:56.500000+00:00,combi,Sitting,Dynamic
2024-07-04 18:53:56.500000+00:00,combi,Standing,Standing
2024-07-04 18:54:56.500000+00:00,combi,Standing,Sitting
2024-07-04 18:55:56.500000+00:00,combi,Sitting,Sitting
2024-07-04 18:56:56.500000+00:00,combi,Sitting,Sitting
2024-07-04 18:57:56.500000+00:00,combi,Sitting,Sitting
2024-07-04 18:58:56.500000+00:00,combi,Standing,Standing
2024-07-04 18:59:56.500000+00:00,combi,Standing,Sitting
2024-07-04 19:00:56.500000+00:00,combi,Sitting,Dynamic
2024-07-04 19:01:56.500000+00:00,combi,Standing,Sitting
2024-07-04 19:02:56.500000+00:00,combi,Sitting,Sitting
2024-07-04 19:03:56.500000+00:00,combi,Sitting,Standing
2024-07-04 19:04:56.500000+00:00,combi,Sitting,Sitting
2024-07-04 19:05:56.500000+00:00,combi,Sitting,Sitting
2024-07-04 19:06:56.500000+00:00,combi,Standing,Standing
2024-07-04 19:07:56.500000+00:00,combi,Standing,Dynamic
2024-07-04 19:08:56.500000+00:00,combi,Standing,Standing
2024-07-04 19:09:56.500000+00:00,combi,Sitting,Sitting
2024-07-04 19:10:56.500000+00:00,combi,Sitting,Sitting
2024-07-04 19:11:56.500000+00:00,combi,Sitting,Sitting
2024-07-04 19:12:56.500000+00:00,combi,Sitting,Dynamic
2024-07-04 19:13:56.500000+00:00,combi,Sitting,Sitting
2024-07-04 19:14:56.500000+00:00,combi,Sitting,Sitting
2024-07-04 19:15:56.500000+00:00,combi,Sitting,Dynamic
2024-07-04 19:16:56.500000+00:00,combi,Sitting,Dynamic
2024-07-04 19:17:56.500000+00:00,combi,Sitting,Sitting
2024-07-04 19:18:56.500000+00:00,combi,Sitting,Sitting
2024-07-04 19:19:56.500000+00:00,combi,Sitting,Sitting
2024-07-04 19:20:56.500000+00:00,combi,Sitting,Sitting
2024-07-04 19:21:56.500000+00:00,combi,Sitting,Sitting
2024-07-04 19:22:56.500000+00:00,combi,Sitting,Sitting
2024-07-04 19:23:56.500000+00:00,combi,Sitting,Sitting
2024-07-04 19:24:56.500000+00:00,combi,Sitting,Sitting
2024-07-04 19:25:56.500000+00:00,combi,Sitting,Sitting
2024-07-04 19:26:56.500000+00:00,combi,Sitting,Sitting
2024-07-04 19:27:56.500000+00:00,combi,Sitting,Sitting
2024-07-04 19:28:56.500000+00:00,combi,Sitting,Sitting
2024-07-04 19:29:56.500000+00:00,combi,Sitting,Sitting
2024-07-04 19:30:56.500000+00:00,combi,Sitting,Dynamic
2024-07-04 19:31:56.500000+00:00,combi,Sitting,Dynamic
2024-07-04 19:32:56.500000+00:00,combi,Standing,Dynamic
2024-07-04 19:33:56.500000+00:00,combi,Sitting,Sitting
2024-07-04 19:34:56.500000+00:00,combi,Sitting,Sitting
2024-07-04 19:35:56.500000+00:00,combi,Lying,Dynamic
2024-07-04 19:36:56.500000+00:00,combi,Lying,Lying
2024-07-04 19:37:56.500000+00:00,combi,Lying,Lying
2024-07-04 19:38:56.500000+00:00,combi,Lying,Lying
2024-07-04 19:39:56.500000+00:00,combi,Lying,Lying
2024-07-04 19:40:56.500000+00:00,combi,Lying,Lying
2024-07-04 19:41:56.500000+00:00,combi,Lying,Lying
2024-07-04 19:42:56.500000+00:00,combi,Lying,Lying
2024-07-04 19:43:56.500000+00:00,combi,Lying,Lying
2024-07-04 19:44:56.500000+00:00,combi,Lying,Lying
2024-07-04 19:45:56.500000+00:00,combi,Lying,Lying
2024-07-04 19:46:56.500000+00:00,combi,Lying,Lying
2024-07-04 19:47:56.500000+00:00,combi,Lying,Lying
2024-07-04 19:48:56.500000+00:00,combi,Sitting,Sitting
2024-07-04 19:49:56.500000+00:00,combi,Sitting,Sitting
2024-07-04 19:50:56.500000+00:00,combi,Sitting,Sitting
2024-07-04 19:51:56.500000+00:00,combi,Sitting,Sitting
2024-07-04 19:52:56.500000+00:00,combi,Sitting,Sitting
2024-07-04 19:53:56.500000+00:00,combi,Sitting,Sitting
2024-07-04 19:54:56.500000+00:00,combi,Sitting,Sitting
2024-07-04 19:55:56.500000+00:00,combi,Sitting,Sitting
2024-07-04 19:56:56.500000+00:00,combi,Sitting,Sitting
2024-07-04 19:57:56.500000+00:00,combi,Sitting,Sitting
2024-07-04 19:58:56.500000+00:00,combi,Sitting,Sitting
2024-07-04 19:59:56.500000+00:00,combi,Sitting,Sitting
2024-07-04 20:00:56.500000+00:00,combi,Sitting,Sitting
2024-07-04 20:01:56.500000+00:00,combi,Sitting,Sitting
2024-07-04 20:02:56.500000+00:00,combi,Sitting,Sitting
2024-07-04 20:03:56.500000+00:00,combi,Sitting,Sitting
2024-07-04 20:04:56.500000+00:00,combi,Sitting,Sitting
2024-07-04 20:05:56.500000+00:00,combi,Sitting,Sitting
2024-07-04 20:06:56.500000+00:00,combi,Sitting,Sitting
2024-07-04 20:07:56.500000+00:00,combi,Sitting,Sitting
2024-07-04 20:08:56.500000+00:00,combi,Sitting,Sitting
2024-07-04 20:09:56.500000+00:00,combi,Sitting,Sitting
2024-07-04 20:10:56.500000+00:00,combi,Sitting,Sitting
2024-07-04 20:11:56.500000+00:00,combi,Sitting,Sitting
2024-07-04 20:12:56.500000+00:00,combi,Sitting,Sitting
2024-07-04 20:13:56.500000+00:00,combi,Sitting,Sitting
2024-07-04 20:14:56.500000+00:00,combi,Sitting,Sitting
2024-07-04 20:15:56.500000+00:00,combi,Sitting,Sitting
2024-07-04 20:16:56.500000+00:00,combi,Sitting,Sitting
2024-07-04 20:17:56.500000+00:00,combi,Sitting,Sitting
2024-07-04 20:18:56.500000+00:00,combi,Sitting,Sitting
2024-07-04 20:19:56.500000+00:00,combi,Sitting,Sitting
2024-07-04 20:20:56.500000+00:00,combi,Sitting,Sitting
2024-07-04 20:21:56.500000+00:00,combi,Sitting,Sitting
2024-07-04 20:22:56.500000+00:00,combi,Sitting,Sitting
2024-07-04 20:23:56.500000+00:00,combi,Sitting,Sitting
2024-07-04 20:24:56.500000+00:00,combi,Sitting,Sitting
2024-07-04 20:25:56.500000+00:00,combi,Sitting,Sitting
2024-07-04 20:26:56.500000+00:00,combi,Sitting,Sitting
2024-07-04 20:27:56.500000+00:00,combi,Sitting,Sitting
2024-07-04 20:28:56.500000+00:00,combi,Sitting,Sitting
2024-07-04 20:29:56.500000+00:00,combi,Sitting,Sitting
2024-07-04 20:30:56.500000+00:00,combi,Sitting,Sitting
2024-07-04 20:31:56.500000+00:00,combi,Sitting,Sitting
2024-07-04 20:32:56.500000+00:00,combi,Sitting,Sitting
2024-07-04 20:33:56.500000+00:00,combi,Sitting,Sitting
2024-07-04 20:34:56.500000+00:00,combi,Sitting,Sitting
2024-07-04 20:35:56.500000+00:00,combi,Sitting,Sitting
2024-07-04 20:36:56.500000+00:00,combi,Sitting,Sitting
2024-07-04 20:37:56.500000+00:00,combi,Sitting,Sitting
2024-07-04 20:38:56.500000+00:00,combi,Sitting,Sitting
2024-07-04 20:39:56.500000+00:00,combi,Sitting,Sitting
2024-07-04 20:40:56.500000+00:00,combi,Sitting,Sitting
2024-07-04 20:41:56.500000+00:00,combi,Sitting,Sitting
2024-07-04 20:42:56.500000+00:00,combi,Sitting,Sitting
2024-07-04 20:43:56.500000+00:00,combi,Sitting,Sitting
2024-07-04 20:44:56.500000+00:00,combi,Sitting,Sitting
2024-07-04 20:45:56.500000+00:00,combi,Sitting,Sitting
2024-07-04 20:46:56.500000+00:00,combi,Sitting,Sitting
2024-07-04 20:47:56.500000+00:00,combi,Sitting,Sitting
2024-07-04 20:48:56.500000+00:00,combi,Sitting,Sitting
2024-07-04 20:49:56.500000+00:00,combi,Sitting,Sitting
2024-07-04 20:50:56.500000+00:00,combi,Sitting,Sitting
2024-07-04 20:51:56.500000+00:00,combi,Sitting,Sitting
2024-07-04 20:52:56.500000+00:00,combi,Sitting,Sitting
2024-07-04 20:53:56.500000+00:00,combi,Sitting,Sitting
2024-07-04 20:54:56.500000+00:00,combi,Standing,Dynamic
2024-07-04 20:55:56.500000+00:00,combi,Sitting,Sitting
2024-07-04 20:56:56.500000+00:00,combi,Sitting,Sitting
2024-07-04 20:57:56.500000+00:00,combi,Sitting,Sitting
2024-07-04 20:58:56.500000+00:00,combi,Sitting,Sitting
2024-07-04 20:59:56.500000+00:00,combi,Sitting,Sitting
2024-07-04 21:00:56.500000+00:00,combi,Sitting,Sitting
2024-07-04 21:01:56.500000+00:00,combi,Sitting,Sitting
2024-07-04 21:02:56.500000+00:00,combi,Sitting,Sitting
2024-07-04 21:03:56.500000+00:00,combi,Sitting,Sitting
2024-07-04 21:04:56.500000+00:00,combi,Sitting,Sitting
2024-07-04 21:05:56.500000+00:00,combi,Sitting,Sitting
2024-07-04 21:06:56.500000+00:00,combi,Sitting,Sitting
2024-07-04 21:07:56.500000+00:00,combi,Sitting,Sitting
2024-07-04 21:08:56.500000+00:00,combi,Sitting,Sitting
2024-07-04 21:09:56.500000+00:00,combi,Sitting,Sitting
2024-07-04 21:10:56.500000+00:00,combi,Sitting,Sitting
2024-07-04 21:11:56.500000+00:00,combi,Sitting,Sitting
2024-07-04 21:12:56.500000+00:00,combi,Sitting,Sitting
2024-07-04 21:13:56.500000+00:00,combi,Sitting,Sitting
2024-07-04 21:14:56.500000+00:00,combi,Sitting,Sitting
2024-07-04 21:15:56.500000+00:00,combi,Sitting,Sitting
2024-07-04 21:16:56.500000+00:00,combi,Sitting,Sitting
2024-07-04 21:17:56.500000+00:00,combi,Sitting,Sitting
2024-07-04 21:18:56.500000+00:00,combi,Sitting,Sitting
2024-07-04 21:19:56.500000+00:00,combi,Sitting,Sitting
2024-07-04 21:20:56.500000+00:00,combi,Sitting,Sitting
2024-07-04 21:21:56.500000+00:00,combi,Sitting,Sitting
2024-07-04 21:22:56.500000+00:00,combi,Sitting,Sitting
2024-07-04 21:23:56.500000+00:00,combi,Sitting,Sitting
2024-07-04 21:24:56.500000+00:00,combi,Sitting,Sitting
2024-07-04 21:25:56.500000+00:00,combi,Sitting,Sitting
2024-07-04 21:26:56.500000+00:00,combi,Sitting,Sitting
2024-07-04 21:27:56.500000+00:00,combi,Sitting,Sitting
2024-07-04 21:28:56.500000+00:00,combi,Sitting,Sitting
2024-07-04 21:29:56.500000+00:00,combi,Sitting,Sitting
2024-07-04 21:30:56.500000+00:00,combi,Sitting,Sitting
2024-07-04 21:31:56.500000+00:00,combi,Sitting,Sitting
2024-07-04 21:32:56.500000+00:00,combi,Sitting,Sitting
2024-07-04 21:33:56.500000+00:00,combi,Sitting,Sitting
2024-07-04 21:34:56.500000+00:00,combi,Sitting,Sitting
2024-07-04 21:35:56.500000+00:00,combi,Sitting,Sitting
2024-07-04 21:36:56.500000+00:00,combi,Lying,Lying
2024-07-04 21:37:56.500000+00:00,combi,Lying,Lying
2024-07-04 21:38:56.500000+00:00,combi,Lying,Lying
2024-07-04 21:39:56.500000+00:00,combi,Lying,Lying
2024-07-04 21:40:56.500000+00:00,combi,Lying,Lying
2024-07-04 21:41:56.500000+00:00,combi,Lying,Lying
2024-07-04 21:42:56.500000+00:00,combi,Lying,Lying
2024-07-04 21:43:56.500000+00:00,combi,Lying,Lying
2024-07-04 21:44:56.500000+00:00,combi,Lying,Lying
2024-07-04 21:45:56.500000+00:00,combi,Lying,Lying
2024-07-04 21:46:56.500000+00:00,combi,Lying,Lying
2024-07-04 21:47:56.500000+00:00,combi,Lying,Lying
2024-07-04 21:48:56.500000+00:00,combi,Lying,Lying
2024-07-04 21:49:56.500000+00:00,combi,Lying,Lying
2024-07-04 21:50:56.500000+00:00,combi,Lying,Lying
2024-07-04 21:51:56.500000+00:00,combi,Lying,Lying
2024-07-04 21:52:56.500000+00:00,combi,Lying,Lying
2024-07-04 21:53:56.500000+00:00,combi,Lying,Lying
2024-07-04 21:54:56.500000+00:00,combi,Lying,Lying
2024-07-04 21:55:56.500000+00:00,combi,Lying,Lying
2024-07-04 21:56:56.500000+00:00,combi,Lying,Lying
2024-07-04 21:57:56.500000+00:00,combi,Lying,Lying
2024-07-04 21:58:56.500000+00:00,combi,Lying,Lying
2024-07-04 21:59:56.500000+00:00,combi,Lying,Lying
2024-07-04 22:00:56.500000+00:00,combi,Lying,Lying
2024-07-04 22:01:56.500000+00:00,combi,Lying,Lying
2024-07-04 22:02:56.500000+00:00,combi,Lying,Lying
2024-07-04 22:03:56.500000+00:00,combi,Lying,Lying
2024-07-04 22:04:56.500000+00:00,combi,Lying,Lying
2024-07-04 22:05:56.500000+00:00,combi,Lying,Lying
2024-07-04 22:06:56.500000+00:00,combi,Lying,Lying
2024-07-04 22:07:56.500000+00:00,combi,Lying,Lying
2024-07-04 22:08:56.500000+00:00,combi,Lying,Sitting
2024-07-04 22:09:56.500000+00:00,combi,Lying,Lying
2024-07-04 22:10:56.500000+00:00,combi,Lying,Lying
2024-07-04 22:11:56.500000+00:00,combi,Lying,Lying
2024-07-04 22:12:56.500000+00:00,combi,Lying,Lying
2024-07-04 22:13:56.500000+00:00,combi,Lying,Lying
2024-07-04 22:14:56.500000+00:00,combi,Lying,Lying
2024-07-04 22:15:56.500000+00:00,combi,Lying,Lying
2024-07-04 22:16:56.500000+00:00,combi,Lying,Lying
2024-07-04 22:17:56.500000+00:00,combi,Lying,Lying
2024-07-04 22:18:56.500000+00:00,combi,Lying,Lying
2024-07-04 22:19:56.500000+00:00,combi,Lying,Lying
2024-07-04 22:20:56.500000+00:00,combi,Lying,Lying
2024-07-04 22:21:56.500000+00:00,combi,Lying,Lying
2024-07-04 22:22:56.500000+00:00,combi,Lying,Lying
2024-07-04 22:23:56.500000+00:00,combi,Lying,Lying
2024-07-04 22:24:56.500000+00:00,combi,Lying,Lying
2024-07-04 22:25:56.500000+00:00,combi,Lying,Lying
2024-07-04 22:26:56.500000+00:00,combi,Standing,Dynamic
2024-07-04 22:27:56.500000+00:00,combi,Sitting,Dynamic
2024-07-04 22:28:56.500000+00:00,combi,Sitting,Sitting
2024-07-04 22:29:56.500000+00:00,combi,Sitting,Sitting
2024-07-04 22:30:56.500000+00:00,combi,Sitting,Dynamic
2024-07-04 22:31:56.500000+00:00,combi,Sitting,Sitting
2024-07-04 22:32:56.500000+00:00,combi,Lying,Dynamic
2024-07-04 22:33:56.500000+00:00,combi,Sitting,Sitting
2024-07-04 22:34:56.500000+00:00,combi,Sitting,Sitting
2024-07-04 22:35:56.500000+00:00,combi,Sitting,Sitting
2024-07-04 22:36:56.500000+00:00,combi,Sitting,Sitting
2024-07-04 22:37:56.500000+00:00,combi,Sitting,Sitting
2024-07-04 22:38:56.500000+00:00,combi,Sitting,Sitting
2024-07-04 22:39:56.500000+00:00,combi,Sitting,Sitting
2024-07-04 22:40:56.500000+00:00,combi,Sitting,Sitting
2024-07-04 22:41:56.500000+00:00,combi,Sitting,Sitting
2024-07-04 22:42:56.500000+00:00,combi,Sitting,Sitting
2024-07-04 22:43:56.500000+00:00,combi,Sitting,Sitting
2024-07-04 22:44:56.500000+00:00,combi,Sitting,Sitting
2024-07-04 22:45:56.500000+00:00,combi,Sitting,Sitting
2024-07-04 22:46:56.500000+00:00,combi,Sitting,Sitting
2024-07-04 22:47:56.500000+00:00,combi,Sitting,Sitting
2024-07-04 22:48:56.500000+00:00,combi,Sitting,Sitting
2024-07-04 22:49:56.500000+00:00,combi,Sitting,Sitting
2024-07-04 22:50:56.500000+00:00,combi,Sitting,Sitting
2024-07-04 22:51:56.500000+00:00,combi,Sitting,Sitting
2024-07-04 22:52:56.500000+00:00,combi,Sitting,Sitting
2024-07-04 22:53:56.500000+00:00,combi,Sitting,Sitting
2024-07-04 22:54:56.500000+00:00,combi,Sitting,Sitting
2024-07-04 22:55:56.500000+00:00,combi,Sitting,Sitting
2024-07-04 22:56:56.500000+00:00,combi,Sitting,Sitting
2024-07-04 22:57:56.500000+00:00,combi,Sitting,Sitting
2024-07-04 22:58:56.500000+00:00,combi,Sitting,Sitting
2024-07-04 22:59:56.500000+00:00,combi,Sitting,Sitting
2024-07-04 23:00:56.500000+00:00,combi,Sitting,Sitting
2024-07-04 23:01:56.500000+00:00,combi,Sitting,Sitting
2024-07-04 23:02:56.500000+00:00,combi,Sitting,Sitting
2024-07-04 23:03:56.500000+00:00,combi,Sitting,Sitting
2024-07-04 23:04:56.500000+00:00,combi,Sitting,Sitting
2024-07-04 23:05:56.500000+00:00,combi,Sitting,Sitting
2024-07-04 23:06:56.500000+00:00,combi,Sitting,Sitting
2024-07-04 23:07:56.500000+00:00,combi,Sitting,Sitting
2024-07-04 23:08:56.500000+00:00,combi,Sitting,Sitting
2024-07-04 23:09:56.500000+00:00,combi,Sitting,Sitting
2024-07-04 23:10:56.500000+00:00,combi,Sitting,Sitting
2024-07-04 23:11:56.500000+00:00,combi,Sitting,Sitting
2024-07-04 23:12:56.500000+00:00,combi,Sitting,Sitting
2024-07-04 23:13:56.500000+00:00,combi,Sitting,Sitting
2024-07-04 23:14:56.500000+00:00,combi,Sitting,Sitting
2024-07-04 23:15:56.500000+00:00,combi,Sitting,Sitting
2024-07-04 23:16:56.500000+00:00,combi,Sitting,Sitting
2024-07-04 23:17:56.500000+00:00,combi,Sitting,Sitting
2024-07-04 23:18:56.500000+00:00,combi,Sitting,Sitting
2024-07-04 23:19:56.500000+00:00,combi,Sitting,Sitting
2024-07-04 23:20:56.500000+00:00,combi,Sitting,Sitting
2024-07-04 23:21:56.500000+00:00,combi,Sitting,Sitting
2024-07-04 23:22:56.500000+00:00,combi,Sitting,Sitting
2024-07-04 23:23:56.500000+00:00,combi,Sitting,Sitting
2024-07-04 23:24:56.500000+00:00,combi,Sitting,Sitting
2024-07-04 23:25:56.500000+00:00,combi,Sitting,Sitting
2024-07-04 23:26:56.500000+00:00,combi,Sitting,Sitting
2024-07-04 23:27:56.500000+00:00,combi,Sitting,Sitting
2024-07-04 23:28:56.500000+00:00,combi,Sitting,Sitting
2024-07-04 23:29:56.500000+00:00,combi,Sitting,Sitting
2024-07-04 23:30:56.500000+00:00,combi,Sitting,Sitting
2024-07-04 23:31:56.500000+00:00,combi,Sitting,Sitting
2024-07-04 23:32:56.500000+00:00,combi,Sitting,Sitting
2024-07-04 23:33:56.500000+00:00,combi,Sitting,Sitting
2024-07-04 23:34:56.500000+00:00,combi,Sitting,Sitting
2024-07-04 23:35:56.500000+00:00,combi,Sitting,Sitting
2024-07-04 23:36:56.500000+00:00,combi,Sitting,Sitting
2024-07-04 23:37:56.500000+00:00,combi,Sitting,Sitting
2024-07-04 23:38:56.500000+00:00,combi,Sitting,Sitting
2024-07-04 23:39:56.500000+00:00,combi,Sitting,Sitting
2024-07-04 23:40:56.500000+00:00,combi,Sitting,Sitting
2024-07-04 23:41:56.500000+00:00,combi,Sitting,Sitting
2024-07-04 23:42:56.500000+00:00,combi,Sitting,Sitting
2024-07-04 23:43:56.500000+00:00,combi,Sitting,Sitting
2024-07-04 23:44:56.500000+00:00,combi,Sitting,Sitting
2024-07-04 23:45:56.500000+00:00,combi,Sitting,Sitting
2024-07-04 23:46:56.500000+00:00,combi,Sitting,Sitting
2024-07-04 23:47:56.500000+00:00,combi,Sitting,Sitting
2024-07-04 23:48:56.500000+00:00,combi,Sitting,Sitting
2024-07-04 23:49:56.500000+00:00,combi,Sitting,Sitting
2024-07-04 23:50:56.500000+00:00,combi,Sitting,Sitting
2024-07-04 23:51:56.500000+00:00,combi,Sitting,Sitting
2024-07-04 23:52:56.500000+00:00,combi,Sitting,Sitting
2024-07-04 23:53:56.500000+00:00,combi,Sitting,Sitting
2024-07-04 23:54:56.500000+00:00,combi,Sitting,Sitting
2024-07-04 23:55:56.500000+00:00,combi,Sitting,Sitting
2024-07-04 23:56:56.500000+00:00,combi,Sitting,Sitting
2024-07-04 23:57:56.500000+00:00,combi,Sitting,Sitting
2024-07-04 23:58:56.500000+00:00,combi,Sitting,Sitting
2024-07-04 23:59:56.500000+00:00,combi,Sitting,Sitting
2024-07-05 00:00:56.500000+00:00,combi,Sitting,Sitting
2024-07-05 00:01:56.500000+00:00,combi,Sitting,Sitting
2024-07-05 00:02:56.500000+00:00,combi,Sitting,Sitting
2024-07-05 00:03:56.500000+00:00,combi,Sitting,Sitting
2024-07-05 00:04:56.500000+00:00,combi,Sitting,Sitting
2024-07-05 00:05:56.500000+00:00,combi,Sitting,Sitting
2024-07-05 00:06:56.500000+00:00,combi,Sitting,Sitting
2024-07-05 00:07:56.500000+00:00,combi,Sitting,Sitting
2024-07-05 00:08:56.500000+00:00,combi,Sitting,Sitting
2024-07-05 00:09:56.500000+00:00,combi,Sitting,Sitting
2024-07-05 00:10:56.500000+00:00,combi,Sitting,Sitting
2024-07-05 00:11:56.500000+00:00,combi,Sitting,Sitting
2024-07-05 00:12:56.500000+00:00,combi,Sitting,Sitting
2024-07-05 00:13:56.500000+00:00,combi,Sitting,Sitting
2024-07-05 00:14:56.500000+00:00,combi,Sitting,Sitting
2024-07-05 00:15:56.500000+00:00,combi,Sitting,Sitting
2024-07-05 00:16:56.500000+00:00,combi,Sitting,Sitting
2024-07-05 00:17:56.500000+00:00,combi,Sitting,Sitting
2024-07-05 00:18:56.500000+00:00,combi,Sitting,Sitting
2024-07-05 00:19:56.500000+00:00,combi,Sitting,Sitting
2024-07-05 00:20:56.500000+00:00,combi,Sitting,Sitting
2024-07-05 00:21:56.500000+00:00,combi,Sitting,Sitting
2024-07-05 00:22:56.500000+00:00,combi,Sitting,Sitting
2024-07-05 00:23:56.500000+00:00,combi,Sitting,Sitting
2024-07-05 00:24:56.500000+00:00,combi,Sitting,Sitting
2024-07-05 00:25:56.500000+00:00,combi,Sitting,Sitting
2024-07-05 00:26:56.500000+00:00,combi,Sitting,Sitting
2024-07-05 00:27:56.500000+00:00,combi,Sitting,Sitting
2024-07-05 00:28:56.500000+00:00,combi,Lying,Lying
2024-07-05 00:29:56.500000+00:00,combi,Lying,Lying
2024-07-05 00:30:56.500000+00:00,combi,Lying,Lying
2024-07-05 00:31:56.500000+00:00,combi,Lying,Lying
2024-07-05 00:32:56.500000+00:00,combi,Lying,Lying
2024-07-05 00:33:56.500000+00:00,combi,Lying,Dynamic
2024-07-05 00:34:56.500000+00:00,combi,Standing,Standing
2024-07-05 00:35:56.500000+00:00,combi,Standing,Standing
2024-07-05 00:36:56.500000+00:00,combi,Standing,Standing
2024-07-05 00:37:56.500000+00:00,combi,Sitting,Sitting
2024-07-05 00:38:56.500000+00:00,combi,Sitting,Sitting
2024-07-05 00:39:56.500000+00:00,combi,Sitting,Sitting
2024-07-05 00:40:56.500000+00:00,combi,Sitting,Sitting
2024-07-05 00:41:56.500000+00:00,combi,Sitting,Sitting
2024-07-05 00:42:56.500000+00:00,combi,Sitting,Sitting
2024-07-05 00:43:56.500000+00:00,combi,Sitting,Sitting
2024-07-05 00:44:56.500000+00:00,combi,Sitting,Sitting
2024-07-05 00:45:56.500000+00:00,combi,Sitting,Sitting
2024-07-05 00:46:56.500000+00:00,combi,Sitting,Sitting
2024-07-05 00:47:56.500000+00:00,combi,Sitting,Sitting
2024-07-05 00:48:56.500000+00:00,combi,Sitting,Sitting
2024-07-05 00:49:56.500000+00:00,combi,Sitting,Sitting
2024-07-05 00:50:56.500000+00:00,combi,Sitting,Sitting
2024-07-05 00:51:56.500000+00:00,combi,Sitting,Sitting
2024-07-05 00:52:56.500000+00:00,combi,Sitting,Sitting
2024-07-05 00:53:56.500000+00:00,combi,Sitting,Sitting
2024-07-05 00:54:56.500000+00:00,combi,Sitting,Sitting
2024-07-05 00:55:56.500000+00:00,combi,Sitting,Sitting
2024-07-05 00:56:56.500000+00:00,combi,Sitting,Sitting
2024-07-05 00:57:56.500000+00:00,combi,Sitting,Sitting
2024-07-05 00:58:56.500000+00:00,combi,Sitting,Sitting
2024-07-05 00:59:56.500000+00:00,combi,Sitting,Sitting
2024-07-05 01:00:56.500000+00:00,combi,Sitting,Sitting
2024-07-05 01:01:56.500000+00:00,combi,Sitting,Sitting
2024-07-05 01:02:56.500000+00:00,combi,Sitting,Sitting
2024-07-05 01:03:56.500000+00:00,combi,Sitting,Sitting
2024-07-05 01:04:56.500000+00:00,combi,Sitting,Sitting
2024-07-05 01:05:56.500000+00:00,combi,Sitting,Sitting
2024-07-05 01:06:56.500000+00:00,combi,Sitting,Sitting
2024-07-05 01:07:56.500000+00:00,combi,Sitting,Sitting
2024-07-05 01:08:56.500000+00:00,combi,Sitting,Sitting
2024-07-05 01:09:56.500000+00:00,combi,Sitting,Sitting
2024-07-05 01:10:56.500000+00:00,combi,Sitting,Sitting
2024-07-05 01:11:56.500000+00:00,combi,Sitting,Sitting
2024-07-05 01:12:56.500000+00:00,combi,Sitting,Sitting
2024-07-05 01:13:56.500000+00:00,combi,Sitting,Sitting
2024-07-05 01:14:56.500000+00:00,combi,Sitting,Sitting
2024-07-05 01:15:56.500000+00:00,combi,Sitting,Sitting
2024-07-05 01:16:56.500000+00:00,combi,Sitting,Sitting
2024-07-05 01:17:56.500000+00:00,combi,Sitting,Sitting
2024-07-05 01:18:56.500000+00:00,combi,Sitting,Sitting
2024-07-05 01:19:56.500000+00:00,combi,Sitting,Sitting
2024-07-05 01:20:56.500000+00:00,combi,Sitting,Sitting
2024-07-05 01:21:56.500000+00:00,combi,Sitting,Sitting
2024-07-05 01:22:56.500000+00:00,combi,Sitting,Sitting
2024-07-05 01:23:56.500000+00:00,combi,Sitting,Sitting
2024-07-05 01:24:56.500000+00:00,combi,Sitting,Sitting
2024-07-05 01:25:56.500000+00:00,combi,Sitting,Sitting
2024-07-05 01:26:56.500000+00:00,combi,Sitting,Sitting
2024-07-05 01:27:56.500000+00:00,combi,Sitting,Sitting
2024-07-05 01:28:56.500000+00:00,combi,Sitting,Sitting
2024-07-05 01:29:56.500000+00:00,combi,Sitting,Sitting
2024-07-05 01:30:56.500000+00:00,combi,Sitting,Sitting
2024-07-05 01:31:56.500000+00:00,combi,Sitting,Sitting
2024-07-05 01:32:56.500000+00:00,combi,Sitting,Sitting
2024-07-05 01:33:56.500000+00:00,combi,Sitting,Sitting
2024-07-05 01:34:56.500000+00:00,combi,Sitting,Sitting
2024-07-05 01:35:56.500000+00:00,combi,Sitting,Sitting
2024-07-05 01:36:56.500000+00:00,combi,Sitting,Sitting
2024-07-05 01:37:56.500000+00:00,combi,Sitting,Sitting
2024-07-05 01:38:56.500000+00:00,combi,Sitting,Sitting
2024-07-05 01:39:56.500000+00:00,combi,Sitting,Sitting
2024-07-05 01:40:56.500000+00:00,combi,Sitting,Sitting
2024-07-05 01:41:56.500000+00:00,combi,Sitting,Sitting
2024-07-05 01:42:56.500000+00:00,combi,Sitting,Sitting
2024-07-05 01:43:56.500000+00:00,combi,Sitting,Sitting
2024-07-05 01:44:56.500000+00:00,combi,Sitting,Sitting
2024-07-05 01:45:56.500000+00:00,combi,Sitting,Sitting
2024-07-05 01:46:56.500000+00:00,combi,Sitting,Sitting
2024-07-05 01:47:56.500000+00:00,combi,Sitting,Sitting
2024-07-05 01:48:56.500000+00:00,combi,Sitting,Sitting
2024-07-05 01:49:56.500000+00:00,combi,Sitting,Sitting
2024-07-05 01:50:56.500000+00:00,combi,Sitting,Sitting
2024-07-05 01:51:56.500000+00:00,combi,Sitting,Sitting
2024-07-05 01:52:56.500000+00:00,combi,Sitting,Sitting
2024-07-05 01:53:56.500000+00:00,combi,Sitting,Sitting
2024-07-05 01:54:56.500000+00:00,combi,Sitting,Sitting
2024-07-05 01:55:56.500000+00:00,combi,Sitting,Sitting
2024-07-05 01:56:56.500000+00:00,combi,Sitting,Sitting
2024-07-05 01:57:56.500000+00:00,combi,Sitting,Sitting
2024-07-05 01:58:56.500000+00:00,combi,Sitting,Sitting
2024-07-05 01:59:56.500000+00:00,combi,Sitting,Sitting
2024-07-05 02:00:56.500000+00:00,combi,Sitting,Sitting
2024-07-05 02:01:56.500000+00:00,combi,Sitting,Sitting
2024-07-05 02:02:56.500000+00:00,combi,Lying,Lying
2024-07-05 02:03:56.500000+00:00,combi,Lying,Lying
2024-07-05 02:04:56.500000+00:00,combi,Lying,Lying
2024-07-05 02:05:56.500000+00:00,combi,Lying,Lying
2024-07-05 02:06:56.500000+00:00,combi,Lying,Lying
2024-07-05 02:07:56.500000+00:00,combi,Lying,Lying
2024-07-05 02:08:56.500000+00:00,combi,Lying,Lying
2024-07-05 02:09:56.500000+00:00,combi,Lying,Lying
2024-07-05 02:10:56.500000+00:00,combi,Lying,Lying
2024-07-05 02:11:56.500000+00:00,combi,Lying,Lying
2024-07-05 02:12:56.500000+00:00,combi,Lying,Lying
2024-07-05 02:13:56.500000+00:00,combi,Lying,Lying
2024-07-05 02:14:56.500000+00:00,combi,Lying,Lying
2024-07-05 02:15:56.500000+00:00,combi,Lying,Lying
2024-07-05 02:16:56.500000+00:00,combi,Lying,Lying
2024-07-05 02:17:56.500000+00:00,combi,Lying,Lying
2024-07-05 02:18:56.500000+00:00,combi,Lying,Lying
2024-07-05 02:19:56.500000+00:00,combi,Lying,Lying
2024-07-05 02:20:56.500000+00:00,combi,Lying,Lying
2024-07-05 02:21:56.500000+00:00,combi,Lying,Lying
2024-07-05 02:22:56.500000+00:00,combi,Lying,Lying
2024-07-05 02:23:56.500000+00:00,combi,Lying,Lying
2024-07-05 02:24:56.500000+00:00,combi,Lying,Lying
2024-07-05 02:25:56.500000+00:00,combi,Lying,Lying
2024-07-05 02:26:56.500000+00:00,combi,Lying,Lying
2024-07-05 02:27:56.500000+00:00,combi,Lying,Lying
2024-07-05 02:28:56.500000+00:00,combi,Lying,Lying
2024-07-05 02:29:56.500000+00:00,combi,Lying,Lying
2024-07-05 02:30:56.500000+00:00,combi,Lying,Lying
2024-07-05 02:31:56.500000+00:00,combi,Lying,Lying
2024-07-05 02:32:56.500000+00:00,combi,Lying,Lying
2024-07-05 02:33:56.500000+00:00,combi,Lying,Lying
2024-07-05 02:34:56.500000+00:00,combi,Lying,Lying
2024-07-05 02:35:56.500000+00:00,combi,Lying,Lying
2024-07-05 02:36:56.500000+00:00,combi,Lying,Lying
2024-07-05 02:37:56.500000+00:00,combi,Lying,Lying
2024-07-05 02:38:56.500000+00:00,combi,Lying,Lying
2024-07-05 02:39:56.500000+00:00,combi,Lying,Lying
2024-07-05 02:40:56.500000+00:00,combi,Lying,Lying
2024-07-05 02:41:56.500000+00:00,combi,Lying,Lying
2024-07-05 02:42:56.500000+00:00,combi,Lying,Lying
2024-07-05 02:43:56.500000+00:00,combi,Lying,Lying
2024-07-05 02:44:56.500000+00:00,combi,Lying,Lying
2024-07-05 02:45:56.500000+00:00,combi,Lying,Lying
2024-07-05 02:46:56.500000+00:00,combi,Lying,Lying
2024-07-05 02:47:56.500000+00:00,combi,Lying,Lying
2024-07-05 02:48:56.500000+00:00,combi,Lying,Lying
2024-07-05 02:49:56.500000+00:00,combi,Lying,Lying
2024-07-05 02:50:56.500000+00:00,combi,Lying,Lying
2024-07-05 02:51:56.500000+00:00,combi,Lying,Lying
2024-07-05 02:52:56.500000+00:00,combi,Lying,Lying
2024-07-05 02:53:56.500000+00:00,combi,Lying,Lying
2024-07-05 02:54:56.500000+00:00,combi,Lying,Lying
2024-07-05 02:55:56.500000+00:00,combi,Lying,Lying
2024-07-05 02:56:56.500000+00:00,combi,Lying,Lying
2024-07-05 02:57:56.500000+00:00,combi,Lying,Lying
2024-07-05 02:58:56.500000+00:00,combi,Lying,Lying
2024-07-05 02:59:56.500000+00:00,combi,Lying,Lying
2024-07-05 03:00:56.500000+00:00,combi,Lying,Lying
2024-07-05 03:01:56.500000+00:00,combi,Lying,Lying
2024-07-05 03:02:56.500000+00:00,combi,Lying,Lying
2024-07-05 03:03:56.500000+00:00,combi,Lying,Lying
2024-07-05 03:04:56.500000+00:00,combi,Lying,Lying
2024-07-05 03:05:56.500000+00:00,combi,Lying,Lying
2024-07-05 03:06:56.500000+00:00,combi,Lying,Lying
2024-07-05 03:07:56.500000+00:00,combi,Lying,Lying
2024-07-05 03:08:56.500000+00:00,combi,Lying,Lying
2024-07-05 03:09:56.500000+00:00,combi,Lying,Lying
2024-07-05 03:10:56.500000+00:00,combi,Lying,Lying
2024-07-05 03:11:56.500000+00:00,combi,Lying,Lying
2024-07-05 03:12:56.500000+00:00,combi,Lying,Lying
2024-07-05 03:13:56.500000+00:00,combi,Lying,Lying
2024-07-05 03:14:56.500000+00:00,combi,Lying,Lying
2024-07-05 03:15:56.500000+00:00,combi,Lying,Lying
2024-07-05 03:16:56.500000+00:00,combi,Lying,Lying
2024-07-05 03:17:56.500000+00:00,combi,Lying,Lying
2024-07-05 03:18:56.500000+00:00,combi,Lying,Lying
2024-07-05 03:19:56.500000+00:00,combi,Lying,Lying
2024-07-05 03:20:56.500000+00:00,combi,Lying,Lying
2024-07-05 03:21:56.500000+00:00,combi,Lying,Lying
2024-07-05 03:22:56.500000+00:00,combi,Lying,Lying
2024-07-05 03:23:56.500000+00:00,combi,Lying,Lying
2024-07-05 03:24:56.500000+00:00,combi,Lying,Lying
2024-07-05 03:25:56.500000+00:00,combi,Lying,Lying
2024-07-05 03:26:56.500000+00:00,combi,Lying,Lying
2024-07-05 03:27:56.500000+00:00,combi,Lying,Lying
2024-07-05 03:28:56.500000+00:00,combi,Lying,Lying
2024-07-05 03:29:56.500000+00:00,combi,Lying,Lying
2024-07-05 03:30:56.500000+00:00,combi,Lying,Lying
2024-07-05 03:31:56.500000+00:00,combi,Lying,Lying
2024-07-05 03:32:56.500000+00:00,combi,Lying,Lying
2024-07-05 03:33:56.500000+00:00,combi,Lying,Lying
2024-07-05 03:34:56.500000+00:00,combi,Lying,Lying
2024-07-05 03:35:56.500000+00:00,combi,Lying,Lying
2024-07-05 03:36:56.500000+00:00,combi,Lying,Lying
2024-07-05 03:37:56.500000+00:00,combi,Lying,Lying
2024-07-05 03:38:56.500000+00:00,combi,Lying,Lying
2024-07-05 03:39:56.500000+00:00,combi,Lying,Lying
2024-07-05 03:40:56.500000+00:00,combi,Lying,Lying
2024-07-05 03:41:56.500000+00:00,combi,Lying,Lying
2024-07-05 03:42:56.500000+00:00,combi,Lying,Lying
2024-07-05 03:43:56.500000+00:00,combi,Lying,Lying
2024-07-05 03:44:56.500000+00:00,combi,Lying,Lying
2024-07-05 03:45:56.500000+00:00,combi,Lying,Lying
2024-07-05 03:46:56.500000+00:00,combi,Lying,Lying
2024-07-05 03:47:56.500000+00:00,combi,Sitting,Sitting
2024-07-05 03:48:56.500000+00:00,combi,Sitting,Sitting
2024-07-05 03:49:56.500000+00:00,combi,Lying,Lying
2024-07-05 03:50:56.500000+00:00,combi,Lying,Lying
2024-07-05 03:51:56.500000+00:00,combi,Lying,Lying
2024-07-05 03:52:56.500000+00:00,combi,Sitting,Sitting
2024-07-05 03:53:56.500000+00:00,combi,Lying,Lying
2024-07-05 03:54:56.500000+00:00,combi,Lying,Sitting
2024-07-05 03:55:56.500000+00:00,combi,Lying,Lying
2024-07-05 03:56:56.500000+00:00,combi,Lying,Lying
2024-07-05 03:57:56.500000+00:00,combi,Sitting,Sitting
2024-07-05 03:58:56.500000+00:00,combi,Sitting,Sitting
2024-07-05 03:59:56.500000+00:00,combi,Lying,Lying
2024-07-05 04:00:56.500000+00:00,combi,Sitting,Sitting
2024-07-05 04:01:56.500000+00:00,combi,Sitting,Sitting
2024-07-05 04:02:56.500000+00:00,combi,Lying,Sitting
2024-07-05 04:03:56.500000+00:00,combi,Sitting,Sitting
2024-07-05 04:04:56.500000+00:00,combi,Lying,Sitting
2024-07-05 04:05:56.500000+00:00,combi,Sitting,Sitting
2024-07-05 04:06:56.500000+00:00,combi,Sitting,Sitting
2024-07-05 04:07:56.500000+00:00,combi,Sitting,Sitting
2024-07-05 04:08:56.500000+00:00,combi,Lying,Lying
2024-07-05 04:09:56.500000+00:00,combi,Lying,Lying
2024-07-05 04:10:56.500000+00:00,combi,Lying,Sitting
2024-07-05 04:11:56.500000+00:00,combi,Lying,Lying
2024-07-05 04:12:56.500000+00:00,combi,Lying,Lying
2024-07-05 04:13:56.500000+00:00,combi,Lying,Lying
2024-07-05 04:14:56.500000+00:00,combi,Lying,Lying
2024-07-05 04:15:56.500000+00:00,combi,Lying,Lying
2024-07-05 04:16:56.500000+00:00,combi,Lying,Lying
2024-07-05 04:17:56.500000+00:00,combi,Lying,Sitting
2024-07-05 04:18:56.500000+00:00,combi,Lying,Sitting
2024-07-05 04:19:56.500000+00:00,combi,Sitting,Sitting
2024-07-05 04:20:56.500000+00:00,combi,Lying,Sitting
2024-07-05 04:21:56.500000+00:00,combi,Lying,Lying
2024-07-05 04:22:56.500000+00:00,combi,Lying,Sitting
2024-07-05 04:23:56.500000+00:00,combi,Lying,Lying
2024-07-05 04:24:56.500000+00:00,combi,Lying,Lying
2024-07-05 04:25:56.500000+00:00,combi,Lying,Sitting
2024-07-05 04:26:56.500000+00:00,combi,Sitting,Sitting
2024-07-05 04:27:56.500000+00:00,combi,Lying,Lying
2024-07-05 04:28:56.500000+00:00,combi,Lying,Lying
2024-07-05 04:29:56.500000+00:00,combi,Lying,Sitting
2024-07-05 04:30:56.500000+00:00,combi,Lying,Lying
2024-07-05 04:31:56.500000+00:00,combi,Lying,Lying
2024-07-05 04:32:56.500000+00:00,combi,Lying,Lying
2024-07-05 04:33:56.500000+00:00,combi,Lying,Sitting
2024-07-05 04:34:56.500000+00:00,combi,Sitting,Sitting
2024-07-05 04:35:56.500000+00:00,combi,Sitting,Sitting
2024-07-05 04:36:56.500000+00:00,combi,Sitting,Sitting
2024-07-05 04:37:56.500000+00:00,combi,Sitting,Sitting
2024-07-05 04:38:56.500000+00:00,combi,Sitting,Sitting
2024-07-05 04:39:56.500000+00:00,combi,Sitting,Sitting
2024-07-05 04:40:56.500000+00:00,combi,Sitting,Sitting
2024-07-05 04:41:56.500000+00:00,combi,Sitting,Sitting
2024-07-05 04:42:56.500000+00:00,combi,Sitting,Sitting
2024-07-05 04:43:56.500000+00:00,combi,Sitting,Sitting
2024-07-05 04:44:56.500000+00:00,combi,Sitting,Sitting
2024-07-05 04:45:56.500000+00:00,combi,Sitting,Sitting
2024-07-05 04:46:56.500000+00:00,combi,Sitting,Sitting
