Time,Participant,Majority_postures,Majority_including_dynamic
2024-06-26 10:40:04.500000+00:00,combi,Standing,Standing
2024-06-26 10:41:04.500000+00:00,combi,Standing,Standing
2024-06-26 10:42:04.500000+00:00,combi,Standing,Standing
2024-06-26 10:43:04.500000+00:00,combi,Standing,Standing
2024-06-26 10:44:04.500000+00:00,combi,Standing,Standing
2024-06-26 10:45:04.500000+00:00,combi,Standing,Standing
2024-06-26 10:46:04.500000+00:00,combi,Standing,Standing
2024-06-26 10:47:04.500000+00:00,combi,Standing,Standing
2024-06-26 10:48:04.500000+00:00,combi,Standing,Standing
2024-06-26 10:49:04.500000+00:00,combi,Standing,Standing
2024-06-26 10:50:04.500000+00:00,combi,Standing,Standing
2024-06-26 10:51:04.500000+00:00,combi,Sitting,Standing
2024-06-26 10:52:04.500000+00:00,combi,Sitting,Sitting
2024-06-26 10:53:04.500000+00:00,combi,Sitting,Sitting
2024-06-26 10:54:04.500000+00:00,combi,Sitting,Sitting
2024-06-26 10:55:04.500000+00:00,combi,Sitting,Sitting
2024-06-26 10:56:04.500000+00:00,combi,Sitting,Sitting
2024-06-26 10:57:04.500000+00:00,combi,Lying,Lying
2024-06-26 10:58:04.500000+00:00,combi,Lying,Lying
2024-06-26 10:59:04.500000+00:00,combi,Lying,Lying
2024-06-26 11:00:04.500000+00:00,combi,Lying,Lying
2024-06-26 11:01:04.500000+00:00,combi,Sitting,Sitting
2024-06-26 11:02:04.500000+00:00,combi,Sitting,Sitting
2024-06-26 11:03:04.500000+00:00,combi,Standing,Standing
2024-06-26 11:04:04.500000+00:00,combi,Standing,Standing
2024-06-26 11:05:04.500000+00:00,combi,Standing,Standing
2024-06-26 11:06:04.500000+00:00,combi,Standing,Standing
2024-06-26 11:07:04.500000+00:00,combi,Standing,Standing
2024-06-26 11:08:04.500000+00:00,combi,Standing,Standing
2024-06-26 11:09:04.500000+00:00,combi,Sitting,Sitting
2024-06-26 11:10:04.500000+00:00,combi,Lying,Lying
2024-06-26 11:11:04.500000+00:00,combi,Lying,Lying
2024-06-26 11:12:04.500000+00:00,combi,Lying,Lying
2024-06-26 11:13:04.500000+00:00,combi,Lying,Lying
2024-06-26 11:14:04.500000+00:00,combi,Lying,Lying
2024-06-26 11:15:04.500000+00:00,combi,Lying,Lying
2024-06-26 11:16:04.500000+00:00,combi,Lying,Lying
2024-06-26 11:17:04.500000+00:00,combi,Lying,Lying
2024-06-26 11:18:04.500000+00:00,combi,Lying,Lying
2024-06-26 11:19:04.500000+00:00,combi,Lying,Lying
2024-06-26 11:20:04.500000+00:00,combi,Lying,Lying
2024-06-26 11:21:04.500000+00:00,combi,Lying,Lying
2024-06-26 11:22:04.500000+00:00,combi,Lying,Lying
2024-06-26 11:23:04.500000+00:00,combi,Lying,Lying
2024-06-26 11:24:04.500000+00:00,combi,Lying,Lying
2024-06-26 11:25:04.500000+00:00,combi,Lying,Lying
2024-06-26 11:26:04.500000+00:00,combi,Lying,Lying
2024-06-26 11:27:04.500000+00:00,combi,Lying,Lying
2024-06-26 11:28:04.500000+00:00,combi,Lying,Lying
2024-06-26 11:29:04.500000+00:00,combi,Lying,Lying
2024-06-26 11:30:04.500000+00:00,combi,Lying,Lying
2024-06-26 11:31:04.500000+00:00,combi,Sitting,Sitting
2024-06-26 11:32:04.500000+00:00,combi,Sitting,Sitting
2024-06-26 11:33:04.500000+00:00,combi,Sitting,Sitting
2024-06-26 11:34:04.500000+00:00,combi,Sitting,Sitting
2024-06-26 11:35:04.500000+00:00,combi,Sitting,Sitting
2024-06-26 11:36:04.500000+00:00,combi,Sitting,Sitting
2024-06-26 11:37:04.500000+00:00,combi,Sitting,Sitting
2024-06-26 11:38:04.500000+00:00,combi,Sitting,Sitting
2024-06-26 11:39:04.500000+00:00,combi,Sitting,Sitting
2024-06-26 11:40:04.500000+00:00,combi,Standing,Standing
2024-06-26 11:41:04.500000+00:00,combi,Standing,Standing
2024-06-26 11:42:04.500000+00:00,combi,Standing,Standing
2024-06-26 11:43:04.500000+00:00,combi,Standing,Standing
2024-06-26 11:44:04.500000+00:00,combi,Standing,Standing
2024-06-26 11:45:04.500000+00:00,combi,Standing,Standing
2024-06-26 11:46:04.500000+00:00,combi,Standing,Standing
2024-06-26 11:47:04.500000+00:00,combi,Standing,Standing
2024-06-26 11:48:04.500000+00:00,combi,Standing,Standing
2024-06-26 11:49:04.500000+00:00,combi,Standing,Dynamic
2024-06-26 11:50:04.500000+00:00,combi,Sitting,Sitting
2024-06-26 11:51:04.500000+00:00,combi,Sitting,Sitting
2024-06-26 11:52:04.500000+00:00,combi,Sitting,Sitting
2024-06-26 11:53:04.500000+00:00,combi,Sitting,Sitting
2024-06-26 11:54:04.500000+00:00,combi,Sitting,Sitting
2024-06-26 11:55:04.500000+00:00,combi,Sitting,Sitting
2024-06-26 11:56:04.500000+00:00,combi,Sitting,Sitting
2024-06-26 11:57:04.500000+00:00,combi,Sitting,Sitting
2024-06-26 11:58:04.500000+00:00,combi,Sitting,Sitting
2024-06-26 11:59:04.500000+00:00,combi,Sitting,Sitting
2024-06-26 12:00:04.500000+00:00,combi,Sitting,Sitting
2024-06-26 12:01:04.500000+00:00,combi,Sitting,Sitting
2024-06-26 12:02:04.500000+00:00,combi,Sitting,Sitting
2024-06-26 12:03:04.500000+00:00,combi,Sitting,Sitting
2024-06-26 12:04:04.500000+00:00,combi,Sitting,Sitting
2024-06-26 12:05:04.500000+00:00,combi,Sitting,Sitting
2024-06-26 12:06:04.500000+00:00,combi,Sitting,Sitting
2024-06-26 12:07:04.500000+00:00,combi,Sitting,Sitting
2024-06-26 12:08:04.500000+00:00,combi,Sitting,Sitting
2024-06-26 12:09:04.500000+00:00,combi,Sitting,Sitting
2024-06-26 12:10:04.500000+00:00,combi,Sitting,Sitting
2024-06-26 12:11:04.500000+00:00,combi,Sitting,Sitting
2024-06-26 12:12:04.500000+00:00,combi,Sitting,Sitting
2024-06-26 12:13:04.500000+00:00,combi,Sitting,Sitting
2024-06-26 12:14:04.500000+00:00,combi,Sitting,Sitting
2024-06-26 12:15:04.500000+00:00,combi,Sitting,Sitting
2024-06-26 12:16:04.500000+00:00,combi,Sitting,Sitting
2024-06-26 12:17:04.500000+00:00,combi,Sitting,Sitting
2024-06-26 12:18:04.500000+00:00,combi,Sitting,Sitting
2024-06-26 12:19:04.500000+00:00,combi,Sitting,Sitting
2024-06-26 12:20:04.500000+00:00,combi,Sitting,Sitting
2024-06-26 12:21:04.500000+00:00,combi,Sitting,Sitting
2024-06-26 12:22:04.500000+00:00,combi,Sitting,Sitting
2024-06-26 12:23:04.500000+00:00,combi,Standing,Standing
2024-06-26 12:24:04.500000+00:00,combi,Standing,Standing
2024-06-26 12:25:04.500000+00:00,combi,Standing,Standing
2024-06-26 12:26:04.500000+00:00,combi,Standing,Standing
2024-06-26 12:27:04.500000+00:00,combi,Standing,Standing
2024-06-26 12:28:04.500000+00:00,combi,Standing,Standing
2024-06-26 12:29:04.500000+00:00,combi,Sitting,Sitting
2024-06-26 12:30:04.500000+00:00,combi,Standing,Dynamic
2024-06-26 12:31:04.500000+00:00,combi,Standing,Sitting
2024-06-26 12:32:04.500000+00:00,combi,Standing,Standing
2024-06-26 12:33:04.500000+00:00,combi,Standing,Dynamic
2024-06-26 12:34:04.500000+00:00,combi,Standing,Dynamic
2024-06-26 12:35:04.500000+00:00,combi,Standing,Standing
2024-06-26 12:36:04.500000+00:00,combi,Standing,Dynamic
2024-06-26 12:37:04.500000+00:00,combi,Standing,Dynamic
2024-06-26 12:38:04.500000+00:00,combi,Standing,Dynamic
2024-06-26 12:39:04.500000+00:00,combi,Standing,Dynamic
2024-06-26 12:40:04.500000+00:00,combi,Standing,Standing
2024-06-26 12:41:04.500000+00:00,combi,Standing,Standing
2024-06-26 12:42:04.500000+00:00,combi,Standing,Dynamic
2024-06-26 12:43:04.500000+00:00,combi,Lying,Dynamic
2024-06-26 12:44:04.500000+00:00,combi,Sitting,Sitting
2024-06-26 12:45:04.500000+00:00,combi,Sitting,Sitting
2024-06-26 12:46:04.500000+00:00,combi,Sitting,Sitting
2024-06-26 12:47:04.500000+00:00,combi,Sitting,Sitting
2024-06-26 12:48:04.500000+00:00,combi,Sitting,Sitting
2024-06-26 12:49:04.500000+00:00,combi,Sitting,Sitting
2024-06-26 12:50:04.500000+00:00,combi,Sitting,Sitting
2024-06-26 12:51:04.500000+00:00,combi,Sitting,Sitting
2024-06-26 12:52:04.500000+00:00,combi,Sitting,Sitting
2024-06-26 12:53:04.500000+00:00,combi,Sitting,Sitting
2024-06-26 12:54:04.500000+00:00,combi,Sitting,Sitting
2024-06-26 12:55:04.500000+00:00,combi,Sitting,Sitting
2024-06-26 12:56:04.500000+00:00,combi,Sitting,Sitting
2024-06-26 12:57:04.500000+00:00,combi,Sitting,Sitting
2024-06-26 12:58:04.500000+00:00,combi,Sitting,Sitting
2024-06-26 12:59:04.500000+00:00,combi,Sitting,Sitting
2024-06-26 13:00:04.500000+00:00,combi,Sitting,Sitting
2024-06-26 13:01:04.500000+00:00,combi,Sitting,Sitting
2024-06-26 13:02:04.500000+00:00,combi,Sitting,Sitting
2024-06-26 13:03:04.500000+00:00,combi,Sitting,Sitting
2024-06-26 13:04:04.500000+00:00,combi,Sitting,Sitting
2024-06-26 13:05:04.500000+00:00,combi,Standing,Sitting
2024-06-26 13:06:04.500000+00:00,combi,Sitting,Sitting
2024-06-26 13:07:04.500000+00:00,combi,Sitting,Sitting
2024-06-26 13:08:04.500000+00:00,combi,Sitting,Sitting
2024-06-26 13:09:04.500000+00:00,combi,Standing,Standing
2024-06-26 13:10:04.500000+00:00,combi,Sitting,Dynamic
2024-06-26 13:11:04.500000+00:00,combi,Standing,Dynamic
2024-06-26 13:12:04.500000+00:00,combi,Standing,Dynamic
2024-06-26 13:13:04.500000+00:00,combi,Standing,Dynamic
2024-06-26 13:14:04.500000+00:00,combi,Standing,Dynamic
2024-06-26 13:15:04.500000+00:00,combi,Standing,Dynamic
2024-06-26 13:16:04.500000+00:00,combi,Standing,Dynamic
2024-06-26 13:17:04.500000+00:00,combi,Sitting,Sitting
2024-06-26 13:18:04.500000+00:00,combi,Standing,Standing
2024-06-26 13:19:04.500000+00:00,combi,Sitting,Sitting
2024-06-26 13:20:04.500000+00:00,combi,Sitting,Sitting
2024-06-26 13:21:04.500000+00:00,combi,Sitting,Sitting
2024-06-26 13:22:04.500000+00:00,combi,Sitting,Sitting
2024-06-26 13:23:04.500000+00:00,combi,Standing,Sitting
2024-06-26 13:24:04.500000+00:00,combi,Sitting,Sitting
2024-06-26 13:25:04.500000+00:00,combi,Sitting,Sitting
2024-06-26 13:26:04.500000+00:00,combi,Sitting,Sitting
2024-06-26 13:27:04.500000+00:00,combi,Sitting,Sitting
2024-06-26 13:28:04.500000+00:00,combi,Sitting,Sitting
2024-06-26 13:29:04.500000+00:00,combi,Sitting,Sitting
2024-06-26 13:30:04.500000+00:00,combi,Sitting,Sitting
2024-06-26 13:31:04.500000+00:00,combi,Sitting,Dynamic
2024-06-26 13:32:04.500000+00:00,combi,Standing,Dynamic
2024-06-26 13:33:04.500000+00:00,combi,Standing,Dynamic
2024-06-26 13:34:04.500000+00:00,combi,Standing,Standing
2024-06-26 13:35:04.500000+00:00,combi,Standing,Standing
2024-06-26 13:36:04.500000+00:00,combi,Standing,Standing
2024-06-26 13:37:04.500000+00:00,combi,Standing,Standing
2024-06-26 13:38:04.500000+00:00,combi,Standing,Standing
2024-06-26 13:39:04.500000+00:00,combi,Standing,Standing
2024-06-26 13:40:04.500000+00:00,combi,Standing,Dynamic
2024-06-26 13:41:04.500000+00:00,combi,Standing,Sitting
2024-06-26 13:42:04.500000+00:00,combi,Standing,Dynamic
2024-06-26 13:43:04.500000+00:00,combi,Sitting,Dynamic
2024-06-26 13:44:04.500000+00:00,combi,Standing,Standing
2024-06-26 13:45:04.500000+00:00,combi,Standing,Dynamic
2024-06-26 13:46:04.500000+00:00,combi,Standing,Standing
2024-06-26 13:47:04.500000+00:00,combi,Standing,Standing
2024-06-26 13:48:04.500000+00:00,combi,Standing,Standing
2024-06-26 13:49:04.500000+00:00,combi,Standing,Dynamic
2024-06-26 13:50:04.500000+00:00,combi,Standing,Dynamic
2024-06-26 13:51:04.500000+00:00,combi,Standing,Dynamic
2024-06-26 13:52:04.500000+00:00,combi,Standing,Standing
2024-06-26 13:53:04.500000+00:00,combi,Standing,Standing
2024-06-26 13:54:04.500000+00:00,combi,Standing,Dynamic
2024-06-26 13:55:04.500000+00:00,combi,Standing,Standing
2024-06-26 13:56:04.500000+00:00,combi,Standing,Dynamic
2024-06-26 13:57:04.500000+00:00,combi,Standing,Standing
2024-06-26 13:58:04.500000+00:00,combi,Standing,Standing
2024-06-26 13:59:04.500000+00:00,combi,Standing,Standing
2024-06-26 14:00:04.500000+00:00,combi,Standing,Standing
2024-06-26 14:01:04.500000+00:00,combi,Sitting,Sitting
2024-06-26 14:02:04.500000+00:00,combi,Standing,Sitting
2024-06-26 14:03:04.500000+00:00,combi,Standing,Standing
2024-06-26 14:04:04.500000+00:00,combi,Standing,Standing
2024-06-26 14:05:04.500000+00:00,combi,Standing,Standing
2024-06-26 14:06:04.500000+00:00,combi,Sitting,Dynamic
2024-06-26 14:07:04.500000+00:00,combi,Standing,Standing
2024-06-26 14:08:04.500000+00:00,combi,Standing,Standing
2024-06-26 14:09:04.500000+00:00,combi,Standing,Standing
2024-06-26 14:10:04.500000+00:00,combi,Standing,Standing
2024-06-26 14:11:04.500000+00:00,combi,Standing,Standing
2024-06-26 14:12:04.500000+00:00,combi,Standing,Standing
2024-06-26 14:13:04.500000+00:00,combi,Standing,Standing
2024-06-26 14:14:04.500000+00:00,combi,Standing,Standing
2024-06-26 14:15:04.500000+00:00,combi,Standing,Standing
2024-06-26 14:16:04.500000+00:00,combi,Sitting,Dynamic
2024-06-26 14:17:04.500000+00:00,combi,Standing,Dynamic
2024-06-26 14:18:04.500000+00:00,combi,Sitting,Sitting
2024-06-26 14:19:04.500000+00:00,combi,Sitting,Sitting
2024-06-26 14:20:04.500000+00:00,combi,Sitting,Dynamic
2024-06-26 14:21:04.500000+00:00,combi,Sitting,Sitting
2024-06-26 14:22:04.500000+00:00,combi,Sitting,Sitting
2024-06-26 14:23:04.500000+00:00,combi,Sitting,Sitting
2024-06-26 14:24:04.500000+00:00,combi,Sitting,Sitting
2024-06-26 14:25:04.500000+00:00,combi,Sitting,Sitting
2024-06-26 14:26:04.500000+00:00,combi,Sitting,Sitting
2024-06-26 14:27:04.500000+00:00,combi,Sitting,Sitting
2024-06-26 14:28:04.500000+00:00,combi,Sitting,Sitting
2024-06-26 14:29:04.500000+00:00,combi,Sitting,Sitting
2024-06-26 14:30:04.500000+00:00,combi,Sitting,Sitting
2024-06-26 14:31:04.500000+00:00,combi,Sitting,Sitting
2024-06-26 14:32:04.500000+00:00,combi,Sitting,Sitting
2024-06-26 14:33:04.500000+00:00,combi,Sitting,Sitting
2024-06-26 14:34:04.500000+00:00,combi,Sitting,Sitting
2024-06-26 14:35:04.500000+00:00,combi,Sitting,Sitting
2024-06-26 14:36:04.500000+00:00,combi,Sitting,Sitting
2024-06-26 14:37:04.500000+00:00,combi,Sitting,Sitting
2024-06-26 14:38:04.500000+00:00,combi,Sitting,Sitting
2024-06-26 14:39:04.500000+00:00,combi,Sitting,Sitting
2024-06-26 14:40:04.500000+00:00,combi,Sitting,Sitting
2024-06-26 14:41:04.500000+00:00,combi,Sitting,Sitting
2024-06-26 14:42:04.500000+00:00,combi,Sitting,Sitting
2024-06-26 14:43:04.500000+00:00,combi,Sitting,Sitting
2024-06-26 14:44:04.500000+00:00,combi,Sitting,Sitting
2024-06-26 14:45:04.500000+00:00,combi,Sitting,Sitting
2024-06-26 14:46:04.500000+00:00,combi,Standing,Standing
2024-06-26 14:47:04.500000+00:00,combi,Sitting,Sitting
2024-06-26 14:48:04.500000+00:00,combi,Standing,Dynamic
2024-06-26 14:49:04.500000+00:00,combi,Standing,Dynamic
2024-06-26 14:50:04.500000+00:00,combi,Sitting,Sitting
2024-06-26 14:51:04.500000+00:00,combi,Sitting,Sitting
2024-06-26 14:52:04.500000+00:00,combi,Sitting,Sitting
2024-06-26 14:53:04.500000+00:00,combi,Sitting,Sitting
2024-06-26 14:54:04.500000+00:00,combi,Sitting,Sitting
2024-06-26 14:55:04.500000+00:00,combi,Sitting,Sitting
2024-06-26 14:56:04.500000+00:00,combi,Sitting,Sitting
2024-06-26 14:57:04.500000+00:00,combi,Sitting,Sitting
2024-06-26 14:58:04.500000+00:00,combi,Sitting,Sitting
2024-06-26 14:59:04.500000+00:00,combi,Sitting,Sitting
2024-06-26 15:00:04.500000+00:00,combi,Sitting,Sitting
2024-06-26 15:01:04.500000+00:00,combi,Sitting,Sitting
2024-06-26 15:02:04.500000+00:00,combi,Sitting,Sitting
2024-06-26 15:03:04.500000+00:00,combi,Sitting,Sitting
2024-06-26 15:04:04.500000+00:00,combi,Sitting,Sitting
2024-06-26 15:05:04.500000+00:00,combi,Sitting,Sitting
2024-06-26 15:06:04.500000+00:00,combi,Sitting,Sitting
2024-06-26 15:07:04.500000+00:00,combi,Sitting,Sitting
2024-06-26 15:08:04.500000+00:00,combi,Sitting,Sitting
2024-06-26 15:09:04.500000+00:00,combi,Sitting,Sitting
2024-06-26 15:10:04.500000+00:00,combi,Sitting,Sitting
2024-06-26 15:11:04.500000+00:00,combi,Sitting,Sitting
2024-06-26 15:12:04.500000+00:00,combi,Sitting,Sitting
2024-06-26 15:13:04.500000+00:00,combi,Sitting,Sitting
2024-06-26 15:14:04.500000+00:00,combi,Sitting,Sitting
2024-06-26 15:15:04.500000+00:00,combi,Sitting,Sitting
2024-06-26 15:16:04.500000+00:00,combi,Sitting,Sitting
2024-06-26 15:17:04.500000+00:00,combi,Sitting,Sitting
2024-06-26 15:18:04.500000+00:00,combi,Sitting,Sitting
2024-06-26 15:19:04.500000+00:00,combi,Sitting,Sitting
2024-06-26 15:20:04.500000+00:00,combi,Sitting,Sitting
2024-06-26 15:21:04.500000+00:00,combi,Sitting,Sitting
2024-06-26 15:22:04.500000+00:00,combi,Sitting,Sitting
2024-06-26 15:23:04.500000+00:00,combi,Sitting,Sitting
2024-06-26 15:24:04.500000+00:00,combi,Sitting,Sitting
2024-06-26 15:25:04.500000+00:00,combi,Sitting,Sitting
2024-06-26 15:26:04.500000+00:00,combi,Sitting,Sitting
2024-06-26 15:27:04.500000+00:00,combi,Sitting,Sitting
2024-06-26 15:28:04.500000+00:00,combi,Sitting,Sitting
2024-06-26 15:29:04.500000+00:00,combi,Sitting,Sitting
2024-06-26 15:30:04.500000+00:00,combi,Sitting,Sitting
2024-06-26 15:31:04.500000+00:00,combi,Sitting,Sitting
2024-06-26 15:32:04.500000+00:00,combi,Sitting,Sitting
2024-06-26 15:33:04.500000+00:00,combi,Sitting,Sitting
2024-06-26 15:34:04.500000+00:00,combi,Sitting,Sitting
2024-06-26 15:35:04.500000+00:00,combi,Sitting,Sitting
2024-06-26 15:36:04.500000+00:00,combi,Sitting,Sitting
2024-06-26 15:37:04.500000+00:00,combi,Sitting,Sitting
2024-06-26 15:38:04.500000+00:00,combi,Sitting,Sitting
2024-06-26 15:39:04.500000+00:00,combi,Sitting,Sitting
2024-06-26 15:40:04.500000+00:00,combi,Sitting,Sitting
2024-06-26 15:41:04.500000+00:00,combi,Sitting,Sitting
2024-06-26 15:42:04.500000+00:00,combi,Sitting,Sitting
2024-06-26 15:43:04.500000+00:00,combi,Sitting,Sitting
2024-06-26 15:44:04.500000+00:00,combi,Sitting,Sitting
2024-06-26 15:45:04.500000+00:00,combi,Sitting,Sitting
2024-06-26 15:46:04.500000+00:00,combi,Sitting,Sitting
2024-06-26 15:47:04.500000+00:00,combi,Sitting,Sitting
2024-06-26 15:48:04.500000+00:00,combi,Sitting,Sitting
2024-06-26 15:49:04.500000+00:00,combi,Sitting,Sitting
2024-06-26 15:50:04.500000+00:00,combi,Sitting,Sitting
2024-06-26 15:51:04.500000+00:00,combi,Sitting,Sitting
2024-06-26 15:52:04.500000+00:00,combi,Sitting,Sitting
2024-06-26 15:53:04.500000+00:00,combi,Sitting,Sitting
2024-06-26 15:54:04.500000+00:00,combi,Sitting,Sitting
2024-06-26 15:55:04.500000+00:00,combi,Sitting,Sitting
2024-06-26 15:56:04.500000+00:00,combi,Sitting,Sitting
2024-06-26 15:57:04.500000+00:00,combi,Sitting,Sitting
2024-06-26 15:58:04.500000+00:00,combi,Sitting,Sitting
2024-06-26 15:59:04.500000+00:00,combi,Sitting,Sitting
2024-06-26 16:00:04.500000+00:00,combi,Sitting,Sitting
2024-06-26 16:01:04.500000+00:00,combi,Sitting,Sitting
2024-06-26 16:02:04.500000+00:00,combi,Sitting,Sitting
2024-06-26 16:03:04.500000+00:00,combi,Sitting,Sitting
2024-06-26 16:04:04.500000+00:00,combi,Sitting,Sitting
2024-06-26 16:05:04.500000+00:00,combi,Sitting,Sitting
2024-06-26 16:06:04.500000+00:00,combi,Sitting,Sitting
2024-06-26 16:07:04.500000+00:00,combi,Sitting,Sitting
2024-06-26 16:08:04.500000+00:00,combi,Sitting,Sitting
2024-06-26 16:09:04.500000+00:00,combi,Standing,Dynamic
2024-06-26 16:10:04.500000+00:00,combi,Standing,Standing
2024-06-26 16:11:04.500000+00:00,combi,Standing,Dynamic
2024-06-26 16:12:04.500000+00:00,combi,Sitting,Sitting
2024-06-26 16:13:04.500000+00:00,combi,Standing,Standing
2024-06-26 16:14:04.500000+00:00,combi,Sitting,Sitting
2024-06-26 16:15:04.500000+00:00,combi,Sitting,Sitting
2024-06-26 16:16:04.500000+00:00,combi,Sitting,Sitting
2024-06-26 16:17:04.500000+00:00,combi,Sitting,Sitting
2024-06-26 16:18:04.500000+00:00,combi,Sitting,Sitting
2024-06-26 16:19:04.500000+00:00,combi,Sitting,Sitting
2024-06-26 16:20:04.500000+00:00,combi,Sitting,Sitting
2024-06-26 16:21:04.500000+00:00,combi,Sitting,Sitting
2024-06-26 16:22:04.500000+00:00,combi,Sitting,Sitting
2024-06-26 16:23:04.500000+00:00,combi,Sitting,Sitting
2024-06-26 16:24:04.500000+00:00,combi,Sitting,Sitting
2024-06-26 16:25:04.500000+00:00,combi,Sitting,Sitting
2024-06-26 16:26:04.500000+00:00,combi,Sitting,Sitting
2024-06-26 16:27:04.500000+00:00,combi,Sitting,Sitting
2024-06-26 16:28:04.500000+00:00,combi,Sitting,Sitting
2024-06-26 16:29:04.500000+00:00,combi,Sitting,Sitting
2024-06-26 16:30:04.500000+00:00,combi,Sitting,Sitting
2024-06-26 16:31:04.500000+00:00,combi,Sitting,Sitting
2024-06-26 16:32:04.500000+00:00,combi,Sitting,Sitting
2024-06-26 16:33:04.500000+00:00,combi,Standing,Standing
2024-06-26 16:34:04.500000+00:00,combi,Sitting,Sitting
2024-06-26 16:35:04.500000+00:00,combi,Sitting,Sitting
2024-06-26 16:36:04.500000+00:00,combi,Standing,Sitting
2024-06-26 16:37:04.500000+00:00,combi,Sitting,Sitting
2024-06-26 16:38:04.500000+00:00,combi,Sitting,Sitting
2024-06-26 16:39:04.500000+00:00,combi,Sitting,Sitting
2024-06-26 16:40:04.500000+00:00,combi,Sitting,Sitting
2024-06-26 16:41:04.500000+00:00,combi,Sitting,Sitting
2024-06-26 16:42:04.500000+00:00,combi,Sitting,Sitting
2024-06-26 16:43:04.500000+00:00,combi,Sitting,Sitting
2024-06-26 16:44:04.500000+00:00,combi,Sitting,Sitting
2024-06-26 16:45:04.500000+00:00,combi,Sitting,Sitting
2024-06-26 16:46:04.500000+00:00,combi,Sitting,Sitting
2024-06-26 16:47:04.500000+00:00,combi,Sitting,Dynamic
2024-06-26 16:48:04.500000+00:00,combi,Standing,Dynamic
2024-06-26 16:49:04.500000+00:00,combi,Lying,Dynamic
2024-06-26 16:50:04.500000+00:00,combi,Lying,Dynamic
2024-06-26 16:51:04.500000+00:00,combi,Standing,Dynamic
2024-06-26 16:52:04.500000+00:00,combi,Standing,Dynamic
2024-06-26 16:53:04.500000+00:00,combi,Standing,Standing
2024-06-26 16:54:04.500000+00:00,combi,Standing,Standing
2024-06-26 16:55:04.500000+00:00,combi,Standing,Standing
2024-06-26 16:56:04.500000+00:00,combi,Standing,Standing
2024-06-26 16:57:04.500000+00:00,combi,Standing,Standing
2024-06-26 16:58:04.500000+00:00,combi,Standing,Standing
2024-06-26 16:59:04.500000+00:00,combi,Standing,Standing
2024-06-26 17:00:04.500000+00:00,combi,Standing,Standing
2024-06-26 17:01:04.500000+00:00,combi,Standing,Standing
2024-06-26 17:02:04.500000+00:00,combi,Standing,Standing
2024-06-26 17:03:04.500000+00:00,combi,Standing,Standing
2024-06-26 17:04:04.500000+00:00,combi,Standing,Standing
2024-06-26 17:05:04.500000+00:00,combi,Standing,Standing
2024-06-26 17:06:04.500000+00:00,combi,Standing,Standing
2024-06-26 17:07:04.500000+00:00,combi,Standing,Standing
2024-06-26 17:08:04.500000+00:00,combi,Standing,Standing
2024-06-26 17:09:04.500000+00:00,combi,Standing,Standing
2024-06-26 17:10:04.500000+00:00,combi,Standing,Sitting
2024-06-26 17:11:04.500000+00:00,combi,Standing,Standing
2024-06-26 17:12:04.500000+00:00,combi,Standing,Standing
2024-06-26 17:13:04.500000+00:00,combi,Standing,Standing
2024-06-26 17:14:04.500000+00:00,combi,Sitting,Sitting
2024-06-26 17:15:04.500000+00:00,combi,Sitting,Sitting
2024-06-26 17:16:04.500000+00:00,combi,Sitting,Sitting
2024-06-26 17:17:04.500000+00:00,combi,Sitting,Sitting
2024-06-26 17:18:04.500000+00:00,combi,Sitting,Sitting
2024-06-26 17:19:04.500000+00:00,combi,Sitting,Sitting
2024-06-26 17:20:04.500000+00:00,combi,Sitting,Sitting
2024-06-26 17:21:04.500000+00:00,combi,Sitting,Sitting
2024-06-26 17:22:04.500000+00:00,combi,Sitting,Sitting
2024-06-26 17:23:04.500000+00:00,combi,Sitting,Sitting
2024-06-26 17:24:04.500000+00:00,combi,Sitting,Sitting
2024-06-26 17:25:04.500000+00:00,combi,Sitting,Sitting
2024-06-26 17:26:04.500000+00:00,combi,Sitting,Sitting
2024-06-26 17:27:04.500000+00:00,combi,Sitting,Sitting
2024-06-26 17:28:04.500000+00:00,combi,Sitting,Sitting
2024-06-26 17:29:04.500000+00:00,combi,Sitting,Sitting
2024-06-26 17:30:04.500000+00:00,combi,Sitting,Sitting
2024-06-26 17:31:04.500000+00:00,combi,Sitting,Sitting
2024-06-26 17:32:04.500000+00:00,combi,Sitting,Sitting
2024-06-26 17:33:04.500000+00:00,combi,Sitting,Sitting
2024-06-26 17:34:04.500000+00:00,combi,Sitting,Sitting
2024-06-26 17:35:04.500000+00:00,combi,Sitting,Sitting
2024-06-26 17:36:04.500000+00:00,combi,Sitting,Sitting
2024-06-26 17:37:04.500000+00:00,combi,Sitting,Sitting
2024-06-26 17:38:04.500000+00:00,combi,Sitting,Sitting
2024-06-26 17:39:04.500000+00:00,combi,Sitting,Sitting
2024-06-26 17:40:04.500000+00:00,combi,Sitting,Sitting
2024-06-26 17:41:04.500000+00:00,combi,Sitting,Sitting
2024-06-26 17:42:04.500000+00:00,combi,Sitting,Sitting
2024-06-26 17:43:04.500000+00:00,combi,Sitting,Sitting
2024-06-26 17:44:04.500000+00:00,combi,Sitting,Sitting
2024-06-26 17:45:04.500000+00:00,combi,Sitting,Sitting
2024-06-26 17:46:04.500000+00:00,combi,Sitting,Sitting
2024-06-26 17:47:04.500000+00:00,combi,Sitting,Sitting
2024-06-26 17:48:04.500000+00:00,combi,Sitting,Sitting
2024-06-26 17:49:04.500000+00:00,combi,Sitting,Sitting
2024-06-26 17:50:04.500000+00:00,combi,Sitting,Sitting
2024-06-26 17:51:04.500000+00:00,combi,Sitting,Sitting
2024-06-26 17:52:04.500000+00:00,combi,Sitting,Sitting
2024-06-26 17:53:04.500000+00:00,combi,Sitting,Sitting
2024-06-26 17:54:04.500000+00:00,combi,Sitting,Sitting
2024-06-26 17:55:04.500000+00:00,combi,Standing,Dynamic
2024-06-26 17:56:04.500000+00:00,combi,Standing,Sitting
2024-06-26 17:57:04.500000+00:00,combi,Sitting,Sitting
2024-06-26 17:58:04.500000+00:00,combi,Sitting,Sitting
2024-06-26 17:59:04.500000+00:00,combi,Standing,Sitting
2024-06-26 18:00:04.500000+00:00,combi,Sitting,Sitting
2024-06-26 18:01:04.500000+00:00,combi,Sitting,Sitting
2024-06-26 18:02:04.500000+00:00,combi,Sitting,Sitting
2024-06-26 18:03:04.500000+00:00,combi,Sitting,Sitting
2024-06-26 18:04:04.500000+00:00,combi,Sitting,Sitting
2024-06-26 18:05:04.500000+00:00,combi,Sitting,Sitting
2024-06-26 18:06:04.500000+00:00,combi,Sitting,Sitting
2024-06-26 18:07:04.500000+00:00,combi,Sitting,Sitting
2024-06-26 18:08:04.500000+00:00,combi,Sitting,Sitting
2024-06-26 18:09:04.500000+00:00,combi,Sitting,Sitting
2024-06-26 18:10:04.500000+00:00,combi,Sitting,Sitting
2024-06-26 18:11:04.500000+00:00,combi,Sitting,Sitting
2024-06-26 18:12:04.500000+00:00,combi,Sitting,Sitting
2024-06-26 18:13:04.500000+00:00,combi,Sitting,Sitting
2024-06-26 18:14:04.500000+00:00,combi,Sitting,Sitting
2024-06-26 18:15:04.500000+00:00,combi,Standing,Dynamic
2024-06-26 18:16:04.500000+00:00,combi,Sitting,Sitting
2024-06-26 18:17:04.500000+00:00,combi,Sitting,Sitting
2024-06-26 18:18:04.500000+00:00,combi,Sitting,Sitting
2024-06-26 18:19:04.500000+00:00,combi,Sitting,Sitting
2024-06-26 18:20:04.500000+00:00,combi,Sitting,Sitting
2024-06-26 18:21:04.500000+00:00,combi,Sitting,Sitting
2024-06-26 18:22:04.500000+00:00,combi,Sitting,Sitting
2024-06-26 18:23:04.500000+00:00,combi,Sitting,Sitting
2024-06-26 18:24:04.500000+00:00,combi,Sitting,Sitting
2024-06-26 18:25:04.500000+00:00,combi,Sitting,Sitting
2024-06-26 18:26:04.500000+00:00,combi,Sitting,Sitting
2024-06-26 18:27:04.500000+00:00,combi,Sitting,Sitting
2024-06-26 18:28:04.500000+00:00,combi,Sitting,Sitting
2024-06-26 18:29:04.500000+00:00,combi,Sitting,Sitting
2024-06-26 18:30:04.500000+00:00,combi,Sitting,Sitting
2024-06-26 18:31:04.500000+00:00,combi,Sitting,Sitting
2024-06-26 18:32:04.500000+00:00,combi,Sitting,Sitting
2024-06-26 18:33:04.500000+00:00,combi,Sitting,Sitting
2024-06-26 18:34:04.500000+00:00,combi,Sitting,Sitting
2024-06-26 18:35:04.500000+00:00,combi,Sitting,Sitting
2024-06-26 18:36:04.500000+00:00,combi,Sitting,Sitting
2024-06-26 18:37:04.500000+00:00,combi,Sitting,Sitting
2024-06-26 18:38:04.500000+00:00,combi,Standing,Dynamic
2024-06-26 18:39:04.500000+00:00,combi,Standing,Dynamic
2024-06-26 18:40:04.500000+00:00,combi,Lying,Dynamic
2024-06-26 18:41:04.500000+00:00,combi,Sitting,Dynamic
2024-06-26 18:42:04.500000+00:00,combi,Sitting,Sitting
2024-06-26 18:43:04.500000+00:00,combi,Sitting,Sitting
2024-06-26 18:44:04.500000+00:00,combi,Sitting,Sitting
2024-06-26 18:45:04.500000+00:00,combi,Sitting,Sitting
2024-06-26 18:46:04.500000+00:00,combi,Sitting,Sitting
2024-06-26 18:47:04.500000+00:00,combi,Standing,Standing
2024-06-26 18:48:04.500000+00:00,combi,Sitting,Sitting
2024-06-26 18:49:04.500000+00:00,combi,Standing,Standing
2024-06-26 18:50:04.500000+00:00,combi,Standing,Standing
2024-06-26 18:51:04.500000+00:00,combi,Standing,Dynamic
2024-06-26 18:52:04.500000+00:00,combi,Standing,Dynamic
2024-06-26 18:53:04.500000+00:00,combi,Standing,Dynamic
2024-06-26 18:54:04.500000+00:00,combi,Standing,Dynamic
2024-06-26 18:55:04.500000+00:00,combi,Standing,Dynamic
2024-06-26 18:56:04.500000+00:00,combi,Standing,Dynamic
2024-06-26 18:57:04.500000+00:00,combi,Sitting,Sitting
2024-06-26 18:58:04.500000+00:00,combi,Sitting,Sitting
2024-06-26 18:59:04.500000+00:00,combi,Sitting,Sitting
2024-06-26 19:00:04.500000+00:00,combi,Sitting,Sitting
2024-06-26 19:01:04.500000+00:00,combi,Sitting,Sitting
2024-06-26 19:02:04.500000+00:00,combi,Sitting,Sitting
2024-06-26 19:03:04.500000+00:00,combi,Sitting,Sitting
2024-06-26 19:04:04.500000+00:00,combi,Sitting,Sitting
2024-06-26 19:05:04.500000+00:00,combi,Sitting,Sitting
2024-06-26 19:06:04.500000+00:00,combi,Sitting,Sitting
2024-06-26 19:07:04.500000+00:00,combi,Sitting,Sitting
2024-06-26 19:08:04.500000+00:00,combi,Sitting,Sitting
2024-06-26 19:09:04.500000+00:00,combi,Sitting,Sitting
2024-06-26 19:10:04.500000+00:00,combi,Sitting,Sitting
2024-06-26 19:11:04.500000+00:00,combi,Sitting,Sitting
2024-06-26 19:12:04.500000+00:00,combi,Sitting,Sitting
2024-06-26 19:13:04.500000+00:00,combi,Sitting,Sitting
2024-06-26 19:14:04.500000+00:00,combi,Sitting,Sitting
2024-06-26 19:15:04.500000+00:00,combi,Sitting,Sitting
2024-06-26 19:16:04.500000+00:00,combi,Standing,Dynamic
2024-06-26 19:17:04.500000+00:00,combi,Sitting,Sitting
2024-06-26 19:18:04.500000+00:00,combi,Sitting,Sitting
2024-06-26 19:19:04.500000+00:00,combi,Sitting,Sitting
2024-06-26 19:20:04.500000+00:00,combi,Sitting,Sitting
2024-06-26 19:21:04.500000+00:00,combi,Sitting,Sitting
2024-06-26 19:22:04.500000+00:00,combi,Sitting,Sitting
2024-06-26 19:23:04.500000+00:00,combi,Sitting,Sitting
2024-06-26 19:24:04.500000+00:00,combi,Sitting,Sitting
2024-06-26 19:25:04.500000+00:00,combi,Sitting,Sitting
2024-06-26 19:26:04.500000+00:00,combi,Sitting,Sitting
2024-06-26 19:27:04.500000+00:00,combi,Sitting,Sitting
2024-06-26 19:28:04.500000+00:00,combi,Sitting,Sitting
2024-06-26 19:29:04.500000+00:00,combi,Sitting,Sitting
2024-06-26 19:30:04.500000+00:00,combi,Sitting,Sitting
2024-06-26 19:31:04.500000+00:00,combi,Sitting,Sitting
2024-06-26 19:32:04.500000+00:00,combi,Sitting,Sitting
2024-06-26 19:33:04.500000+00:00,combi,Sitting,Sitting
2024-06-26 19:34:04.500000+00:00,combi,Sitting,Sitting
2024-06-26 19:35:04.500000+00:00,combi,Sitting,Sitting
2024-06-26 19:36:04.500000+00:00,combi,Sitting,Sitting
2024-06-26 19:37:04.500000+00:00,combi,Sitting,Sitting
2024-06-26 19:38:04.500000+00:00,combi,Sitting,Sitting
2024-06-26 19:39:04.500000+00:00,combi,Sitting,Sitting
2024-06-26 19:40:04.500000+00:00,combi,Sitting,Sitting
2024-06-26 19:41:04.500000+00:00,combi,Sitting,Sitting
2024-06-26 19:42:04.500000+00:00,combi,Sitting,Sitting
2024-06-26 19:43:04.500000+00:00,combi,Sitting,Sitting
2024-06-26 19:44:04.500000+00:00,combi,Sitting,Sitting
2024-06-26 19:45:04.500000+00:00,combi,Sitting,Sitting
2024-06-26 19:46:04.500000+00:00,combi,Sitting,Sitting
2024-06-26 19:47:04.500000+00:00,combi,Sitting,Sitting
2024-06-26 19:48:04.500000+00:00,combi,Sitting,Sitting
2024-06-26 19:49:04.500000+00:00,combi,Sitting,Sitting
2024-06-26 19:50:04.500000+00:00,combi,Sitting,Sitting
2024-06-26 19:51:04.500000+00:00,combi,Standing,Dynamic
2024-06-26 19:52:04.500000+00:00,combi,Standing,Dynamic
2024-06-26 19:53:04.500000+00:00,combi,Standing,Dynamic
2024-06-26 19:54:04.500000+00:00,combi,Sitting,Sitting
2024-06-26 19:55:04.500000+00:00,combi,Sitting,Dynamic
2024-06-26 19:56:04.500000+00:00,combi,Standing,Dynamic
2024-06-26 19:57:04.500000+00:00,combi,Standing,Dynamic
2024-06-26 19:58:04.500000+00:00,combi,Standing,Sitting
2024-06-26 19:59:04.500000+00:00,combi,Standing,Standing
2024-06-26 20:00:04.500000+00:00,combi,Sitting,Sitting
2024-06-26 20:01:04.500000+00:00,combi,Sitting,Sitting
2024-06-26 20:02:04.500000+00:00,combi,Sitting,Sitting
2024-06-26 20:03:04.500000+00:00,combi,Sitting,Sitting
2024-06-26 20:04:04.500000+00:00,combi,Sitting,Sitting
2024-06-26 20:05:04.500000+00:00,combi,Sitting,Sitting
2024-06-26 20:06:04.500000+00:00,combi,Lying,Lying
2024-06-26 20:07:04.500000+00:00,combi,Lying,Lying
2024-06-26 20:08:04.500000+00:00,combi,Lying,Lying
2024-06-26 20:09:04.500000+00:00,combi,Lying,Lying
2024-06-26 20:10:04.500000+00:00,combi,Sitting,Sitting
2024-06-26 20:11:04.500000+00:00,combi,Lying,Lying
2024-06-26 20:12:04.500000+00:00,combi,Lying,Lying
2024-06-26 20:13:04.500000+00:00,combi,Lying,Lying
2024-06-26 20:14:04.500000+00:00,combi,Lying,Lying
2024-06-26 20:15:04.500000+00:00,combi,Lying,Lying
2024-06-26 20:16:04.500000+00:00,combi,Lying,Lying
2024-06-26 20:17:04.500000+00:00,combi,Lying,Lying
2024-06-26 20:18:04.500000+00:00,combi,Lying,Lying
2024-06-26 20:19:04.500000+00:00,combi,Lying,Lying
2024-06-26 20:20:04.500000+00:00,combi,Lying,Lying
2024-06-26 20:21:04.500000+00:00,combi,Lying,Lying
2024-06-26 20:22:04.500000+00:00,combi,Lying,Lying
2024-06-26 20:23:04.500000+00:00,combi,Lying,Lying
2024-06-26 20:24:04.500000+00:00,combi,Lying,Lying
2024-06-26 20:25:04.500000+00:00,combi,Lying,Lying
2024-06-26 20:26:04.500000+00:00,combi,Lying,Lying
2024-06-26 20:27:04.500000+00:00,combi,Lying,Lying
2024-06-26 20:28:04.500000+00:00,combi,Lying,Lying
2024-06-26 20:29:04.500000+00:00,combi,Lying,Lying
2024-06-26 20:30:04.500000+00:00,combi,Lying,Lying
2024-06-26 20:31:04.500000+00:00,combi,Lying,Lying
2024-06-26 20:32:04.500000+00:00,combi,Lying,Lying
2024-06-26 20:33:04.500000+00:00,combi,Lying,Lying
2024-06-26 20:34:04.500000+00:00,combi,Lying,Lying
2024-06-26 20:35:04.500000+00:00,combi,Lying,Lying
2024-06-26 20:36:04.500000+00:00,combi,Lying,Lying
2024-06-26 20:37:04.500000+00:00,combi,Lying,Lying
2024-06-26 20:38:04.500000+00:00,combi,Lying,Lying
2024-06-26 20:39:04.500000+00:00,combi,Lying,Lying
2024-06-26 20:40:04.500000+00:00,combi,Lying,Lying
2024-06-26 20:41:04.500000+00:00,combi,Lying,Lying
2024-06-26 20:42:04.500000+00:00,combi,Lying,Lying
2024-06-26 20:43:04.500000+00:00,combi,Lying,Lying
2024-06-26 20:44:04.500000+00:00,combi,Lying,Lying
2024-06-26 20:45:04.500000+00:00,combi,Lying,Lying
2024-06-26 20:46:04.500000+00:00,combi,Lying,Lying
2024-06-26 20:47:04.500000+00:00,combi,Lying,Lying
2024-06-26 20:48:04.500000+00:00,combi,Lying,Lying
2024-06-26 20:49:04.500000+00:00,combi,Lying,Lying
2024-06-26 20:50:04.500000+00:00,combi,Lying,Lying
2024-06-26 20:51:04.500000+00:00,combi,Lying,Lying
2024-06-26 20:52:04.500000+00:00,combi,Lying,Lying
2024-06-26 20:53:04.500000+00:00,combi,Lying,Lying
2024-06-26 20:54:04.500000+00:00,combi,Lying,Lying
2024-06-26 20:55:04.500000+00:00,combi,Lying,Lying
2024-06-26 20:56:04.500000+00:00,combi,Lying,Lying
2024-06-26 20:57:04.500000+00:00,combi,Lying,Lying
2024-06-26 20:58:04.500000+00:00,combi,Lying,Lying
2024-06-26 20:59:04.500000+00:00,combi,Lying,Lying
2024-06-26 21:00:04.500000+00:00,combi,Lying,Lying
2024-06-26 21:01:04.500000+00:00,combi,Lying,Lying
2024-06-26 21:02:04.500000+00:00,combi,Lying,Lying
2024-06-26 21:03:04.500000+00:00,combi,Lying,Lying
2024-06-26 21:04:04.500000+00:00,combi,Lying,Lying
2024-06-26 21:05:04.500000+00:00,combi,Lying,Lying
2024-06-26 21:06:04.500000+00:00,combi,Lying,Lying
2024-06-26 21:07:04.500000+00:00,combi,Lying,Lying
2024-06-26 21:08:04.500000+00:00,combi,Lying,Lying
2024-06-26 21:09:04.500000+00:00,combi,Lying,Lying
2024-06-26 21:10:04.500000+00:00,combi,Lying,Lying
2024-06-26 21:11:04.500000+00:00,combi,Lying,Lying
2024-06-26 21:12:04.500000+00:00,combi,Lying,Lying
2024-06-26 21:13:04.500000+00:00,combi,Lying,Lying
2024-06-26 21:14:04.500000+00:00,combi,Lying,Lying
2024-06-26 21:15:04.500000+00:00,combi,Lying,Lying
2024-06-26 21:16:04.500000+00:00,combi,Lying,Lying
2024-06-26 21:17:04.500000+00:00,combi,Lying,Lying
2024-06-26 21:18:04.500000+00:00,combi,Standing,Dynamic
2024-06-26 21:19:04.500000+00:00,combi,Standing,Dynamic
2024-06-26 21:20:04.500000+00:00,combi,Standing,Dynamic
2024-06-26 21:21:04.500000+00:00,combi,Standing,Dynamic
2024-06-26 21:22:04.500000+00:00,combi,Sitting,Dynamic
2024-06-26 21:23:04.500000+00:00,combi,Sitting,Dynamic
2024-06-26 21:24:04.500000+00:00,combi,Sitting,Sitting
2024-06-26 21:25:04.500000+00:00,combi,Standing,Dynamic
2024-06-26 21:26:04.500000+00:00,combi,Standing,Dynamic
2024-06-26 21:27:04.500000+00:00,combi,Standing,Standing
2024-06-26 21:28:04.500000+00:00,combi,Standing,Dynamic
2024-06-26 21:29:04.500000+00:00,combi,Standing,Dynamic
2024-06-26 21:30:04.500000+00:00,combi,Lying,Dynamic
2024-06-26 21:31:04.500000+00:00,combi,Lying,Dynamic
2024-06-26 21:32:04.500000+00:00,combi,Lying,Lying
2024-06-26 21:33:04.500000+00:00,combi,Lying,Lying
2024-06-26 21:34:04.500000+00:00,combi,Lying,Lying
2024-06-26 21:35:04.500000+00:00,combi,Lying,Lying
2024-06-26 21:36:04.500000+00:00,combi,Lying,Lying
2024-06-26 21:37:04.500000+00:00,combi,Lying,Lying
2024-06-26 21:38:04.500000+00:00,combi,Lying,Lying
2024-06-26 21:39:04.500000+00:00,combi,Lying,Lying
2024-06-26 21:40:04.500000+00:00,combi,Lying,Lying
2024-06-26 21:41:04.500000+00:00,combi,Lying,Lying
2024-06-26 21:42:04.500000+00:00,combi,Lying,Lying
2024-06-26 21:43:04.500000+00:00,combi,Lying,Lying
2024-06-26 21:44:04.500000+00:00,combi,Lying,Lying
2024-06-26 21:45:04.500000+00:00,combi,Lying,Lying
2024-06-26 21:46:04.500000+00:00,combi,Lying,Lying
2024-06-26 21:47:04.500000+00:00,combi,Lying,Lying
2024-06-26 21:48:04.500000+00:00,combi,Lying,Lying
2024-06-26 21:49:04.500000+00:00,combi,Lying,Lying
2024-06-26 21:50:04.500000+00:00,combi,Lying,Lying
2024-06-26 21:51:04.500000+00:00,combi,Lying,Lying
2024-06-26 21:52:04.500000+00:00,combi,Lying,Lying
2024-06-26 21:53:04.500000+00:00,combi,Lying,Lying
2024-06-26 21:54:04.500000+00:00,combi,Lying,Lying
2024-06-26 21:55:04.500000+00:00,combi,Lying,Lying
2024-06-26 21:56:04.500000+00:00,combi,Lying,Lying
2024-06-26 21:57:04.500000+00:00,combi,Lying,Lying
2024-06-26 21:58:04.500000+00:00,combi,Lying,Lying
2024-06-26 21:59:04.500000+00:00,combi,Lying,Lying
2024-06-26 22:00:04.500000+00:00,combi,Lying,Lying
2024-06-26 22:01:04.500000+00:00,combi,Lying,Lying
2024-06-26 22:02:04.500000+00:00,combi,Lying,Lying
2024-06-26 22:03:04.500000+00:00,combi,Lying,Lying
2024-06-26 22:04:04.500000+00:00,combi,Lying,Lying
2024-06-26 22:05:04.500000+00:00,combi,Lying,Lying
2024-06-26 22:06:04.500000+00:00,combi,Sitting,Sitting
2024-06-26 22:07:04.500000+00:00,combi,Sitting,Sitting
2024-06-26 22:08:04.500000+00:00,combi,Standing,Dynamic
2024-06-26 22:09:04.500000+00:00,combi,Standing,Dynamic
2024-06-26 22:10:04.500000+00:00,combi,Standing,Dynamic
2024-06-26 22:11:04.500000+00:00,combi,Sitting,Sitting
2024-06-26 22:12:04.500000+00:00,combi,Sitting,Sitting
2024-06-26 22:13:04.500000+00:00,combi,Sitting,Sitting
2024-06-26 22:14:04.500000+00:00,combi,Sitting,Sitting
2024-06-26 22:15:04.500000+00:00,combi,Sitting,Sitting
2024-06-26 22:16:04.500000+00:00,combi,Standing,Dynamic
2024-06-26 22:17:04.500000+00:00,combi,Standing,Dynamic
2024-06-26 22:18:04.500000+00:00,combi,Lying,Dynamic
2024-06-26 22:19:04.500000+00:00,combi,Sitting,Sitting
2024-06-26 22:20:04.500000+00:00,combi,Sitting,Sitting
2024-06-26 22:21:04.500000+00:00,combi,Sitting,Sitting
2024-06-26 22:22:04.500000+00:00,combi,Sitting,Sitting
2024-06-26 22:23:04.500000+00:00,combi,Sitting,Sitting
2024-06-26 22:24:04.500000+00:00,combi,Sitting,Sitting
2024-06-26 22:25:04.500000+00:00,combi,Sitting,Dynamic
2024-06-26 22:26:04.500000+00:00,combi,Sitting,Sitting
2024-06-26 22:27:04.500000+00:00,combi,Lying,Dynamic
2024-06-26 22:28:04.500000+00:00,combi,Lying,Lying
2024-06-26 22:29:04.500000+00:00,combi,Lying,Lying
2024-06-26 22:30:04.500000+00:00,combi,Lying,Lying
2024-06-26 22:31:04.500000+00:00,combi,Lying,Lying
2024-06-26 22:32:04.500000+00:00,combi,Lying,Lying
2024-06-26 22:33:04.500000+00:00,combi,Lying,Lying
2024-06-26 22:34:04.500000+00:00,combi,Lying,Lying
2024-06-26 22:35:04.500000+00:00,combi,Lying,Lying
2024-06-26 22:36:04.500000+00:00,combi,Lying,Lying
2024-06-26 22:37:04.500000+00:00,combi,Lying,Lying
2024-06-26 22:38:04.500000+00:00,combi,Lying,Lying
2024-06-26 22:39:04.500000+00:00,combi,Lying,Lying
2024-06-26 22:40:04.500000+00:00,combi,Lying,Lying
2024-06-26 22:41:04.500000+00:00,combi,Lying,Lying
2024-06-26 22:42:04.500000+00:00,combi,Lying,Lying
2024-06-26 22:43:04.500000+00:00,combi,Lying,Lying
2024-06-26 22:44:04.500000+00:00,combi,Lying,Lying
2024-06-26 22:45:04.500000+00:00,combi,Lying,Lying
2024-06-26 22:46:04.500000+00:00,combi,Lying,Lying
2024-06-26 22:47:04.500000+00:00,combi,Lying,Lying
2024-06-26 22:48:04.500000+00:00,combi,Lying,Lying
2024-06-26 22:49:04.500000+00:00,combi,Lying,Lying
2024-06-26 22:50:04.500000+00:00,combi,Lying,Lying
2024-06-26 22:51:04.500000+00:00,combi,Lying,Lying
2024-06-26 22:52:04.500000+00:00,combi,Lying,Lying
2024-06-26 22:53:04.500000+00:00,combi,Lying,Lying
2024-06-26 22:54:04.500000+00:00,combi,Lying,Lying
2024-06-26 22:55:04.500000+00:00,combi,Lying,Lying
2024-06-26 22:56:04.500000+00:00,combi,Lying,Lying
2024-06-26 22:57:04.500000+00:00,combi,Lying,Lying
2024-06-26 22:58:04.500000+00:00,combi,Lying,Lying
2024-06-26 22:59:04.500000+00:00,combi,Lying,Lying
2024-06-26 23:00:04.500000+00:00,combi,Lying,Lying
2024-06-26 23:01:04.500000+00:00,combi,Lying,Lying
2024-06-26 23:02:04.500000+00:00,combi,Lying,Lying
2024-06-26 23:03:04.500000+00:00,combi,Lying,Lying
2024-06-26 23:04:04.500000+00:00,combi,Lying,Lying
2024-06-26 23:05:04.500000+00:00,combi,Lying,Lying
2024-06-26 23:06:04.500000+00:00,combi,Lying,Lying
2024-06-26 23:07:04.500000+00:00,combi,Lying,Lying
2024-06-26 23:08:04.500000+00:00,combi,Lying,Lying
2024-06-26 23:09:04.500000+00:00,combi,Lying,Lying
2024-06-26 23:10:04.500000+00:00,combi,Lying,Lying
2024-06-26 23:11:04.500000+00:00,combi,Lying,Lying
2024-06-26 23:12:04.500000+00:00,combi,Lying,Dynamic
2024-06-26 23:13:04.500000+00:00,combi,Lying,Dynamic
2024-06-26 23:14:04.500000+00:00,combi,Sitting,Sitting
2024-06-26 23:15:04.500000+00:00,combi,Standing,Dynamic
2024-06-26 23:16:04.500000+00:00,combi,Sitting,Sitting
2024-06-26 23:17:04.500000+00:00,combi,Sitting,Sitting
2024-06-26 23:18:04.500000+00:00,combi,Standing,Dynamic
2024-06-26 23:19:04.500000+00:00,combi,Standing,Dynamic
2024-06-26 23:20:04.500000+00:00,combi,Standing,Dynamic
2024-06-26 23:21:04.500000+00:00,combi,Standing,Dynamic
2024-06-26 23:22:04.500000+00:00,combi,Sitting,Dynamic
2024-06-26 23:23:04.500000+00:00,combi,Standing,Dynamic
2024-06-26 23:24:04.500000+00:00,combi,Standing,Standing
2024-06-26 23:25:04.500000+00:00,combi,Standing,Dynamic
2024-06-26 23:26:04.500000+00:00,combi,Standing,Dynamic
2024-06-26 23:27:04.500000+00:00,combi,Sitting,Sitting
2024-06-26 23:28:04.500000+00:00,combi,Standing,Dynamic
2024-06-26 23:29:04.500000+00:00,combi,Sitting,Dynamic
2024-06-26 23:30:04.500000+00:00,combi,Standing,Dynamic
2024-06-26 23:31:04.500000+00:00,combi,Lying,Dynamic
2024-06-26 23:32:04.500000+00:00,combi,Sitting,Sitting
2024-06-26 23:33:04.500000+00:00,combi,Sitting,Sitting
2024-06-26 23:34:04.500000+00:00,combi,Sitting,Sitting
2024-06-26 23:35:04.500000+00:00,combi,Sitting,Sitting
2024-06-26 23:36:04.500000+00:00,combi,Sitting,Sitting
2024-06-26 23:37:04.500000+00:00,combi,Sitting,Sitting
2024-06-26 23:38:04.500000+00:00,combi,Sitting,Sitting
2024-06-26 23:39:04.500000+00:00,combi,Sitting,Sitting
2024-06-26 23:40:04.500000+00:00,combi,Sitting,Sitting
2024-06-26 23:41:04.500000+00:00,combi,Sitting,Sitting
2024-06-26 23:42:04.500000+00:00,combi,Sitting,Sitting
2024-06-26 23:43:04.500000+00:00,combi,Sitting,Sitting
2024-06-26 23:44:04.500000+00:00,combi,Sitting,Sitting
2024-06-26 23:45:04.500000+00:00,combi,Sitting,Sitting
2024-06-26 23:46:04.500000+00:00,combi,Sitting,Sitting
2024-06-26 23:47:04.500000+00:00,combi,Sitting,Sitting
2024-06-26 23:48:04.500000+00:00,combi,Sitting,Sitting
2024-06-26 23:49:04.500000+00:00,combi,Sitting,Sitting
2024-06-26 23:50:04.500000+00:00,combi,Sitting,Sitting
2024-06-26 23:51:04.500000+00:00,combi,Sitting,Sitting
2024-06-26 23:52:04.500000+00:00,combi,Lying,Lying
2024-06-26 23:53:04.500000+00:00,combi,Lying,Lying
2024-06-26 23:54:04.500000+00:00,combi,Lying,Lying
2024-06-26 23:55:04.500000+00:00,combi,Lying,Lying
2024-06-26 23:56:04.500000+00:00,combi,Lying,Lying
2024-06-26 23:57:04.500000+00:00,combi,Lying,Lying
2024-06-26 23:58:04.500000+00:00,combi,Lying,Lying
2024-06-26 23:59:04.500000+00:00,combi,Lying,Lying
2024-06-27 00:00:04.500000+00:00,combi,Lying,Lying
2024-06-27 00:01:04.500000+00:00,combi,Lying,Lying
2024-06-27 00:02:04.500000+00:00,combi,Lying,Lying
2024-06-27 00:03:04.500000+00:00,combi,Lying,Lying
2024-06-27 00:04:04.500000+00:00,combi,Lying,Lying
2024-06-27 00:05:04.500000+00:00,combi,Lying,Lying
2024-06-27 00:06:04.500000+00:00,combi,Lying,Lying
2024-06-27 00:07:04.500000+00:00,combi,Lying,Lying
2024-06-27 00:08:04.500000+00:00,combi,Lying,Lying
2024-06-27 00:09:04.500000+00:00,combi,Lying,Lying
2024-06-27 00:10:04.500000+00:00,combi,Lying,Lying
2024-06-27 00:11:04.500000+00:00,combi,Lying,Lying
2024-06-27 00:12:04.500000+00:00,combi,Lying,Lying
2024-06-27 00:13:04.500000+00:00,combi,Lying,Lying
2024-06-27 00:14:04.500000+00:00,combi,Lying,Lying
2024-06-27 00:15:04.500000+00:00,combi,Lying,Lying
2024-06-27 00:16:04.500000+00:00,combi,Lying,Lying
2024-06-27 00:17:04.500000+00:00,combi,Lying,Lying
2024-06-27 00:18:04.500000+00:00,combi,Lying,Lying
2024-06-27 00:19:04.500000+00:00,combi,Lying,Lying
2024-06-27 00:20:04.500000+00:00,combi,Lying,Lying
2024-06-27 00:21:04.500000+00:00,combi,Lying,Lying
2024-06-27 00:22:04.500000+00:00,combi,Lying,Lying
2024-06-27 00:23:04.500000+00:00,combi,Lying,Lying
2024-06-27 00:24:04.500000+00:00,combi,Lying,Lying
2024-06-27 00:25:04.500000+00:00,combi,Lying,Lying
2024-06-27 00:26:04.500000+00:00,combi,Lying,Lying
2024-06-27 00:27:04.500000+00:00,combi,Lying,Lying
2024-06-27 00:28:04.500000+00:00,combi,Lying,Lying
2024-06-27 00:29:04.500000+00:00,combi,Lying,Lying
2024-06-27 00:30:04.500000+00:00,combi,Lying,Lying
2024-06-27 00:31:04.500000+00:00,combi,Lying,Lying
2024-06-27 00:32:04.500000+00:00,combi,Lying,Lying
2024-06-27 00:33:04.500000+00:00,combi,Lying,Lying
2024-06-27 00:34:04.500000+00:00,combi,Lying,Lying
2024-06-27 00:35:04.500000+00:00,combi,Lying,Lying
2024-06-27 00:36:04.500000+00:00,combi,Lying,Lying
2024-06-27 00:37:04.500000+00:00,combi,Lying,Lying
2024-06-27 00:38:04.500000+00:00,combi,Lying,Lying
2024-06-27 00:39:04.500000+00:00,combi,Lying,Lying
2024-06-27 00:40:04.500000+00:00,combi,Lying,Lying
2024-06-27 00:41:04.500000+00:00,combi,Lying,Lying
2024-06-27 00:42:04.500000+00:00,combi,Lying,Lying
2024-06-27 00:43:04.500000+00:00,combi,Lying,Lying
2024-06-27 00:44:04.500000+00:00,combi,Lying,Lying
2024-06-27 00:45:04.500000+00:00,combi,Lying,Lying
2024-06-27 00:46:04.500000+00:00,combi,Lying,Lying
2024-06-27 00:47:04.500000+00:00,combi,Lying,Lying
2024-06-27 00:48:04.500000+00:00,combi,Lying,Lying
2024-06-27 00:49:04.500000+00:00,combi,Lying,Lying
2024-06-27 00:50:04.500000+00:00,combi,Lying,Lying
2024-06-27 00:51:04.500000+00:00,combi,Lying,Lying
2024-06-27 00:52:04.500000+00:00,combi,Lying,Lying
2024-06-27 00:53:04.500000+00:00,combi,Lying,Lying
2024-06-27 00:54:04.500000+00:00,combi,Lying,Lying
2024-06-27 00:55:04.500000+00:00,combi,Lying,Lying
2024-06-27 00:56:04.500000+00:00,combi,Lying,Lying
2024-06-27 00:57:04.500000+00:00,combi,Lying,Lying
2024-06-27 00:58:04.500000+00:00,combi,Lying,Lying
2024-06-27 00:59:04.500000+00:00,combi,Lying,Lying
2024-06-27 01:00:04.500000+00:00,combi,Lying,Lying
2024-06-27 01:01:04.500000+00:00,combi,Lying,Lying
2024-06-27 01:02:04.500000+00:00,combi,Lying,Lying
2024-06-27 01:03:04.500000+00:00,combi,Lying,Lying
2024-06-27 01:04:04.500000+00:00,combi,Lying,Lying
2024-06-27 01:05:04.500000+00:00,combi,Lying,Lying
2024-06-27 01:06:04.500000+00:00,combi,Lying,Lying
2024-06-27 01:07:04.500000+00:00,combi,Lying,Lying
2024-06-27 01:08:04.500000+00:00,combi,Lying,Lying
2024-06-27 01:09:04.500000+00:00,combi,Lying,Lying
2024-06-27 01:10:04.500000+00:00,combi,Lying,Lying
2024-06-27 01:11:04.500000+00:00,combi,Lying,Lying
2024-06-27 01:12:04.500000+00:00,combi,Lying,Lying
2024-06-27 01:13:04.500000+00:00,combi,Lying,Lying
2024-06-27 01:14:04.500000+00:00,combi,Lying,Lying
2024-06-27 01:15:04.500000+00:00,combi,Lying,Lying
2024-06-27 01:16:04.500000+00:00,combi,Lying,Lying
2024-06-27 01:17:04.500000+00:00,combi,Lying,Lying
2024-06-27 01:18:04.500000+00:00,combi,Lying,Lying
2024-06-27 01:19:04.500000+00:00,combi,Lying,Lying
2024-06-27 01:20:04.500000+00:00,combi,Lying,Lying
2024-06-27 01:21:04.500000+00:00,combi,Lying,Lying
2024-06-27 01:22:04.500000+00:00,combi,Lying,Lying
2024-06-27 01:23:04.500000+00:00,combi,Lying,Lying
2024-06-27 01:24:04.500000+00:00,combi,Lying,Lying
2024-06-27 01:25:04.500000+00:00,combi,Lying,Lying
2024-06-27 01:26:04.500000+00:00,combi,Lying,Lying
2024-06-27 01:27:04.500000+00:00,combi,Lying,Lying
2024-06-27 01:28:04.500000+00:00,combi,Lying,Lying
2024-06-27 01:29:04.500000+00:00,combi,Lying,Lying
2024-06-27 01:30:04.500000+00:00,combi,Lying,Lying
2024-06-27 01:31:04.500000+00:00,combi,Lying,Lying
2024-06-27 01:32:04.500000+00:00,combi,Lying,Lying
2024-06-27 01:33:04.500000+00:00,combi,Lying,Lying
2024-06-27 01:34:04.500000+00:00,combi,Lying,Lying
2024-06-27 01:35:04.500000+00:00,combi,Lying,Lying
2024-06-27 01:36:04.500000+00:00,combi,Lying,Lying
2024-06-27 01:37:04.500000+00:00,combi,Lying,Lying
2024-06-27 01:38:04.500000+00:00,combi,Lying,Lying
2024-06-27 01:39:04.500000+00:00,combi,Lying,Lying
2024-06-27 01:40:04.500000+00:00,combi,Lying,Lying
2024-06-27 01:41:04.500000+00:00,combi,Lying,Lying
2024-06-27 01:42:04.500000+00:00,combi,Lying,Lying
2024-06-27 01:43:04.500000+00:00,combi,Lying,Lying
2024-06-27 01:44:04.500000+00:00,combi,Lying,Lying
2024-06-27 01:45:04.500000+00:00,combi,Lying,Lying
2024-06-27 01:46:04.500000+00:00,combi,Lying,Lying
2024-06-27 01:47:04.500000+00:00,combi,Lying,Lying
2024-06-27 01:48:04.500000+00:00,combi,Lying,Lying
2024-06-27 01:49:04.500000+00:00,combi,Lying,Lying
2024-06-27 01:50:04.500000+00:00,combi,Lying,Lying
2024-06-27 01:51:04.500000+00:00,combi,Lying,Lying
2024-06-27 01:52:04.500000+00:00,combi,Lying,Lying
2024-06-27 01:53:04.500000+00:00,combi,Lying,Lying
2024-06-27 01:54:04.500000+00:00,combi,Lying,Lying
2024-06-27 01:55:04.500000+00:00,combi,Lying,Lying
2024-06-27 01:56:04.500000+00:00,combi,Lying,Lying
2024-06-27 01:57:04.500000+00:00,combi,Lying,Lying
2024-06-27 01:58:04.500000+00:00,combi,Lying,Lying
2024-06-27 01:59:04.500000+00:00,combi,Lying,Lying
2024-06-27 02:00:04.500000+00:00,combi,Lying,Lying
2024-06-27 02:01:04.500000+00:00,combi,Lying,Lying
2024-06-27 02:02:04.500000+00:00,combi,Lying,Lying
2024-06-27 02:03:04.500000+00:00,combi,Lying,Lying
2024-06-27 02:04:04.500000+00:00,combi,Lying,Lying
2024-06-27 02:05:04.500000+00:00,combi,Lying,Lying
2024-06-27 02:06:04.500000+00:00,combi,Lying,Lying
2024-06-27 02:07:04.500000+00:00,combi,Lying,Lying
2024-06-27 02:08:04.500000+00:00,combi,Lying,Lying
2024-06-27 02:09:04.500000+00:00,combi,Lying,Lying
2024-06-27 02:10:04.500000+00:00,combi,Lying,Lying
2024-06-27 02:11:04.500000+00:00,combi,Lying,Lying
2024-06-27 02:12:04.500000+00:00,combi,Lying,Lying
2024-06-27 02:13:04.500000+00:00,combi,Lying,Lying
2024-06-27 02:14:04.500000+00:00,combi,Lying,Lying
2024-06-27 02:15:04.500000+00:00,combi,Lying,Lying
2024-06-27 02:16:04.500000+00:00,combi,Lying,Lying
2024-06-27 02:17:04.500000+00:00,combi,Lying,Lying
2024-06-27 02:18:04.500000+00:00,combi,Lying,Lying
2024-06-27 02:19:04.500000+00:00,combi,Lying,Lying
2024-06-27 02:20:04.500000+00:00,combi,Lying,Lying
2024-06-27 02:21:04.500000+00:00,combi,Lying,Lying
2024-06-27 02:22:04.500000+00:00,combi,Lying,Lying
2024-06-27 02:23:04.500000+00:00,combi,Lying,Lying
2024-06-27 02:24:04.500000+00:00,combi,Lying,Lying
2024-06-27 02:25:04.500000+00:00,combi,Lying,Lying
2024-06-27 02:26:04.500000+00:00,combi,Lying,Lying
2024-06-27 02:27:04.500000+00:00,combi,Lying,Lying
2024-06-27 02:28:04.500000+00:00,combi,Lying,Lying
2024-06-27 02:29:04.500000+00:00,combi,Lying,Lying
2024-06-27 02:30:04.500000+00:00,combi,Lying,Lying
2024-06-27 02:31:04.500000+00:00,combi,Sitting,Sitting
2024-06-27 02:32:04.500000+00:00,combi,Lying,Lying
2024-06-27 02:33:04.500000+00:00,combi,Lying,Lying
2024-06-27 02:34:04.500000+00:00,combi,Lying,Lying
2024-06-27 02:35:04.500000+00:00,combi,Sitting,Sitting
2024-06-27 02:36:04.500000+00:00,combi,Sitting,Sitting
2024-06-27 02:37:04.500000+00:00,combi,Sitting,Sitting
2024-06-27 02:38:04.500000+00:00,combi,Lying,Lying
2024-06-27 02:39:04.500000+00:00,combi,Lying,Lying
2024-06-27 02:40:04.500000+00:00,combi,Lying,Lying
2024-06-27 02:41:04.500000+00:00,combi,Lying,Lying
2024-06-27 02:42:04.500000+00:00,combi,Lying,Lying
2024-06-27 02:43:04.500000+00:00,combi,Lying,Lying
2024-06-27 02:44:04.500000+00:00,combi,Lying,Lying
2024-06-27 02:45:04.500000+00:00,combi,Lying,Lying
2024-06-27 02:46:04.500000+00:00,combi,Lying,Lying
2024-06-27 02:47:04.500000+00:00,combi,Lying,Lying
2024-06-27 02:48:04.500000+00:00,combi,Lying,Lying
2024-06-27 02:49:04.500000+00:00,combi,Sitting,Sitting
2024-06-27 02:50:04.500000+00:00,combi,Sitting,Sitting
2024-06-27 02:51:04.500000+00:00,combi,Sitting,Sitting
2024-06-27 02:52:04.500000+00:00,combi,Sitting,Sitting
2024-06-27 02:53:04.500000+00:00,combi,Sitting,Sitting
2024-06-27 02:54:04.500000+00:00,combi,Sitting,Sitting
2024-06-27 02:55:04.500000+00:00,combi,Sitting,Sitting
2024-06-27 02:56:04.500000+00:00,combi,Sitting,Sitting
2024-06-27 02:57:04.500000+00:00,combi,Sitting,Sitting
2024-06-27 02:58:04.500000+00:00,combi,Sitting,Sitting
2024-06-27 02:59:04.500000+00:00,combi,Sitting,Sitting
2024-06-27 03:00:04.500000+00:00,combi,Sitting,Sitting
2024-06-27 03:01:04.500000+00:00,combi,Sitting,Sitting
2024-06-27 03:02:04.500000+00:00,combi,Sitting,Sitting
2024-06-27 03:03:04.500000+00:00,combi,Sitting,Sitting
2024-06-27 03:04:04.500000+00:00,combi,Sitting,Sitting
2024-06-27 03:05:04.500000+00:00,combi,Sitting,Sitting
2024-06-27 03:06:04.500000+00:00,combi,Sitting,Sitting
2024-06-27 03:07:04.500000+00:00,combi,Sitting,Sitting
2024-06-27 03:08:04.500000+00:00,combi,Sitting,Sitting
2024-06-27 03:09:04.500000+00:00,combi,Sitting,Sitting
2024-06-27 03:10:04.500000+00:00,combi,Sitting,Sitting
2024-06-27 03:11:04.500000+00:00,combi,Sitting,Sitting
2024-06-27 03:12:04.500000+00:00,combi,Sitting,Sitting
2024-06-27 03:13:04.500000+00:00,combi,Sitting,Sitting
2024-06-27 03:14:04.500000+00:00,combi,Sitting,Sitting
2024-06-27 03:15:04.500000+00:00,combi,Sitting,Sitting
2024-06-27 03:16:04.500000+00:00,combi,Sitting,Sitting
2024-06-27 03:17:04.500000+00:00,combi,Sitting,Sitting
2024-06-27 03:18:04.500000+00:00,combi,Sitting,Sitting
2024-06-27 03:19:04.500000+00:00,combi,Sitting,Sitting
2024-06-27 03:20:04.500000+00:00,combi,Sitting,Sitting
2024-06-27 03:21:04.500000+00:00,combi,Sitting,Sitting
2024-06-27 03:22:04.500000+00:00,combi,Sitting,Sitting
2024-06-27 03:23:04.500000+00:00,combi,Sitting,Sitting
2024-06-27 03:24:04.500000+00:00,combi,Sitting,Sitting
2024-06-27 03:25:04.500000+00:00,combi,Sitting,Sitting
2024-06-27 03:26:04.500000+00:00,combi,Sitting,Sitting
2024-06-27 03:27:04.500000+00:00,combi,Sitting,Sitting
2024-06-27 03:28:04.500000+00:00,combi,Sitting,Sitting
2024-06-27 03:29:04.500000+00:00,combi,Sitting,Sitting
2024-06-27 03:30:04.500000+00:00,combi,Sitting,Sitting
2024-06-27 03:31:04.500000+00:00,combi,Sitting,Sitting
2024-06-27 03:32:04.500000+00:00,combi,Sitting,Sitting
2024-06-27 03:33:04.500000+00:00,combi,Sitting,Sitting
2024-06-27 03:34:04.500000+00:00,combi,Sitting,Sitting
2024-06-27 03:35:04.500000+00:00,combi,Sitting,Sitting
2024-06-27 03:36:04.500000+00:00,combi,Sitting,Sitting
2024-06-27 03:37:04.500000+00:00,combi,Lying,Lying
2024-06-27 03:38:04.500000+00:00,combi,Lying,Lying
2024-06-27 03:39:04.500000+00:00,combi,Lying,Lying
2024-06-27 03:40:04.500000+00:00,combi,Lying,Lying
2024-06-27 03:41:04.500000+00:00,combi,Lying,Lying
2024-06-27 03:42:04.500000+00:00,combi,Sitting,Sitting
2024-06-27 03:43:04.500000+00:00,combi,Sitting,Sitting
2024-06-27 03:44:04.500000+00:00,combi,Sitting,Sitting
2024-06-27 03:45:04.500000+00:00,combi,Sitting,Sitting
2024-06-27 03:46:04.500000+00:00,combi,Sitting,Sitting
2024-06-27 03:47:04.500000+00:00,combi,Sitting,Sitting
2024-06-27 03:48:04.500000+00:00,combi,Sitting,Sitting
2024-06-27 03:49:04.500000+00:00,combi,Sitting,Sitting
2024-06-27 03:50:04.500000+00:00,combi,Sitting,Sitting
2024-06-27 03:51:04.500000+00:00,combi,Sitting,Sitting
2024-06-27 03:52:04.500000+00:00,combi,Sitting,Sitting
2024-06-27 03:53:04.500000+00:00,combi,Sitting,Sitting
2024-06-27 03:54:04.500000+00:00,combi,Sitting,Sitting
2024-06-27 03:55:04.500000+00:00,combi,Sitting,Sitting
2024-06-27 03:56:04.500000+00:00,combi,Sitting,Sitting
2024-06-27 03:57:04.500000+00:00,combi,Sitting,Sitting
2024-06-27 03:58:04.500000+00:00,combi,Sitting,Sitting
2024-06-27 03:59:04.500000+00:00,combi,Sitting,Sitting
2024-06-27 04:00:04.500000+00:00,combi,Sitting,Sitting
2024-06-27 04:01:04.500000+00:00,combi,Sitting,Sitting
2024-06-27 04:02:04.500000+00:00,combi,Sitting,Sitting
2024-06-27 04:03:04.500000+00:00,combi,Sitting,Sitting
2024-06-27 04:04:04.500000+00:00,combi,Sitting,Sitting
2024-06-27 04:05:04.500000+00:00,combi,Sitting,Sitting
2024-06-27 04:06:04.500000+00:00,combi,Sitting,Sitting
2024-06-27 04:07:04.500000+00:00,combi,Sitting,Sitting
2024-06-27 04:08:04.500000+00:00,combi,Sitting,Sitting
2024-06-27 04:09:04.500000+00:00,combi,Sitting,Sitting
2024-06-27 04:10:04.500000+00:00,combi,Sitting,Sitting
2024-06-27 04:11:04.500000+00:00,combi,Sitting,Sitting
2024-06-27 04:12:04.500000+00:00,combi,Sitting,Sitting
2024-06-27 04:13:04.500000+00:00,combi,Sitting,Sitting
2024-06-27 04:14:04.500000+00:00,combi,Sitting,Sitting
2024-06-27 04:15:04.500000+00:00,combi,Sitting,Sitting
2024-06-27 04:16:04.500000+00:00,combi,Sitting,Sitting
2024-06-27 04:17:04.500000+00:00,combi,Sitting,Sitting
2024-06-27 04:18:04.500000+00:00,combi,Sitting,Sitting
2024-06-27 04:19:04.500000+00:00,combi,Sitting,Sitting
2024-06-27 04:20:04.500000+00:00,combi,Sitting,Sitting
2024-06-27 04:21:04.500000+00:00,combi,Sitting,Sitting
2024-06-27 04:22:04.500000+00:00,combi,Sitting,Sitting
2024-06-27 04:23:04.500000+00:00,combi,Sitting,Sitting
2024-06-27 04:24:04.500000+00:00,combi,Sitting,Sitting
2024-06-27 04:25:04.500000+00:00,combi,Sitting,Sitting
2024-06-27 04:26:04.500000+00:00,combi,Sitting,Sitting
2024-06-27 04:27:04.500000+00:00,combi,Sitting,Sitting
2024-06-27 04:28:04.500000+00:00,combi,Sitting,Sitting
2024-06-27 04:29:04.500000+00:00,combi,Sitting,Sitting
2024-06-27 04:30:04.500000+00:00,combi,Sitting,Sitting
2024-06-27 04:31:04.500000+00:00,combi,Sitting,Sitting
2024-06-27 04:32:04.500000+00:00,combi,Sitting,Sitting
2024-06-27 04:33:04.500000+00:00,combi,Sitting,Sitting
2024-06-27 04:34:04.500000+00:00,combi,Sitting,Sitting
2024-06-27 04:35:04.500000+00:00,combi,Sitting,Sitting
2024-06-27 04:36:04.500000+00:00,combi,Sitting,Sitting
2024-06-27 04:37:04.500000+00:00,combi,Sitting,Sitting
2024-06-27 04:38:04.500000+00:00,combi,Sitting,Sitting
2024-06-27 04:39:04.500000+00:00,combi,Sitting,Sitting
