Time,Participant,Majority_postures,Majority_including_dynamic
2024-08-20 09:27:48.500000+00:00,combi,Standing,Standing
2024-08-20 09:28:48.500000+00:00,combi,Standing,Standing
2024-08-20 09:29:48.500000+00:00,combi,Standing,Standing
2024-08-20 09:30:48.500000+00:00,combi,Standing,Standing
2024-08-20 09:31:48.500000+00:00,combi,Standing,Standing
2024-08-20 09:32:48.500000+00:00,combi,Standing,Standing
2024-08-20 09:33:48.500000+00:00,combi,Standing,Standing
2024-08-20 09:34:48.500000+00:00,combi,Standing,Standing
2024-08-20 09:35:48.500000+00:00,combi,Sitting,Sitting
2024-08-20 09:36:48.500000+00:00,combi,Standing,Dynamic
2024-08-20 09:37:48.500000+00:00,combi,Standing,Standing
2024-08-20 09:38:48.500000+00:00,combi,Standing,Standing
2024-08-20 09:39:48.500000+00:00,combi,Standing,Dynamic
2024-08-20 09:40:48.500000+00:00,combi,Lying,Dynamic
2024-08-20 09:41:48.500000+00:00,combi,Standing,Dynamic
2024-08-20 09:42:48.500000+00:00,combi,Standing,Standing
2024-08-20 09:43:48.500000+00:00,combi,Standing,Standing
2024-08-20 09:44:48.500000+00:00,combi,Standing,Standing
2024-08-20 09:45:48.500000+00:00,combi,Standing,Standing
2024-08-20 09:46:48.500000+00:00,combi,Standing,Standing
2024-08-20 09:47:48.500000+00:00,combi,Sitting,Sitting
2024-08-20 09:48:48.500000+00:00,combi,Sitting,Sitting
2024-08-20 09:49:48.500000+00:00,combi,Sitting,Sitting
2024-08-20 09:50:48.500000+00:00,combi,Lying,Lying
2024-08-20 09:51:48.500000+00:00,combi,Lying,Lying
2024-08-20 09:52:48.500000+00:00,combi,Lying,Dynamic
2024-08-20 09:53:48.500000+00:00,combi,Sitting,Sitting
2024-08-20 09:54:48.500000+00:00,combi,Standing,Standing
2024-08-20 09:55:48.500000+00:00,combi,Standing,Standing
2024-08-20 09:56:48.500000+00:00,combi,Standing,Standing
2024-08-20 09:57:48.500000+00:00,combi,Standing,Standing
2024-08-20 09:58:48.500000+00:00,combi,Standing,Standing
2024-08-20 09:59:48.500000+00:00,combi,Standing,Standing
2024-08-20 10:00:48.500000+00:00,combi,Standing,Standing
2024-08-20 10:01:48.500000+00:00,combi,Standing,Standing
2024-08-20 10:02:48.500000+00:00,combi,Standing,Standing
2024-08-20 10:03:48.500000+00:00,combi,Standing,Standing
2024-08-20 10:04:48.500000+00:00,combi,Sitting,Sitting
2024-08-20 10:05:48.500000+00:00,combi,Sitting,Sitting
2024-08-20 10:06:48.500000+00:00,combi,Sitting,Sitting
2024-08-20 10:07:48.500000+00:00,combi,Sitting,Sitting
2024-08-20 10:08:48.500000+00:00,combi,Sitting,Sitting
2024-08-20 10:09:48.500000+00:00,combi,Sitting,Sitting
2024-08-20 10:10:48.500000+00:00,combi,Sitting,Sitting
2024-08-20 10:11:48.500000+00:00,combi,Sitting,Sitting
2024-08-20 10:12:48.500000+00:00,combi,Sitting,Sitting
2024-08-20 10:13:48.500000+00:00,combi,Lying,Lying
2024-08-20 10:14:48.500000+00:00,combi,Lying,Lying
2024-08-20 10:15:48.500000+00:00,combi,Lying,Lying
2024-08-20 10:16:48.500000+00:00,combi,Lying,Lying
2024-08-20 10:17:48.500000+00:00,combi,Lying,Lying
2024-08-20 10:18:48.500000+00:00,combi,Lying,Lying
2024-08-20 10:19:48.500000+00:00,combi,Lying,Lying
2024-08-20 10:20:48.500000+00:00,combi,Lying,Lying
2024-08-20 10:21:48.500000+00:00,combi,Lying,Dynamic
2024-08-20 10:22:48.500000+00:00,combi,Sitting,Sitting
2024-08-20 10:23:48.500000+00:00,combi,Sitting,Sitting
2024-08-20 10:24:48.500000+00:00,combi,Sitting,Sitting
2024-08-20 10:25:48.500000+00:00,combi,Sitting,Sitting
2024-08-20 10:26:48.500000+00:00,combi,Sitting,Sitting
2024-08-20 10:27:48.500000+00:00,combi,Sitting,Sitting
2024-08-20 10:28:48.500000+00:00,combi,Sitting,Sitting
2024-08-20 10:29:48.500000+00:00,combi,Sitting,Sitting
2024-08-20 10:30:48.500000+00:00,combi,Sitting,Sitting
2024-08-20 10:31:48.500000+00:00,combi,Sitting,Sitting
2024-08-20 10:32:48.500000+00:00,combi,Sitting,Sitting
2024-08-20 10:33:48.500000+00:00,combi,Sitting,Sitting
2024-08-20 10:34:48.500000+00:00,combi,Sitting,Sitting
2024-08-20 10:35:48.500000+00:00,combi,Sitting,Sitting
2024-08-20 10:36:48.500000+00:00,combi,Sitting,Sitting
2024-08-20 10:37:48.500000+00:00,combi,Sitting,Sitting
2024-08-20 10:38:48.500000+00:00,combi,Sitting,Sitting
2024-08-20 10:39:48.500000+00:00,combi,Sitting,Sitting
2024-08-20 10:40:48.500000+00:00,combi,Sitting,Sitting
2024-08-20 10:41:48.500000+00:00,combi,Sitting,Sitting
2024-08-20 10:42:48.500000+00:00,combi,Standing,Dynamic
2024-08-20 10:43:48.500000+00:00,combi,Standing,Standing
2024-08-20 10:44:48.500000+00:00,combi,Standing,Standing
2024-08-20 10:45:48.500000+00:00,combi,Standing,Standing
2024-08-20 10:46:48.500000+00:00,combi,Standing,Standing
2024-08-20 10:47:48.500000+00:00,combi,Standing,Standing
2024-08-20 10:48:48.500000+00:00,combi,Sitting,Sitting
2024-08-20 10:49:48.500000+00:00,combi,Standing,Standing
2024-08-20 10:50:48.500000+00:00,combi,Standing,Standing
2024-08-20 10:51:48.500000+00:00,combi,Standing,Standing
2024-08-20 10:52:48.500000+00:00,combi,Standing,Standing
2024-08-20 10:53:48.500000+00:00,combi,Standing,Standing
2024-08-20 10:54:48.500000+00:00,combi,Standing,Standing
2024-08-20 10:55:48.500000+00:00,combi,Standing,Dynamic
2024-08-20 10:56:48.500000+00:00,combi,Standing,Dynamic
2024-08-20 10:57:48.500000+00:00,combi,Standing,Dynamic
2024-08-20 10:58:48.500000+00:00,combi,Standing,Standing
2024-08-20 10:59:48.500000+00:00,combi,Standing,Standing
2024-08-20 11:00:48.500000+00:00,combi,Sitting,Sitting
2024-08-20 11:01:48.500000+00:00,combi,Standing,Standing
2024-08-20 11:02:48.500000+00:00,combi,Standing,Standing
2024-08-20 11:03:48.500000+00:00,combi,Standing,Standing
2024-08-20 11:04:48.500000+00:00,combi,Sitting,Sitting
2024-08-20 11:05:48.500000+00:00,combi,Sitting,Sitting
2024-08-20 11:06:48.500000+00:00,combi,Sitting,Sitting
2024-08-20 11:07:48.500000+00:00,combi,Sitting,Sitting
2024-08-20 11:08:48.500000+00:00,combi,Sitting,Sitting
2024-08-20 11:09:48.500000+00:00,combi,Sitting,Sitting
2024-08-20 11:10:48.500000+00:00,combi,Sitting,Sitting
2024-08-20 11:11:48.500000+00:00,combi,Sitting,Sitting
2024-08-20 11:12:48.500000+00:00,combi,Sitting,Sitting
2024-08-20 11:13:48.500000+00:00,combi,Sitting,Sitting
2024-08-20 11:14:48.500000+00:00,combi,Sitting,Sitting
2024-08-20 11:15:48.500000+00:00,combi,Sitting,Sitting
2024-08-20 11:16:48.500000+00:00,combi,Standing,Dynamic
2024-08-20 11:17:48.500000+00:00,combi,Standing,Dynamic
2024-08-20 11:18:48.500000+00:00,combi,Standing,Dynamic
2024-08-20 11:19:48.500000+00:00,combi,Sitting,Sitting
2024-08-20 11:20:48.500000+00:00,combi,Sitting,Sitting
2024-08-20 11:21:48.500000+00:00,combi,Sitting,Sitting
2024-08-20 11:22:48.500000+00:00,combi,Sitting,Sitting
2024-08-20 11:23:48.500000+00:00,combi,Sitting,Sitting
2024-08-20 11:24:48.500000+00:00,combi,Sitting,Sitting
2024-08-20 11:25:48.500000+00:00,combi,Sitting,Sitting
2024-08-20 11:26:48.500000+00:00,combi,Sitting,Sitting
2024-08-20 11:27:48.500000+00:00,combi,Sitting,Sitting
2024-08-20 11:28:48.500000+00:00,combi,Sitting,Sitting
2024-08-20 11:29:48.500000+00:00,combi,Sitting,Sitting
2024-08-20 11:30:48.500000+00:00,combi,Sitting,Sitting
2024-08-20 11:31:48.500000+00:00,combi,Sitting,Sitting
2024-08-20 11:32:48.500000+00:00,combi,Sitting,Sitting
2024-08-20 11:33:48.500000+00:00,combi,Sitting,Sitting
2024-08-20 11:34:48.500000+00:00,combi,Sitting,Sitting
2024-08-20 11:35:48.500000+00:00,combi,Sitting,Sitting
2024-08-20 11:36:48.500000+00:00,combi,Sitting,Sitting
2024-08-20 11:37:48.500000+00:00,combi,Sitting,Sitting
2024-08-20 11:38:48.500000+00:00,combi,Sitting,Sitting
2024-08-20 11:39:48.500000+00:00,combi,Sitting,Sitting
2024-08-20 11:40:48.500000+00:00,combi,Sitting,Sitting
2024-08-20 11:41:48.500000+00:00,combi,Sitting,Sitting
2024-08-20 11:42:48.500000+00:00,combi,Sitting,Sitting
2024-08-20 11:43:48.500000+00:00,combi,Sitting,Sitting
2024-08-20 11:44:48.500000+00:00,combi,Sitting,Sitting
2024-08-20 11:45:48.500000+00:00,combi,Sitting,Sitting
2024-08-20 11:46:48.500000+00:00,combi,Sitting,Sitting
2024-08-20 11:47:48.500000+00:00,combi,Sitting,Sitting
2024-08-20 11:48:48.500000+00:00,combi,Sitting,Sitting
2024-08-20 11:49:48.500000+00:00,combi,Sitting,Sitting
2024-08-20 11:50:48.500000+00:00,combi,Standing,Sitting
2024-08-20 11:51:48.500000+00:00,combi,Sitting,Sitting
2024-08-20 11:52:48.500000+00:00,combi,Sitting,Sitting
2024-08-20 11:53:48.500000+00:00,combi,Sitting,Sitting
2024-08-20 11:54:48.500000+00:00,combi,Sitting,Sitting
2024-08-20 11:55:48.500000+00:00,combi,Sitting,Sitting
2024-08-20 11:56:48.500000+00:00,combi,Sitting,Sitting
2024-08-20 11:57:48.500000+00:00,combi,Standing,Dynamic
2024-08-20 11:58:48.500000+00:00,combi,Standing,Dynamic
2024-08-20 11:59:48.500000+00:00,combi,Sitting,Sitting
2024-08-20 12:00:48.500000+00:00,combi,Sitting,Sitting
2024-08-20 12:01:48.500000+00:00,combi,Sitting,Sitting
2024-08-20 12:02:48.500000+00:00,combi,Sitting,Sitting
2024-08-20 12:03:48.500000+00:00,combi,Sitting,Sitting
2024-08-20 12:04:48.500000+00:00,combi,Sitting,Sitting
2024-08-20 12:05:48.500000+00:00,combi,Sitting,Sitting
2024-08-20 12:06:48.500000+00:00,combi,Sitting,Sitting
2024-08-20 12:07:48.500000+00:00,combi,Sitting,Sitting
2024-08-20 12:08:48.500000+00:00,combi,Sitting,Sitting
2024-08-20 12:09:48.500000+00:00,combi,Sitting,Sitting
2024-08-20 12:10:48.500000+00:00,combi,Sitting,Sitting
2024-08-20 12:11:48.500000+00:00,combi,Sitting,Sitting
2024-08-20 12:12:48.500000+00:00,combi,Sitting,Sitting
2024-08-20 12:13:48.500000+00:00,combi,Sitting,Sitting
2024-08-20 12:14:48.500000+00:00,combi,Sitting,Sitting
2024-08-20 12:15:48.500000+00:00,combi,Sitting,Sitting
2024-08-20 12:16:48.500000+00:00,combi,Sitting,Sitting
2024-08-20 12:17:48.500000+00:00,combi,Sitting,Sitting
2024-08-20 12:18:48.500000+00:00,combi,Sitting,Sitting
2024-08-20 12:19:48.500000+00:00,combi,Sitting,Sitting
2024-08-20 12:20:48.500000+00:00,combi,Sitting,Sitting
2024-08-20 12:21:48.500000+00:00,combi,Sitting,Sitting
2024-08-20 12:22:48.500000+00:00,combi,Sitting,Sitting
2024-08-20 12:23:48.500000+00:00,combi,Sitting,Sitting
2024-08-20 12:24:48.500000+00:00,combi,Sitting,Sitting
2024-08-20 12:25:48.500000+00:00,combi,Sitting,Sitting
2024-08-20 12:26:48.500000+00:00,combi,Sitting,Sitting
2024-08-20 12:27:48.500000+00:00,combi,Sitting,Sitting
2024-08-20 12:28:48.500000+00:00,combi,Sitting,Sitting
2024-08-20 12:29:48.500000+00:00,combi,Sitting,Sitting
2024-08-20 12:30:48.500000+00:00,combi,Sitting,Sitting
2024-08-20 12:31:48.500000+00:00,combi,Sitting,Sitting
2024-08-20 12:32:48.500000+00:00,combi,Sitting,Sitting
2024-08-20 12:33:48.500000+00:00,combi,Sitting,Sitting
2024-08-20 12:34:48.500000+00:00,combi,Sitting,Sitting
2024-08-20 12:35:48.500000+00:00,combi,Sitting,Sitting
2024-08-20 12:36:48.500000+00:00,combi,Sitting,Sitting
2024-08-20 12:37:48.500000+00:00,combi,Sitting,Sitting
2024-08-20 12:38:48.500000+00:00,combi,Sitting,Sitting
2024-08-20 12:39:48.500000+00:00,combi,Sitting,Sitting
2024-08-20 12:40:48.500000+00:00,combi,Sitting,Sitting
2024-08-20 12:41:48.500000+00:00,combi,Sitting,Sitting
2024-08-20 12:42:48.500000+00:00,combi,Sitting,Sitting
2024-08-20 12:43:48.500000+00:00,combi,Sitting,Sitting
2024-08-20 12:44:48.500000+00:00,combi,Sitting,Sitting
2024-08-20 12:45:48.500000+00:00,combi,Sitting,Sitting
2024-08-20 12:46:48.500000+00:00,combi,Standing,Dynamic
2024-08-20 12:47:48.500000+00:00,combi,Standing,Standing
2024-08-20 12:48:48.500000+00:00,combi,Standing,Standing
2024-08-20 12:49:48.500000+00:00,combi,Standing,Standing
2024-08-20 12:50:48.500000+00:00,combi,Standing,Standing
2024-08-20 12:51:48.500000+00:00,combi,Standing,Dynamic
2024-08-20 12:52:48.500000+00:00,combi,Standing,Standing
2024-08-20 12:53:48.500000+00:00,combi,Sitting,Sitting
2024-08-20 12:54:48.500000+00:00,combi,Sitting,Sitting
2024-08-20 12:55:48.500000+00:00,combi,Sitting,Sitting
2024-08-20 12:56:48.500000+00:00,combi,Sitting,Sitting
2024-08-20 12:57:48.500000+00:00,combi,Sitting,Sitting
2024-08-20 12:58:48.500000+00:00,combi,Sitting,Sitting
2024-08-20 12:59:48.500000+00:00,combi,Sitting,Sitting
2024-08-20 13:00:48.500000+00:00,combi,Sitting,Sitting
2024-08-20 13:01:48.500000+00:00,combi,Sitting,Sitting
2024-08-20 13:02:48.500000+00:00,combi,Sitting,Sitting
2024-08-20 13:03:48.500000+00:00,combi,Sitting,Sitting
2024-08-20 13:04:48.500000+00:00,combi,Sitting,Sitting
2024-08-20 13:05:48.500000+00:00,combi,Sitting,Sitting
2024-08-20 13:06:48.500000+00:00,combi,Sitting,Sitting
2024-08-20 13:07:48.500000+00:00,combi,Sitting,Sitting
2024-08-20 13:08:48.500000+00:00,combi,Sitting,Sitting
2024-08-20 13:09:48.500000+00:00,combi,Sitting,Sitting
2024-08-20 13:10:48.500000+00:00,combi,Sitting,Sitting
2024-08-20 13:11:48.500000+00:00,combi,Sitting,Sitting
2024-08-20 13:12:48.500000+00:00,combi,Sitting,Sitting
2024-08-20 13:13:48.500000+00:00,combi,Sitting,Sitting
2024-08-20 13:14:48.500000+00:00,combi,Standing,Sitting
2024-08-20 13:15:48.500000+00:00,combi,Sitting,Sitting
2024-08-20 13:16:48.500000+00:00,combi,Sitting,Sitting
2024-08-20 13:17:48.500000+00:00,combi,Sitting,Sitting
2024-08-20 13:18:48.500000+00:00,combi,Sitting,Sitting
2024-08-20 13:19:48.500000+00:00,combi,Sitting,Sitting
2024-08-20 13:20:48.500000+00:00,combi,Sitting,Sitting
2024-08-20 13:21:48.500000+00:00,combi,Sitting,Sitting
2024-08-20 13:22:48.500000+00:00,combi,Sitting,Sitting
2024-08-20 13:23:48.500000+00:00,combi,Sitting,Sitting
2024-08-20 13:24:48.500000+00:00,combi,Sitting,Sitting
2024-08-20 13:25:48.500000+00:00,combi,Sitting,Sitting
2024-08-20 13:26:48.500000+00:00,combi,Sitting,Sitting
2024-08-20 13:27:48.500000+00:00,combi,Sitting,Sitting
2024-08-20 13:28:48.500000+00:00,combi,Sitting,Sitting
2024-08-20 13:29:48.500000+00:00,combi,Sitting,Standing
2024-08-20 13:30:48.500000+00:00,combi,Sitting,Sitting
2024-08-20 13:31:48.500000+00:00,combi,Sitting,Sitting
2024-08-20 13:32:48.500000+00:00,combi,Sitting,Sitting
2024-08-20 13:33:48.500000+00:00,combi,Standing,Standing
2024-08-20 13:34:48.500000+00:00,combi,Sitting,Sitting
2024-08-20 13:35:48.500000+00:00,combi,Sitting,Sitting
2024-08-20 13:36:48.500000+00:00,combi,Sitting,Sitting
2024-08-20 13:37:48.500000+00:00,combi,Sitting,Sitting
2024-08-20 13:38:48.500000+00:00,combi,Standing,Dynamic
2024-08-20 13:39:48.500000+00:00,combi,Standing,Sitting
2024-08-20 13:40:48.500000+00:00,combi,Standing,Standing
2024-08-20 13:41:48.500000+00:00,combi,Standing,Dynamic
2024-08-20 13:42:48.500000+00:00,combi,Sitting,Sitting
2024-08-20 13:43:48.500000+00:00,combi,Sitting,Sitting
2024-08-20 13:44:48.500000+00:00,combi,Sitting,Sitting
2024-08-20 13:45:48.500000+00:00,combi,Sitting,Sitting
2024-08-20 13:46:48.500000+00:00,combi,Sitting,Sitting
2024-08-20 13:47:48.500000+00:00,combi,Sitting,Sitting
2024-08-20 13:48:48.500000+00:00,combi,Sitting,Sitting
2024-08-20 13:49:48.500000+00:00,combi,Sitting,Sitting
2024-08-20 13:50:48.500000+00:00,combi,Sitting,Sitting
2024-08-20 13:51:48.500000+00:00,combi,Standing,Standing
2024-08-20 13:52:48.500000+00:00,combi,Sitting,Sitting
2024-08-20 13:53:48.500000+00:00,combi,Sitting,Sitting
2024-08-20 13:54:48.500000+00:00,combi,Sitting,Sitting
2024-08-20 13:55:48.500000+00:00,combi,Sitting,Sitting
2024-08-20 13:56:48.500000+00:00,combi,Sitting,Sitting
2024-08-20 13:57:48.500000+00:00,combi,Sitting,Sitting
2024-08-20 13:58:48.500000+00:00,combi,Sitting,Sitting
2024-08-20 13:59:48.500000+00:00,combi,Standing,Standing
2024-08-20 14:00:48.500000+00:00,combi,Sitting,Sitting
2024-08-20 14:01:48.500000+00:00,combi,Sitting,Sitting
2024-08-20 14:02:48.500000+00:00,combi,Sitting,Sitting
2024-08-20 14:03:48.500000+00:00,combi,Sitting,Sitting
2024-08-20 14:04:48.500000+00:00,combi,Sitting,Sitting
2024-08-20 14:05:48.500000+00:00,combi,Sitting,Sitting
2024-08-20 14:06:48.500000+00:00,combi,Standing,Standing
2024-08-20 14:07:48.500000+00:00,combi,Sitting,Sitting
2024-08-20 14:08:48.500000+00:00,combi,Sitting,Sitting
2024-08-20 14:09:48.500000+00:00,combi,Sitting,Sitting
2024-08-20 14:10:48.500000+00:00,combi,Sitting,Sitting
2024-08-20 14:11:48.500000+00:00,combi,Sitting,Sitting
2024-08-20 14:12:48.500000+00:00,combi,Sitting,Sitting
2024-08-20 14:13:48.500000+00:00,combi,Sitting,Sitting
2024-08-20 14:14:48.500000+00:00,combi,Sitting,Sitting
2024-08-20 14:15:48.500000+00:00,combi,Sitting,Sitting
2024-08-20 14:16:48.500000+00:00,combi,Sitting,Sitting
2024-08-20 14:17:48.500000+00:00,combi,Sitting,Sitting
2024-08-20 14:18:48.500000+00:00,combi,Sitting,Sitting
2024-08-20 14:19:48.500000+00:00,combi,Sitting,Standing
2024-08-20 14:20:48.500000+00:00,combi,Standing,Sitting
2024-08-20 14:21:48.500000+00:00,combi,Sitting,Sitting
2024-08-20 14:22:48.500000+00:00,combi,Sitting,Sitting
2024-08-20 14:23:48.500000+00:00,combi,Sitting,Sitting
2024-08-20 14:24:48.500000+00:00,combi,Sitting,Sitting
2024-08-20 14:25:48.500000+00:00,combi,Sitting,Sitting
2024-08-20 14:26:48.500000+00:00,combi,Sitting,Sitting
2024-08-20 14:27:48.500000+00:00,combi,Sitting,Sitting
2024-08-20 14:28:48.500000+00:00,combi,Sitting,Sitting
2024-08-20 14:29:48.500000+00:00,combi,Sitting,Sitting
2024-08-20 14:30:48.500000+00:00,combi,Standing,Standing
2024-08-20 14:31:48.500000+00:00,combi,Sitting,Sitting
2024-08-20 14:32:48.500000+00:00,combi,Sitting,Sitting
2024-08-20 14:33:48.500000+00:00,combi,Sitting,Sitting
2024-08-20 14:34:48.500000+00:00,combi,Sitting,Sitting
2024-08-20 14:35:48.500000+00:00,combi,Standing,Sitting
2024-08-20 14:36:48.500000+00:00,combi,Sitting,Dynamic
2024-08-20 14:37:48.500000+00:00,combi,Standing,Standing
2024-08-20 14:38:48.500000+00:00,combi,Standing,Standing
2024-08-20 14:39:48.500000+00:00,combi,Standing,Standing
2024-08-20 14:40:48.500000+00:00,combi,Standing,Standing
2024-08-20 14:41:48.500000+00:00,combi,Standing,Standing
2024-08-20 14:42:48.500000+00:00,combi,Standing,Standing
2024-08-20 14:43:48.500000+00:00,combi,Standing,Standing
2024-08-20 14:44:48.500000+00:00,combi,Standing,Standing
2024-08-20 14:45:48.500000+00:00,combi,Standing,Standing
2024-08-20 14:46:48.500000+00:00,combi,Standing,Standing
2024-08-20 14:47:48.500000+00:00,combi,Standing,Standing
2024-08-20 14:48:48.500000+00:00,combi,Standing,Standing
2024-08-20 14:49:48.500000+00:00,combi,Standing,Standing
2024-08-20 14:50:48.500000+00:00,combi,Standing,Standing
2024-08-20 14:51:48.500000+00:00,combi,Standing,Standing
2024-08-20 14:52:48.500000+00:00,combi,Standing,Standing
2024-08-20 14:53:48.500000+00:00,combi,Standing,Standing
2024-08-20 14:54:48.500000+00:00,combi,Standing,Standing
2024-08-20 14:55:48.500000+00:00,combi,Standing,Standing
2024-08-20 14:56:48.500000+00:00,combi,Standing,Standing
2024-08-20 14:57:48.500000+00:00,combi,Standing,Standing
2024-08-20 14:58:48.500000+00:00,combi,Standing,Dynamic
2024-08-20 14:59:48.500000+00:00,combi,Standing,Dynamic
2024-08-20 15:00:48.500000+00:00,combi,Standing,Dynamic
2024-08-20 15:01:48.500000+00:00,combi,Standing,Dynamic
2024-08-20 15:02:48.500000+00:00,combi,Standing,Dynamic
2024-08-20 15:03:48.500000+00:00,combi,Standing,Dynamic
2024-08-20 15:04:48.500000+00:00,combi,Standing,Dynamic
2024-08-20 15:05:48.500000+00:00,combi,Standing,Standing
2024-08-20 15:06:48.500000+00:00,combi,Standing,Standing
2024-08-20 15:07:48.500000+00:00,combi,Standing,Standing
2024-08-20 15:08:48.500000+00:00,combi,Standing,Standing
2024-08-20 15:09:48.500000+00:00,combi,Standing,Standing
2024-08-20 15:10:48.500000+00:00,combi,Standing,Standing
2024-08-20 15:11:48.500000+00:00,combi,Standing,Standing
2024-08-20 15:12:48.500000+00:00,combi,Sitting,Sitting
2024-08-20 15:13:48.500000+00:00,combi,Sitting,Sitting
2024-08-20 15:14:48.500000+00:00,combi,Sitting,Sitting
2024-08-20 15:15:48.500000+00:00,combi,Sitting,Sitting
2024-08-20 15:16:48.500000+00:00,combi,Sitting,Sitting
2024-08-20 15:17:48.500000+00:00,combi,Standing,Standing
2024-08-20 15:18:48.500000+00:00,combi,Sitting,Sitting
2024-08-20 15:19:48.500000+00:00,combi,Sitting,Sitting
2024-08-20 15:20:48.500000+00:00,combi,Sitting,Sitting
2024-08-20 15:21:48.500000+00:00,combi,Sitting,Sitting
2024-08-20 15:22:48.500000+00:00,combi,Standing,Sitting
2024-08-20 15:23:48.500000+00:00,combi,Sitting,Sitting
2024-08-20 15:24:48.500000+00:00,combi,Standing,Standing
2024-08-20 15:25:48.500000+00:00,combi,Standing,Dynamic
2024-08-20 15:26:48.500000+00:00,combi,Sitting,Dynamic
2024-08-20 15:27:48.500000+00:00,combi,Standing,Dynamic
2024-08-20 15:28:48.500000+00:00,combi,Standing,Dynamic
2024-08-20 15:29:48.500000+00:00,combi,Standing,Dynamic
2024-08-20 15:30:48.500000+00:00,combi,Standing,Dynamic
2024-08-20 15:31:48.500000+00:00,combi,Standing,Standing
2024-08-20 15:32:48.500000+00:00,combi,Standing,Dynamic
2024-08-20 15:33:48.500000+00:00,combi,Standing,Dynamic
2024-08-20 15:34:48.500000+00:00,combi,Standing,Standing
2024-08-20 15:35:48.500000+00:00,combi,Standing,Dynamic
2024-08-20 15:36:48.500000+00:00,combi,Standing,Dynamic
2024-08-20 15:37:48.500000+00:00,combi,Standing,Standing
2024-08-20 15:38:48.500000+00:00,combi,Standing,Standing
2024-08-20 15:39:48.500000+00:00,combi,Standing,Standing
2024-08-20 15:40:48.500000+00:00,combi,Standing,Dynamic
2024-08-20 15:41:48.500000+00:00,combi,Standing,Standing
2024-08-20 15:42:48.500000+00:00,combi,Standing,Standing
2024-08-20 15:43:48.500000+00:00,combi,Standing,Dynamic
2024-08-20 15:44:48.500000+00:00,combi,Sitting,Sitting
2024-08-20 15:45:48.500000+00:00,combi,Sitting,Sitting
2024-08-20 15:46:48.500000+00:00,combi,Sitting,Sitting
2024-08-20 15:47:48.500000+00:00,combi,Sitting,Sitting
2024-08-20 15:48:48.500000+00:00,combi,Sitting,Sitting
2024-08-20 15:49:48.500000+00:00,combi,Sitting,Sitting
2024-08-20 15:50:48.500000+00:00,combi,Sitting,Sitting
2024-08-20 15:51:48.500000+00:00,combi,Standing,Standing
2024-08-20 15:52:48.500000+00:00,combi,Standing,Standing
2024-08-20 15:53:48.500000+00:00,combi,Standing,Dynamic
2024-08-20 15:54:48.500000+00:00,combi,Sitting,Sitting
2024-08-20 15:55:48.500000+00:00,combi,Sitting,Sitting
2024-08-20 15:56:48.500000+00:00,combi,Sitting,Sitting
2024-08-20 15:57:48.500000+00:00,combi,Sitting,Sitting
2024-08-20 15:58:48.500000+00:00,combi,Standing,Sitting
2024-08-20 15:59:48.500000+00:00,combi,Sitting,Sitting
2024-08-20 16:00:48.500000+00:00,combi,Sitting,Sitting
2024-08-20 16:01:48.500000+00:00,combi,Sitting,Sitting
2024-08-20 16:02:48.500000+00:00,combi,Sitting,Sitting
2024-08-20 16:03:48.500000+00:00,combi,Sitting,Sitting
2024-08-20 16:04:48.500000+00:00,combi,Sitting,Sitting
2024-08-20 16:05:48.500000+00:00,combi,Sitting,Sitting
2024-08-20 16:06:48.500000+00:00,combi,Sitting,Sitting
2024-08-20 16:07:48.500000+00:00,combi,Standing,Standing
2024-08-20 16:08:48.500000+00:00,combi,Standing,Standing
2024-08-20 16:09:48.500000+00:00,combi,Standing,Dynamic
2024-08-20 16:10:48.500000+00:00,combi,Standing,Dynamic
2024-08-20 16:11:48.500000+00:00,combi,Standing,Standing
2024-08-20 16:12:48.500000+00:00,combi,Standing,Standing
2024-08-20 16:13:48.500000+00:00,combi,Standing,Standing
2024-08-20 16:14:48.500000+00:00,combi,Standing,Standing
2024-08-20 16:15:48.500000+00:00,combi,Standing,Standing
2024-08-20 16:16:48.500000+00:00,combi,Standing,Standing
2024-08-20 16:17:48.500000+00:00,combi,Standing,Standing
2024-08-20 16:18:48.500000+00:00,combi,Standing,Standing
2024-08-20 16:19:48.500000+00:00,combi,Standing,Dynamic
2024-08-20 16:20:48.500000+00:00,combi,Standing,Standing
2024-08-20 16:21:48.500000+00:00,combi,Standing,Standing
2024-08-20 16:22:48.500000+00:00,combi,Standing,Standing
2024-08-20 16:23:48.500000+00:00,combi,Standing,Standing
2024-08-20 16:24:48.500000+00:00,combi,Standing,Dynamic
2024-08-20 16:25:48.500000+00:00,combi,Standing,Standing
2024-08-20 16:26:48.500000+00:00,combi,Standing,Dynamic
2024-08-20 16:27:48.500000+00:00,combi,Standing,Standing
2024-08-20 16:28:48.500000+00:00,combi,Sitting,Sitting
2024-08-20 16:29:48.500000+00:00,combi,Sitting,Sitting
2024-08-20 16:30:48.500000+00:00,combi,Sitting,Sitting
2024-08-20 16:31:48.500000+00:00,combi,Sitting,Sitting
2024-08-20 16:32:48.500000+00:00,combi,Sitting,Sitting
2024-08-20 16:33:48.500000+00:00,combi,Sitting,Sitting
2024-08-20 16:34:48.500000+00:00,combi,Sitting,Sitting
2024-08-20 16:35:48.500000+00:00,combi,Sitting,Sitting
2024-08-20 16:36:48.500000+00:00,combi,Sitting,Sitting
2024-08-20 16:37:48.500000+00:00,combi,Sitting,Sitting
2024-08-20 16:38:48.500000+00:00,combi,Sitting,Sitting
2024-08-20 16:39:48.500000+00:00,combi,Sitting,Sitting
2024-08-20 16:40:48.500000+00:00,combi,Sitting,Sitting
2024-08-20 16:41:48.500000+00:00,combi,Sitting,Sitting
2024-08-20 16:42:48.500000+00:00,combi,Sitting,Sitting
2024-08-20 16:43:48.500000+00:00,combi,Sitting,Sitting
2024-08-20 16:44:48.500000+00:00,combi,Sitting,Sitting
2024-08-20 16:45:48.500000+00:00,combi,Sitting,Sitting
2024-08-20 16:46:48.500000+00:00,combi,Sitting,Sitting
2024-08-20 16:47:48.500000+00:00,combi,Sitting,Sitting
2024-08-20 16:48:48.500000+00:00,combi,Sitting,Sitting
2024-08-20 16:49:48.500000+00:00,combi,Sitting,Sitting
2024-08-20 16:50:48.500000+00:00,combi,Sitting,Sitting
2024-08-20 16:51:48.500000+00:00,combi,Sitting,Sitting
2024-08-20 16:52:48.500000+00:00,combi,Sitting,Sitting
2024-08-20 16:53:48.500000+00:00,combi,Sitting,Sitting
2024-08-20 16:54:48.500000+00:00,combi,Sitting,Sitting
2024-08-20 16:55:48.500000+00:00,combi,Standing,Sitting
2024-08-20 16:56:48.500000+00:00,combi,Sitting,Dynamic
2024-08-20 16:57:48.500000+00:00,combi,Sitting,Sitting
2024-08-20 16:58:48.500000+00:00,combi,Sitting,Sitting
2024-08-20 16:59:48.500000+00:00,combi,Sitting,Sitting
2024-08-20 17:00:48.500000+00:00,combi,Sitting,Sitting
2024-08-20 17:01:48.500000+00:00,combi,Sitting,Sitting
2024-08-20 17:02:48.500000+00:00,combi,Sitting,Sitting
2024-08-20 17:03:48.500000+00:00,combi,Sitting,Sitting
2024-08-20 17:04:48.500000+00:00,combi,Sitting,Sitting
2024-08-20 17:05:48.500000+00:00,combi,Sitting,Sitting
2024-08-20 17:06:48.500000+00:00,combi,Sitting,Sitting
2024-08-20 17:07:48.500000+00:00,combi,Standing,Dynamic
2024-08-20 17:08:48.500000+00:00,combi,Sitting,Sitting
2024-08-20 17:09:48.500000+00:00,combi,Sitting,Sitting
2024-08-20 17:10:48.500000+00:00,combi,Sitting,Sitting
2024-08-20 17:11:48.500000+00:00,combi,Sitting,Sitting
2024-08-20 17:12:48.500000+00:00,combi,Sitting,Sitting
2024-08-20 17:13:48.500000+00:00,combi,Sitting,Sitting
2024-08-20 17:14:48.500000+00:00,combi,Sitting,Sitting
2024-08-20 17:15:48.500000+00:00,combi,Standing,Sitting
2024-08-20 17:16:48.500000+00:00,combi,Sitting,Sitting
2024-08-20 17:17:48.500000+00:00,combi,Sitting,Sitting
2024-08-20 17:18:48.500000+00:00,combi,Standing,Sitting
2024-08-20 17:19:48.500000+00:00,combi,Sitting,Sitting
2024-08-20 17:20:48.500000+00:00,combi,Sitting,Sitting
2024-08-20 17:21:48.500000+00:00,combi,Sitting,Sitting
2024-08-20 17:22:48.500000+00:00,combi,Sitting,Sitting
2024-08-20 17:23:48.500000+00:00,combi,Sitting,Sitting
2024-08-20 17:24:48.500000+00:00,combi,Sitting,Sitting
2024-08-20 17:25:48.500000+00:00,combi,Standing,Sitting
2024-08-20 17:26:48.500000+00:00,combi,Sitting,Sitting
2024-08-20 17:27:48.500000+00:00,combi,Sitting,Sitting
2024-08-20 17:28:48.500000+00:00,combi,Sitting,Sitting
2024-08-20 17:29:48.500000+00:00,combi,Sitting,Sitting
2024-08-20 17:30:48.500000+00:00,combi,Standing,Sitting
2024-08-20 17:31:48.500000+00:00,combi,Sitting,Sitting
2024-08-20 17:32:48.500000+00:00,combi,Sitting,Sitting
2024-08-20 17:33:48.500000+00:00,combi,Sitting,Sitting
2024-08-20 17:34:48.500000+00:00,combi,Sitting,Sitting
2024-08-20 17:35:48.500000+00:00,combi,Sitting,Sitting
2024-08-20 17:36:48.500000+00:00,combi,Sitting,Sitting
2024-08-20 17:37:48.500000+00:00,combi,Sitting,Sitting
2024-08-20 17:38:48.500000+00:00,combi,Sitting,Sitting
2024-08-20 17:39:48.500000+00:00,combi,Sitting,Sitting
2024-08-20 17:40:48.500000+00:00,combi,Sitting,Sitting
2024-08-20 17:41:48.500000+00:00,combi,Sitting,Sitting
2024-08-20 17:42:48.500000+00:00,combi,Standing,Sitting
2024-08-20 17:43:48.500000+00:00,combi,Sitting,Sitting
2024-08-20 17:44:48.500000+00:00,combi,Sitting,Sitting
2024-08-20 17:45:48.500000+00:00,combi,Sitting,Sitting
2024-08-20 17:46:48.500000+00:00,combi,Sitting,Sitting
2024-08-20 17:47:48.500000+00:00,combi,Sitting,Sitting
2024-08-20 17:48:48.500000+00:00,combi,Sitting,Sitting
2024-08-20 17:49:48.500000+00:00,combi,Sitting,Sitting
2024-08-20 17:50:48.500000+00:00,combi,Sitting,Sitting
2024-08-20 17:51:48.500000+00:00,combi,Sitting,Sitting
2024-08-20 17:52:48.500000+00:00,combi,Sitting,Sitting
2024-08-20 17:53:48.500000+00:00,combi,Sitting,Sitting
2024-08-20 17:54:48.500000+00:00,combi,Sitting,Sitting
2024-08-20 17:55:48.500000+00:00,combi,Sitting,Sitting
2024-08-20 17:56:48.500000+00:00,combi,Sitting,Sitting
2024-08-20 17:57:48.500000+00:00,combi,Sitting,Sitting
2024-08-20 17:58:48.500000+00:00,combi,Sitting,Sitting
2024-08-20 17:59:48.500000+00:00,combi,Sitting,Sitting
2024-08-20 18:00:48.500000+00:00,combi,Sitting,Sitting
2024-08-20 18:01:48.500000+00:00,combi,Sitting,Sitting
2024-08-20 18:02:48.500000+00:00,combi,Sitting,Sitting
2024-08-20 18:03:48.500000+00:00,combi,Sitting,Sitting
2024-08-20 18:04:48.500000+00:00,combi,Sitting,Sitting
2024-08-20 18:05:48.500000+00:00,combi,Sitting,Sitting
2024-08-20 18:06:48.500000+00:00,combi,Sitting,Sitting
2024-08-20 18:07:48.500000+00:00,combi,Sitting,Sitting
2024-08-20 18:08:48.500000+00:00,combi,Sitting,Sitting
2024-08-20 18:09:48.500000+00:00,combi,Sitting,Sitting
2024-08-20 18:10:48.500000+00:00,combi,Sitting,Sitting
2024-08-20 18:11:48.500000+00:00,combi,Sitting,Sitting
2024-08-20 18:12:48.500000+00:00,combi,Standing,Dynamic
2024-08-20 18:13:48.500000+00:00,combi,Standing,Standing
2024-08-20 18:14:48.500000+00:00,combi,Standing,Standing
2024-08-20 18:15:48.500000+00:00,combi,Standing,Dynamic
2024-08-20 18:16:48.500000+00:00,combi,Sitting,Sitting
2024-08-20 18:17:48.500000+00:00,combi,Sitting,Sitting
2024-08-20 18:18:48.500000+00:00,combi,Sitting,Sitting
2024-08-20 18:19:48.500000+00:00,combi,Standing,Sitting
2024-08-20 18:20:48.500000+00:00,combi,Sitting,Sitting
2024-08-20 18:21:48.500000+00:00,combi,Standing,Standing
2024-08-20 18:22:48.500000+00:00,combi,Standing,Standing
2024-08-20 18:23:48.500000+00:00,combi,Standing,Standing
2024-08-20 18:24:48.500000+00:00,combi,Standing,Standing
2024-08-20 18:25:48.500000+00:00,combi,Standing,Standing
2024-08-20 18:26:48.500000+00:00,combi,Standing,Dynamic
2024-08-20 18:27:48.500000+00:00,combi,Standing,Standing
2024-08-20 18:28:48.500000+00:00,combi,Standing,Standing
2024-08-20 18:29:48.500000+00:00,combi,Sitting,Sitting
2024-08-20 18:30:48.500000+00:00,combi,Sitting,Sitting
2024-08-20 18:31:48.500000+00:00,combi,Sitting,Sitting
2024-08-20 18:32:48.500000+00:00,combi,Sitting,Sitting
2024-08-20 18:33:48.500000+00:00,combi,Sitting,Sitting
2024-08-20 18:34:48.500000+00:00,combi,Sitting,Sitting
2024-08-20 18:35:48.500000+00:00,combi,Sitting,Sitting
2024-08-20 18:36:48.500000+00:00,combi,Sitting,Sitting
2024-08-20 18:37:48.500000+00:00,combi,Sitting,Sitting
2024-08-20 18:38:48.500000+00:00,combi,Sitting,Sitting
2024-08-20 18:39:48.500000+00:00,combi,Sitting,Sitting
2024-08-20 18:40:48.500000+00:00,combi,Sitting,Sitting
2024-08-20 18:41:48.500000+00:00,combi,Sitting,Sitting
2024-08-20 18:42:48.500000+00:00,combi,Sitting,Sitting
2024-08-20 18:43:48.500000+00:00,combi,Sitting,Sitting
2024-08-20 18:44:48.500000+00:00,combi,Sitting,Sitting
2024-08-20 18:45:48.500000+00:00,combi,Sitting,Sitting
2024-08-20 18:46:48.500000+00:00,combi,Sitting,Sitting
2024-08-20 18:47:48.500000+00:00,combi,Standing,Standing
2024-08-20 18:48:48.500000+00:00,combi,Sitting,Sitting
2024-08-20 18:49:48.500000+00:00,combi,Sitting,Sitting
2024-08-20 18:50:48.500000+00:00,combi,Sitting,Sitting
2024-08-20 18:51:48.500000+00:00,combi,Sitting,Sitting
2024-08-20 18:52:48.500000+00:00,combi,Sitting,Sitting
2024-08-20 18:53:48.500000+00:00,combi,Sitting,Sitting
2024-08-20 18:54:48.500000+00:00,combi,Sitting,Sitting
2024-08-20 18:55:48.500000+00:00,combi,Sitting,Sitting
2024-08-20 18:56:48.500000+00:00,combi,Sitting,Sitting
2024-08-20 18:57:48.500000+00:00,combi,Sitting,Sitting
2024-08-20 18:58:48.500000+00:00,combi,Sitting,Sitting
2024-08-20 18:59:48.500000+00:00,combi,Sitting,Sitting
2024-08-20 19:00:48.500000+00:00,combi,Standing,Dynamic
2024-08-20 19:01:48.500000+00:00,combi,Standing,Standing
2024-08-20 19:02:48.500000+00:00,combi,Sitting,Sitting
2024-08-20 19:03:48.500000+00:00,combi,Lying,Lying
2024-08-20 19:04:48.500000+00:00,combi,Lying,Lying
2024-08-20 19:05:48.500000+00:00,combi,Standing,Standing
2024-08-20 19:06:48.500000+00:00,combi,Lying,Lying
2024-08-20 19:07:48.500000+00:00,combi,Sitting,Sitting
2024-08-20 19:08:48.500000+00:00,combi,Sitting,Sitting
2024-08-20 19:09:48.500000+00:00,combi,Sitting,Sitting
2024-08-20 19:10:48.500000+00:00,combi,Sitting,Sitting
2024-08-20 19:11:48.500000+00:00,combi,Sitting,Sitting
2024-08-20 19:12:48.500000+00:00,combi,Sitting,Sitting
2024-08-20 19:13:48.500000+00:00,combi,Sitting,Sitting
2024-08-20 19:14:48.500000+00:00,combi,Sitting,Sitting
2024-08-20 19:15:48.500000+00:00,combi,Sitting,Sitting
2024-08-20 19:16:48.500000+00:00,combi,Sitting,Sitting
2024-08-20 19:17:48.500000+00:00,combi,Sitting,Sitting
2024-08-20 19:18:48.500000+00:00,combi,Sitting,Sitting
2024-08-20 19:19:48.500000+00:00,combi,Sitting,Sitting
2024-08-20 19:20:48.500000+00:00,combi,Sitting,Sitting
2024-08-20 19:21:48.500000+00:00,combi,Standing,Standing
2024-08-20 19:22:48.500000+00:00,combi,Standing,Standing
2024-08-20 19:23:48.500000+00:00,combi,Standing,Standing
2024-08-20 19:24:48.500000+00:00,combi,Standing,Standing
2024-08-20 19:25:48.500000+00:00,combi,Standing,Standing
2024-08-20 19:26:48.500000+00:00,combi,Standing,Standing
2024-08-20 19:27:48.500000+00:00,combi,Standing,Standing
2024-08-20 19:28:48.500000+00:00,combi,Standing,Standing
2024-08-20 19:29:48.500000+00:00,combi,Lying,Dynamic
2024-08-20 19:30:48.500000+00:00,combi,Lying,Lying
2024-08-20 19:31:48.500000+00:00,combi,Lying,Lying
2024-08-20 19:32:48.500000+00:00,combi,Lying,Lying
2024-08-20 19:33:48.500000+00:00,combi,Lying,Lying
2024-08-20 19:34:48.500000+00:00,combi,Lying,Lying
2024-08-20 19:35:48.500000+00:00,combi,Lying,Lying
2024-08-20 19:36:48.500000+00:00,combi,Lying,Lying
2024-08-20 19:37:48.500000+00:00,combi,Lying,Lying
2024-08-20 19:38:48.500000+00:00,combi,Lying,Lying
2024-08-20 19:39:48.500000+00:00,combi,Lying,Lying
2024-08-20 19:40:48.500000+00:00,combi,Lying,Lying
2024-08-20 19:41:48.500000+00:00,combi,Lying,Lying
2024-08-20 19:42:48.500000+00:00,combi,Lying,Lying
2024-08-20 19:43:48.500000+00:00,combi,Lying,Lying
2024-08-20 19:44:48.500000+00:00,combi,Lying,Lying
2024-08-20 19:45:48.500000+00:00,combi,Lying,Lying
2024-08-20 19:46:48.500000+00:00,combi,Lying,Lying
2024-08-20 19:47:48.500000+00:00,combi,Lying,Lying
2024-08-20 19:48:48.500000+00:00,combi,Lying,Lying
2024-08-20 19:49:48.500000+00:00,combi,Lying,Lying
2024-08-20 19:50:48.500000+00:00,combi,Lying,Lying
2024-08-20 19:51:48.500000+00:00,combi,Lying,Lying
2024-08-20 19:52:48.500000+00:00,combi,Lying,Lying
2024-08-20 19:53:48.500000+00:00,combi,Lying,Lying
2024-08-20 19:54:48.500000+00:00,combi,Lying,Lying
2024-08-20 19:55:48.500000+00:00,combi,Lying,Lying
2024-08-20 19:56:48.500000+00:00,combi,Lying,Lying
2024-08-20 19:57:48.500000+00:00,combi,Lying,Lying
2024-08-20 19:58:48.500000+00:00,combi,Lying,Lying
2024-08-20 19:59:48.500000+00:00,combi,Lying,Lying
2024-08-20 20:00:48.500000+00:00,combi,Lying,Lying
2024-08-20 20:01:48.500000+00:00,combi,Lying,Lying
2024-08-20 20:02:48.500000+00:00,combi,Lying,Lying
2024-08-20 20:03:48.500000+00:00,combi,Lying,Lying
2024-08-20 20:04:48.500000+00:00,combi,Lying,Lying
2024-08-20 20:05:48.500000+00:00,combi,Lying,Lying
2024-08-20 20:06:48.500000+00:00,combi,Lying,Lying
2024-08-20 20:07:48.500000+00:00,combi,Lying,Lying
2024-08-20 20:08:48.500000+00:00,combi,Lying,Lying
2024-08-20 20:09:48.500000+00:00,combi,Lying,Lying
2024-08-20 20:10:48.500000+00:00,combi,Lying,Lying
2024-08-20 20:11:48.500000+00:00,combi,Lying,Lying
2024-08-20 20:12:48.500000+00:00,combi,Lying,Lying
2024-08-20 20:13:48.500000+00:00,combi,Lying,Lying
2024-08-20 20:14:48.500000+00:00,combi,Lying,Lying
2024-08-20 20:15:48.500000+00:00,combi,Lying,Lying
2024-08-20 20:16:48.500000+00:00,combi,Lying,Lying
2024-08-20 20:17:48.500000+00:00,combi,Lying,Lying
2024-08-20 20:18:48.500000+00:00,combi,Lying,Lying
2024-08-20 20:19:48.500000+00:00,combi,Lying,Lying
2024-08-20 20:20:48.500000+00:00,combi,Lying,Lying
2024-08-20 20:21:48.500000+00:00,combi,Lying,Lying
2024-08-20 20:22:48.500000+00:00,combi,Lying,Lying
2024-08-20 20:23:48.500000+00:00,combi,Lying,Lying
2024-08-20 20:24:48.500000+00:00,combi,Lying,Lying
2024-08-20 20:25:48.500000+00:00,combi,Lying,Lying
2024-08-20 20:26:48.500000+00:00,combi,Lying,Lying
2024-08-20 20:27:48.500000+00:00,combi,Lying,Lying
2024-08-20 20:28:48.500000+00:00,combi,Lying,Lying
2024-08-20 20:29:48.500000+00:00,combi,Lying,Lying
2024-08-20 20:30:48.500000+00:00,combi,Lying,Lying
2024-08-20 20:31:48.500000+00:00,combi,Lying,Lying
2024-08-20 20:32:48.500000+00:00,combi,Lying,Lying
2024-08-20 20:33:48.500000+00:00,combi,Lying,Lying
2024-08-20 20:34:48.500000+00:00,combi,Lying,Lying
2024-08-20 20:35:48.500000+00:00,combi,Lying,Lying
2024-08-20 20:36:48.500000+00:00,combi,Lying,Lying
2024-08-20 20:37:48.500000+00:00,combi,Lying,Lying
2024-08-20 20:38:48.500000+00:00,combi,Lying,Lying
2024-08-20 20:39:48.500000+00:00,combi,Lying,Lying
2024-08-20 20:40:48.500000+00:00,combi,Lying,Lying
2024-08-20 20:41:48.500000+00:00,combi,Lying,Lying
2024-08-20 20:42:48.500000+00:00,combi,Lying,Lying
2024-08-20 20:43:48.500000+00:00,combi,Lying,Lying
2024-08-20 20:44:48.500000+00:00,combi,Lying,Lying
2024-08-20 20:45:48.500000+00:00,combi,Lying,Lying
2024-08-20 20:46:48.500000+00:00,combi,Lying,Lying
2024-08-20 20:47:48.500000+00:00,combi,Lying,Lying
2024-08-20 20:48:48.500000+00:00,combi,Lying,Lying
2024-08-20 20:49:48.500000+00:00,combi,Lying,Lying
2024-08-20 20:50:48.500000+00:00,combi,Lying,Lying
2024-08-20 20:51:48.500000+00:00,combi,Standing,Standing
2024-08-20 20:52:48.500000+00:00,combi,Standing,Standing
2024-08-20 20:53:48.500000+00:00,combi,Standing,Standing
2024-08-20 20:54:48.500000+00:00,combi,Standing,Standing
2024-08-20 20:55:48.500000+00:00,combi,Standing,Standing
2024-08-20 20:56:48.500000+00:00,combi,Standing,Sitting
2024-08-20 20:57:48.500000+00:00,combi,Standing,Dynamic
2024-08-20 20:58:48.500000+00:00,combi,Standing,Dynamic
2024-08-20 20:59:48.500000+00:00,combi,Lying,Dynamic
2024-08-20 21:00:48.500000+00:00,combi,Lying,Lying
2024-08-20 21:01:48.500000+00:00,combi,Standing,Dynamic
2024-08-20 21:02:48.500000+00:00,combi,Sitting,Sitting
2024-08-20 21:03:48.500000+00:00,combi,Standing,Dynamic
2024-08-20 21:04:48.500000+00:00,combi,Lying,Lying
2024-08-20 21:05:48.500000+00:00,combi,Lying,Lying
2024-08-20 21:06:48.500000+00:00,combi,Lying,Lying
2024-08-20 21:07:48.500000+00:00,combi,Lying,Lying
2024-08-20 21:08:48.500000+00:00,combi,Lying,Lying
2024-08-20 21:09:48.500000+00:00,combi,Lying,Lying
2024-08-20 21:10:48.500000+00:00,combi,Lying,Lying
2024-08-20 21:11:48.500000+00:00,combi,Lying,Lying
2024-08-20 21:12:48.500000+00:00,combi,Lying,Lying
2024-08-20 21:13:48.500000+00:00,combi,Lying,Lying
2024-08-20 21:14:48.500000+00:00,combi,Lying,Lying
2024-08-20 21:15:48.500000+00:00,combi,Lying,Lying
2024-08-20 21:16:48.500000+00:00,combi,Lying,Lying
2024-08-20 21:17:48.500000+00:00,combi,Lying,Lying
2024-08-20 21:18:48.500000+00:00,combi,Lying,Lying
2024-08-20 21:19:48.500000+00:00,combi,Lying,Lying
2024-08-20 21:20:48.500000+00:00,combi,Lying,Lying
2024-08-20 21:21:48.500000+00:00,combi,Lying,Lying
2024-08-20 21:22:48.500000+00:00,combi,Lying,Lying
2024-08-20 21:23:48.500000+00:00,combi,Lying,Lying
2024-08-20 21:24:48.500000+00:00,combi,Lying,Lying
2024-08-20 21:25:48.500000+00:00,combi,Lying,Lying
2024-08-20 21:26:48.500000+00:00,combi,Lying,Lying
2024-08-20 21:27:48.500000+00:00,combi,Lying,Lying
2024-08-20 21:28:48.500000+00:00,combi,Lying,Lying
2024-08-20 21:29:48.500000+00:00,combi,Lying,Lying
2024-08-20 21:30:48.500000+00:00,combi,Lying,Lying
2024-08-20 21:31:48.500000+00:00,combi,Lying,Lying
2024-08-20 21:32:48.500000+00:00,combi,Lying,Lying
2024-08-20 21:33:48.500000+00:00,combi,Lying,Lying
2024-08-20 21:34:48.500000+00:00,combi,Lying,Lying
2024-08-20 21:35:48.500000+00:00,combi,Lying,Lying
2024-08-20 21:36:48.500000+00:00,combi,Lying,Lying
2024-08-20 21:37:48.500000+00:00,combi,Lying,Lying
2024-08-20 21:38:48.500000+00:00,combi,Lying,Lying
2024-08-20 21:39:48.500000+00:00,combi,Lying,Lying
2024-08-20 21:40:48.500000+00:00,combi,Lying,Lying
2024-08-20 21:41:48.500000+00:00,combi,Lying,Lying
2024-08-20 21:42:48.500000+00:00,combi,Lying,Lying
2024-08-20 21:43:48.500000+00:00,combi,Lying,Lying
2024-08-20 21:44:48.500000+00:00,combi,Lying,Lying
2024-08-20 21:45:48.500000+00:00,combi,Lying,Lying
2024-08-20 21:46:48.500000+00:00,combi,Lying,Lying
2024-08-20 21:47:48.500000+00:00,combi,Lying,Lying
2024-08-20 21:48:48.500000+00:00,combi,Lying,Lying
2024-08-20 21:49:48.500000+00:00,combi,Lying,Lying
2024-08-20 21:50:48.500000+00:00,combi,Lying,Lying
2024-08-20 21:51:48.500000+00:00,combi,Lying,Lying
2024-08-20 21:52:48.500000+00:00,combi,Lying,Lying
2024-08-20 21:53:48.500000+00:00,combi,Lying,Lying
2024-08-20 21:54:48.500000+00:00,combi,Lying,Lying
2024-08-20 21:55:48.500000+00:00,combi,Lying,Lying
2024-08-20 21:56:48.500000+00:00,combi,Lying,Lying
2024-08-20 21:57:48.500000+00:00,combi,Lying,Lying
2024-08-20 21:58:48.500000+00:00,combi,Lying,Lying
2024-08-20 21:59:48.500000+00:00,combi,Lying,Lying
2024-08-20 22:00:48.500000+00:00,combi,Lying,Lying
2024-08-20 22:01:48.500000+00:00,combi,Lying,Lying
2024-08-20 22:02:48.500000+00:00,combi,Lying,Lying
2024-08-20 22:03:48.500000+00:00,combi,Lying,Lying
2024-08-20 22:04:48.500000+00:00,combi,Lying,Lying
2024-08-20 22:05:48.500000+00:00,combi,Lying,Lying
2024-08-20 22:06:48.500000+00:00,combi,Lying,Lying
2024-08-20 22:07:48.500000+00:00,combi,Lying,Lying
2024-08-20 22:08:48.500000+00:00,combi,Lying,Lying
2024-08-20 22:09:48.500000+00:00,combi,Lying,Lying
2024-08-20 22:10:48.500000+00:00,combi,Lying,Lying
2024-08-20 22:11:48.500000+00:00,combi,Lying,Lying
2024-08-20 22:12:48.500000+00:00,combi,Lying,Lying
2024-08-20 22:13:48.500000+00:00,combi,Lying,Lying
2024-08-20 22:14:48.500000+00:00,combi,Lying,Lying
2024-08-20 22:15:48.500000+00:00,combi,Lying,Lying
2024-08-20 22:16:48.500000+00:00,combi,Lying,Lying
2024-08-20 22:17:48.500000+00:00,combi,Lying,Lying
2024-08-20 22:18:48.500000+00:00,combi,Lying,Lying
2024-08-20 22:19:48.500000+00:00,combi,Lying,Lying
2024-08-20 22:20:48.500000+00:00,combi,Lying,Lying
2024-08-20 22:21:48.500000+00:00,combi,Lying,Lying
2024-08-20 22:22:48.500000+00:00,combi,Lying,Lying
2024-08-20 22:23:48.500000+00:00,combi,Lying,Lying
2024-08-20 22:24:48.500000+00:00,combi,Lying,Lying
2024-08-20 22:25:48.500000+00:00,combi,Lying,Lying
2024-08-20 22:26:48.500000+00:00,combi,Lying,Lying
2024-08-20 22:27:48.500000+00:00,combi,Lying,Lying
2024-08-20 22:28:48.500000+00:00,combi,Lying,Lying
2024-08-20 22:29:48.500000+00:00,combi,Lying,Lying
2024-08-20 22:30:48.500000+00:00,combi,Lying,Lying
2024-08-20 22:31:48.500000+00:00,combi,Lying,Lying
2024-08-20 22:32:48.500000+00:00,combi,Lying,Lying
2024-08-20 22:33:48.500000+00:00,combi,Lying,Lying
2024-08-20 22:34:48.500000+00:00,combi,Lying,Lying
2024-08-20 22:35:48.500000+00:00,combi,Lying,Lying
2024-08-20 22:36:48.500000+00:00,combi,Sitting,Sitting
2024-08-20 22:37:48.500000+00:00,combi,Sitting,Sitting
2024-08-20 22:38:48.500000+00:00,combi,Sitting,Sitting
2024-08-20 22:39:48.500000+00:00,combi,Sitting,Sitting
2024-08-20 22:40:48.500000+00:00,combi,Sitting,Sitting
2024-08-20 22:41:48.500000+00:00,combi,Sitting,Sitting
2024-08-20 22:42:48.500000+00:00,combi,Sitting,Sitting
2024-08-20 22:43:48.500000+00:00,combi,Sitting,Sitting
2024-08-20 22:44:48.500000+00:00,combi,Sitting,Sitting
2024-08-20 22:45:48.500000+00:00,combi,Sitting,Sitting
2024-08-20 22:46:48.500000+00:00,combi,Sitting,Sitting
2024-08-20 22:47:48.500000+00:00,combi,Sitting,Sitting
2024-08-20 22:48:48.500000+00:00,combi,Sitting,Sitting
2024-08-20 22:49:48.500000+00:00,combi,Sitting,Sitting
2024-08-20 22:50:48.500000+00:00,combi,Sitting,Sitting
2024-08-20 22:51:48.500000+00:00,combi,Sitting,Sitting
2024-08-20 22:52:48.500000+00:00,combi,Sitting,Sitting
2024-08-20 22:53:48.500000+00:00,combi,Sitting,Sitting
2024-08-20 22:54:48.500000+00:00,combi,Sitting,Sitting
2024-08-20 22:55:48.500000+00:00,combi,Sitting,Sitting
2024-08-20 22:56:48.500000+00:00,combi,Sitting,Sitting
2024-08-20 22:57:48.500000+00:00,combi,Sitting,Sitting
2024-08-20 22:58:48.500000+00:00,combi,Sitting,Sitting
2024-08-20 22:59:48.500000+00:00,combi,Sitting,Sitting
2024-08-20 23:00:48.500000+00:00,combi,Sitting,Sitting
2024-08-20 23:01:48.500000+00:00,combi,Sitting,Sitting
2024-08-20 23:02:48.500000+00:00,combi,Sitting,Sitting
2024-08-20 23:03:48.500000+00:00,combi,Sitting,Sitting
2024-08-20 23:04:48.500000+00:00,combi,Sitting,Sitting
2024-08-20 23:05:48.500000+00:00,combi,Sitting,Sitting
2024-08-20 23:06:48.500000+00:00,combi,Sitting,Sitting
2024-08-20 23:07:48.500000+00:00,combi,Sitting,Sitting
2024-08-20 23:08:48.500000+00:00,combi,Sitting,Sitting
2024-08-20 23:09:48.500000+00:00,combi,Sitting,Sitting
2024-08-20 23:10:48.500000+00:00,combi,Sitting,Sitting
2024-08-20 23:11:48.500000+00:00,combi,Sitting,Sitting
2024-08-20 23:12:48.500000+00:00,combi,Sitting,Sitting
2024-08-20 23:13:48.500000+00:00,combi,Sitting,Sitting
2024-08-20 23:14:48.500000+00:00,combi,Sitting,Sitting
2024-08-20 23:15:48.500000+00:00,combi,Sitting,Sitting
2024-08-20 23:16:48.500000+00:00,combi,Sitting,Sitting
2024-08-20 23:17:48.500000+00:00,combi,Sitting,Sitting
2024-08-20 23:18:48.500000+00:00,combi,Sitting,Sitting
2024-08-20 23:19:48.500000+00:00,combi,Sitting,Sitting
2024-08-20 23:20:48.500000+00:00,combi,Sitting,Sitting
2024-08-20 23:21:48.500000+00:00,combi,Sitting,Sitting
2024-08-20 23:22:48.500000+00:00,combi,Sitting,Sitting
2024-08-20 23:23:48.500000+00:00,combi,Sitting,Sitting
2024-08-20 23:24:48.500000+00:00,combi,Sitting,Sitting
2024-08-20 23:25:48.500000+00:00,combi,Sitting,Sitting
2024-08-20 23:26:48.500000+00:00,combi,Sitting,Sitting
2024-08-20 23:27:48.500000+00:00,combi,Sitting,Sitting
2024-08-20 23:28:48.500000+00:00,combi,Lying,Lying
2024-08-20 23:29:48.500000+00:00,combi,Lying,Lying
2024-08-20 23:30:48.500000+00:00,combi,Lying,Lying
2024-08-20 23:31:48.500000+00:00,combi,Lying,Lying
2024-08-20 23:32:48.500000+00:00,combi,Lying,Lying
2024-08-20 23:33:48.500000+00:00,combi,Lying,Lying
2024-08-20 23:34:48.500000+00:00,combi,Lying,Lying
2024-08-20 23:35:48.500000+00:00,combi,Lying,Lying
2024-08-20 23:36:48.500000+00:00,combi,Lying,Lying
2024-08-20 23:37:48.500000+00:00,combi,Lying,Lying
2024-08-20 23:38:48.500000+00:00,combi,Lying,Lying
2024-08-20 23:39:48.500000+00:00,combi,Lying,Lying
2024-08-20 23:40:48.500000+00:00,combi,Lying,Lying
2024-08-20 23:41:48.500000+00:00,combi,Lying,Lying
2024-08-20 23:42:48.500000+00:00,combi,Lying,Lying
2024-08-20 23:43:48.500000+00:00,combi,Lying,Lying
2024-08-20 23:44:48.500000+00:00,combi,Lying,Lying
2024-08-20 23:45:48.500000+00:00,combi,Lying,Lying
2024-08-20 23:46:48.500000+00:00,combi,Lying,Lying
2024-08-20 23:47:48.500000+00:00,combi,Lying,Lying
2024-08-20 23:48:48.500000+00:00,combi,Lying,Lying
2024-08-20 23:49:48.500000+00:00,combi,Lying,Lying
2024-08-20 23:50:48.500000+00:00,combi,Lying,Lying
2024-08-20 23:51:48.500000+00:00,combi,Lying,Lying
2024-08-20 23:52:48.500000+00:00,combi,Lying,Lying
2024-08-20 23:53:48.500000+00:00,combi,Lying,Lying
2024-08-20 23:54:48.500000+00:00,combi,Lying,Lying
2024-08-20 23:55:48.500000+00:00,combi,Lying,Lying
2024-08-20 23:56:48.500000+00:00,combi,Lying,Lying
2024-08-20 23:57:48.500000+00:00,combi,Lying,Lying
2024-08-20 23:58:48.500000+00:00,combi,Lying,Lying
2024-08-20 23:59:48.500000+00:00,combi,Lying,Lying
2024-08-21 00:00:48.500000+00:00,combi,Lying,Lying
2024-08-21 00:01:48.500000+00:00,combi,Lying,Lying
2024-08-21 00:02:48.500000+00:00,combi,Lying,Lying
2024-08-21 00:03:48.500000+00:00,combi,Lying,Lying
2024-08-21 00:04:48.500000+00:00,combi,Lying,Lying
2024-08-21 00:05:48.500000+00:00,combi,Lying,Lying
2024-08-21 00:06:48.500000+00:00,combi,Lying,Lying
2024-08-21 00:07:48.500000+00:00,combi,Lying,Lying
2024-08-21 00:08:48.500000+00:00,combi,Lying,Lying
2024-08-21 00:09:48.500000+00:00,combi,Lying,Lying
2024-08-21 00:10:48.500000+00:00,combi,Lying,Lying
2024-08-21 00:11:48.500000+00:00,combi,Lying,Lying
2024-08-21 00:12:48.500000+00:00,combi,Lying,Lying
2024-08-21 00:13:48.500000+00:00,combi,Lying,Lying
2024-08-21 00:14:48.500000+00:00,combi,Lying,Lying
2024-08-21 00:15:48.500000+00:00,combi,Lying,Lying
2024-08-21 00:16:48.500000+00:00,combi,Lying,Lying
2024-08-21 00:17:48.500000+00:00,combi,Lying,Lying
2024-08-21 00:18:48.500000+00:00,combi,Lying,Lying
2024-08-21 00:19:48.500000+00:00,combi,Lying,Lying
2024-08-21 00:20:48.500000+00:00,combi,Lying,Lying
2024-08-21 00:21:48.500000+00:00,combi,Lying,Lying
2024-08-21 00:22:48.500000+00:00,combi,Lying,Lying
2024-08-21 00:23:48.500000+00:00,combi,Lying,Lying
2024-08-21 00:24:48.500000+00:00,combi,Lying,Lying
2024-08-21 00:25:48.500000+00:00,combi,Lying,Lying
2024-08-21 00:26:48.500000+00:00,combi,Lying,Lying
2024-08-21 00:27:48.500000+00:00,combi,Lying,Lying
2024-08-21 00:28:48.500000+00:00,combi,Lying,Lying
2024-08-21 00:29:48.500000+00:00,combi,Lying,Lying
2024-08-21 00:30:48.500000+00:00,combi,Lying,Lying
2024-08-21 00:31:48.500000+00:00,combi,Lying,Lying
2024-08-21 00:32:48.500000+00:00,combi,Lying,Lying
2024-08-21 00:33:48.500000+00:00,combi,Lying,Lying
2024-08-21 00:34:48.500000+00:00,combi,Lying,Lying
2024-08-21 00:35:48.500000+00:00,combi,Lying,Lying
2024-08-21 00:36:48.500000+00:00,combi,Lying,Lying
2024-08-21 00:37:48.500000+00:00,combi,Lying,Lying
2024-08-21 00:38:48.500000+00:00,combi,Lying,Lying
2024-08-21 00:39:48.500000+00:00,combi,Lying,Lying
2024-08-21 00:40:48.500000+00:00,combi,Lying,Lying
2024-08-21 00:41:48.500000+00:00,combi,Lying,Lying
2024-08-21 00:42:48.500000+00:00,combi,Lying,Lying
2024-08-21 00:43:48.500000+00:00,combi,Lying,Lying
2024-08-21 00:44:48.500000+00:00,combi,Lying,Lying
2024-08-21 00:45:48.500000+00:00,combi,Lying,Lying
2024-08-21 00:46:48.500000+00:00,combi,Lying,Lying
2024-08-21 00:47:48.500000+00:00,combi,Lying,Lying
2024-08-21 00:48:48.500000+00:00,combi,Lying,Lying
2024-08-21 00:49:48.500000+00:00,combi,Lying,Lying
2024-08-21 00:50:48.500000+00:00,combi,Lying,Lying
2024-08-21 00:51:48.500000+00:00,combi,Lying,Lying
2024-08-21 00:52:48.500000+00:00,combi,Lying,Lying
2024-08-21 00:53:48.500000+00:00,combi,Lying,Lying
2024-08-21 00:54:48.500000+00:00,combi,Lying,Lying
2024-08-21 00:55:48.500000+00:00,combi,Lying,Lying
2024-08-21 00:56:48.500000+00:00,combi,Lying,Lying
2024-08-21 00:57:48.500000+00:00,combi,Lying,Lying
2024-08-21 00:58:48.500000+00:00,combi,Lying,Lying
2024-08-21 00:59:48.500000+00:00,combi,Lying,Lying
2024-08-21 01:00:48.500000+00:00,combi,Lying,Lying
2024-08-21 01:01:48.500000+00:00,combi,Lying,Lying
2024-08-21 01:02:48.500000+00:00,combi,Lying,Lying
2024-08-21 01:03:48.500000+00:00,combi,Sitting,Sitting
2024-08-21 01:04:48.500000+00:00,combi,Sitting,Sitting
2024-08-21 01:05:48.500000+00:00,combi,Sitting,Sitting
2024-08-21 01:06:48.500000+00:00,combi,Sitting,Sitting
2024-08-21 01:07:48.500000+00:00,combi,Sitting,Sitting
2024-08-21 01:08:48.500000+00:00,combi,Sitting,Sitting
2024-08-21 01:09:48.500000+00:00,combi,Sitting,Sitting
2024-08-21 01:10:48.500000+00:00,combi,Sitting,Sitting
2024-08-21 01:11:48.500000+00:00,combi,Sitting,Sitting
2024-08-21 01:12:48.500000+00:00,combi,Sitting,Sitting
2024-08-21 01:13:48.500000+00:00,combi,Sitting,Sitting
2024-08-21 01:14:48.500000+00:00,combi,Sitting,Sitting
2024-08-21 01:15:48.500000+00:00,combi,Sitting,Sitting
2024-08-21 01:16:48.500000+00:00,combi,Lying,Sitting
2024-08-21 01:17:48.500000+00:00,combi,Lying,Lying
2024-08-21 01:18:48.500000+00:00,combi,Lying,Lying
2024-08-21 01:19:48.500000+00:00,combi,Lying,Lying
2024-08-21 01:20:48.500000+00:00,combi,Lying,Lying
2024-08-21 01:21:48.500000+00:00,combi,Standing,Dynamic
2024-08-21 01:22:48.500000+00:00,combi,Standing,Standing
2024-08-21 01:23:48.500000+00:00,combi,Standing,Dynamic
2024-08-21 01:24:48.500000+00:00,combi,Lying,Dynamic
2024-08-21 01:25:48.500000+00:00,combi,Lying,Lying
2024-08-21 01:26:48.500000+00:00,combi,Lying,Lying
2024-08-21 01:27:48.500000+00:00,combi,Lying,Lying
2024-08-21 01:28:48.500000+00:00,combi,Lying,Lying
2024-08-21 01:29:48.500000+00:00,combi,Lying,Lying
2024-08-21 01:30:48.500000+00:00,combi,Lying,Lying
2024-08-21 01:31:48.500000+00:00,combi,Lying,Lying
2024-08-21 01:32:48.500000+00:00,combi,Lying,Lying
2024-08-21 01:33:48.500000+00:00,combi,Lying,Lying
2024-08-21 01:34:48.500000+00:00,combi,Lying,Lying
2024-08-21 01:35:48.500000+00:00,combi,Sitting,Sitting
2024-08-21 01:36:48.500000+00:00,combi,Sitting,Sitting
2024-08-21 01:37:48.500000+00:00,combi,Sitting,Sitting
2024-08-21 01:38:48.500000+00:00,combi,Sitting,Sitting
2024-08-21 01:39:48.500000+00:00,combi,Lying,Sitting
2024-08-21 01:40:48.500000+00:00,combi,Lying,Lying
2024-08-21 01:41:48.500000+00:00,combi,Lying,Lying
2024-08-21 01:42:48.500000+00:00,combi,Lying,Lying
2024-08-21 01:43:48.500000+00:00,combi,Lying,Lying
2024-08-21 01:44:48.500000+00:00,combi,Lying,Lying
2024-08-21 01:45:48.500000+00:00,combi,Lying,Lying
2024-08-21 01:46:48.500000+00:00,combi,Lying,Lying
2024-08-21 01:47:48.500000+00:00,combi,Lying,Lying
2024-08-21 01:48:48.500000+00:00,combi,Sitting,Sitting
2024-08-21 01:49:48.500000+00:00,combi,Lying,Lying
2024-08-21 01:50:48.500000+00:00,combi,Sitting,Sitting
2024-08-21 01:51:48.500000+00:00,combi,Lying,Lying
2024-08-21 01:52:48.500000+00:00,combi,Sitting,Sitting
2024-08-21 01:53:48.500000+00:00,combi,Lying,Lying
2024-08-21 01:54:48.500000+00:00,combi,Lying,Lying
2024-08-21 01:55:48.500000+00:00,combi,Lying,Lying
2024-08-21 01:56:48.500000+00:00,combi,Lying,Lying
2024-08-21 01:57:48.500000+00:00,combi,Lying,Lying
2024-08-21 01:58:48.500000+00:00,combi,Lying,Lying
2024-08-21 01:59:48.500000+00:00,combi,Lying,Lying
2024-08-21 02:00:48.500000+00:00,combi,Lying,Lying
2024-08-21 02:01:48.500000+00:00,combi,Lying,Lying
2024-08-21 02:02:48.500000+00:00,combi,Lying,Lying
2024-08-21 02:03:48.500000+00:00,combi,Lying,Lying
2024-08-21 02:04:48.500000+00:00,combi,Lying,Lying
2024-08-21 02:05:48.500000+00:00,combi,Lying,Lying
2024-08-21 02:06:48.500000+00:00,combi,Lying,Lying
2024-08-21 02:07:48.500000+00:00,combi,Lying,Lying
2024-08-21 02:08:48.500000+00:00,combi,Lying,Lying
2024-08-21 02:09:48.500000+00:00,combi,Lying,Lying
2024-08-21 02:10:48.500000+00:00,combi,Lying,Lying
2024-08-21 02:11:48.500000+00:00,combi,Lying,Lying
2024-08-21 02:12:48.500000+00:00,combi,Lying,Lying
2024-08-21 02:13:48.500000+00:00,combi,Lying,Lying
2024-08-21 02:14:48.500000+00:00,combi,Lying,Lying
2024-08-21 02:15:48.500000+00:00,combi,Lying,Lying
2024-08-21 02:16:48.500000+00:00,combi,Lying,Lying
2024-08-21 02:17:48.500000+00:00,combi,Lying,Lying
2024-08-21 02:18:48.500000+00:00,combi,Lying,Lying
2024-08-21 02:19:48.500000+00:00,combi,Lying,Lying
2024-08-21 02:20:48.500000+00:00,combi,Lying,Lying
2024-08-21 02:21:48.500000+00:00,combi,Lying,Lying
2024-08-21 02:22:48.500000+00:00,combi,Lying,Lying
2024-08-21 02:23:48.500000+00:00,combi,Lying,Lying
2024-08-21 02:24:48.500000+00:00,combi,Lying,Lying
2024-08-21 02:25:48.500000+00:00,combi,Lying,Lying
2024-08-21 02:26:48.500000+00:00,combi,Lying,Lying
2024-08-21 02:27:48.500000+00:00,combi,Lying,Lying
2024-08-21 02:28:48.500000+00:00,combi,Lying,Lying
2024-08-21 02:29:48.500000+00:00,combi,Lying,Lying
2024-08-21 02:30:48.500000+00:00,combi,Lying,Lying
2024-08-21 02:31:48.500000+00:00,combi,Lying,Lying
2024-08-21 02:32:48.500000+00:00,combi,Lying,Lying
2024-08-21 02:33:48.500000+00:00,combi,Lying,Lying
2024-08-21 02:34:48.500000+00:00,combi,Lying,Lying
2024-08-21 02:35:48.500000+00:00,combi,Lying,Lying
2024-08-21 02:36:48.500000+00:00,combi,Lying,Sitting
2024-08-21 02:37:48.500000+00:00,combi,Sitting,Sitting
2024-08-21 02:38:48.500000+00:00,combi,Lying,Sitting
2024-08-21 02:39:48.500000+00:00,combi,Sitting,Sitting
2024-08-21 02:40:48.500000+00:00,combi,Sitting,Sitting
2024-08-21 02:41:48.500000+00:00,combi,Lying,Lying
2024-08-21 02:42:48.500000+00:00,combi,Sitting,Sitting
2024-08-21 02:43:48.500000+00:00,combi,Sitting,Sitting
2024-08-21 02:44:48.500000+00:00,combi,Sitting,Sitting
2024-08-21 02:45:48.500000+00:00,combi,Sitting,Sitting
2024-08-21 02:46:48.500000+00:00,combi,Sitting,Sitting
2024-08-21 02:47:48.500000+00:00,combi,Lying,Lying
2024-08-21 02:48:48.500000+00:00,combi,Lying,Lying
2024-08-21 02:49:48.500000+00:00,combi,Lying,Lying
2024-08-21 02:50:48.500000+00:00,combi,Lying,Lying
2024-08-21 02:51:48.500000+00:00,combi,Lying,Lying
2024-08-21 02:52:48.500000+00:00,combi,Lying,Lying
2024-08-21 02:53:48.500000+00:00,combi,Lying,Lying
2024-08-21 02:54:48.500000+00:00,combi,Lying,Lying
2024-08-21 02:55:48.500000+00:00,combi,Lying,Lying
2024-08-21 02:56:48.500000+00:00,combi,Lying,Lying
2024-08-21 02:57:48.500000+00:00,combi,Lying,Lying
2024-08-21 02:58:48.500000+00:00,combi,Lying,Lying
2024-08-21 02:59:48.500000+00:00,combi,Lying,Lying
2024-08-21 03:00:48.500000+00:00,combi,Lying,Lying
2024-08-21 03:01:48.500000+00:00,combi,Lying,Lying
2024-08-21 03:02:48.500000+00:00,combi,Lying,Lying
2024-08-21 03:03:48.500000+00:00,combi,Lying,Lying
2024-08-21 03:04:48.500000+00:00,combi,Lying,Lying
2024-08-21 03:05:48.500000+00:00,combi,Lying,Lying
2024-08-21 03:06:48.500000+00:00,combi,Lying,Lying
2024-08-21 03:07:48.500000+00:00,combi,Lying,Lying
2024-08-21 03:08:48.500000+00:00,combi,Lying,Lying
2024-08-21 03:09:48.500000+00:00,combi,Lying,Lying
2024-08-21 03:10:48.500000+00:00,combi,Lying,Lying
2024-08-21 03:11:48.500000+00:00,combi,Lying,Lying
2024-08-21 03:12:48.500000+00:00,combi,Lying,Lying
2024-08-21 03:13:48.500000+00:00,combi,Lying,Lying
2024-08-21 03:14:48.500000+00:00,combi,Lying,Lying
2024-08-21 03:15:48.500000+00:00,combi,Lying,Lying
2024-08-21 03:16:48.500000+00:00,combi,Lying,Lying
2024-08-21 03:17:48.500000+00:00,combi,Lying,Lying
2024-08-21 03:18:48.500000+00:00,combi,Lying,Lying
2024-08-21 03:19:48.500000+00:00,combi,Lying,Lying
2024-08-21 03:20:48.500000+00:00,combi,Lying,Lying
2024-08-21 03:21:48.500000+00:00,combi,Lying,Lying
2024-08-21 03:22:48.500000+00:00,combi,Lying,Lying
2024-08-21 03:23:48.500000+00:00,combi,Lying,Lying
2024-08-21 03:24:48.500000+00:00,combi,Lying,Lying
2024-08-21 03:25:48.500000+00:00,combi,Lying,Lying
2024-08-21 03:26:48.500000+00:00,combi,Lying,Lying
2024-08-21 03:27:48.500000+00:00,combi,Lying,Lying
2024-08-21 03:28:48.500000+00:00,combi,Lying,Lying
2024-08-21 03:29:48.500000+00:00,combi,Lying,Lying
2024-08-21 03:30:48.500000+00:00,combi,Lying,Lying
2024-08-21 03:31:48.500000+00:00,combi,Lying,Lying
2024-08-21 03:32:48.500000+00:00,combi,Lying,Lying
2024-08-21 03:33:48.500000+00:00,combi,Lying,Lying
2024-08-21 03:34:48.500000+00:00,combi,Lying,Lying
2024-08-21 03:35:48.500000+00:00,combi,Lying,Lying
2024-08-21 03:36:48.500000+00:00,combi,Lying,Lying
2024-08-21 03:37:48.500000+00:00,combi,Lying,Lying
2024-08-21 03:38:48.500000+00:00,combi,Lying,Lying
2024-08-21 03:39:48.500000+00:00,combi,Lying,Lying
2024-08-21 03:40:48.500000+00:00,combi,Lying,Lying
2024-08-21 03:41:48.500000+00:00,combi,Lying,Lying
2024-08-21 03:42:48.500000+00:00,combi,Lying,Lying
2024-08-21 03:43:48.500000+00:00,combi,Lying,Lying
2024-08-21 03:44:48.500000+00:00,combi,Lying,Lying
2024-08-21 03:45:48.500000+00:00,combi,Lying,Lying
2024-08-21 03:46:48.500000+00:00,combi,Lying,Lying
2024-08-21 03:47:48.500000+00:00,combi,Lying,Lying
2024-08-21 03:48:48.500000+00:00,combi,Lying,Lying
2024-08-21 03:49:48.500000+00:00,combi,Lying,Lying
2024-08-21 03:50:48.500000+00:00,combi,Lying,Lying
2024-08-21 03:51:48.500000+00:00,combi,Lying,Lying
2024-08-21 03:52:48.500000+00:00,combi,Lying,Lying
2024-08-21 03:53:48.500000+00:00,combi,Lying,Lying
2024-08-21 03:54:48.500000+00:00,combi,Lying,Lying
2024-08-21 03:55:48.500000+00:00,combi,Lying,Lying
2024-08-21 03:56:48.500000+00:00,combi,Lying,Lying
2024-08-21 03:57:48.500000+00:00,combi,Lying,Lying
2024-08-21 03:58:48.500000+00:00,combi,Lying,Lying
2024-08-21 03:59:48.500000+00:00,combi,Lying,Lying
2024-08-21 04:00:48.500000+00:00,combi,Lying,Lying
2024-08-21 04:01:48.500000+00:00,combi,Lying,Lying
2024-08-21 04:02:48.500000+00:00,combi,Lying,Lying
2024-08-21 04:03:48.500000+00:00,combi,Lying,Lying
2024-08-21 04:04:48.500000+00:00,combi,Lying,Lying
2024-08-21 04:05:48.500000+00:00,combi,Lying,Lying
2024-08-21 04:06:48.500000+00:00,combi,Lying,Lying
2024-08-21 04:07:48.500000+00:00,combi,Lying,Lying
2024-08-21 04:08:48.500000+00:00,combi,Lying,Lying
2024-08-21 04:09:48.500000+00:00,combi,Lying,Lying
2024-08-21 04:10:48.500000+00:00,combi,Lying,Lying
2024-08-21 04:11:48.500000+00:00,combi,Lying,Lying
2024-08-21 04:12:48.500000+00:00,combi,Lying,Lying
2024-08-21 04:13:48.500000+00:00,combi,Lying,Lying
2024-08-21 04:14:48.500000+00:00,combi,Lying,Lying
2024-08-21 04:15:48.500000+00:00,combi,Lying,Lying
2024-08-21 04:16:48.500000+00:00,combi,Lying,Lying
2024-08-21 04:17:48.500000+00:00,combi,Lying,Lying
2024-08-21 04:18:48.500000+00:00,combi,Lying,Lying
2024-08-21 04:19:48.500000+00:00,combi,Lying,Lying
2024-08-21 04:20:48.500000+00:00,combi,Lying,Lying
2024-08-21 04:21:48.500000+00:00,combi,Lying,Lying
2024-08-21 04:22:48.500000+00:00,combi,Lying,Lying
2024-08-21 04:23:48.500000+00:00,combi,Lying,Lying
2024-08-21 04:24:48.500000+00:00,combi,Lying,Lying
2024-08-21 04:25:48.500000+00:00,combi,Lying,Lying
2024-08-21 04:26:48.500000+00:00,combi,Lying,Lying
2024-08-21 04:27:48.500000+00:00,combi,Lying,Lying
2024-08-21 04:28:48.500000+00:00,combi,Lying,Lying
2024-08-21 04:29:48.500000+00:00,combi,Lying,Lying
2024-08-21 04:30:48.500000+00:00,combi,Lying,Lying
2024-08-21 04:31:48.500000+00:00,combi,Lying,Lying
2024-08-21 04:32:48.500000+00:00,combi,Lying,Lying
2024-08-21 04:33:48.500000+00:00,combi,Lying,Lying
2024-08-21 04:34:48.500000+00:00,combi,Lying,Lying
2024-08-21 04:35:48.500000+00:00,combi,Lying,Lying
2024-08-21 04:36:48.500000+00:00,combi,Lying,Lying
2024-08-21 04:37:48.500000+00:00,combi,Lying,Lying
2024-08-21 04:38:48.500000+00:00,combi,Lying,Lying
2024-08-21 04:39:48.500000+00:00,combi,Lying,Lying
2024-08-21 04:40:48.500000+00:00,combi,Lying,Lying
2024-08-21 04:41:48.500000+00:00,combi,Lying,Lying
2024-08-21 04:42:48.500000+00:00,combi,Lying,Lying
2024-08-21 04:43:48.500000+00:00,combi,Lying,Lying
2024-08-21 04:44:48.500000+00:00,combi,Lying,Lying
2024-08-21 04:45:48.500000+00:00,combi,Lying,Lying
2024-08-21 04:46:48.500000+00:00,combi,Lying,Lying
2024-08-21 04:47:48.500000+00:00,combi,Lying,Lying
2024-08-21 04:48:48.500000+00:00,combi,Lying,Lying
2024-08-21 04:49:48.500000+00:00,combi,Lying,Lying
2024-08-21 04:50:48.500000+00:00,combi,Lying,Lying
2024-08-21 04:51:48.500000+00:00,combi,Lying,Lying
2024-08-21 04:52:48.500000+00:00,combi,Lying,Lying
2024-08-21 04:53:48.500000+00:00,combi,Lying,Lying
2024-08-21 04:54:48.500000+00:00,combi,Lying,Lying
2024-08-21 04:55:48.500000+00:00,combi,Lying,Lying
2024-08-21 04:56:48.500000+00:00,combi,Lying,Lying
2024-08-21 04:57:48.500000+00:00,combi,Lying,Lying
2024-08-21 04:58:48.500000+00:00,combi,Lying,Lying
2024-08-21 04:59:48.500000+00:00,combi,Lying,Lying
2024-08-21 05:00:48.500000+00:00,combi,Lying,Lying
2024-08-21 05:01:48.500000+00:00,combi,Lying,Lying
2024-08-21 05:02:48.500000+00:00,combi,Lying,Lying
2024-08-21 05:03:48.500000+00:00,combi,Lying,Lying
2024-08-21 05:04:48.500000+00:00,combi,Lying,Lying
2024-08-21 05:05:48.500000+00:00,combi,Lying,Lying
2024-08-21 05:06:48.500000+00:00,combi,Lying,Lying
2024-08-21 05:07:48.500000+00:00,combi,Lying,Lying
2024-08-21 05:08:48.500000+00:00,combi,Lying,Lying
2024-08-21 05:09:48.500000+00:00,combi,Lying,Lying
2024-08-21 05:10:48.500000+00:00,combi,Lying,Lying
2024-08-21 05:11:48.500000+00:00,combi,Lying,Lying
2024-08-21 05:12:48.500000+00:00,combi,Lying,Lying
2024-08-21 05:13:48.500000+00:00,combi,Lying,Lying
2024-08-21 05:14:48.500000+00:00,combi,Lying,Lying
2024-08-21 05:15:48.500000+00:00,combi,Lying,Lying
2024-08-21 05:16:48.500000+00:00,combi,Standing,Standing
2024-08-21 05:17:48.500000+00:00,combi,Standing,Standing
2024-08-21 05:18:48.500000+00:00,combi,Standing,Standing
2024-08-21 05:19:48.500000+00:00,combi,Standing,Standing
2024-08-21 05:20:48.500000+00:00,combi,Sitting,Sitting
2024-08-21 05:21:48.500000+00:00,combi,Sitting,Sitting
2024-08-21 05:22:48.500000+00:00,combi,Sitting,Sitting
2024-08-21 05:23:48.500000+00:00,combi,Sitting,Sitting
2024-08-21 05:24:48.500000+00:00,combi,Sitting,Sitting
2024-08-21 05:25:48.500000+00:00,combi,Sitting,Sitting
2024-08-21 05:26:48.500000+00:00,combi,Sitting,Standing
2024-08-21 05:27:48.500000+00:00,combi,Standing,Sitting
2024-08-21 05:28:48.500000+00:00,combi,Standing,Standing
2024-08-21 05:29:48.500000+00:00,combi,Standing,Dynamic
2024-08-21 05:30:48.500000+00:00,combi,Sitting,Sitting
2024-08-21 05:31:48.500000+00:00,combi,Sitting,Sitting
2024-08-21 05:32:48.500000+00:00,combi,Sitting,Sitting
2024-08-21 05:33:48.500000+00:00,combi,Sitting,Sitting
2024-08-21 05:34:48.500000+00:00,combi,Sitting,Sitting
2024-08-21 05:35:48.500000+00:00,combi,Standing,Standing
2024-08-21 05:36:48.500000+00:00,combi,Standing,Standing
2024-08-21 05:37:48.500000+00:00,combi,Standing,Standing
2024-08-21 05:38:48.500000+00:00,combi,Standing,Dynamic
2024-08-21 05:39:48.500000+00:00,combi,Standing,Standing
2024-08-21 05:40:48.500000+00:00,combi,Standing,Standing
2024-08-21 05:41:48.500000+00:00,combi,Standing,Standing
2024-08-21 05:42:48.500000+00:00,combi,Standing,Dynamic
2024-08-21 05:43:48.500000+00:00,combi,Standing,Standing
2024-08-21 05:44:48.500000+00:00,combi,Standing,Dynamic
2024-08-21 05:45:48.500000+00:00,combi,Standing,Standing
2024-08-21 05:46:48.500000+00:00,combi,Standing,Standing
2024-08-21 05:47:48.500000+00:00,combi,Standing,Standing
2024-08-21 05:48:48.500000+00:00,combi,Standing,Standing
2024-08-21 05:49:48.500000+00:00,combi,Standing,Standing
2024-08-21 05:50:48.500000+00:00,combi,Standing,Standing
2024-08-21 05:51:48.500000+00:00,combi,Standing,Standing
2024-08-21 05:52:48.500000+00:00,combi,Standing,Dynamic
2024-08-21 05:53:48.500000+00:00,combi,Standing,Dynamic
2024-08-21 05:54:48.500000+00:00,combi,Standing,Dynamic
2024-08-21 05:55:48.500000+00:00,combi,Standing,Standing
2024-08-21 05:56:48.500000+00:00,combi,Standing,Dynamic
2024-08-21 05:57:48.500000+00:00,combi,Standing,Standing
2024-08-21 05:58:48.500000+00:00,combi,Standing,Standing
2024-08-21 05:59:48.500000+00:00,combi,Standing,Standing
2024-08-21 06:00:48.500000+00:00,combi,Standing,Sitting
2024-08-21 06:01:48.500000+00:00,combi,Sitting,Sitting
2024-08-21 06:02:48.500000+00:00,combi,Sitting,Sitting
2024-08-21 06:03:48.500000+00:00,combi,Standing,Sitting
2024-08-21 06:04:48.500000+00:00,combi,Sitting,Sitting
2024-08-21 06:05:48.500000+00:00,combi,Sitting,Sitting
2024-08-21 06:06:48.500000+00:00,combi,Standing,Standing
2024-08-21 06:07:48.500000+00:00,combi,Standing,Standing
2024-08-21 06:08:48.500000+00:00,combi,Standing,Standing
2024-08-21 06:09:48.500000+00:00,combi,Standing,Standing
2024-08-21 06:10:48.500000+00:00,combi,Sitting,Dynamic
2024-08-21 06:11:48.500000+00:00,combi,Standing,Dynamic
2024-08-21 06:12:48.500000+00:00,combi,Standing,Dynamic
2024-08-21 06:13:48.500000+00:00,combi,Standing,Standing
2024-08-21 06:14:48.500000+00:00,combi,Standing,Standing
2024-08-21 06:15:48.500000+00:00,combi,Standing,Standing
2024-08-21 06:16:48.500000+00:00,combi,Sitting,Sitting
2024-08-21 06:17:48.500000+00:00,combi,Standing,Standing
2024-08-21 06:18:48.500000+00:00,combi,Standing,Dynamic
2024-08-21 06:19:48.500000+00:00,combi,Standing,Dynamic
2024-08-21 06:20:48.500000+00:00,combi,Standing,Dynamic
2024-08-21 06:21:48.500000+00:00,combi,Standing,Dynamic
2024-08-21 06:22:48.500000+00:00,combi,Sitting,Dynamic
2024-08-21 06:23:48.500000+00:00,combi,Standing,Dynamic
2024-08-21 06:24:48.500000+00:00,combi,Sitting,Dynamic
2024-08-21 06:25:48.500000+00:00,combi,Sitting,Dynamic
2024-08-21 06:26:48.500000+00:00,combi,Sitting,Dynamic
2024-08-21 06:27:48.500000+00:00,combi,Sitting,Dynamic
2024-08-21 06:28:48.500000+00:00,combi,Sitting,Dynamic
2024-08-21 06:29:48.500000+00:00,combi,Sitting,Dynamic
2024-08-21 06:30:48.500000+00:00,combi,Sitting,Dynamic
2024-08-21 06:31:48.500000+00:00,combi,Sitting,Dynamic
2024-08-21 06:32:48.500000+00:00,combi,Sitting,Dynamic
2024-08-21 06:33:48.500000+00:00,combi,Sitting,Dynamic
2024-08-21 06:34:48.500000+00:00,combi,Standing,Dynamic
2024-08-21 06:35:48.500000+00:00,combi,Sitting,Dynamic
2024-08-21 06:36:48.500000+00:00,combi,Sitting,Dynamic
2024-08-21 06:37:48.500000+00:00,combi,Sitting,Dynamic
2024-08-21 06:38:48.500000+00:00,combi,Sitting,Dynamic
2024-08-21 06:39:48.500000+00:00,combi,Sitting,Dynamic
2024-08-21 06:40:48.500000+00:00,combi,Sitting,Sitting
2024-08-21 06:41:48.500000+00:00,combi,Sitting,Dynamic
2024-08-21 06:42:48.500000+00:00,combi,Standing,Dynamic
2024-08-21 06:43:48.500000+00:00,combi,Standing,Dynamic
2024-08-21 06:44:48.500000+00:00,combi,Standing,Dynamic
2024-08-21 06:45:48.500000+00:00,combi,Standing,Dynamic
2024-08-21 06:46:48.500000+00:00,combi,Standing,Dynamic
2024-08-21 06:47:48.500000+00:00,combi,Standing,Dynamic
2024-08-21 06:48:48.500000+00:00,combi,Standing,Standing
2024-08-21 06:49:48.500000+00:00,combi,Standing,Standing
2024-08-21 06:50:48.500000+00:00,combi,Standing,Standing
2024-08-21 06:51:48.500000+00:00,combi,Standing,Sitting
2024-08-21 06:52:48.500000+00:00,combi,Standing,Sitting
2024-08-21 06:53:48.500000+00:00,combi,Standing,Sitting
2024-08-21 06:54:48.500000+00:00,combi,Standing,Sitting
2024-08-21 06:55:48.500000+00:00,combi,Sitting,Sitting
2024-08-21 06:56:48.500000+00:00,combi,Standing,Standing
2024-08-21 06:57:48.500000+00:00,combi,Standing,Standing
2024-08-21 06:58:48.500000+00:00,combi,Standing,Standing
2024-08-21 06:59:48.500000+00:00,combi,Standing,Standing
2024-08-21 07:00:48.500000+00:00,combi,Standing,Standing
2024-08-21 07:01:48.500000+00:00,combi,Standing,Standing
2024-08-21 07:02:48.500000+00:00,combi,Standing,Standing
2024-08-21 07:03:48.500000+00:00,combi,Standing,Standing
2024-08-21 07:04:48.500000+00:00,combi,Standing,Standing
2024-08-21 07:05:48.500000+00:00,combi,Standing,Standing
2024-08-21 07:06:48.500000+00:00,combi,Standing,Standing
2024-08-21 07:07:48.500000+00:00,combi,Standing,Standing
2024-08-21 07:08:48.500000+00:00,combi,Standing,Standing
2024-08-21 07:09:48.500000+00:00,combi,Standing,Standing
2024-08-21 07:10:48.500000+00:00,combi,Standing,Standing
2024-08-21 07:11:48.500000+00:00,combi,Standing,Standing
2024-08-21 07:12:48.500000+00:00,combi,Standing,Standing
2024-08-21 07:13:48.500000+00:00,combi,Standing,Standing
2024-08-21 07:14:48.500000+00:00,combi,Standing,Standing
2024-08-21 07:15:48.500000+00:00,combi,Standing,Standing
2024-08-21 07:16:48.500000+00:00,combi,Standing,Standing
2024-08-21 07:17:48.500000+00:00,combi,Standing,Standing
2024-08-21 07:18:48.500000+00:00,combi,Standing,Standing
2024-08-21 07:19:48.500000+00:00,combi,Standing,Standing
2024-08-21 07:20:48.500000+00:00,combi,Standing,Standing
2024-08-21 07:21:48.500000+00:00,combi,Standing,Standing
2024-08-21 07:22:48.500000+00:00,combi,Standing,Standing
2024-08-21 07:23:48.500000+00:00,combi,Standing,Standing
2024-08-21 07:24:48.500000+00:00,combi,Standing,Standing
2024-08-21 07:25:48.500000+00:00,combi,Standing,Standing
2024-08-21 07:26:48.500000+00:00,combi,Standing,Standing
2024-08-21 07:27:48.500000+00:00,combi,Standing,Standing
2024-08-21 07:28:48.500000+00:00,combi,Standing,Standing
2024-08-21 07:29:48.500000+00:00,combi,Standing,Standing
2024-08-21 07:30:48.500000+00:00,combi,Standing,Standing
2024-08-21 07:31:48.500000+00:00,combi,Standing,Standing
2024-08-21 07:32:48.500000+00:00,combi,Standing,Standing
2024-08-21 07:33:48.500000+00:00,combi,Standing,Standing
2024-08-21 07:34:48.500000+00:00,combi,Standing,Standing
2024-08-21 07:35:48.500000+00:00,combi,Standing,Standing
2024-08-21 07:36:48.500000+00:00,combi,Standing,Standing
2024-08-21 07:37:48.500000+00:00,combi,Standing,Standing
2024-08-21 07:38:48.500000+00:00,combi,Standing,Standing
2024-08-21 07:39:48.500000+00:00,combi,Standing,Standing
2024-08-21 07:40:48.500000+00:00,combi,Standing,Standing
2024-08-21 07:41:48.500000+00:00,combi,Sitting,Sitting
2024-08-21 07:42:48.500000+00:00,combi,Standing,Dynamic
2024-08-21 07:43:48.500000+00:00,combi,Sitting,Sitting
2024-08-21 07:44:48.500000+00:00,combi,Standing,Dynamic
2024-08-21 07:45:48.500000+00:00,combi,Standing,Dynamic
2024-08-21 07:46:48.500000+00:00,combi,Standing,Standing
2024-08-21 07:47:48.500000+00:00,combi,Standing,Sitting
2024-08-21 07:48:48.500000+00:00,combi,Standing,Standing
2024-08-21 07:49:48.500000+00:00,combi,Standing,Standing
2024-08-21 07:50:48.500000+00:00,combi,Standing,Standing
2024-08-21 07:51:48.500000+00:00,combi,Standing,Standing
2024-08-21 07:52:48.500000+00:00,combi,Standing,Standing
2024-08-21 07:53:48.500000+00:00,combi,Standing,Standing
2024-08-21 07:54:48.500000+00:00,combi,Sitting,Sitting
2024-08-21 07:55:48.500000+00:00,combi,Sitting,Sitting
2024-08-21 07:56:48.500000+00:00,combi,Sitting,Sitting
2024-08-21 07:57:48.500000+00:00,combi,Sitting,Sitting
2024-08-21 07:58:48.500000+00:00,combi,Sitting,Sitting
2024-08-21 07:59:48.500000+00:00,combi,Sitting,Sitting
2024-08-21 08:00:48.500000+00:00,combi,Sitting,Sitting
2024-08-21 08:01:48.500000+00:00,combi,Sitting,Sitting
2024-08-21 08:02:48.500000+00:00,combi,Sitting,Sitting
2024-08-21 08:03:48.500000+00:00,combi,Sitting,Sitting
2024-08-21 08:04:48.500000+00:00,combi,Sitting,Sitting
2024-08-21 08:05:48.500000+00:00,combi,Sitting,Sitting
2024-08-21 08:06:48.500000+00:00,combi,Sitting,Sitting
2024-08-21 08:07:48.500000+00:00,combi,Sitting,Sitting
2024-08-21 08:08:48.500000+00:00,combi,Sitting,Sitting
2024-08-21 08:09:48.500000+00:00,combi,Sitting,Sitting
2024-08-21 08:10:48.500000+00:00,combi,Sitting,Sitting
2024-08-21 08:11:48.500000+00:00,combi,Sitting,Sitting
2024-08-21 08:12:48.500000+00:00,combi,Sitting,Sitting
2024-08-21 08:13:48.500000+00:00,combi,Sitting,Sitting
2024-08-21 08:14:48.500000+00:00,combi,Sitting,Sitting
2024-08-21 08:15:48.500000+00:00,combi,Sitting,Sitting
2024-08-21 08:16:48.500000+00:00,combi,Sitting,Sitting
2024-08-21 08:17:48.500000+00:00,combi,Sitting,Sitting
2024-08-21 08:18:48.500000+00:00,combi,Sitting,Sitting
2024-08-21 08:19:48.500000+00:00,combi,Sitting,Sitting
2024-08-21 08:20:48.500000+00:00,combi,Sitting,Sitting
2024-08-21 08:21:48.500000+00:00,combi,Sitting,Sitting
2024-08-21 08:22:48.500000+00:00,combi,Sitting,Sitting
2024-08-21 08:23:48.500000+00:00,combi,Sitting,Sitting
2024-08-21 08:24:48.500000+00:00,combi,Sitting,Sitting
2024-08-21 08:25:48.500000+00:00,combi,Sitting,Sitting
2024-08-21 08:26:48.500000+00:00,combi,Sitting,Sitting
2024-08-21 08:27:48.500000+00:00,combi,Sitting,Sitting
2024-08-21 08:28:48.500000+00:00,combi,Sitting,Sitting
2024-08-21 08:29:48.500000+00:00,combi,Sitting,Sitting
2024-08-21 08:30:48.500000+00:00,combi,Sitting,Sitting
2024-08-21 08:31:48.500000+00:00,combi,Sitting,Sitting
2024-08-21 08:32:48.500000+00:00,combi,Sitting,Sitting
2024-08-21 08:33:48.500000+00:00,combi,Sitting,Sitting
2024-08-21 08:34:48.500000+00:00,combi,Sitting,Sitting
2024-08-21 08:35:48.500000+00:00,combi,Sitting,Sitting
2024-08-21 08:36:48.500000+00:00,combi,Sitting,Sitting
2024-08-21 08:37:48.500000+00:00,combi,Sitting,Sitting
2024-08-21 08:38:48.500000+00:00,combi,Sitting,Sitting
2024-08-21 08:39:48.500000+00:00,combi,Sitting,Sitting
2024-08-21 08:40:48.500000+00:00,combi,Sitting,Sitting
2024-08-21 08:41:48.500000+00:00,combi,Standing,Dynamic
2024-08-21 08:42:48.500000+00:00,combi,Standing,Standing
2024-08-21 08:43:48.500000+00:00,combi,Standing,Standing
2024-08-21 08:44:48.500000+00:00,combi,Standing,Dynamic
2024-08-21 08:45:48.500000+00:00,combi,Sitting,Sitting
2024-08-21 08:46:48.500000+00:00,combi,Sitting,Sitting
2024-08-21 08:47:48.500000+00:00,combi,Sitting,Sitting
2024-08-21 08:48:48.500000+00:00,combi,Sitting,Sitting
2024-08-21 08:49:48.500000+00:00,combi,Sitting,Sitting
2024-08-21 08:50:48.500000+00:00,combi,Sitting,Sitting
2024-08-21 08:51:48.500000+00:00,combi,Sitting,Sitting
2024-08-21 08:52:48.500000+00:00,combi,Sitting,Sitting
2024-08-21 08:53:48.500000+00:00,combi,Sitting,Sitting
2024-08-21 08:54:48.500000+00:00,combi,Sitting,Sitting
2024-08-21 08:55:48.500000+00:00,combi,Sitting,Sitting
2024-08-21 08:56:48.500000+00:00,combi,Sitting,Sitting
2024-08-21 08:57:48.500000+00:00,combi,Sitting,Sitting
2024-08-21 08:58:48.500000+00:00,combi,Sitting,Sitting
2024-08-21 08:59:48.500000+00:00,combi,Sitting,Sitting
2024-08-21 09:00:48.500000+00:00,combi,Sitting,Sitting
2024-08-21 09:01:48.500000+00:00,combi,Sitting,Sitting
2024-08-21 09:02:48.500000+00:00,combi,Sitting,Sitting
2024-08-21 09:03:48.500000+00:00,combi,Sitting,Sitting
2024-08-21 09:04:48.500000+00:00,combi,Sitting,Sitting
2024-08-21 09:05:48.500000+00:00,combi,Sitting,Sitting
2024-08-21 09:06:48.500000+00:00,combi,Sitting,Sitting
2024-08-21 09:07:48.500000+00:00,combi,Sitting,Sitting
2024-08-21 09:08:48.500000+00:00,combi,Sitting,Sitting
2024-08-21 09:09:48.500000+00:00,combi,Sitting,Sitting
2024-08-21 09:10:48.500000+00:00,combi,Sitting,Sitting
2024-08-21 09:11:48.500000+00:00,combi,Sitting,Sitting
