Time,Participant,Majority_postures,Majority_including_dynamic
2024-09-10 09:50:52.500000+00:00,combi,Standing,Standing
2024-09-10 09:51:52.500000+00:00,combi,Standing,Standing
2024-09-10 09:52:52.500000+00:00,combi,Standing,Standing
2024-09-10 09:53:52.500000+00:00,combi,Standing,Standing
2024-09-10 09:54:52.500000+00:00,combi,Standing,Standing
2024-09-10 09:55:52.500000+00:00,combi,Sitting,Sitting
2024-09-10 09:56:52.500000+00:00,combi,Standing,Standing
2024-09-10 09:57:52.500000+00:00,combi,Standing,Standing
2024-09-10 09:58:52.500000+00:00,combi,Standing,Standing
2024-09-10 09:59:52.500000+00:00,combi,Standing,Standing
2024-09-10 10:00:52.500000+00:00,combi,Sitting,Sitting
2024-09-10 10:01:52.500000+00:00,combi,Sitting,Sitting
2024-09-10 10:02:52.500000+00:00,combi,Sitting,Sitting
2024-09-10 10:03:52.500000+00:00,combi,Lying,Lying
2024-09-10 10:04:52.500000+00:00,combi,Lying,Lying
2024-09-10 10:05:52.500000+00:00,combi,Lying,Lying
2024-09-10 10:06:52.500000+00:00,combi,Standing,Dynamic
2024-09-10 10:07:52.500000+00:00,combi,Sitting,Sitting
2024-09-10 10:08:52.500000+00:00,combi,Standing,Standing
2024-09-10 10:09:52.500000+00:00,combi,Standing,Standing
2024-09-10 10:10:52.500000+00:00,combi,Standing,Standing
2024-09-10 10:11:52.500000+00:00,combi,Standing,Standing
2024-09-10 10:12:52.500000+00:00,combi,Standing,Standing
2024-09-10 10:13:52.500000+00:00,combi,Standing,Standing
2024-09-10 10:14:52.500000+00:00,combi,Standing,Standing
2024-09-10 10:15:52.500000+00:00,combi,Standing,Standing
2024-09-10 10:16:52.500000+00:00,combi,Standing,Standing
2024-09-10 10:17:52.500000+00:00,combi,Standing,Standing
2024-09-10 10:18:52.500000+00:00,combi,Sitting,Sitting
2024-09-10 10:19:52.500000+00:00,combi,Sitting,Sitting
2024-09-10 10:20:52.500000+00:00,combi,Sitting,Sitting
2024-09-10 10:21:52.500000+00:00,combi,Standing,Sitting
2024-09-10 10:22:52.500000+00:00,combi,Sitting,Sitting
2024-09-10 10:23:52.500000+00:00,combi,Sitting,Sitting
2024-09-10 10:24:52.500000+00:00,combi,Sitting,Sitting
2024-09-10 10:25:52.500000+00:00,combi,Sitting,Sitting
2024-09-10 10:26:52.500000+00:00,combi,Lying,Sitting
2024-09-10 10:27:52.500000+00:00,combi,Lying,Lying
2024-09-10 10:28:52.500000+00:00,combi,Lying,Lying
2024-09-10 10:29:52.500000+00:00,combi,Lying,Lying
2024-09-10 10:30:52.500000+00:00,combi,Lying,Lying
2024-09-10 10:31:52.500000+00:00,combi,Lying,Lying
2024-09-10 10:32:52.500000+00:00,combi,Lying,Lying
2024-09-10 10:33:52.500000+00:00,combi,Lying,Lying
2024-09-10 10:34:52.500000+00:00,combi,Lying,Lying
2024-09-10 10:35:52.500000+00:00,combi,Lying,Lying
2024-09-10 10:36:52.500000+00:00,combi,Sitting,Sitting
2024-09-10 10:37:52.500000+00:00,combi,Sitting,Sitting
2024-09-10 10:38:52.500000+00:00,combi,Sitting,Sitting
2024-09-10 10:39:52.500000+00:00,combi,Sitting,Sitting
2024-09-10 10:40:52.500000+00:00,combi,Sitting,Sitting
2024-09-10 10:41:52.500000+00:00,combi,Sitting,Sitting
2024-09-10 10:42:52.500000+00:00,combi,Sitting,Sitting
2024-09-10 10:43:52.500000+00:00,combi,Sitting,Sitting
2024-09-10 10:44:52.500000+00:00,combi,Sitting,Sitting
2024-09-10 10:45:52.500000+00:00,combi,Sitting,Sitting
2024-09-10 10:46:52.500000+00:00,combi,Sitting,Sitting
2024-09-10 10:47:52.500000+00:00,combi,Sitting,Sitting
2024-09-10 10:48:52.500000+00:00,combi,Sitting,Sitting
2024-09-10 10:49:52.500000+00:00,combi,Sitting,Sitting
2024-09-10 10:50:52.500000+00:00,combi,Sitting,Sitting
2024-09-10 10:51:52.500000+00:00,combi,Sitting,Sitting
2024-09-10 10:52:52.500000+00:00,combi,Sitting,Sitting
2024-09-10 10:53:52.500000+00:00,combi,Sitting,Sitting
2024-09-10 10:54:52.500000+00:00,combi,Sitting,Sitting
2024-09-10 10:55:52.500000+00:00,combi,Sitting,Sitting
2024-09-10 10:56:52.500000+00:00,combi,Sitting,Sitting
2024-09-10 10:57:52.500000+00:00,combi,Sitting,Sitting
2024-09-10 10:58:52.500000+00:00,combi,Sitting,Sitting
2024-09-10 10:59:52.500000+00:00,combi,Sitting,Sitting
2024-09-10 11:00:52.500000+00:00,combi,Sitting,Sitting
2024-09-10 11:01:52.500000+00:00,combi,Sitting,Sitting
2024-09-10 11:02:52.500000+00:00,combi,Standing,Standing
2024-09-10 11:03:52.500000+00:00,combi,Standing,Standing
2024-09-10 11:04:52.500000+00:00,combi,Standing,Standing
2024-09-10 11:05:52.500000+00:00,combi,Standing,Standing
2024-09-10 11:06:52.500000+00:00,combi,Standing,Standing
2024-09-10 11:07:52.500000+00:00,combi,Standing,Standing
2024-09-10 11:08:52.500000+00:00,combi,Standing,Standing
2024-09-10 11:09:52.500000+00:00,combi,Standing,Standing
2024-09-10 11:10:52.500000+00:00,combi,Standing,Standing
2024-09-10 11:11:52.500000+00:00,combi,Standing,Standing
2024-09-10 11:12:52.500000+00:00,combi,Sitting,Sitting
2024-09-10 11:13:52.500000+00:00,combi,Standing,Standing
2024-09-10 11:14:52.500000+00:00,combi,Standing,Standing
2024-09-10 11:15:52.500000+00:00,combi,Standing,Standing
2024-09-10 11:16:52.500000+00:00,combi,Standing,Dynamic
2024-09-10 11:17:52.500000+00:00,combi,Standing,Standing
2024-09-10 11:18:52.500000+00:00,combi,Sitting,Dynamic
2024-09-10 11:19:52.500000+00:00,combi,Standing,Dynamic
2024-09-10 11:20:52.500000+00:00,combi,Standing,Dynamic
2024-09-10 11:21:52.500000+00:00,combi,Lying,Dynamic
2024-09-10 11:22:52.500000+00:00,combi,Sitting,Dynamic
2024-09-10 11:23:52.500000+00:00,combi,Standing,Dynamic
2024-09-10 11:24:52.500000+00:00,combi,Standing,Standing
2024-09-10 11:25:52.500000+00:00,combi,Standing,Dynamic
2024-09-10 11:26:52.500000+00:00,combi,Lying,Dynamic
2024-09-10 11:27:52.500000+00:00,combi,Lying,Dynamic
2024-09-10 11:28:52.500000+00:00,combi,Lying,Dynamic
2024-09-10 11:29:52.500000+00:00,combi,Sitting,Sitting
2024-09-10 11:30:52.500000+00:00,combi,Sitting,Sitting
2024-09-10 11:31:52.500000+00:00,combi,Sitting,Sitting
2024-09-10 11:32:52.500000+00:00,combi,Standing,Dynamic
2024-09-10 11:33:52.500000+00:00,combi,Standing,Dynamic
2024-09-10 11:34:52.500000+00:00,combi,Lying,Dynamic
2024-09-10 11:35:52.500000+00:00,combi,Sitting,Sitting
2024-09-10 11:36:52.500000+00:00,combi,Sitting,Sitting
2024-09-10 11:37:52.500000+00:00,combi,Sitting,Sitting
2024-09-10 11:38:52.500000+00:00,combi,Sitting,Sitting
2024-09-10 11:39:52.500000+00:00,combi,Sitting,Sitting
2024-09-10 11:40:52.500000+00:00,combi,Sitting,Sitting
2024-09-10 11:41:52.500000+00:00,combi,Sitting,Sitting
2024-09-10 11:42:52.500000+00:00,combi,Sitting,Sitting
2024-09-10 11:43:52.500000+00:00,combi,Sitting,Sitting
2024-09-10 11:44:52.500000+00:00,combi,Sitting,Sitting
2024-09-10 11:45:52.500000+00:00,combi,Sitting,Sitting
2024-09-10 11:46:52.500000+00:00,combi,Sitting,Sitting
2024-09-10 11:47:52.500000+00:00,combi,Sitting,Sitting
2024-09-10 11:48:52.500000+00:00,combi,Sitting,Sitting
2024-09-10 11:49:52.500000+00:00,combi,Sitting,Sitting
2024-09-10 11:50:52.500000+00:00,combi,Sitting,Sitting
2024-09-10 11:51:52.500000+00:00,combi,Sitting,Sitting
2024-09-10 11:52:52.500000+00:00,combi,Sitting,Sitting
2024-09-10 11:53:52.500000+00:00,combi,Sitting,Sitting
2024-09-10 11:54:52.500000+00:00,combi,Sitting,Sitting
2024-09-10 11:55:52.500000+00:00,combi,Sitting,Sitting
2024-09-10 11:56:52.500000+00:00,combi,Sitting,Sitting
2024-09-10 11:57:52.500000+00:00,combi,Sitting,Sitting
2024-09-10 11:58:52.500000+00:00,combi,Sitting,Sitting
2024-09-10 11:59:52.500000+00:00,combi,Sitting,Sitting
2024-09-10 12:00:52.500000+00:00,combi,Sitting,Sitting
2024-09-10 12:01:52.500000+00:00,combi,Sitting,Sitting
2024-09-10 12:02:52.500000+00:00,combi,Sitting,Sitting
2024-09-10 12:03:52.500000+00:00,combi,Sitting,Sitting
2024-09-10 12:04:52.500000+00:00,combi,Sitting,Sitting
2024-09-10 12:05:52.500000+00:00,combi,Sitting,Sitting
2024-09-10 12:06:52.500000+00:00,combi,Sitting,Sitting
2024-09-10 12:07:52.500000+00:00,combi,Sitting,Sitting
2024-09-10 12:08:52.500000+00:00,combi,Sitting,Sitting
2024-09-10 12:09:52.500000+00:00,combi,Sitting,Sitting
2024-09-10 12:10:52.500000+00:00,combi,Sitting,Sitting
2024-09-10 12:11:52.500000+00:00,combi,Sitting,Sitting
2024-09-10 12:12:52.500000+00:00,combi,Sitting,Sitting
2024-09-10 12:13:52.500000+00:00,combi,Sitting,Sitting
2024-09-10 12:14:52.500000+00:00,combi,Sitting,Sitting
2024-09-10 12:15:52.500000+00:00,combi,Sitting,Sitting
2024-09-10 12:16:52.500000+00:00,combi,Sitting,Sitting
2024-09-10 12:17:52.500000+00:00,combi,Sitting,Sitting
2024-09-10 12:18:52.500000+00:00,combi,Sitting,Sitting
2024-09-10 12:19:52.500000+00:00,combi,Sitting,Sitting
2024-09-10 12:20:52.500000+00:00,combi,Sitting,Sitting
2024-09-10 12:21:52.500000+00:00,combi,Sitting,Sitting
2024-09-10 12:22:52.500000+00:00,combi,Sitting,Sitting
2024-09-10 12:23:52.500000+00:00,combi,Sitting,Sitting
2024-09-10 12:24:52.500000+00:00,combi,Sitting,Sitting
2024-09-10 12:25:52.500000+00:00,combi,Sitting,Sitting
2024-09-10 12:26:52.500000+00:00,combi,Sitting,Sitting
2024-09-10 12:27:52.500000+00:00,combi,Sitting,Sitting
2024-09-10 12:28:52.500000+00:00,combi,Sitting,Sitting
2024-09-10 12:29:52.500000+00:00,combi,Sitting,Sitting
2024-09-10 12:30:52.500000+00:00,combi,Sitting,Sitting
2024-09-10 12:31:52.500000+00:00,combi,Sitting,Sitting
2024-09-10 12:32:52.500000+00:00,combi,Sitting,Sitting
2024-09-10 12:33:52.500000+00:00,combi,Sitting,Sitting
2024-09-10 12:34:52.500000+00:00,combi,Sitting,Sitting
2024-09-10 12:35:52.500000+00:00,combi,Sitting,Sitting
2024-09-10 12:36:52.500000+00:00,combi,Sitting,Sitting
2024-09-10 12:37:52.500000+00:00,combi,Sitting,Sitting
2024-09-10 12:38:52.500000+00:00,combi,Sitting,Sitting
2024-09-10 12:39:52.500000+00:00,combi,Sitting,Sitting
2024-09-10 12:40:52.500000+00:00,combi,Sitting,Sitting
2024-09-10 12:41:52.500000+00:00,combi,Sitting,Sitting
2024-09-10 12:42:52.500000+00:00,combi,Sitting,Sitting
2024-09-10 12:43:52.500000+00:00,combi,Sitting,Sitting
2024-09-10 12:44:52.500000+00:00,combi,Standing,Dynamic
2024-09-10 12:45:52.500000+00:00,combi,Standing,Standing
2024-09-10 12:46:52.500000+00:00,combi,Sitting,Dynamic
2024-09-10 12:47:52.500000+00:00,combi,Standing,Dynamic
2024-09-10 12:48:52.500000+00:00,combi,Standing,Dynamic
2024-09-10 12:49:52.500000+00:00,combi,Standing,Standing
2024-09-10 12:50:52.500000+00:00,combi,Sitting,Dynamic
2024-09-10 12:51:52.500000+00:00,combi,Sitting,Dynamic
2024-09-10 12:52:52.500000+00:00,combi,Lying,Dynamic
2024-09-10 12:53:52.500000+00:00,combi,Standing,Dynamic
2024-09-10 12:54:52.500000+00:00,combi,Sitting,Dynamic
2024-09-10 12:55:52.500000+00:00,combi,Sitting,Dynamic
2024-09-10 12:56:52.500000+00:00,combi,Sitting,Dynamic
2024-09-10 12:57:52.500000+00:00,combi,Sitting,Dynamic
2024-09-10 12:58:52.500000+00:00,combi,Sitting,Dynamic
2024-09-10 12:59:52.500000+00:00,combi,Sitting,Dynamic
2024-09-10 13:00:52.500000+00:00,combi,Sitting,Dynamic
2024-09-10 13:01:52.500000+00:00,combi,Sitting,Dynamic
2024-09-10 13:02:52.500000+00:00,combi,Sitting,Sitting
2024-09-10 13:03:52.500000+00:00,combi,Sitting,Dynamic
2024-09-10 13:04:52.500000+00:00,combi,Sitting,Dynamic
2024-09-10 13:05:52.500000+00:00,combi,Sitting,Dynamic
2024-09-10 13:06:52.500000+00:00,combi,Sitting,Dynamic
2024-09-10 13:07:52.500000+00:00,combi,Sitting,Dynamic
2024-09-10 13:08:52.500000+00:00,combi,Sitting,Dynamic
2024-09-10 13:09:52.500000+00:00,combi,Sitting,Dynamic
2024-09-10 13:10:52.500000+00:00,combi,Sitting,Dynamic
2024-09-10 13:11:52.500000+00:00,combi,Sitting,Dynamic
2024-09-10 13:12:52.500000+00:00,combi,Sitting,Dynamic
2024-09-10 13:13:52.500000+00:00,combi,Lying,Dynamic
2024-09-10 13:14:52.500000+00:00,combi,Sitting,Dynamic
2024-09-10 13:15:52.500000+00:00,combi,Standing,Dynamic
2024-09-10 13:16:52.500000+00:00,combi,Standing,Dynamic
2024-09-10 13:17:52.500000+00:00,combi,Standing,Dynamic
2024-09-10 13:18:52.500000+00:00,combi,Standing,Dynamic
2024-09-10 13:19:52.500000+00:00,combi,Standing,Dynamic
2024-09-10 13:20:52.500000+00:00,combi,Standing,Dynamic
2024-09-10 13:21:52.500000+00:00,combi,Sitting,Sitting
2024-09-10 13:22:52.500000+00:00,combi,Sitting,Sitting
2024-09-10 13:23:52.500000+00:00,combi,Sitting,Sitting
2024-09-10 13:24:52.500000+00:00,combi,Sitting,Sitting
2024-09-10 13:25:52.500000+00:00,combi,Sitting,Sitting
2024-09-10 13:26:52.500000+00:00,combi,Standing,Dynamic
2024-09-10 13:27:52.500000+00:00,combi,Lying,Lying
2024-09-10 13:28:52.500000+00:00,combi,Lying,Lying
2024-09-10 13:29:52.500000+00:00,combi,Lying,Lying
2024-09-10 13:30:52.500000+00:00,combi,Standing,Standing
2024-09-10 13:31:52.500000+00:00,combi,Lying,Lying
2024-09-10 13:32:52.500000+00:00,combi,Lying,Lying
2024-09-10 13:33:52.500000+00:00,combi,Lying,Lying
2024-09-10 13:34:52.500000+00:00,combi,Lying,Lying
2024-09-10 13:35:52.500000+00:00,combi,Lying,Lying
2024-09-10 13:36:52.500000+00:00,combi,Lying,Lying
2024-09-10 13:37:52.500000+00:00,combi,Lying,Lying
2024-09-10 13:38:52.500000+00:00,combi,Lying,Lying
2024-09-10 13:39:52.500000+00:00,combi,Lying,Lying
2024-09-10 13:40:52.500000+00:00,combi,Lying,Lying
2024-09-10 13:41:52.500000+00:00,combi,Lying,Lying
2024-09-10 13:42:52.500000+00:00,combi,Lying,Lying
2024-09-10 13:43:52.500000+00:00,combi,Lying,Lying
2024-09-10 13:44:52.500000+00:00,combi,Lying,Lying
2024-09-10 13:45:52.500000+00:00,combi,Lying,Lying
2024-09-10 13:46:52.500000+00:00,combi,Lying,Lying
2024-09-10 13:47:52.500000+00:00,combi,Lying,Lying
2024-09-10 13:48:52.500000+00:00,combi,Lying,Lying
2024-09-10 13:49:52.500000+00:00,combi,Lying,Lying
2024-09-10 13:50:52.500000+00:00,combi,Lying,Lying
2024-09-10 13:51:52.500000+00:00,combi,Lying,Lying
2024-09-10 13:52:52.500000+00:00,combi,Lying,Lying
2024-09-10 13:53:52.500000+00:00,combi,Lying,Lying
2024-09-10 13:54:52.500000+00:00,combi,Lying,Lying
2024-09-10 13:55:52.500000+00:00,combi,Lying,Lying
2024-09-10 13:56:52.500000+00:00,combi,Lying,Lying
2024-09-10 13:57:52.500000+00:00,combi,Lying,Lying
2024-09-10 13:58:52.500000+00:00,combi,Lying,Lying
2024-09-10 13:59:52.500000+00:00,combi,Lying,Lying
2024-09-10 14:00:52.500000+00:00,combi,Lying,Lying
2024-09-10 14:01:52.500000+00:00,combi,Lying,Lying
2024-09-10 14:02:52.500000+00:00,combi,Lying,Lying
2024-09-10 14:03:52.500000+00:00,combi,Lying,Lying
2024-09-10 14:04:52.500000+00:00,combi,Lying,Lying
2024-09-10 14:05:52.500000+00:00,combi,Lying,Lying
2024-09-10 14:06:52.500000+00:00,combi,Lying,Lying
2024-09-10 14:07:52.500000+00:00,combi,Sitting,Sitting
2024-09-10 14:08:52.500000+00:00,combi,Sitting,Sitting
2024-09-10 14:09:52.500000+00:00,combi,Sitting,Sitting
2024-09-10 14:10:52.500000+00:00,combi,Sitting,Sitting
2024-09-10 14:11:52.500000+00:00,combi,Sitting,Sitting
2024-09-10 14:12:52.500000+00:00,combi,Sitting,Sitting
2024-09-10 14:13:52.500000+00:00,combi,Sitting,Sitting
2024-09-10 14:14:52.500000+00:00,combi,Sitting,Sitting
2024-09-10 14:15:52.500000+00:00,combi,Sitting,Sitting
2024-09-10 14:16:52.500000+00:00,combi,Sitting,Sitting
2024-09-10 14:17:52.500000+00:00,combi,Sitting,Sitting
2024-09-10 14:18:52.500000+00:00,combi,Lying,Lying
2024-09-10 14:19:52.500000+00:00,combi,Lying,Lying
2024-09-10 14:20:52.500000+00:00,combi,Sitting,Sitting
2024-09-10 14:21:52.500000+00:00,combi,Sitting,Sitting
2024-09-10 14:22:52.500000+00:00,combi,Sitting,Sitting
2024-09-10 14:23:52.500000+00:00,combi,Sitting,Sitting
2024-09-10 14:24:52.500000+00:00,combi,Sitting,Sitting
2024-09-10 14:25:52.500000+00:00,combi,Sitting,Sitting
2024-09-10 14:26:52.500000+00:00,combi,Sitting,Sitting
2024-09-10 14:27:52.500000+00:00,combi,Sitting,Sitting
2024-09-10 14:28:52.500000+00:00,combi,Sitting,Sitting
2024-09-10 14:29:52.500000+00:00,combi,Sitting,Sitting
2024-09-10 14:30:52.500000+00:00,combi,Sitting,Sitting
2024-09-10 14:31:52.500000+00:00,combi,Sitting,Sitting
2024-09-10 14:32:52.500000+00:00,combi,Sitting,Sitting
2024-09-10 14:33:52.500000+00:00,combi,Sitting,Sitting
2024-09-10 14:34:52.500000+00:00,combi,Sitting,Sitting
2024-09-10 14:35:52.500000+00:00,combi,Sitting,Sitting
2024-09-10 14:36:52.500000+00:00,combi,Sitting,Sitting
2024-09-10 14:37:52.500000+00:00,combi,Sitting,Sitting
2024-09-10 14:38:52.500000+00:00,combi,Sitting,Sitting
2024-09-10 14:39:52.500000+00:00,combi,Sitting,Sitting
2024-09-10 14:40:52.500000+00:00,combi,Sitting,Sitting
2024-09-10 14:41:52.500000+00:00,combi,Sitting,Sitting
2024-09-10 14:42:52.500000+00:00,combi,Standing,Dynamic
2024-09-10 14:43:52.500000+00:00,combi,Lying,Sitting
2024-09-10 14:44:52.500000+00:00,combi,Lying,Lying
2024-09-10 14:45:52.500000+00:00,combi,Lying,Lying
2024-09-10 14:46:52.500000+00:00,combi,Sitting,Sitting
2024-09-10 14:47:52.500000+00:00,combi,Lying,Lying
2024-09-10 14:48:52.500000+00:00,combi,Lying,Lying
2024-09-10 14:49:52.500000+00:00,combi,Lying,Lying
2024-09-10 14:50:52.500000+00:00,combi,Sitting,Sitting
2024-09-10 14:51:52.500000+00:00,combi,Sitting,Sitting
2024-09-10 14:52:52.500000+00:00,combi,Standing,Standing
2024-09-10 14:53:52.500000+00:00,combi,Standing,Standing
2024-09-10 14:54:52.500000+00:00,combi,Sitting,Sitting
2024-09-10 14:55:52.500000+00:00,combi,Sitting,Sitting
2024-09-10 14:56:52.500000+00:00,combi,Sitting,Sitting
2024-09-10 14:57:52.500000+00:00,combi,Sitting,Sitting
2024-09-10 14:58:52.500000+00:00,combi,Sitting,Sitting
2024-09-10 14:59:52.500000+00:00,combi,Sitting,Sitting
2024-09-10 15:00:52.500000+00:00,combi,Sitting,Sitting
2024-09-10 15:01:52.500000+00:00,combi,Sitting,Sitting
2024-09-10 15:02:52.500000+00:00,combi,Sitting,Sitting
2024-09-10 15:03:52.500000+00:00,combi,Sitting,Sitting
2024-09-10 15:04:52.500000+00:00,combi,Sitting,Sitting
2024-09-10 15:05:52.500000+00:00,combi,Sitting,Sitting
2024-09-10 15:06:52.500000+00:00,combi,Sitting,Sitting
2024-09-10 15:07:52.500000+00:00,combi,Sitting,Sitting
2024-09-10 15:08:52.500000+00:00,combi,Sitting,Sitting
2024-09-10 15:09:52.500000+00:00,combi,Sitting,Sitting
2024-09-10 15:10:52.500000+00:00,combi,Sitting,Sitting
2024-09-10 15:11:52.500000+00:00,combi,Sitting,Sitting
2024-09-10 15:12:52.500000+00:00,combi,Sitting,Sitting
2024-09-10 15:13:52.500000+00:00,combi,Sitting,Sitting
2024-09-10 15:14:52.500000+00:00,combi,Sitting,Sitting
2024-09-10 15:15:52.500000+00:00,combi,Sitting,Sitting
2024-09-10 15:16:52.500000+00:00,combi,Sitting,Sitting
2024-09-10 15:17:52.500000+00:00,combi,Sitting,Sitting
2024-09-10 15:18:52.500000+00:00,combi,Sitting,Sitting
2024-09-10 15:19:52.500000+00:00,combi,Sitting,Sitting
2024-09-10 15:20:52.500000+00:00,combi,Sitting,Sitting
2024-09-10 15:21:52.500000+00:00,combi,Sitting,Sitting
2024-09-10 15:22:52.500000+00:00,combi,Sitting,Sitting
2024-09-10 15:23:52.500000+00:00,combi,Sitting,Sitting
2024-09-10 15:24:52.500000+00:00,combi,Sitting,Sitting
2024-09-10 15:25:52.500000+00:00,combi,Sitting,Sitting
2024-09-10 15:26:52.500000+00:00,combi,Sitting,Sitting
2024-09-10 15:27:52.500000+00:00,combi,Sitting,Sitting
2024-09-10 15:28:52.500000+00:00,combi,Sitting,Sitting
2024-09-10 15:29:52.500000+00:00,combi,Sitting,Sitting
2024-09-10 15:30:52.500000+00:00,combi,Sitting,Sitting
2024-09-10 15:31:52.500000+00:00,combi,Sitting,Sitting
2024-09-10 15:32:52.500000+00:00,combi,Sitting,Sitting
2024-09-10 15:33:52.500000+00:00,combi,Sitting,Sitting
2024-09-10 15:34:52.500000+00:00,combi,Sitting,Sitting
2024-09-10 15:35:52.500000+00:00,combi,Sitting,Sitting
2024-09-10 15:36:52.500000+00:00,combi,Sitting,Sitting
2024-09-10 15:37:52.500000+00:00,combi,Sitting,Sitting
2024-09-10 15:38:52.500000+00:00,combi,Lying,Lying
2024-09-10 15:39:52.500000+00:00,combi,Lying,Lying
2024-09-10 15:40:52.500000+00:00,combi,Lying,Lying
2024-09-10 15:41:52.500000+00:00,combi,Sitting,Sitting
2024-09-10 15:42:52.500000+00:00,combi,Standing,Dynamic
2024-09-10 15:43:52.500000+00:00,combi,Standing,Dynamic
2024-09-10 15:44:52.500000+00:00,combi,Standing,Dynamic
2024-09-10 15:45:52.500000+00:00,combi,Standing,Dynamic
2024-09-10 15:46:52.500000+00:00,combi,Standing,Standing
2024-09-10 15:47:52.500000+00:00,combi,Standing,Standing
2024-09-10 15:48:52.500000+00:00,combi,Standing,Standing
2024-09-10 15:49:52.500000+00:00,combi,Standing,Standing
2024-09-10 15:50:52.500000+00:00,combi,Standing,Standing
2024-09-10 15:51:52.500000+00:00,combi,Sitting,Dynamic
2024-09-10 15:52:52.500000+00:00,combi,Sitting,Dynamic
2024-09-10 15:53:52.500000+00:00,combi,Standing,Standing
2024-09-10 15:54:52.500000+00:00,combi,Standing,Dynamic
2024-09-10 15:55:52.500000+00:00,combi,Lying,Dynamic
2024-09-10 15:56:52.500000+00:00,combi,Lying,Dynamic
2024-09-10 15:57:52.500000+00:00,combi,Standing,Dynamic
2024-09-10 15:58:52.500000+00:00,combi,Standing,Dynamic
2024-09-10 15:59:52.500000+00:00,combi,Standing,Standing
2024-09-10 16:00:52.500000+00:00,combi,Sitting,Sitting
2024-09-10 16:01:52.500000+00:00,combi,Standing,Dynamic
2024-09-10 16:02:52.500000+00:00,combi,Sitting,Sitting
2024-09-10 16:03:52.500000+00:00,combi,Standing,Standing
2024-09-10 16:04:52.500000+00:00,combi,Standing,Dynamic
2024-09-10 16:05:52.500000+00:00,combi,Standing,Dynamic
2024-09-10 16:06:52.500000+00:00,combi,Standing,Dynamic
2024-09-10 16:07:52.500000+00:00,combi,Standing,Dynamic
2024-09-10 16:08:52.500000+00:00,combi,Sitting,Sitting
2024-09-10 16:09:52.500000+00:00,combi,Sitting,Sitting
2024-09-10 16:10:52.500000+00:00,combi,Sitting,Sitting
2024-09-10 16:11:52.500000+00:00,combi,Sitting,Sitting
2024-09-10 16:12:52.500000+00:00,combi,Sitting,Sitting
2024-09-10 16:13:52.500000+00:00,combi,Sitting,Sitting
2024-09-10 16:14:52.500000+00:00,combi,Sitting,Sitting
2024-09-10 16:15:52.500000+00:00,combi,Sitting,Sitting
2024-09-10 16:16:52.500000+00:00,combi,Sitting,Sitting
2024-09-10 16:17:52.500000+00:00,combi,Sitting,Sitting
2024-09-10 16:18:52.500000+00:00,combi,Standing,Standing
2024-09-10 16:19:52.500000+00:00,combi,Standing,Dynamic
2024-09-10 16:20:52.500000+00:00,combi,Standing,Standing
2024-09-10 16:21:52.500000+00:00,combi,Sitting,Sitting
2024-09-10 16:22:52.500000+00:00,combi,Sitting,Sitting
2024-09-10 16:23:52.500000+00:00,combi,Standing,Standing
2024-09-10 16:24:52.500000+00:00,combi,Standing,Dynamic
2024-09-10 16:25:52.500000+00:00,combi,Sitting,Dynamic
2024-09-10 16:26:52.500000+00:00,combi,Standing,Standing
2024-09-10 16:27:52.500000+00:00,combi,Standing,Dynamic
2024-09-10 16:28:52.500000+00:00,combi,Sitting,Sitting
2024-09-10 16:29:52.500000+00:00,combi,Sitting,Sitting
2024-09-10 16:30:52.500000+00:00,combi,Sitting,Sitting
2024-09-10 16:31:52.500000+00:00,combi,Standing,Dynamic
2024-09-10 16:32:52.500000+00:00,combi,Standing,Dynamic
2024-09-10 16:33:52.500000+00:00,combi,Standing,Dynamic
2024-09-10 16:34:52.500000+00:00,combi,Standing,Sitting
2024-09-10 16:35:52.500000+00:00,combi,Standing,Standing
2024-09-10 16:36:52.500000+00:00,combi,Standing,Standing
2024-09-10 16:37:52.500000+00:00,combi,Standing,Standing
2024-09-10 16:38:52.500000+00:00,combi,Sitting,Sitting
2024-09-10 16:39:52.500000+00:00,combi,Standing,Dynamic
2024-09-10 16:40:52.500000+00:00,combi,Sitting,Dynamic
2024-09-10 16:41:52.500000+00:00,combi,Sitting,Dynamic
2024-09-10 16:42:52.500000+00:00,combi,Sitting,Dynamic
2024-09-10 16:43:52.500000+00:00,combi,Sitting,Dynamic
2024-09-10 16:44:52.500000+00:00,combi,Sitting,Dynamic
2024-09-10 16:45:52.500000+00:00,combi,Sitting,Dynamic
2024-09-10 16:46:52.500000+00:00,combi,Sitting,Dynamic
2024-09-10 16:47:52.500000+00:00,combi,Sitting,Dynamic
2024-09-10 16:48:52.500000+00:00,combi,Sitting,Dynamic
2024-09-10 16:49:52.500000+00:00,combi,Sitting,Dynamic
2024-09-10 16:50:52.500000+00:00,combi,Sitting,Dynamic
2024-09-10 16:51:52.500000+00:00,combi,Sitting,Dynamic
2024-09-10 16:52:52.500000+00:00,combi,Sitting,Dynamic
2024-09-10 16:53:52.500000+00:00,combi,Sitting,Dynamic
2024-09-10 16:54:52.500000+00:00,combi,Sitting,Dynamic
2024-09-10 16:55:52.500000+00:00,combi,Standing,Dynamic
2024-09-10 16:56:52.500000+00:00,combi,Standing,Standing
2024-09-10 16:57:52.500000+00:00,combi,Standing,Dynamic
2024-09-10 16:58:52.500000+00:00,combi,Standing,Dynamic
2024-09-10 16:59:52.500000+00:00,combi,Standing,Dynamic
2024-09-10 17:00:52.500000+00:00,combi,Standing,Dynamic
2024-09-10 17:01:52.500000+00:00,combi,Standing,Dynamic
2024-09-10 17:02:52.500000+00:00,combi,Standing,Dynamic
2024-09-10 17:03:52.500000+00:00,combi,Standing,Standing
2024-09-10 17:04:52.500000+00:00,combi,Standing,Dynamic
2024-09-10 17:05:52.500000+00:00,combi,Standing,Dynamic
2024-09-10 17:06:52.500000+00:00,combi,Standing,Dynamic
2024-09-10 17:07:52.500000+00:00,combi,Standing,Dynamic
2024-09-10 17:08:52.500000+00:00,combi,Standing,Dynamic
2024-09-10 17:09:52.500000+00:00,combi,Standing,Dynamic
2024-09-10 17:10:52.500000+00:00,combi,Standing,Dynamic
2024-09-10 17:11:52.500000+00:00,combi,Standing,Dynamic
2024-09-10 17:12:52.500000+00:00,combi,Sitting,Sitting
2024-09-10 17:13:52.500000+00:00,combi,Sitting,Sitting
2024-09-10 17:14:52.500000+00:00,combi,Sitting,Sitting
2024-09-10 17:15:52.500000+00:00,combi,Standing,Dynamic
2024-09-10 17:16:52.500000+00:00,combi,Standing,Dynamic
2024-09-10 17:17:52.500000+00:00,combi,Standing,Standing
2024-09-10 17:18:52.500000+00:00,combi,Standing,Standing
2024-09-10 17:19:52.500000+00:00,combi,Sitting,Sitting
2024-09-10 17:20:52.500000+00:00,combi,Standing,Standing
2024-09-10 17:21:52.500000+00:00,combi,Standing,Dynamic
2024-09-10 17:22:52.500000+00:00,combi,Standing,Dynamic
2024-09-10 17:23:52.500000+00:00,combi,Standing,Standing
2024-09-10 17:24:52.500000+00:00,combi,Standing,Standing
2024-09-10 17:25:52.500000+00:00,combi,Standing,Standing
2024-09-10 17:26:52.500000+00:00,combi,Standing,Dynamic
2024-09-10 17:27:52.500000+00:00,combi,Standing,Dynamic
2024-09-10 17:28:52.500000+00:00,combi,Standing,Dynamic
2024-09-10 17:29:52.500000+00:00,combi,Standing,Standing
2024-09-10 17:30:52.500000+00:00,combi,Standing,Standing
2024-09-10 17:31:52.500000+00:00,combi,Standing,Sitting
2024-09-10 17:32:52.500000+00:00,combi,Standing,Standing
2024-09-10 17:33:52.500000+00:00,combi,Standing,Standing
2024-09-10 17:34:52.500000+00:00,combi,Standing,Sitting
2024-09-10 17:35:52.500000+00:00,combi,Standing,Standing
2024-09-10 17:36:52.500000+00:00,combi,Standing,Standing
2024-09-10 17:37:52.500000+00:00,combi,Standing,Dynamic
2024-09-10 17:38:52.500000+00:00,combi,Standing,Dynamic
2024-09-10 17:39:52.500000+00:00,combi,Standing,Dynamic
2024-09-10 17:40:52.500000+00:00,combi,Standing,Dynamic
2024-09-10 17:41:52.500000+00:00,combi,Standing,Dynamic
2024-09-10 17:42:52.500000+00:00,combi,Standing,Dynamic
2024-09-10 17:43:52.500000+00:00,combi,Standing,Dynamic
2024-09-10 17:44:52.500000+00:00,combi,Standing,Standing
2024-09-10 17:45:52.500000+00:00,combi,Standing,Dynamic
2024-09-10 17:46:52.500000+00:00,combi,Standing,Sitting
2024-09-10 17:47:52.500000+00:00,combi,Standing,Standing
2024-09-10 17:48:52.500000+00:00,combi,Standing,Dynamic
2024-09-10 17:49:52.500000+00:00,combi,Standing,Sitting
2024-09-10 17:50:52.500000+00:00,combi,Standing,Standing
2024-09-10 17:51:52.500000+00:00,combi,Standing,Standing
2024-09-10 17:52:52.500000+00:00,combi,Standing,Standing
2024-09-10 17:53:52.500000+00:00,combi,Standing,Dynamic
2024-09-10 17:54:52.500000+00:00,combi,Standing,Sitting
2024-09-10 17:55:52.500000+00:00,combi,Sitting,Dynamic
2024-09-10 17:56:52.500000+00:00,combi,Sitting,Sitting
2024-09-10 17:57:52.500000+00:00,combi,Standing,Standing
2024-09-10 17:58:52.500000+00:00,combi,Standing,Dynamic
2024-09-10 17:59:52.500000+00:00,combi,Standing,Standing
2024-09-10 18:00:52.500000+00:00,combi,Standing,Dynamic
2024-09-10 18:01:52.500000+00:00,combi,Standing,Dynamic
2024-09-10 18:02:52.500000+00:00,combi,Standing,Dynamic
2024-09-10 18:03:52.500000+00:00,combi,Standing,Standing
2024-09-10 18:04:52.500000+00:00,combi,Standing,Dynamic
2024-09-10 18:05:52.500000+00:00,combi,Standing,Standing
2024-09-10 18:06:52.500000+00:00,combi,Standing,Standing
2024-09-10 18:07:52.500000+00:00,combi,Standing,Standing
2024-09-10 18:08:52.500000+00:00,combi,Standing,Standing
2024-09-10 18:09:52.500000+00:00,combi,Standing,Standing
2024-09-10 18:10:52.500000+00:00,combi,Standing,Dynamic
2024-09-10 18:11:52.500000+00:00,combi,Standing,Standing
2024-09-10 18:12:52.500000+00:00,combi,Standing,Standing
2024-09-10 18:13:52.500000+00:00,combi,Standing,Standing
2024-09-10 18:14:52.500000+00:00,combi,Standing,Dynamic
2024-09-10 18:15:52.500000+00:00,combi,Lying,Dynamic
2024-09-10 18:16:52.500000+00:00,combi,Standing,Dynamic
2024-09-10 18:17:52.500000+00:00,combi,Standing,Standing
2024-09-10 18:18:52.500000+00:00,combi,Standing,Standing
2024-09-10 18:19:52.500000+00:00,combi,Standing,Dynamic
2024-09-10 18:20:52.500000+00:00,combi,Standing,Standing
2024-09-10 18:21:52.500000+00:00,combi,Standing,Dynamic
2024-09-10 18:22:52.500000+00:00,combi,Standing,Dynamic
2024-09-10 18:23:52.500000+00:00,combi,Standing,Dynamic
2024-09-10 18:24:52.500000+00:00,combi,Sitting,Sitting
2024-09-10 18:25:52.500000+00:00,combi,Standing,Standing
2024-09-10 18:26:52.500000+00:00,combi,Standing,Standing
2024-09-10 18:27:52.500000+00:00,combi,Standing,Dynamic
2024-09-10 18:28:52.500000+00:00,combi,Standing,Dynamic
2024-09-10 18:29:52.500000+00:00,combi,Sitting,Sitting
2024-09-10 18:30:52.500000+00:00,combi,Sitting,Sitting
2024-09-10 18:31:52.500000+00:00,combi,Standing,Dynamic
2024-09-10 18:32:52.500000+00:00,combi,Sitting,Sitting
2024-09-10 18:33:52.500000+00:00,combi,Standing,Dynamic
2024-09-10 18:34:52.500000+00:00,combi,Standing,Dynamic
2024-09-10 18:35:52.500000+00:00,combi,Standing,Standing
2024-09-10 18:36:52.500000+00:00,combi,Standing,Standing
2024-09-10 18:37:52.500000+00:00,combi,Standing,Standing
2024-09-10 18:38:52.500000+00:00,combi,Sitting,Sitting
2024-09-10 18:39:52.500000+00:00,combi,Standing,Standing
2024-09-10 18:40:52.500000+00:00,combi,Standing,Standing
2024-09-10 18:41:52.500000+00:00,combi,Standing,Standing
2024-09-10 18:42:52.500000+00:00,combi,Sitting,Sitting
2024-09-10 18:43:52.500000+00:00,combi,Standing,Standing
2024-09-10 18:44:52.500000+00:00,combi,Sitting,Sitting
2024-09-10 18:45:52.500000+00:00,combi,Standing,Dynamic
2024-09-10 18:46:52.500000+00:00,combi,Standing,Standing
2024-09-10 18:47:52.500000+00:00,combi,Sitting,Sitting
2024-09-10 18:48:52.500000+00:00,combi,Standing,Sitting
2024-09-10 18:49:52.500000+00:00,combi,Sitting,Dynamic
2024-09-10 18:50:52.500000+00:00,combi,Sitting,Dynamic
2024-09-10 18:51:52.500000+00:00,combi,Sitting,Sitting
2024-09-10 18:52:52.500000+00:00,combi,Sitting,Sitting
2024-09-10 18:53:52.500000+00:00,combi,Sitting,Sitting
2024-09-10 18:54:52.500000+00:00,combi,Sitting,Sitting
2024-09-10 18:55:52.500000+00:00,combi,Sitting,Sitting
2024-09-10 18:56:52.500000+00:00,combi,Sitting,Sitting
2024-09-10 18:57:52.500000+00:00,combi,Sitting,Sitting
2024-09-10 18:58:52.500000+00:00,combi,Sitting,Sitting
2024-09-10 18:59:52.500000+00:00,combi,Sitting,Sitting
2024-09-10 19:00:52.500000+00:00,combi,Sitting,Sitting
2024-09-10 19:01:52.500000+00:00,combi,Sitting,Sitting
2024-09-10 19:02:52.500000+00:00,combi,Standing,Dynamic
2024-09-10 19:03:52.500000+00:00,combi,Standing,Standing
2024-09-10 19:04:52.500000+00:00,combi,Standing,Standing
2024-09-10 19:05:52.500000+00:00,combi,Standing,Standing
2024-09-10 19:06:52.500000+00:00,combi,Standing,Dynamic
2024-09-10 19:07:52.500000+00:00,combi,Standing,Dynamic
2024-09-10 19:08:52.500000+00:00,combi,Standing,Standing
2024-09-10 19:09:52.500000+00:00,combi,Standing,Standing
2024-09-10 19:10:52.500000+00:00,combi,Standing,Dynamic
2024-09-10 19:11:52.500000+00:00,combi,Standing,Standing
2024-09-10 19:12:52.500000+00:00,combi,Standing,Dynamic
2024-09-10 19:13:52.500000+00:00,combi,Standing,Standing
2024-09-10 19:14:52.500000+00:00,combi,Standing,Standing
2024-09-10 19:15:52.500000+00:00,combi,Standing,Dynamic
2024-09-10 19:16:52.500000+00:00,combi,Standing,Dynamic
2024-09-10 19:17:52.500000+00:00,combi,Standing,Dynamic
2024-09-10 19:18:52.500000+00:00,combi,Standing,Dynamic
2024-09-10 19:19:52.500000+00:00,combi,Standing,Dynamic
2024-09-10 19:20:52.500000+00:00,combi,Standing,Dynamic
2024-09-10 19:21:52.500000+00:00,combi,Standing,Sitting
2024-09-10 19:22:52.500000+00:00,combi,Standing,Dynamic
2024-09-10 19:23:52.500000+00:00,combi,Standing,Dynamic
2024-09-10 19:24:52.500000+00:00,combi,Standing,Dynamic
2024-09-10 19:25:52.500000+00:00,combi,Standing,Dynamic
2024-09-10 19:26:52.500000+00:00,combi,Standing,Standing
2024-09-10 19:27:52.500000+00:00,combi,Standing,Standing
2024-09-10 19:28:52.500000+00:00,combi,Standing,Dynamic
2024-09-10 19:29:52.500000+00:00,combi,Standing,Dynamic
2024-09-10 19:30:52.500000+00:00,combi,Standing,Dynamic
2024-09-10 19:31:52.500000+00:00,combi,Standing,Standing
2024-09-10 19:32:52.500000+00:00,combi,Standing,Dynamic
2024-09-10 19:33:52.500000+00:00,combi,Standing,Dynamic
2024-09-10 19:34:52.500000+00:00,combi,Standing,Dynamic
2024-09-10 19:35:52.500000+00:00,combi,Standing,Dynamic
2024-09-10 19:36:52.500000+00:00,combi,Standing,Dynamic
2024-09-10 19:37:52.500000+00:00,combi,Standing,Dynamic
2024-09-10 19:38:52.500000+00:00,combi,Standing,Dynamic
2024-09-10 19:39:52.500000+00:00,combi,Standing,Dynamic
2024-09-10 19:40:52.500000+00:00,combi,Standing,Dynamic
2024-09-10 19:41:52.500000+00:00,combi,Sitting,Dynamic
2024-09-10 19:42:52.500000+00:00,combi,Standing,Dynamic
2024-09-10 19:43:52.500000+00:00,combi,Standing,Dynamic
2024-09-10 19:44:52.500000+00:00,combi,Lying,Dynamic
2024-09-10 19:45:52.500000+00:00,combi,Standing,Dynamic
2024-09-10 19:46:52.500000+00:00,combi,Standing,Standing
2024-09-10 19:47:52.500000+00:00,combi,Standing,Sitting
2024-09-10 19:48:52.500000+00:00,combi,Standing,Dynamic
2024-09-10 19:49:52.500000+00:00,combi,Standing,Dynamic
2024-09-10 19:50:52.500000+00:00,combi,Standing,Dynamic
2024-09-10 19:51:52.500000+00:00,combi,Standing,Dynamic
2024-09-10 19:52:52.500000+00:00,combi,Lying,Dynamic
2024-09-10 19:53:52.500000+00:00,combi,Lying,Dynamic
2024-09-10 19:54:52.500000+00:00,combi,Lying,Dynamic
2024-09-10 19:55:52.500000+00:00,combi,Standing,Dynamic
2024-09-10 19:56:52.500000+00:00,combi,Standing,Standing
2024-09-10 19:57:52.500000+00:00,combi,Standing,Standing
2024-09-10 19:58:52.500000+00:00,combi,Standing,Standing
2024-09-10 19:59:52.500000+00:00,combi,Standing,Dynamic
2024-09-10 20:00:52.500000+00:00,combi,Standing,Dynamic
2024-09-10 20:01:52.500000+00:00,combi,Standing,Dynamic
2024-09-10 20:02:52.500000+00:00,combi,Standing,Standing
2024-09-10 20:03:52.500000+00:00,combi,Standing,Dynamic
2024-09-10 20:04:52.500000+00:00,combi,Standing,Standing
2024-09-10 20:05:52.500000+00:00,combi,Standing,Dynamic
2024-09-10 20:06:52.500000+00:00,combi,Sitting,Dynamic
2024-09-10 20:07:52.500000+00:00,combi,Standing,Dynamic
2024-09-10 20:08:52.500000+00:00,combi,Standing,Dynamic
2024-09-10 20:09:52.500000+00:00,combi,Standing,Dynamic
2024-09-10 20:10:52.500000+00:00,combi,Standing,Dynamic
2024-09-10 20:11:52.500000+00:00,combi,Standing,Dynamic
2024-09-10 20:12:52.500000+00:00,combi,Standing,Dynamic
2024-09-10 20:13:52.500000+00:00,combi,Standing,Dynamic
2024-09-10 20:14:52.500000+00:00,combi,Standing,Standing
2024-09-10 20:15:52.500000+00:00,combi,Standing,Dynamic
2024-09-10 20:16:52.500000+00:00,combi,Standing,Dynamic
2024-09-10 20:17:52.500000+00:00,combi,Standing,Dynamic
2024-09-10 20:18:52.500000+00:00,combi,Standing,Dynamic
2024-09-10 20:19:52.500000+00:00,combi,Standing,Dynamic
2024-09-10 20:20:52.500000+00:00,combi,Sitting,Dynamic
2024-09-10 20:21:52.500000+00:00,combi,Sitting,Sitting
2024-09-10 20:22:52.500000+00:00,combi,Sitting,Sitting
2024-09-10 20:23:52.500000+00:00,combi,Sitting,Dynamic
2024-09-10 20:24:52.500000+00:00,combi,Sitting,Sitting
2024-09-10 20:25:52.500000+00:00,combi,Sitting,Dynamic
2024-09-10 20:26:52.500000+00:00,combi,Sitting,Sitting
2024-09-10 20:27:52.500000+00:00,combi,Sitting,Dynamic
2024-09-10 20:28:52.500000+00:00,combi,Standing,Dynamic
2024-09-10 20:29:52.500000+00:00,combi,Standing,Standing
2024-09-10 20:30:52.500000+00:00,combi,Standing,Standing
2024-09-10 20:31:52.500000+00:00,combi,Standing,Dynamic
2024-09-10 20:32:52.500000+00:00,combi,Standing,Standing
2024-09-10 20:33:52.500000+00:00,combi,Standing,Standing
2024-09-10 20:34:52.500000+00:00,combi,Standing,Standing
2024-09-10 20:35:52.500000+00:00,combi,Standing,Dynamic
2024-09-10 20:36:52.500000+00:00,combi,Standing,Dynamic
2024-09-10 20:37:52.500000+00:00,combi,Sitting,Dynamic
2024-09-10 20:38:52.500000+00:00,combi,Sitting,Dynamic
2024-09-10 20:39:52.500000+00:00,combi,Sitting,Dynamic
2024-09-10 20:40:52.500000+00:00,combi,Sitting,Dynamic
2024-09-10 20:41:52.500000+00:00,combi,Sitting,Dynamic
2024-09-10 20:42:52.500000+00:00,combi,Sitting,Dynamic
2024-09-10 20:43:52.500000+00:00,combi,Sitting,Dynamic
2024-09-10 20:44:52.500000+00:00,combi,Sitting,Dynamic
2024-09-10 20:45:52.500000+00:00,combi,Sitting,Dynamic
2024-09-10 20:46:52.500000+00:00,combi,Sitting,Dynamic
2024-09-10 20:47:52.500000+00:00,combi,Sitting,Dynamic
2024-09-10 20:48:52.500000+00:00,combi,Sitting,Dynamic
2024-09-10 20:49:52.500000+00:00,combi,Sitting,Dynamic
2024-09-10 20:50:52.500000+00:00,combi,Sitting,Dynamic
2024-09-10 20:51:52.500000+00:00,combi,Sitting,Dynamic
2024-09-10 20:52:52.500000+00:00,combi,Sitting,Dynamic
2024-09-10 20:53:52.500000+00:00,combi,Sitting,Dynamic
2024-09-10 20:54:52.500000+00:00,combi,Standing,Dynamic
2024-09-10 20:55:52.500000+00:00,combi,Standing,Dynamic
2024-09-10 20:56:52.500000+00:00,combi,Standing,Dynamic
2024-09-10 20:57:52.500000+00:00,combi,Standing,Dynamic
2024-09-10 20:58:52.500000+00:00,combi,Lying,Lying
2024-09-10 20:59:52.500000+00:00,combi,Lying,Lying
2024-09-10 21:00:52.500000+00:00,combi,Lying,Lying
2024-09-10 21:01:52.500000+00:00,combi,Lying,Lying
2024-09-10 21:02:52.500000+00:00,combi,Lying,Lying
2024-09-10 21:03:52.500000+00:00,combi,Lying,Lying
2024-09-10 21:04:52.500000+00:00,combi,Lying,Lying
2024-09-10 21:05:52.500000+00:00,combi,Lying,Lying
2024-09-10 21:06:52.500000+00:00,combi,Lying,Lying
2024-09-10 21:07:52.500000+00:00,combi,Lying,Lying
2024-09-10 21:08:52.500000+00:00,combi,Lying,Lying
2024-09-10 21:09:52.500000+00:00,combi,Lying,Lying
2024-09-10 21:10:52.500000+00:00,combi,Lying,Lying
2024-09-10 21:11:52.500000+00:00,combi,Lying,Lying
2024-09-10 21:12:52.500000+00:00,combi,Lying,Lying
2024-09-10 21:13:52.500000+00:00,combi,Lying,Lying
2024-09-10 21:14:52.500000+00:00,combi,Lying,Lying
2024-09-10 21:15:52.500000+00:00,combi,Lying,Lying
2024-09-10 21:16:52.500000+00:00,combi,Lying,Lying
2024-09-10 21:17:52.500000+00:00,combi,Lying,Lying
2024-09-10 21:18:52.500000+00:00,combi,Lying,Lying
2024-09-10 21:19:52.500000+00:00,combi,Lying,Lying
2024-09-10 21:20:52.500000+00:00,combi,Lying,Lying
2024-09-10 21:21:52.500000+00:00,combi,Lying,Lying
2024-09-10 21:22:52.500000+00:00,combi,Lying,Lying
2024-09-10 21:23:52.500000+00:00,combi,Lying,Lying
2024-09-10 21:24:52.500000+00:00,combi,Lying,Lying
2024-09-10 21:25:52.500000+00:00,combi,Lying,Lying
2024-09-10 21:26:52.500000+00:00,combi,Lying,Lying
2024-09-10 21:27:52.500000+00:00,combi,Lying,Lying
2024-09-10 21:28:52.500000+00:00,combi,Lying,Lying
2024-09-10 21:29:52.500000+00:00,combi,Lying,Lying
2024-09-10 21:30:52.500000+00:00,combi,Lying,Lying
2024-09-10 21:31:52.500000+00:00,combi,Lying,Lying
2024-09-10 21:32:52.500000+00:00,combi,Lying,Lying
2024-09-10 21:33:52.500000+00:00,combi,Lying,Lying
2024-09-10 21:34:52.500000+00:00,combi,Lying,Lying
2024-09-10 21:35:52.500000+00:00,combi,Lying,Lying
2024-09-10 21:36:52.500000+00:00,combi,Lying,Lying
2024-09-10 21:37:52.500000+00:00,combi,Lying,Lying
2024-09-10 21:38:52.500000+00:00,combi,Lying,Lying
2024-09-10 21:39:52.500000+00:00,combi,Lying,Lying
2024-09-10 21:40:52.500000+00:00,combi,Lying,Lying
2024-09-10 21:41:52.500000+00:00,combi,Lying,Lying
2024-09-10 21:42:52.500000+00:00,combi,Lying,Lying
2024-09-10 21:43:52.500000+00:00,combi,Lying,Lying
2024-09-10 21:44:52.500000+00:00,combi,Lying,Lying
2024-09-10 21:45:52.500000+00:00,combi,Lying,Lying
2024-09-10 21:46:52.500000+00:00,combi,Lying,Lying
2024-09-10 21:47:52.500000+00:00,combi,Lying,Lying
2024-09-10 21:48:52.500000+00:00,combi,Lying,Lying
2024-09-10 21:49:52.500000+00:00,combi,Lying,Lying
2024-09-10 21:50:52.500000+00:00,combi,Lying,Lying
2024-09-10 21:51:52.500000+00:00,combi,Lying,Lying
2024-09-10 21:52:52.500000+00:00,combi,Lying,Lying
2024-09-10 21:53:52.500000+00:00,combi,Lying,Lying
2024-09-10 21:54:52.500000+00:00,combi,Lying,Lying
2024-09-10 21:55:52.500000+00:00,combi,Lying,Lying
2024-09-10 21:56:52.500000+00:00,combi,Lying,Lying
2024-09-10 21:57:52.500000+00:00,combi,Lying,Lying
2024-09-10 21:58:52.500000+00:00,combi,Lying,Lying
2024-09-10 21:59:52.500000+00:00,combi,Lying,Lying
2024-09-10 22:00:52.500000+00:00,combi,Lying,Lying
2024-09-10 22:01:52.500000+00:00,combi,Lying,Lying
2024-09-10 22:02:52.500000+00:00,combi,Lying,Lying
2024-09-10 22:03:52.500000+00:00,combi,Lying,Lying
2024-09-10 22:04:52.500000+00:00,combi,Lying,Lying
2024-09-10 22:05:52.500000+00:00,combi,Lying,Lying
2024-09-10 22:06:52.500000+00:00,combi,Lying,Lying
2024-09-10 22:07:52.500000+00:00,combi,Lying,Lying
2024-09-10 22:08:52.500000+00:00,combi,Lying,Lying
2024-09-10 22:09:52.500000+00:00,combi,Lying,Lying
2024-09-10 22:10:52.500000+00:00,combi,Lying,Lying
2024-09-10 22:11:52.500000+00:00,combi,Lying,Lying
2024-09-10 22:12:52.500000+00:00,combi,Lying,Lying
2024-09-10 22:13:52.500000+00:00,combi,Lying,Lying
2024-09-10 22:14:52.500000+00:00,combi,Lying,Lying
2024-09-10 22:15:52.500000+00:00,combi,Lying,Lying
2024-09-10 22:16:52.500000+00:00,combi,Lying,Lying
2024-09-10 22:17:52.500000+00:00,combi,Lying,Lying
2024-09-10 22:18:52.500000+00:00,combi,Lying,Lying
2024-09-10 22:19:52.500000+00:00,combi,Lying,Lying
2024-09-10 22:20:52.500000+00:00,combi,Lying,Lying
2024-09-10 22:21:52.500000+00:00,combi,Lying,Lying
2024-09-10 22:22:52.500000+00:00,combi,Lying,Lying
2024-09-10 22:23:52.500000+00:00,combi,Lying,Lying
2024-09-10 22:24:52.500000+00:00,combi,Lying,Lying
2024-09-10 22:25:52.500000+00:00,combi,Lying,Lying
2024-09-10 22:26:52.500000+00:00,combi,Lying,Lying
2024-09-10 22:27:52.500000+00:00,combi,Lying,Lying
2024-09-10 22:28:52.500000+00:00,combi,Lying,Lying
2024-09-10 22:29:52.500000+00:00,combi,Lying,Lying
2024-09-10 22:30:52.500000+00:00,combi,Lying,Lying
2024-09-10 22:31:52.500000+00:00,combi,Lying,Lying
2024-09-10 22:32:52.500000+00:00,combi,Lying,Lying
2024-09-10 22:33:52.500000+00:00,combi,Lying,Lying
2024-09-10 22:34:52.500000+00:00,combi,Lying,Lying
2024-09-10 22:35:52.500000+00:00,combi,Lying,Lying
2024-09-10 22:36:52.500000+00:00,combi,Lying,Lying
2024-09-10 22:37:52.500000+00:00,combi,Lying,Lying
2024-09-10 22:38:52.500000+00:00,combi,Lying,Lying
2024-09-10 22:39:52.500000+00:00,combi,Lying,Lying
2024-09-10 22:40:52.500000+00:00,combi,Lying,Lying
2024-09-10 22:41:52.500000+00:00,combi,Lying,Lying
2024-09-10 22:42:52.500000+00:00,combi,Lying,Lying
2024-09-10 22:43:52.500000+00:00,combi,Lying,Lying
2024-09-10 22:44:52.500000+00:00,combi,Lying,Lying
2024-09-10 22:45:52.500000+00:00,combi,Lying,Lying
2024-09-10 22:46:52.500000+00:00,combi,Lying,Lying
2024-09-10 22:47:52.500000+00:00,combi,Lying,Lying
2024-09-10 22:48:52.500000+00:00,combi,Lying,Lying
2024-09-10 22:49:52.500000+00:00,combi,Lying,Lying
2024-09-10 22:50:52.500000+00:00,combi,Lying,Lying
2024-09-10 22:51:52.500000+00:00,combi,Lying,Lying
2024-09-10 22:52:52.500000+00:00,combi,Lying,Lying
2024-09-10 22:53:52.500000+00:00,combi,Lying,Lying
2024-09-10 22:54:52.500000+00:00,combi,Lying,Lying
2024-09-10 22:55:52.500000+00:00,combi,Lying,Lying
2024-09-10 22:56:52.500000+00:00,combi,Lying,Lying
2024-09-10 22:57:52.500000+00:00,combi,Lying,Lying
2024-09-10 22:58:52.500000+00:00,combi,Lying,Lying
2024-09-10 22:59:52.500000+00:00,combi,Lying,Lying
2024-09-10 23:00:52.500000+00:00,combi,Lying,Lying
2024-09-10 23:01:52.500000+00:00,combi,Sitting,Dynamic
2024-09-10 23:02:52.500000+00:00,combi,Sitting,Sitting
2024-09-10 23:03:52.500000+00:00,combi,Lying,Dynamic
2024-09-10 23:04:52.500000+00:00,combi,Standing,Dynamic
2024-09-10 23:05:52.500000+00:00,combi,Sitting,Dynamic
2024-09-10 23:06:52.500000+00:00,combi,Lying,Dynamic
2024-09-10 23:07:52.500000+00:00,combi,Lying,Dynamic
2024-09-10 23:08:52.500000+00:00,combi,Standing,Dynamic
2024-09-10 23:09:52.500000+00:00,combi,Lying,Lying
2024-09-10 23:10:52.500000+00:00,combi,Lying,Lying
2024-09-10 23:11:52.500000+00:00,combi,Lying,Lying
2024-09-10 23:12:52.500000+00:00,combi,Lying,Lying
2024-09-10 23:13:52.500000+00:00,combi,Sitting,Sitting
2024-09-10 23:14:52.500000+00:00,combi,Sitting,Sitting
2024-09-10 23:15:52.500000+00:00,combi,Lying,Lying
2024-09-10 23:16:52.500000+00:00,combi,Lying,Lying
2024-09-10 23:17:52.500000+00:00,combi,Lying,Lying
2024-09-10 23:18:52.500000+00:00,combi,Lying,Lying
2024-09-10 23:19:52.500000+00:00,combi,Lying,Lying
2024-09-10 23:20:52.500000+00:00,combi,Lying,Lying
2024-09-10 23:21:52.500000+00:00,combi,Lying,Lying
2024-09-10 23:22:52.500000+00:00,combi,Sitting,Sitting
2024-09-10 23:23:52.500000+00:00,combi,Sitting,Sitting
2024-09-10 23:24:52.500000+00:00,combi,Sitting,Sitting
2024-09-10 23:25:52.500000+00:00,combi,Sitting,Sitting
2024-09-10 23:26:52.500000+00:00,combi,Sitting,Sitting
2024-09-10 23:27:52.500000+00:00,combi,Sitting,Sitting
2024-09-10 23:28:52.500000+00:00,combi,Sitting,Sitting
2024-09-10 23:29:52.500000+00:00,combi,Sitting,Sitting
2024-09-10 23:30:52.500000+00:00,combi,Sitting,Sitting
2024-09-10 23:31:52.500000+00:00,combi,Sitting,Sitting
2024-09-10 23:32:52.500000+00:00,combi,Sitting,Sitting
2024-09-10 23:33:52.500000+00:00,combi,Sitting,Sitting
2024-09-10 23:34:52.500000+00:00,combi,Lying,Lying
2024-09-10 23:35:52.500000+00:00,combi,Lying,Lying
2024-09-10 23:36:52.500000+00:00,combi,Lying,Lying
2024-09-10 23:37:52.500000+00:00,combi,Lying,Lying
2024-09-10 23:38:52.500000+00:00,combi,Lying,Lying
2024-09-10 23:39:52.500000+00:00,combi,Lying,Lying
2024-09-10 23:40:52.500000+00:00,combi,Lying,Lying
2024-09-10 23:41:52.500000+00:00,combi,Lying,Lying
2024-09-10 23:42:52.500000+00:00,combi,Lying,Lying
2024-09-10 23:43:52.500000+00:00,combi,Lying,Lying
2024-09-10 23:44:52.500000+00:00,combi,Lying,Lying
2024-09-10 23:45:52.500000+00:00,combi,Lying,Lying
2024-09-10 23:46:52.500000+00:00,combi,Lying,Lying
2024-09-10 23:47:52.500000+00:00,combi,Lying,Lying
2024-09-10 23:48:52.500000+00:00,combi,Lying,Lying
2024-09-10 23:49:52.500000+00:00,combi,Lying,Lying
2024-09-10 23:50:52.500000+00:00,combi,Lying,Lying
2024-09-10 23:51:52.500000+00:00,combi,Sitting,Sitting
2024-09-10 23:52:52.500000+00:00,combi,Sitting,Sitting
2024-09-10 23:53:52.500000+00:00,combi,Sitting,Sitting
2024-09-10 23:54:52.500000+00:00,combi,Sitting,Sitting
2024-09-10 23:55:52.500000+00:00,combi,Sitting,Sitting
2024-09-10 23:56:52.500000+00:00,combi,Sitting,Sitting
2024-09-10 23:57:52.500000+00:00,combi,Lying,Sitting
2024-09-10 23:58:52.500000+00:00,combi,Sitting,Sitting
2024-09-10 23:59:52.500000+00:00,combi,Sitting,Sitting
2024-09-11 00:00:52.500000+00:00,combi,Sitting,Sitting
2024-09-11 00:01:52.500000+00:00,combi,Sitting,Sitting
2024-09-11 00:02:52.500000+00:00,combi,Sitting,Sitting
2024-09-11 00:03:52.500000+00:00,combi,Sitting,Sitting
2024-09-11 00:04:52.500000+00:00,combi,Sitting,Sitting
2024-09-11 00:05:52.500000+00:00,combi,Sitting,Sitting
2024-09-11 00:06:52.500000+00:00,combi,Sitting,Sitting
2024-09-11 00:07:52.500000+00:00,combi,Sitting,Sitting
2024-09-11 00:08:52.500000+00:00,combi,Sitting,Sitting
2024-09-11 00:09:52.500000+00:00,combi,Sitting,Sitting
2024-09-11 00:10:52.500000+00:00,combi,Sitting,Sitting
2024-09-11 00:11:52.500000+00:00,combi,Lying,Lying
2024-09-11 00:12:52.500000+00:00,combi,Lying,Lying
2024-09-11 00:13:52.500000+00:00,combi,Lying,Lying
2024-09-11 00:14:52.500000+00:00,combi,Lying,Lying
2024-09-11 00:15:52.500000+00:00,combi,Lying,Lying
2024-09-11 00:16:52.500000+00:00,combi,Lying,Lying
2024-09-11 00:17:52.500000+00:00,combi,Lying,Lying
2024-09-11 00:18:52.500000+00:00,combi,Lying,Lying
2024-09-11 00:19:52.500000+00:00,combi,Lying,Lying
2024-09-11 00:20:52.500000+00:00,combi,Lying,Lying
2024-09-11 00:21:52.500000+00:00,combi,Lying,Lying
2024-09-11 00:22:52.500000+00:00,combi,Lying,Lying
2024-09-11 00:23:52.500000+00:00,combi,Lying,Lying
2024-09-11 00:24:52.500000+00:00,combi,Lying,Lying
2024-09-11 00:25:52.500000+00:00,combi,Lying,Lying
2024-09-11 00:26:52.500000+00:00,combi,Lying,Lying
2024-09-11 00:27:52.500000+00:00,combi,Lying,Lying
2024-09-11 00:28:52.500000+00:00,combi,Lying,Lying
2024-09-11 00:29:52.500000+00:00,combi,Lying,Lying
2024-09-11 00:30:52.500000+00:00,combi,Lying,Lying
2024-09-11 00:31:52.500000+00:00,combi,Lying,Lying
2024-09-11 00:32:52.500000+00:00,combi,Lying,Lying
2024-09-11 00:33:52.500000+00:00,combi,Lying,Lying
2024-09-11 00:34:52.500000+00:00,combi,Lying,Lying
2024-09-11 00:35:52.500000+00:00,combi,Lying,Lying
2024-09-11 00:36:52.500000+00:00,combi,Lying,Lying
2024-09-11 00:37:52.500000+00:00,combi,Lying,Lying
2024-09-11 00:38:52.500000+00:00,combi,Lying,Lying
2024-09-11 00:39:52.500000+00:00,combi,Lying,Lying
2024-09-11 00:40:52.500000+00:00,combi,Lying,Lying
2024-09-11 00:41:52.500000+00:00,combi,Lying,Lying
2024-09-11 00:42:52.500000+00:00,combi,Lying,Lying
2024-09-11 00:43:52.500000+00:00,combi,Lying,Lying
2024-09-11 00:44:52.500000+00:00,combi,Lying,Lying
2024-09-11 00:45:52.500000+00:00,combi,Lying,Lying
2024-09-11 00:46:52.500000+00:00,combi,Lying,Lying
2024-09-11 00:47:52.500000+00:00,combi,Lying,Lying
2024-09-11 00:48:52.500000+00:00,combi,Lying,Lying
2024-09-11 00:49:52.500000+00:00,combi,Lying,Lying
2024-09-11 00:50:52.500000+00:00,combi,Lying,Lying
2024-09-11 00:51:52.500000+00:00,combi,Lying,Lying
2024-09-11 00:52:52.500000+00:00,combi,Lying,Lying
2024-09-11 00:53:52.500000+00:00,combi,Lying,Lying
2024-09-11 00:54:52.500000+00:00,combi,Lying,Lying
2024-09-11 00:55:52.500000+00:00,combi,Lying,Lying
2024-09-11 00:56:52.500000+00:00,combi,Lying,Lying
2024-09-11 00:57:52.500000+00:00,combi,Lying,Lying
2024-09-11 00:58:52.500000+00:00,combi,Lying,Lying
2024-09-11 00:59:52.500000+00:00,combi,Lying,Lying
2024-09-11 01:00:52.500000+00:00,combi,Lying,Lying
2024-09-11 01:01:52.500000+00:00,combi,Lying,Lying
2024-09-11 01:02:52.500000+00:00,combi,Lying,Lying
2024-09-11 01:03:52.500000+00:00,combi,Lying,Lying
2024-09-11 01:04:52.500000+00:00,combi,Lying,Lying
2024-09-11 01:05:52.500000+00:00,combi,Lying,Lying
2024-09-11 01:06:52.500000+00:00,combi,Lying,Lying
2024-09-11 01:07:52.500000+00:00,combi,Lying,Lying
2024-09-11 01:08:52.500000+00:00,combi,Lying,Lying
2024-09-11 01:09:52.500000+00:00,combi,Lying,Lying
2024-09-11 01:10:52.500000+00:00,combi,Lying,Lying
2024-09-11 01:11:52.500000+00:00,combi,Lying,Lying
2024-09-11 01:12:52.500000+00:00,combi,Lying,Lying
2024-09-11 01:13:52.500000+00:00,combi,Lying,Lying
2024-09-11 01:14:52.500000+00:00,combi,Lying,Lying
2024-09-11 01:15:52.500000+00:00,combi,Lying,Lying
2024-09-11 01:16:52.500000+00:00,combi,Lying,Lying
2024-09-11 01:17:52.500000+00:00,combi,Lying,Lying
2024-09-11 01:18:52.500000+00:00,combi,Lying,Lying
2024-09-11 01:19:52.500000+00:00,combi,Lying,Lying
2024-09-11 01:20:52.500000+00:00,combi,Lying,Lying
2024-09-11 01:21:52.500000+00:00,combi,Lying,Lying
2024-09-11 01:22:52.500000+00:00,combi,Lying,Lying
2024-09-11 01:23:52.500000+00:00,combi,Lying,Lying
2024-09-11 01:24:52.500000+00:00,combi,Lying,Lying
2024-09-11 01:25:52.500000+00:00,combi,Lying,Lying
2024-09-11 01:26:52.500000+00:00,combi,Lying,Lying
2024-09-11 01:27:52.500000+00:00,combi,Lying,Lying
2024-09-11 01:28:52.500000+00:00,combi,Lying,Lying
2024-09-11 01:29:52.500000+00:00,combi,Lying,Lying
2024-09-11 01:30:52.500000+00:00,combi,Lying,Lying
2024-09-11 01:31:52.500000+00:00,combi,Lying,Lying
2024-09-11 01:32:52.500000+00:00,combi,Lying,Lying
2024-09-11 01:33:52.500000+00:00,combi,Lying,Lying
2024-09-11 01:34:52.500000+00:00,combi,Lying,Lying
2024-09-11 01:35:52.500000+00:00,combi,Lying,Lying
2024-09-11 01:36:52.500000+00:00,combi,Lying,Lying
2024-09-11 01:37:52.500000+00:00,combi,Lying,Lying
2024-09-11 01:38:52.500000+00:00,combi,Lying,Lying
2024-09-11 01:39:52.500000+00:00,combi,Lying,Lying
2024-09-11 01:40:52.500000+00:00,combi,Lying,Lying
2024-09-11 01:41:52.500000+00:00,combi,Lying,Lying
2024-09-11 01:42:52.500000+00:00,combi,Lying,Lying
2024-09-11 01:43:52.500000+00:00,combi,Lying,Lying
2024-09-11 01:44:52.500000+00:00,combi,Lying,Lying
2024-09-11 01:45:52.500000+00:00,combi,Lying,Lying
2024-09-11 01:46:52.500000+00:00,combi,Lying,Lying
2024-09-11 01:47:52.500000+00:00,combi,Lying,Lying
2024-09-11 01:48:52.500000+00:00,combi,Lying,Lying
2024-09-11 01:49:52.500000+00:00,combi,Lying,Lying
2024-09-11 01:50:52.500000+00:00,combi,Lying,Lying
2024-09-11 01:51:52.500000+00:00,combi,Lying,Lying
2024-09-11 01:52:52.500000+00:00,combi,Lying,Lying
2024-09-11 01:53:52.500000+00:00,combi,Lying,Lying
2024-09-11 01:54:52.500000+00:00,combi,Lying,Lying
2024-09-11 01:55:52.500000+00:00,combi,Lying,Lying
2024-09-11 01:56:52.500000+00:00,combi,Lying,Lying
2024-09-11 01:57:52.500000+00:00,combi,Lying,Lying
2024-09-11 01:58:52.500000+00:00,combi,Lying,Lying
2024-09-11 01:59:52.500000+00:00,combi,Lying,Lying
2024-09-11 02:00:52.500000+00:00,combi,Lying,Lying
2024-09-11 02:01:52.500000+00:00,combi,Lying,Lying
2024-09-11 02:02:52.500000+00:00,combi,Lying,Lying
2024-09-11 02:03:52.500000+00:00,combi,Lying,Lying
2024-09-11 02:04:52.500000+00:00,combi,Lying,Lying
2024-09-11 02:05:52.500000+00:00,combi,Lying,Lying
2024-09-11 02:06:52.500000+00:00,combi,Lying,Lying
2024-09-11 02:07:52.500000+00:00,combi,Lying,Lying
2024-09-11 02:08:52.500000+00:00,combi,Lying,Lying
2024-09-11 02:09:52.500000+00:00,combi,Lying,Lying
2024-09-11 02:10:52.500000+00:00,combi,Lying,Lying
2024-09-11 02:11:52.500000+00:00,combi,Lying,Lying
2024-09-11 02:12:52.500000+00:00,combi,Lying,Lying
2024-09-11 02:13:52.500000+00:00,combi,Lying,Lying
2024-09-11 02:14:52.500000+00:00,combi,Lying,Lying
2024-09-11 02:15:52.500000+00:00,combi,Lying,Lying
2024-09-11 02:16:52.500000+00:00,combi,Lying,Lying
2024-09-11 02:17:52.500000+00:00,combi,Lying,Lying
2024-09-11 02:18:52.500000+00:00,combi,Lying,Lying
2024-09-11 02:19:52.500000+00:00,combi,Lying,Lying
2024-09-11 02:20:52.500000+00:00,combi,Lying,Lying
2024-09-11 02:21:52.500000+00:00,combi,Lying,Lying
2024-09-11 02:22:52.500000+00:00,combi,Lying,Lying
2024-09-11 02:23:52.500000+00:00,combi,Lying,Lying
2024-09-11 02:24:52.500000+00:00,combi,Lying,Lying
2024-09-11 02:25:52.500000+00:00,combi,Lying,Lying
2024-09-11 02:26:52.500000+00:00,combi,Lying,Lying
2024-09-11 02:27:52.500000+00:00,combi,Lying,Lying
2024-09-11 02:28:52.500000+00:00,combi,Lying,Lying
2024-09-11 02:29:52.500000+00:00,combi,Lying,Lying
2024-09-11 02:30:52.500000+00:00,combi,Lying,Lying
2024-09-11 02:31:52.500000+00:00,combi,Lying,Lying
2024-09-11 02:32:52.500000+00:00,combi,Lying,Lying
2024-09-11 02:33:52.500000+00:00,combi,Lying,Lying
2024-09-11 02:34:52.500000+00:00,combi,Lying,Lying
2024-09-11 02:35:52.500000+00:00,combi,Lying,Lying
2024-09-11 02:36:52.500000+00:00,combi,Lying,Lying
2024-09-11 02:37:52.500000+00:00,combi,Lying,Lying
2024-09-11 02:38:52.500000+00:00,combi,Lying,Lying
2024-09-11 02:39:52.500000+00:00,combi,Lying,Lying
2024-09-11 02:40:52.500000+00:00,combi,Sitting,Sitting
2024-09-11 02:41:52.500000+00:00,combi,Sitting,Sitting
2024-09-11 02:42:52.500000+00:00,combi,Sitting,Sitting
2024-09-11 02:43:52.500000+00:00,combi,Sitting,Sitting
2024-09-11 02:44:52.500000+00:00,combi,Sitting,Sitting
2024-09-11 02:45:52.500000+00:00,combi,Sitting,Sitting
2024-09-11 02:46:52.500000+00:00,combi,Sitting,Sitting
2024-09-11 02:47:52.500000+00:00,combi,Sitting,Sitting
2024-09-11 02:48:52.500000+00:00,combi,Sitting,Sitting
2024-09-11 02:49:52.500000+00:00,combi,Sitting,Sitting
2024-09-11 02:50:52.500000+00:00,combi,Sitting,Sitting
2024-09-11 02:51:52.500000+00:00,combi,Sitting,Sitting
2024-09-11 02:52:52.500000+00:00,combi,Sitting,Sitting
2024-09-11 02:53:52.500000+00:00,combi,Sitting,Sitting
2024-09-11 02:54:52.500000+00:00,combi,Sitting,Sitting
2024-09-11 02:55:52.500000+00:00,combi,Sitting,Sitting
2024-09-11 02:56:52.500000+00:00,combi,Sitting,Sitting
2024-09-11 02:57:52.500000+00:00,combi,Sitting,Sitting
2024-09-11 02:58:52.500000+00:00,combi,Sitting,Sitting
2024-09-11 02:59:52.500000+00:00,combi,Sitting,Sitting
2024-09-11 03:00:52.500000+00:00,combi,Sitting,Sitting
2024-09-11 03:01:52.500000+00:00,combi,Sitting,Sitting
2024-09-11 03:02:52.500000+00:00,combi,Sitting,Sitting
2024-09-11 03:03:52.500000+00:00,combi,Sitting,Sitting
2024-09-11 03:04:52.500000+00:00,combi,Sitting,Sitting
2024-09-11 03:05:52.500000+00:00,combi,Sitting,Sitting
2024-09-11 03:06:52.500000+00:00,combi,Sitting,Sitting
2024-09-11 03:07:52.500000+00:00,combi,Sitting,Sitting
2024-09-11 03:08:52.500000+00:00,combi,Sitting,Sitting
2024-09-11 03:09:52.500000+00:00,combi,Sitting,Sitting
2024-09-11 03:10:52.500000+00:00,combi,Sitting,Sitting
2024-09-11 03:11:52.500000+00:00,combi,Sitting,Sitting
2024-09-11 03:12:52.500000+00:00,combi,Sitting,Sitting
2024-09-11 03:13:52.500000+00:00,combi,Sitting,Sitting
2024-09-11 03:14:52.500000+00:00,combi,Sitting,Sitting
2024-09-11 03:15:52.500000+00:00,combi,Sitting,Sitting
2024-09-11 03:16:52.500000+00:00,combi,Sitting,Sitting
2024-09-11 03:17:52.500000+00:00,combi,Sitting,Sitting
2024-09-11 03:18:52.500000+00:00,combi,Sitting,Sitting
2024-09-11 03:19:52.500000+00:00,combi,Sitting,Sitting
2024-09-11 03:20:52.500000+00:00,combi,Sitting,Sitting
2024-09-11 03:21:52.500000+00:00,combi,Sitting,Sitting
2024-09-11 03:22:52.500000+00:00,combi,Sitting,Sitting
2024-09-11 03:23:52.500000+00:00,combi,Lying,Lying
2024-09-11 03:24:52.500000+00:00,combi,Lying,Lying
2024-09-11 03:25:52.500000+00:00,combi,Lying,Lying
2024-09-11 03:26:52.500000+00:00,combi,Lying,Lying
2024-09-11 03:27:52.500000+00:00,combi,Lying,Lying
2024-09-11 03:28:52.500000+00:00,combi,Lying,Lying
2024-09-11 03:29:52.500000+00:00,combi,Lying,Lying
2024-09-11 03:30:52.500000+00:00,combi,Lying,Lying
2024-09-11 03:31:52.500000+00:00,combi,Lying,Lying
2024-09-11 03:32:52.500000+00:00,combi,Lying,Lying
2024-09-11 03:33:52.500000+00:00,combi,Lying,Lying
2024-09-11 03:34:52.500000+00:00,combi,Lying,Lying
2024-09-11 03:35:52.500000+00:00,combi,Lying,Lying
2024-09-11 03:36:52.500000+00:00,combi,Lying,Lying
2024-09-11 03:37:52.500000+00:00,combi,Lying,Lying
2024-09-11 03:38:52.500000+00:00,combi,Lying,Lying
2024-09-11 03:39:52.500000+00:00,combi,Lying,Lying
2024-09-11 03:40:52.500000+00:00,combi,Lying,Lying
2024-09-11 03:41:52.500000+00:00,combi,Sitting,Sitting
2024-09-11 03:42:52.500000+00:00,combi,Sitting,Sitting
2024-09-11 03:43:52.500000+00:00,combi,Sitting,Sitting
2024-09-11 03:44:52.500000+00:00,combi,Lying,Lying
2024-09-11 03:45:52.500000+00:00,combi,Lying,Lying
2024-09-11 03:46:52.500000+00:00,combi,Lying,Lying
2024-09-11 03:47:52.500000+00:00,combi,Lying,Lying
2024-09-11 03:48:52.500000+00:00,combi,Lying,Lying
2024-09-11 03:49:52.500000+00:00,combi,Lying,Lying
2024-09-11 03:50:52.500000+00:00,combi,Lying,Lying
2024-09-11 03:51:52.500000+00:00,combi,Lying,Lying
2024-09-11 03:52:52.500000+00:00,combi,Lying,Lying
2024-09-11 03:53:52.500000+00:00,combi,Lying,Lying
2024-09-11 03:54:52.500000+00:00,combi,Lying,Lying
2024-09-11 03:55:52.500000+00:00,combi,Lying,Lying
2024-09-11 03:56:52.500000+00:00,combi,Lying,Lying
2024-09-11 03:57:52.500000+00:00,combi,Lying,Lying
2024-09-11 03:58:52.500000+00:00,combi,Lying,Lying
2024-09-11 03:59:52.500000+00:00,combi,Lying,Lying
2024-09-11 04:00:52.500000+00:00,combi,Lying,Lying
2024-09-11 04:01:52.500000+00:00,combi,Lying,Lying
2024-09-11 04:02:52.500000+00:00,combi,Lying,Lying
2024-09-11 04:03:52.500000+00:00,combi,Lying,Lying
2024-09-11 04:04:52.500000+00:00,combi,Lying,Lying
2024-09-11 04:05:52.500000+00:00,combi,Lying,Lying
2024-09-11 04:06:52.500000+00:00,combi,Lying,Lying
2024-09-11 04:07:52.500000+00:00,combi,Lying,Lying
2024-09-11 04:08:52.500000+00:00,combi,Lying,Lying
2024-09-11 04:09:52.500000+00:00,combi,Lying,Lying
2024-09-11 04:10:52.500000+00:00,combi,Lying,Lying
2024-09-11 04:11:52.500000+00:00,combi,Lying,Lying
2024-09-11 04:12:52.500000+00:00,combi,Lying,Lying
2024-09-11 04:13:52.500000+00:00,combi,Lying,Lying
2024-09-11 04:14:52.500000+00:00,combi,Lying,Lying
2024-09-11 04:15:52.500000+00:00,combi,Lying,Lying
2024-09-11 04:16:52.500000+00:00,combi,Lying,Lying
2024-09-11 04:17:52.500000+00:00,combi,Lying,Lying
2024-09-11 04:18:52.500000+00:00,combi,Lying,Lying
2024-09-11 04:19:52.500000+00:00,combi,Lying,Lying
2024-09-11 04:20:52.500000+00:00,combi,Lying,Lying
2024-09-11 04:21:52.500000+00:00,combi,Lying,Lying
2024-09-11 04:22:52.500000+00:00,combi,Lying,Lying
2024-09-11 04:23:52.500000+00:00,combi,Lying,Lying
2024-09-11 04:24:52.500000+00:00,combi,Lying,Lying
2024-09-11 04:25:52.500000+00:00,combi,Lying,Lying
2024-09-11 04:26:52.500000+00:00,combi,Lying,Lying
2024-09-11 04:27:52.500000+00:00,combi,Lying,Lying
2024-09-11 04:28:52.500000+00:00,combi,Lying,Lying
2024-09-11 04:29:52.500000+00:00,combi,Lying,Lying
2024-09-11 04:30:52.500000+00:00,combi,Lying,Lying
2024-09-11 04:31:52.500000+00:00,combi,Lying,Lying
2024-09-11 04:32:52.500000+00:00,combi,Lying,Lying
2024-09-11 04:33:52.500000+00:00,combi,Lying,Lying
2024-09-11 04:34:52.500000+00:00,combi,Lying,Lying
2024-09-11 04:35:52.500000+00:00,combi,Lying,Lying
2024-09-11 04:36:52.500000+00:00,combi,Lying,Lying
2024-09-11 04:37:52.500000+00:00,combi,Lying,Lying
2024-09-11 04:38:52.500000+00:00,combi,Lying,Lying
2024-09-11 04:39:52.500000+00:00,combi,Lying,Lying
2024-09-11 04:40:52.500000+00:00,combi,Lying,Lying
2024-09-11 04:41:52.500000+00:00,combi,Lying,Lying
2024-09-11 04:42:52.500000+00:00,combi,Lying,Lying
2024-09-11 04:43:52.500000+00:00,combi,Lying,Lying
2024-09-11 04:44:52.500000+00:00,combi,Lying,Lying
2024-09-11 04:45:52.500000+00:00,combi,Lying,Lying
2024-09-11 04:46:52.500000+00:00,combi,Lying,Lying
2024-09-11 04:47:52.500000+00:00,combi,Lying,Lying
2024-09-11 04:48:52.500000+00:00,combi,Lying,Lying
2024-09-11 04:49:52.500000+00:00,combi,Lying,Lying
2024-09-11 04:50:52.500000+00:00,combi,Lying,Lying
2024-09-11 04:51:52.500000+00:00,combi,Lying,Lying
2024-09-11 04:52:52.500000+00:00,combi,Lying,Lying
2024-09-11 04:53:52.500000+00:00,combi,Lying,Lying
2024-09-11 04:54:52.500000+00:00,combi,Lying,Lying
2024-09-11 04:55:52.500000+00:00,combi,Lying,Lying
2024-09-11 04:56:52.500000+00:00,combi,Lying,Lying
2024-09-11 04:57:52.500000+00:00,combi,Lying,Lying
2024-09-11 04:58:52.500000+00:00,combi,Lying,Lying
2024-09-11 04:59:52.500000+00:00,combi,Lying,Lying
2024-09-11 05:00:52.500000+00:00,combi,Lying,Lying
2024-09-11 05:01:52.500000+00:00,combi,Lying,Lying
2024-09-11 05:02:52.500000+00:00,combi,Lying,Lying
2024-09-11 05:03:52.500000+00:00,combi,Lying,Lying
2024-09-11 05:04:52.500000+00:00,combi,Lying,Lying
2024-09-11 05:05:52.500000+00:00,combi,Lying,Lying
2024-09-11 05:06:52.500000+00:00,combi,Lying,Lying
2024-09-11 05:07:52.500000+00:00,combi,Lying,Lying
2024-09-11 05:08:52.500000+00:00,combi,Lying,Lying
2024-09-11 05:09:52.500000+00:00,combi,Lying,Lying
2024-09-11 05:10:52.500000+00:00,combi,Lying,Lying
2024-09-11 05:11:52.500000+00:00,combi,Lying,Lying
2024-09-11 05:12:52.500000+00:00,combi,Lying,Lying
2024-09-11 05:13:52.500000+00:00,combi,Lying,Lying
2024-09-11 05:14:52.500000+00:00,combi,Lying,Lying
2024-09-11 05:15:52.500000+00:00,combi,Lying,Lying
2024-09-11 05:16:52.500000+00:00,combi,Lying,Lying
2024-09-11 05:17:52.500000+00:00,combi,Lying,Lying
2024-09-11 05:18:52.500000+00:00,combi,Lying,Lying
2024-09-11 05:19:52.500000+00:00,combi,Lying,Lying
2024-09-11 05:20:52.500000+00:00,combi,Lying,Lying
2024-09-11 05:21:52.500000+00:00,combi,Lying,Lying
2024-09-11 05:22:52.500000+00:00,combi,Lying,Lying
2024-09-11 05:23:52.500000+00:00,combi,Lying,Lying
2024-09-11 05:24:52.500000+00:00,combi,Lying,Lying
2024-09-11 05:25:52.500000+00:00,combi,Lying,Lying
2024-09-11 05:26:52.500000+00:00,combi,Lying,Lying
2024-09-11 05:27:52.500000+00:00,combi,Lying,Lying
2024-09-11 05:28:52.500000+00:00,combi,Lying,Lying
2024-09-11 05:29:52.500000+00:00,combi,Lying,Lying
2024-09-11 05:30:52.500000+00:00,combi,Lying,Lying
2024-09-11 05:31:52.500000+00:00,combi,Lying,Lying
2024-09-11 05:32:52.500000+00:00,combi,Lying,Lying
2024-09-11 05:33:52.500000+00:00,combi,Lying,Lying
2024-09-11 05:34:52.500000+00:00,combi,Lying,Lying
2024-09-11 05:35:52.500000+00:00,combi,Lying,Lying
2024-09-11 05:36:52.500000+00:00,combi,Lying,Lying
2024-09-11 05:37:52.500000+00:00,combi,Lying,Lying
2024-09-11 05:38:52.500000+00:00,combi,Lying,Lying
2024-09-11 05:39:52.500000+00:00,combi,Lying,Lying
2024-09-11 05:40:52.500000+00:00,combi,Lying,Lying
2024-09-11 05:41:52.500000+00:00,combi,Lying,Lying
2024-09-11 05:42:52.500000+00:00,combi,Lying,Lying
2024-09-11 05:43:52.500000+00:00,combi,Lying,Lying
2024-09-11 05:44:52.500000+00:00,combi,Lying,Lying
2024-09-11 05:45:52.500000+00:00,combi,Lying,Lying
2024-09-11 05:46:52.500000+00:00,combi,Sitting,Sitting
2024-09-11 05:47:52.500000+00:00,combi,Sitting,Sitting
2024-09-11 05:48:52.500000+00:00,combi,Sitting,Sitting
2024-09-11 05:49:52.500000+00:00,combi,Lying,Sitting
