Time,Participant,Majority_postures,Majority_including_dynamic
2024-07-09 09:32:46.500000+00:00,combi,Sitting,Sitting
2024-07-09 09:33:46.500000+00:00,combi,Standing,Standing
2024-07-09 09:34:46.500000+00:00,combi,Standing,Standing
2024-07-09 09:35:46.500000+00:00,combi,Standing,Dynamic
2024-07-09 09:36:46.500000+00:00,combi,Standing,Standing
2024-07-09 09:37:46.500000+00:00,combi,Standing,Standing
2024-07-09 09:38:46.500000+00:00,combi,Standing,Standing
2024-07-09 09:39:46.500000+00:00,combi,Sitting,Dynamic
2024-07-09 09:40:46.500000+00:00,combi,Standing,Standing
2024-07-09 09:41:46.500000+00:00,combi,Standing,Sitting
2024-07-09 09:42:46.500000+00:00,combi,Standing,Standing
2024-07-09 09:43:46.500000+00:00,combi,Standing,Standing
2024-07-09 09:44:46.500000+00:00,combi,Standing,Standing
2024-07-09 09:45:46.500000+00:00,combi,Standing,Standing
2024-07-09 09:46:46.500000+00:00,combi,Standing,Standing
2024-07-09 09:47:46.500000+00:00,combi,Standing,Standing
2024-07-09 09:48:46.500000+00:00,combi,Sitting,Sitting
2024-07-09 09:49:46.500000+00:00,combi,Standing,Standing
2024-07-09 09:50:46.500000+00:00,combi,Standing,Standing
2024-07-09 09:51:46.500000+00:00,combi,Standing,Standing
2024-07-09 09:52:46.500000+00:00,combi,Standing,Standing
2024-07-09 09:53:46.500000+00:00,combi,Standing,Standing
2024-07-09 09:54:46.500000+00:00,combi,Standing,Standing
2024-07-09 09:55:46.500000+00:00,combi,Standing,Standing
2024-07-09 09:56:46.500000+00:00,combi,Standing,Standing
2024-07-09 09:57:46.500000+00:00,combi,Standing,Standing
2024-07-09 09:58:46.500000+00:00,combi,Sitting,Sitting
2024-07-09 09:59:46.500000+00:00,combi,Lying,Lying
2024-07-09 10:00:46.500000+00:00,combi,Lying,Lying
2024-07-09 10:01:46.500000+00:00,combi,Lying,Lying
2024-07-09 10:02:46.500000+00:00,combi,Standing,Dynamic
2024-07-09 10:03:46.500000+00:00,combi,Standing,Standing
2024-07-09 10:04:46.500000+00:00,combi,Standing,Standing
2024-07-09 10:05:46.500000+00:00,combi,Standing,Standing
2024-07-09 10:06:46.500000+00:00,combi,Standing,Standing
2024-07-09 10:07:46.500000+00:00,combi,Standing,Standing
2024-07-09 10:08:46.500000+00:00,combi,Standing,Standing
2024-07-09 10:09:46.500000+00:00,combi,Standing,Standing
2024-07-09 10:10:46.500000+00:00,combi,Standing,Standing
2024-07-09 10:11:46.500000+00:00,combi,Standing,Standing
2024-07-09 10:12:46.500000+00:00,combi,Standing,Standing
2024-07-09 10:13:46.500000+00:00,combi,Sitting,Sitting
2024-07-09 10:14:46.500000+00:00,combi,Standing,Standing
2024-07-09 10:15:46.500000+00:00,combi,Standing,Standing
2024-07-09 10:16:46.500000+00:00,combi,Sitting,Sitting
2024-07-09 10:17:46.500000+00:00,combi,Sitting,Sitting
2024-07-09 10:18:46.500000+00:00,combi,Standing,Standing
2024-07-09 10:19:46.500000+00:00,combi,Standing,Standing
2024-07-09 10:20:46.500000+00:00,combi,Standing,Standing
2024-07-09 10:21:46.500000+00:00,combi,Standing,Standing
2024-07-09 10:22:46.500000+00:00,combi,Lying,Lying
2024-07-09 10:23:46.500000+00:00,combi,Lying,Lying
2024-07-09 10:24:46.500000+00:00,combi,Lying,Lying
2024-07-09 10:25:46.500000+00:00,combi,Lying,Lying
2024-07-09 10:26:46.500000+00:00,combi,Lying,Lying
2024-07-09 10:27:46.500000+00:00,combi,Lying,Lying
2024-07-09 10:28:46.500000+00:00,combi,Lying,Lying
2024-07-09 10:29:46.500000+00:00,combi,Lying,Lying
2024-07-09 10:30:46.500000+00:00,combi,Lying,Lying
2024-07-09 10:31:46.500000+00:00,combi,Lying,Lying
2024-07-09 10:32:46.500000+00:00,combi,Lying,Lying
2024-07-09 10:33:46.500000+00:00,combi,Standing,Dynamic
2024-07-09 10:34:46.500000+00:00,combi,Sitting,Sitting
2024-07-09 10:35:46.500000+00:00,combi,Sitting,Sitting
2024-07-09 10:36:46.500000+00:00,combi,Sitting,Sitting
2024-07-09 10:37:46.500000+00:00,combi,Sitting,Sitting
2024-07-09 10:38:46.500000+00:00,combi,Sitting,Sitting
2024-07-09 10:39:46.500000+00:00,combi,Sitting,Sitting
2024-07-09 10:40:46.500000+00:00,combi,Sitting,Sitting
2024-07-09 10:41:46.500000+00:00,combi,Sitting,Sitting
2024-07-09 10:42:46.500000+00:00,combi,Sitting,Sitting
2024-07-09 10:43:46.500000+00:00,combi,Sitting,Sitting
2024-07-09 10:44:46.500000+00:00,combi,Sitting,Sitting
2024-07-09 10:45:46.500000+00:00,combi,Sitting,Sitting
2024-07-09 10:46:46.500000+00:00,combi,Sitting,Sitting
2024-07-09 10:47:46.500000+00:00,combi,Standing,Standing
2024-07-09 10:48:46.500000+00:00,combi,Standing,Standing
2024-07-09 10:49:46.500000+00:00,combi,Standing,Standing
2024-07-09 10:50:46.500000+00:00,combi,Standing,Standing
2024-07-09 10:51:46.500000+00:00,combi,Standing,Standing
2024-07-09 10:52:46.500000+00:00,combi,Standing,Standing
2024-07-09 10:53:46.500000+00:00,combi,Standing,Standing
2024-07-09 10:54:46.500000+00:00,combi,Sitting,Sitting
2024-07-09 10:55:46.500000+00:00,combi,Standing,Standing
2024-07-09 10:56:46.500000+00:00,combi,Standing,Standing
2024-07-09 10:57:46.500000+00:00,combi,Standing,Standing
2024-07-09 10:58:46.500000+00:00,combi,Standing,Standing
2024-07-09 10:59:46.500000+00:00,combi,Standing,Standing
2024-07-09 11:00:46.500000+00:00,combi,Standing,Standing
2024-07-09 11:01:46.500000+00:00,combi,Standing,Dynamic
2024-07-09 11:02:46.500000+00:00,combi,Standing,Dynamic
2024-07-09 11:03:46.500000+00:00,combi,Lying,Dynamic
2024-07-09 11:04:46.500000+00:00,combi,Standing,Dynamic
2024-07-09 11:05:46.500000+00:00,combi,Standing,Dynamic
2024-07-09 11:06:46.500000+00:00,combi,Standing,Dynamic
2024-07-09 11:07:46.500000+00:00,combi,Sitting,Dynamic
2024-07-09 11:08:46.500000+00:00,combi,Sitting,Dynamic
2024-07-09 11:09:46.500000+00:00,combi,Sitting,Dynamic
2024-07-09 11:10:46.500000+00:00,combi,Standing,Dynamic
2024-07-09 11:11:46.500000+00:00,combi,Standing,Dynamic
2024-07-09 11:12:46.500000+00:00,combi,Sitting,Dynamic
2024-07-09 11:13:46.500000+00:00,combi,Sitting,Dynamic
2024-07-09 11:14:46.500000+00:00,combi,Sitting,Dynamic
2024-07-09 11:15:46.500000+00:00,combi,Standing,Dynamic
2024-07-09 11:16:46.500000+00:00,combi,Sitting,Dynamic
2024-07-09 11:17:46.500000+00:00,combi,Sitting,Dynamic
2024-07-09 11:18:46.500000+00:00,combi,Sitting,Dynamic
2024-07-09 11:19:46.500000+00:00,combi,Sitting,Dynamic
2024-07-09 11:20:46.500000+00:00,combi,Standing,Dynamic
2024-07-09 11:21:46.500000+00:00,combi,Sitting,Dynamic
2024-07-09 11:22:46.500000+00:00,combi,Sitting,Dynamic
2024-07-09 11:23:46.500000+00:00,combi,Sitting,Sitting
2024-07-09 11:24:46.500000+00:00,combi,Sitting,Sitting
2024-07-09 11:25:46.500000+00:00,combi,Sitting,Sitting
2024-07-09 11:26:46.500000+00:00,combi,Sitting,Sitting
2024-07-09 11:27:46.500000+00:00,combi,Sitting,Sitting
2024-07-09 11:28:46.500000+00:00,combi,Sitting,Sitting
2024-07-09 11:29:46.500000+00:00,combi,Standing,Sitting
2024-07-09 11:30:46.500000+00:00,combi,Sitting,Sitting
2024-07-09 11:31:46.500000+00:00,combi,Sitting,Dynamic
2024-07-09 11:32:46.500000+00:00,combi,Sitting,Dynamic
2024-07-09 11:33:46.500000+00:00,combi,Standing,Dynamic
2024-07-09 11:34:46.500000+00:00,combi,Standing,Dynamic
2024-07-09 11:35:46.500000+00:00,combi,Sitting,Sitting
2024-07-09 11:36:46.500000+00:00,combi,Sitting,Sitting
2024-07-09 11:37:46.500000+00:00,combi,Sitting,Sitting
2024-07-09 11:38:46.500000+00:00,combi,Sitting,Sitting
2024-07-09 11:39:46.500000+00:00,combi,Sitting,Sitting
2024-07-09 11:40:46.500000+00:00,combi,Sitting,Sitting
2024-07-09 11:41:46.500000+00:00,combi,Sitting,Sitting
2024-07-09 11:42:46.500000+00:00,combi,Sitting,Sitting
2024-07-09 11:43:46.500000+00:00,combi,Sitting,Sitting
2024-07-09 11:44:46.500000+00:00,combi,Sitting,Sitting
2024-07-09 11:45:46.500000+00:00,combi,Sitting,Sitting
2024-07-09 11:46:46.500000+00:00,combi,Sitting,Sitting
2024-07-09 11:47:46.500000+00:00,combi,Sitting,Sitting
2024-07-09 11:48:46.500000+00:00,combi,Sitting,Sitting
2024-07-09 11:49:46.500000+00:00,combi,Sitting,Sitting
2024-07-09 11:50:46.500000+00:00,combi,Sitting,Sitting
2024-07-09 11:51:46.500000+00:00,combi,Sitting,Sitting
2024-07-09 11:52:46.500000+00:00,combi,Sitting,Sitting
2024-07-09 11:53:46.500000+00:00,combi,Sitting,Sitting
2024-07-09 11:54:46.500000+00:00,combi,Sitting,Sitting
2024-07-09 11:55:46.500000+00:00,combi,Sitting,Sitting
2024-07-09 11:56:46.500000+00:00,combi,Sitting,Sitting
2024-07-09 11:57:46.500000+00:00,combi,Sitting,Sitting
2024-07-09 11:58:46.500000+00:00,combi,Sitting,Sitting
2024-07-09 11:59:46.500000+00:00,combi,Sitting,Sitting
2024-07-09 12:00:46.500000+00:00,combi,Sitting,Sitting
2024-07-09 12:01:46.500000+00:00,combi,Sitting,Sitting
2024-07-09 12:02:46.500000+00:00,combi,Sitting,Sitting
2024-07-09 12:03:46.500000+00:00,combi,Sitting,Sitting
2024-07-09 12:04:46.500000+00:00,combi,Sitting,Sitting
2024-07-09 12:05:46.500000+00:00,combi,Sitting,Sitting
2024-07-09 12:06:46.500000+00:00,combi,Sitting,Sitting
2024-07-09 12:07:46.500000+00:00,combi,Sitting,Sitting
2024-07-09 12:08:46.500000+00:00,combi,Sitting,Sitting
2024-07-09 12:09:46.500000+00:00,combi,Sitting,Sitting
2024-07-09 12:10:46.500000+00:00,combi,Sitting,Sitting
2024-07-09 12:11:46.500000+00:00,combi,Sitting,Sitting
2024-07-09 12:12:46.500000+00:00,combi,Standing,Dynamic
2024-07-09 12:13:46.500000+00:00,combi,Sitting,Dynamic
2024-07-09 12:14:46.500000+00:00,combi,Standing,Dynamic
2024-07-09 12:15:46.500000+00:00,combi,Standing,Dynamic
2024-07-09 12:16:46.500000+00:00,combi,Standing,Dynamic
2024-07-09 12:17:46.500000+00:00,combi,Standing,Standing
2024-07-09 12:18:46.500000+00:00,combi,Standing,Dynamic
2024-07-09 12:19:46.500000+00:00,combi,Standing,Dynamic
2024-07-09 12:20:46.500000+00:00,combi,Standing,Dynamic
2024-07-09 12:21:46.500000+00:00,combi,Standing,Standing
2024-07-09 12:22:46.500000+00:00,combi,Standing,Dynamic
2024-07-09 12:23:46.500000+00:00,combi,Sitting,Sitting
2024-07-09 12:24:46.500000+00:00,combi,Sitting,Sitting
2024-07-09 12:25:46.500000+00:00,combi,Standing,Standing
2024-07-09 12:26:46.500000+00:00,combi,Standing,Standing
2024-07-09 12:27:46.500000+00:00,combi,Sitting,Sitting
2024-07-09 12:28:46.500000+00:00,combi,Sitting,Sitting
2024-07-09 12:29:46.500000+00:00,combi,Sitting,Sitting
2024-07-09 12:30:46.500000+00:00,combi,Sitting,Sitting
2024-07-09 12:31:46.500000+00:00,combi,Sitting,Sitting
2024-07-09 12:32:46.500000+00:00,combi,Sitting,Sitting
2024-07-09 12:33:46.500000+00:00,combi,Sitting,Dynamic
2024-07-09 12:34:46.500000+00:00,combi,Standing,Dynamic
2024-07-09 12:35:46.500000+00:00,combi,Standing,Dynamic
2024-07-09 12:36:46.500000+00:00,combi,Standing,Dynamic
2024-07-09 12:37:46.500000+00:00,combi,Sitting,Dynamic
2024-07-09 12:38:46.500000+00:00,combi,Standing,Dynamic
2024-07-09 12:39:46.500000+00:00,combi,Sitting,Dynamic
2024-07-09 12:40:46.500000+00:00,combi,Sitting,Dynamic
2024-07-09 12:41:46.500000+00:00,combi,Sitting,Dynamic
2024-07-09 12:42:46.500000+00:00,combi,Standing,Dynamic
2024-07-09 12:43:46.500000+00:00,combi,Standing,Dynamic
2024-07-09 12:44:46.500000+00:00,combi,Standing,Dynamic
2024-07-09 12:45:46.500000+00:00,combi,Standing,Dynamic
2024-07-09 12:46:46.500000+00:00,combi,Lying,Lying
2024-07-09 12:47:46.500000+00:00,combi,Lying,Lying
2024-07-09 12:48:46.500000+00:00,combi,Lying,Lying
2024-07-09 12:49:46.500000+00:00,combi,Lying,Lying
2024-07-09 12:50:46.500000+00:00,combi,Lying,Lying
2024-07-09 12:51:46.500000+00:00,combi,Lying,Lying
2024-07-09 12:52:46.500000+00:00,combi,Lying,Lying
2024-07-09 12:53:46.500000+00:00,combi,Lying,Lying
2024-07-09 12:54:46.500000+00:00,combi,Lying,Lying
2024-07-09 12:55:46.500000+00:00,combi,Lying,Lying
2024-07-09 12:56:46.500000+00:00,combi,Lying,Lying
2024-07-09 12:57:46.500000+00:00,combi,Lying,Lying
2024-07-09 12:58:46.500000+00:00,combi,Lying,Lying
2024-07-09 12:59:46.500000+00:00,combi,Sitting,Sitting
2024-07-09 13:00:46.500000+00:00,combi,Lying,Lying
2024-07-09 13:01:46.500000+00:00,combi,Lying,Lying
2024-07-09 13:02:46.500000+00:00,combi,Lying,Lying
2024-07-09 13:03:46.500000+00:00,combi,Lying,Lying
2024-07-09 13:04:46.500000+00:00,combi,Lying,Lying
2024-07-09 13:05:46.500000+00:00,combi,Lying,Lying
2024-07-09 13:06:46.500000+00:00,combi,Lying,Lying
2024-07-09 13:07:46.500000+00:00,combi,Lying,Lying
2024-07-09 13:08:46.500000+00:00,combi,Lying,Lying
2024-07-09 13:09:46.500000+00:00,combi,Lying,Lying
2024-07-09 13:10:46.500000+00:00,combi,Sitting,Sitting
2024-07-09 13:11:46.500000+00:00,combi,Sitting,Sitting
2024-07-09 13:12:46.500000+00:00,combi,Lying,Lying
2024-07-09 13:13:46.500000+00:00,combi,Lying,Lying
2024-07-09 13:14:46.500000+00:00,combi,Sitting,Sitting
2024-07-09 13:15:46.500000+00:00,combi,Lying,Lying
2024-07-09 13:16:46.500000+00:00,combi,Lying,Lying
2024-07-09 13:17:46.500000+00:00,combi,Lying,Lying
2024-07-09 13:18:46.500000+00:00,combi,Lying,Lying
2024-07-09 13:19:46.500000+00:00,combi,Sitting,Sitting
2024-07-09 13:20:46.500000+00:00,combi,Sitting,Sitting
2024-07-09 13:21:46.500000+00:00,combi,Sitting,Sitting
2024-07-09 13:22:46.500000+00:00,combi,Sitting,Sitting
2024-07-09 13:23:46.500000+00:00,combi,Sitting,Sitting
2024-07-09 13:24:46.500000+00:00,combi,Sitting,Sitting
2024-07-09 13:25:46.500000+00:00,combi,Sitting,Sitting
2024-07-09 13:26:46.500000+00:00,combi,Sitting,Sitting
2024-07-09 13:27:46.500000+00:00,combi,Sitting,Sitting
2024-07-09 13:28:46.500000+00:00,combi,Sitting,Sitting
2024-07-09 13:29:46.500000+00:00,combi,Sitting,Sitting
2024-07-09 13:30:46.500000+00:00,combi,Sitting,Sitting
2024-07-09 13:31:46.500000+00:00,combi,Sitting,Sitting
2024-07-09 13:32:46.500000+00:00,combi,Sitting,Sitting
2024-07-09 13:33:46.500000+00:00,combi,Sitting,Sitting
2024-07-09 13:34:46.500000+00:00,combi,Sitting,Sitting
2024-07-09 13:35:46.500000+00:00,combi,Sitting,Sitting
2024-07-09 13:36:46.500000+00:00,combi,Sitting,Sitting
2024-07-09 13:37:46.500000+00:00,combi,Sitting,Sitting
2024-07-09 13:38:46.500000+00:00,combi,Sitting,Sitting
2024-07-09 13:39:46.500000+00:00,combi,Lying,Lying
2024-07-09 13:40:46.500000+00:00,combi,Lying,Lying
2024-07-09 13:41:46.500000+00:00,combi,Lying,Lying
2024-07-09 13:42:46.500000+00:00,combi,Lying,Lying
2024-07-09 13:43:46.500000+00:00,combi,Lying,Lying
2024-07-09 13:44:46.500000+00:00,combi,Lying,Lying
2024-07-09 13:45:46.500000+00:00,combi,Lying,Lying
2024-07-09 13:46:46.500000+00:00,combi,Lying,Lying
2024-07-09 13:47:46.500000+00:00,combi,Lying,Lying
2024-07-09 13:48:46.500000+00:00,combi,Lying,Lying
2024-07-09 13:49:46.500000+00:00,combi,Lying,Lying
2024-07-09 13:50:46.500000+00:00,combi,Lying,Lying
2024-07-09 13:51:46.500000+00:00,combi,Lying,Lying
2024-07-09 13:52:46.500000+00:00,combi,Lying,Lying
2024-07-09 13:53:46.500000+00:00,combi,Lying,Lying
2024-07-09 13:54:46.500000+00:00,combi,Lying,Lying
2024-07-09 13:55:46.500000+00:00,combi,Lying,Lying
2024-07-09 13:56:46.500000+00:00,combi,Lying,Lying
2024-07-09 13:57:46.500000+00:00,combi,Lying,Lying
2024-07-09 13:58:46.500000+00:00,combi,Lying,Lying
2024-07-09 13:59:46.500000+00:00,combi,Lying,Lying
2024-07-09 14:00:46.500000+00:00,combi,Lying,Lying
2024-07-09 14:01:46.500000+00:00,combi,Sitting,Sitting
2024-07-09 14:02:46.500000+00:00,combi,Sitting,Sitting
2024-07-09 14:03:46.500000+00:00,combi,Sitting,Sitting
2024-07-09 14:04:46.500000+00:00,combi,Sitting,Sitting
2024-07-09 14:05:46.500000+00:00,combi,Lying,Lying
2024-07-09 14:06:46.500000+00:00,combi,Lying,Lying
2024-07-09 14:07:46.500000+00:00,combi,Lying,Lying
2024-07-09 14:08:46.500000+00:00,combi,Lying,Lying
2024-07-09 14:09:46.500000+00:00,combi,Lying,Lying
2024-07-09 14:10:46.500000+00:00,combi,Lying,Lying
2024-07-09 14:11:46.500000+00:00,combi,Lying,Sitting
2024-07-09 14:12:46.500000+00:00,combi,Standing,Standing
2024-07-09 14:13:46.500000+00:00,combi,Sitting,Sitting
2024-07-09 14:14:46.500000+00:00,combi,Sitting,Sitting
2024-07-09 14:15:46.500000+00:00,combi,Lying,Lying
2024-07-09 14:16:46.500000+00:00,combi,Lying,Lying
2024-07-09 14:17:46.500000+00:00,combi,Sitting,Sitting
2024-07-09 14:18:46.500000+00:00,combi,Sitting,Sitting
2024-07-09 14:19:46.500000+00:00,combi,Sitting,Sitting
2024-07-09 14:20:46.500000+00:00,combi,Sitting,Sitting
2024-07-09 14:21:46.500000+00:00,combi,Sitting,Sitting
2024-07-09 14:22:46.500000+00:00,combi,Sitting,Sitting
2024-07-09 14:23:46.500000+00:00,combi,Sitting,Sitting
2024-07-09 14:24:46.500000+00:00,combi,Sitting,Sitting
2024-07-09 14:25:46.500000+00:00,combi,Standing,Standing
2024-07-09 14:26:46.500000+00:00,combi,Standing,Dynamic
2024-07-09 14:27:46.500000+00:00,combi,Standing,Dynamic
2024-07-09 14:28:46.500000+00:00,combi,Lying,Lying
2024-07-09 14:29:46.500000+00:00,combi,Lying,Lying
2024-07-09 14:30:46.500000+00:00,combi,Lying,Lying
2024-07-09 14:31:46.500000+00:00,combi,Lying,Lying
2024-07-09 14:32:46.500000+00:00,combi,Lying,Lying
2024-07-09 14:33:46.500000+00:00,combi,Lying,Lying
2024-07-09 14:34:46.500000+00:00,combi,Lying,Lying
2024-07-09 14:35:46.500000+00:00,combi,Lying,Lying
2024-07-09 14:36:46.500000+00:00,combi,Lying,Lying
2024-07-09 14:37:46.500000+00:00,combi,Lying,Lying
2024-07-09 14:38:46.500000+00:00,combi,Lying,Lying
2024-07-09 14:39:46.500000+00:00,combi,Sitting,Sitting
2024-07-09 14:40:46.500000+00:00,combi,Sitting,Sitting
2024-07-09 14:41:46.500000+00:00,combi,Sitting,Sitting
2024-07-09 14:42:46.500000+00:00,combi,Sitting,Sitting
2024-07-09 14:43:46.500000+00:00,combi,Sitting,Sitting
2024-07-09 14:44:46.500000+00:00,combi,Sitting,Sitting
2024-07-09 14:45:46.500000+00:00,combi,Sitting,Sitting
2024-07-09 14:46:46.500000+00:00,combi,Sitting,Sitting
2024-07-09 14:47:46.500000+00:00,combi,Sitting,Sitting
2024-07-09 14:48:46.500000+00:00,combi,Sitting,Sitting
2024-07-09 14:49:46.500000+00:00,combi,Sitting,Sitting
2024-07-09 14:50:46.500000+00:00,combi,Sitting,Sitting
2024-07-09 14:51:46.500000+00:00,combi,Lying,Lying
2024-07-09 14:52:46.500000+00:00,combi,Lying,Lying
2024-07-09 14:53:46.500000+00:00,combi,Lying,Lying
2024-07-09 14:54:46.500000+00:00,combi,Lying,Lying
2024-07-09 14:55:46.500000+00:00,combi,Lying,Lying
2024-07-09 14:56:46.500000+00:00,combi,Lying,Lying
2024-07-09 14:57:46.500000+00:00,combi,Lying,Lying
2024-07-09 14:58:46.500000+00:00,combi,Lying,Lying
2024-07-09 14:59:46.500000+00:00,combi,Sitting,Sitting
2024-07-09 15:00:46.500000+00:00,combi,Sitting,Sitting
2024-07-09 15:01:46.500000+00:00,combi,Sitting,Sitting
2024-07-09 15:02:46.500000+00:00,combi,Sitting,Sitting
2024-07-09 15:03:46.500000+00:00,combi,Sitting,Sitting
2024-07-09 15:04:46.500000+00:00,combi,Sitting,Sitting
2024-07-09 15:05:46.500000+00:00,combi,Sitting,Sitting
2024-07-09 15:06:46.500000+00:00,combi,Sitting,Sitting
2024-07-09 15:07:46.500000+00:00,combi,Sitting,Sitting
2024-07-09 15:08:46.500000+00:00,combi,Sitting,Sitting
2024-07-09 15:09:46.500000+00:00,combi,Sitting,Sitting
2024-07-09 15:10:46.500000+00:00,combi,Sitting,Sitting
2024-07-09 15:11:46.500000+00:00,combi,Sitting,Sitting
2024-07-09 15:12:46.500000+00:00,combi,Sitting,Sitting
2024-07-09 15:13:46.500000+00:00,combi,Sitting,Sitting
2024-07-09 15:14:46.500000+00:00,combi,Sitting,Sitting
2024-07-09 15:15:46.500000+00:00,combi,Sitting,Sitting
2024-07-09 15:16:46.500000+00:00,combi,Sitting,Sitting
2024-07-09 15:17:46.500000+00:00,combi,Sitting,Sitting
2024-07-09 15:18:46.500000+00:00,combi,Sitting,Sitting
2024-07-09 15:19:46.500000+00:00,combi,Sitting,Sitting
2024-07-09 15:20:46.500000+00:00,combi,Sitting,Sitting
2024-07-09 15:21:46.500000+00:00,combi,Sitting,Sitting
2024-07-09 15:22:46.500000+00:00,combi,Lying,Dynamic
2024-07-09 15:23:46.500000+00:00,combi,Standing,Dynamic
2024-07-09 15:24:46.500000+00:00,combi,Standing,Dynamic
2024-07-09 15:25:46.500000+00:00,combi,Sitting,Sitting
2024-07-09 15:26:46.500000+00:00,combi,Sitting,Sitting
2024-07-09 15:27:46.500000+00:00,combi,Sitting,Sitting
2024-07-09 15:28:46.500000+00:00,combi,Sitting,Sitting
2024-07-09 15:29:46.500000+00:00,combi,Sitting,Sitting
2024-07-09 15:30:46.500000+00:00,combi,Sitting,Sitting
2024-07-09 15:31:46.500000+00:00,combi,Sitting,Sitting
2024-07-09 15:32:46.500000+00:00,combi,Standing,Dynamic
2024-07-09 15:33:46.500000+00:00,combi,Sitting,Sitting
2024-07-09 15:34:46.500000+00:00,combi,Sitting,Sitting
2024-07-09 15:35:46.500000+00:00,combi,Sitting,Sitting
2024-07-09 15:36:46.500000+00:00,combi,Sitting,Sitting
2024-07-09 15:37:46.500000+00:00,combi,Sitting,Sitting
2024-07-09 15:38:46.500000+00:00,combi,Sitting,Sitting
2024-07-09 15:39:46.500000+00:00,combi,Sitting,Sitting
2024-07-09 15:40:46.500000+00:00,combi,Sitting,Sitting
2024-07-09 15:41:46.500000+00:00,combi,Sitting,Sitting
2024-07-09 15:42:46.500000+00:00,combi,Sitting,Sitting
2024-07-09 15:43:46.500000+00:00,combi,Sitting,Sitting
2024-07-09 15:44:46.500000+00:00,combi,Sitting,Sitting
2024-07-09 15:45:46.500000+00:00,combi,Sitting,Sitting
2024-07-09 15:46:46.500000+00:00,combi,Sitting,Sitting
2024-07-09 15:47:46.500000+00:00,combi,Sitting,Sitting
2024-07-09 15:48:46.500000+00:00,combi,Sitting,Sitting
2024-07-09 15:49:46.500000+00:00,combi,Sitting,Sitting
2024-07-09 15:50:46.500000+00:00,combi,Sitting,Sitting
2024-07-09 15:51:46.500000+00:00,combi,Sitting,Sitting
2024-07-09 15:52:46.500000+00:00,combi,Sitting,Sitting
2024-07-09 15:53:46.500000+00:00,combi,Sitting,Sitting
2024-07-09 15:54:46.500000+00:00,combi,Sitting,Sitting
2024-07-09 15:55:46.500000+00:00,combi,Sitting,Sitting
2024-07-09 15:56:46.500000+00:00,combi,Sitting,Sitting
2024-07-09 15:57:46.500000+00:00,combi,Sitting,Sitting
2024-07-09 15:58:46.500000+00:00,combi,Sitting,Sitting
2024-07-09 15:59:46.500000+00:00,combi,Sitting,Sitting
2024-07-09 16:00:46.500000+00:00,combi,Sitting,Sitting
2024-07-09 16:01:46.500000+00:00,combi,Sitting,Sitting
2024-07-09 16:02:46.500000+00:00,combi,Sitting,Sitting
2024-07-09 16:03:46.500000+00:00,combi,Sitting,Sitting
2024-07-09 16:04:46.500000+00:00,combi,Sitting,Sitting
2024-07-09 16:05:46.500000+00:00,combi,Sitting,Sitting
2024-07-09 16:06:46.500000+00:00,combi,Sitting,Sitting
2024-07-09 16:07:46.500000+00:00,combi,Sitting,Lying
2024-07-09 16:08:46.500000+00:00,combi,Sitting,Dynamic
2024-07-09 16:09:46.500000+00:00,combi,Sitting,Sitting
2024-07-09 16:10:46.500000+00:00,combi,Standing,Dynamic
2024-07-09 16:11:46.500000+00:00,combi,Standing,Dynamic
2024-07-09 16:12:46.500000+00:00,combi,Standing,Dynamic
2024-07-09 16:13:46.500000+00:00,combi,Sitting,Sitting
2024-07-09 16:14:46.500000+00:00,combi,Sitting,Sitting
2024-07-09 16:15:46.500000+00:00,combi,Sitting,Sitting
2024-07-09 16:16:46.500000+00:00,combi,Sitting,Sitting
2024-07-09 16:17:46.500000+00:00,combi,Sitting,Sitting
2024-07-09 16:18:46.500000+00:00,combi,Sitting,Sitting
2024-07-09 16:19:46.500000+00:00,combi,Sitting,Sitting
2024-07-09 16:20:46.500000+00:00,combi,Sitting,Standing
2024-07-09 16:21:46.500000+00:00,combi,Standing,Dynamic
2024-07-09 16:22:46.500000+00:00,combi,Standing,Standing
2024-07-09 16:23:46.500000+00:00,combi,Sitting,Sitting
2024-07-09 16:24:46.500000+00:00,combi,Sitting,Sitting
2024-07-09 16:25:46.500000+00:00,combi,Sitting,Sitting
2024-07-09 16:26:46.500000+00:00,combi,Sitting,Sitting
2024-07-09 16:27:46.500000+00:00,combi,Sitting,Sitting
2024-07-09 16:28:46.500000+00:00,combi,Sitting,Sitting
2024-07-09 16:29:46.500000+00:00,combi,Sitting,Sitting
2024-07-09 16:30:46.500000+00:00,combi,Sitting,Sitting
2024-07-09 16:31:46.500000+00:00,combi,Sitting,Sitting
2024-07-09 16:32:46.500000+00:00,combi,Sitting,Sitting
2024-07-09 16:33:46.500000+00:00,combi,Sitting,Sitting
2024-07-09 16:34:46.500000+00:00,combi,Sitting,Sitting
2024-07-09 16:35:46.500000+00:00,combi,Sitting,Sitting
2024-07-09 16:36:46.500000+00:00,combi,Sitting,Sitting
2024-07-09 16:37:46.500000+00:00,combi,Sitting,Sitting
2024-07-09 16:38:46.500000+00:00,combi,Sitting,Sitting
2024-07-09 16:39:46.500000+00:00,combi,Lying,Lying
2024-07-09 16:40:46.500000+00:00,combi,Lying,Lying
2024-07-09 16:41:46.500000+00:00,combi,Lying,Lying
2024-07-09 16:42:46.500000+00:00,combi,Sitting,Sitting
2024-07-09 16:43:46.500000+00:00,combi,Lying,Lying
2024-07-09 16:44:46.500000+00:00,combi,Sitting,Sitting
2024-07-09 16:45:46.500000+00:00,combi,Sitting,Sitting
2024-07-09 16:46:46.500000+00:00,combi,Sitting,Sitting
2024-07-09 16:47:46.500000+00:00,combi,Sitting,Sitting
2024-07-09 16:48:46.500000+00:00,combi,Lying,Lying
2024-07-09 16:49:46.500000+00:00,combi,Lying,Lying
2024-07-09 16:50:46.500000+00:00,combi,Sitting,Sitting
2024-07-09 16:51:46.500000+00:00,combi,Sitting,Sitting
2024-07-09 16:52:46.500000+00:00,combi,Sitting,Sitting
2024-07-09 16:53:46.500000+00:00,combi,Sitting,Sitting
2024-07-09 16:54:46.500000+00:00,combi,Sitting,Sitting
2024-07-09 16:55:46.500000+00:00,combi,Sitting,Sitting
2024-07-09 16:56:46.500000+00:00,combi,Sitting,Sitting
2024-07-09 16:57:46.500000+00:00,combi,Sitting,Sitting
2024-07-09 16:58:46.500000+00:00,combi,Sitting,Sitting
2024-07-09 16:59:46.500000+00:00,combi,Sitting,Sitting
2024-07-09 17:00:46.500000+00:00,combi,Sitting,Sitting
2024-07-09 17:01:46.500000+00:00,combi,Sitting,Sitting
2024-07-09 17:02:46.500000+00:00,combi,Sitting,Sitting
2024-07-09 17:03:46.500000+00:00,combi,Sitting,Sitting
2024-07-09 17:04:46.500000+00:00,combi,Sitting,Sitting
2024-07-09 17:05:46.500000+00:00,combi,Sitting,Sitting
2024-07-09 17:06:46.500000+00:00,combi,Sitting,Sitting
2024-07-09 17:07:46.500000+00:00,combi,Sitting,Sitting
2024-07-09 17:08:46.500000+00:00,combi,Sitting,Sitting
2024-07-09 17:09:46.500000+00:00,combi,Sitting,Sitting
2024-07-09 17:10:46.500000+00:00,combi,Sitting,Sitting
2024-07-09 17:11:46.500000+00:00,combi,Sitting,Sitting
2024-07-09 17:12:46.500000+00:00,combi,Sitting,Sitting
2024-07-09 17:13:46.500000+00:00,combi,Sitting,Sitting
2024-07-09 17:14:46.500000+00:00,combi,Sitting,Sitting
2024-07-09 17:15:46.500000+00:00,combi,Sitting,Sitting
2024-07-09 17:16:46.500000+00:00,combi,Lying,Lying
2024-07-09 17:17:46.500000+00:00,combi,Lying,Lying
2024-07-09 17:18:46.500000+00:00,combi,Lying,Lying
2024-07-09 17:19:46.500000+00:00,combi,Lying,Lying
2024-07-09 17:20:46.500000+00:00,combi,Lying,Lying
2024-07-09 17:21:46.500000+00:00,combi,Lying,Lying
2024-07-09 17:22:46.500000+00:00,combi,Lying,Lying
2024-07-09 17:23:46.500000+00:00,combi,Lying,Lying
2024-07-09 17:24:46.500000+00:00,combi,Lying,Lying
2024-07-09 17:25:46.500000+00:00,combi,Lying,Lying
2024-07-09 17:26:46.500000+00:00,combi,Lying,Lying
2024-07-09 17:27:46.500000+00:00,combi,Lying,Lying
2024-07-09 17:28:46.500000+00:00,combi,Lying,Lying
2024-07-09 17:29:46.500000+00:00,combi,Lying,Lying
2024-07-09 17:30:46.500000+00:00,combi,Lying,Lying
2024-07-09 17:31:46.500000+00:00,combi,Lying,Lying
2024-07-09 17:32:46.500000+00:00,combi,Lying,Lying
2024-07-09 17:33:46.500000+00:00,combi,Lying,Lying
2024-07-09 17:34:46.500000+00:00,combi,Lying,Lying
2024-07-09 17:35:46.500000+00:00,combi,Sitting,Sitting
2024-07-09 17:36:46.500000+00:00,combi,Sitting,Sitting
2024-07-09 17:37:46.500000+00:00,combi,Sitting,Sitting
2024-07-09 17:38:46.500000+00:00,combi,Lying,Lying
2024-07-09 17:39:46.500000+00:00,combi,Lying,Lying
2024-07-09 17:40:46.500000+00:00,combi,Lying,Lying
2024-07-09 17:41:46.500000+00:00,combi,Lying,Lying
2024-07-09 17:42:46.500000+00:00,combi,Lying,Lying
2024-07-09 17:43:46.500000+00:00,combi,Lying,Lying
2024-07-09 17:44:46.500000+00:00,combi,Lying,Lying
2024-07-09 17:45:46.500000+00:00,combi,Lying,Lying
2024-07-09 17:46:46.500000+00:00,combi,Lying,Lying
2024-07-09 17:47:46.500000+00:00,combi,Lying,Lying
2024-07-09 17:48:46.500000+00:00,combi,Lying,Lying
2024-07-09 17:49:46.500000+00:00,combi,Lying,Lying
2024-07-09 17:50:46.500000+00:00,combi,Lying,Lying
2024-07-09 17:51:46.500000+00:00,combi,Lying,Lying
2024-07-09 17:52:46.500000+00:00,combi,Lying,Lying
2024-07-09 17:53:46.500000+00:00,combi,Sitting,Dynamic
2024-07-09 17:54:46.500000+00:00,combi,Standing,Standing
2024-07-09 17:55:46.500000+00:00,combi,Sitting,Sitting
2024-07-09 17:56:46.500000+00:00,combi,Sitting,Sitting
2024-07-09 17:57:46.500000+00:00,combi,Sitting,Sitting
2024-07-09 17:58:46.500000+00:00,combi,Sitting,Sitting
2024-07-09 17:59:46.500000+00:00,combi,Sitting,Sitting
2024-07-09 18:00:46.500000+00:00,combi,Sitting,Sitting
2024-07-09 18:01:46.500000+00:00,combi,Sitting,Sitting
2024-07-09 18:02:46.500000+00:00,combi,Sitting,Sitting
2024-07-09 18:03:46.500000+00:00,combi,Standing,Dynamic
2024-07-09 18:04:46.500000+00:00,combi,Sitting,Dynamic
2024-07-09 18:05:46.500000+00:00,combi,Standing,Dynamic
2024-07-09 18:06:46.500000+00:00,combi,Sitting,Sitting
2024-07-09 18:07:46.500000+00:00,combi,Standing,Dynamic
2024-07-09 18:08:46.500000+00:00,combi,Sitting,Dynamic
2024-07-09 18:09:46.500000+00:00,combi,Sitting,Sitting
2024-07-09 18:10:46.500000+00:00,combi,Sitting,Sitting
2024-07-09 18:11:46.500000+00:00,combi,Lying,Dynamic
2024-07-09 18:12:46.500000+00:00,combi,Sitting,Sitting
2024-07-09 18:13:46.500000+00:00,combi,Sitting,Sitting
2024-07-09 18:14:46.500000+00:00,combi,Lying,Dynamic
2024-07-09 18:15:46.500000+00:00,combi,Lying,Lying
2024-07-09 18:16:46.500000+00:00,combi,Lying,Lying
2024-07-09 18:17:46.500000+00:00,combi,Lying,Lying
2024-07-09 18:18:46.500000+00:00,combi,Lying,Lying
2024-07-09 18:19:46.500000+00:00,combi,Lying,Lying
2024-07-09 18:20:46.500000+00:00,combi,Lying,Lying
2024-07-09 18:21:46.500000+00:00,combi,Lying,Lying
2024-07-09 18:22:46.500000+00:00,combi,Lying,Lying
2024-07-09 18:23:46.500000+00:00,combi,Lying,Lying
2024-07-09 18:24:46.500000+00:00,combi,Lying,Lying
2024-07-09 18:25:46.500000+00:00,combi,Lying,Lying
2024-07-09 18:26:46.500000+00:00,combi,Lying,Lying
2024-07-09 18:27:46.500000+00:00,combi,Lying,Lying
2024-07-09 18:28:46.500000+00:00,combi,Lying,Lying
2024-07-09 18:29:46.500000+00:00,combi,Lying,Lying
2024-07-09 18:30:46.500000+00:00,combi,Lying,Lying
2024-07-09 18:31:46.500000+00:00,combi,Lying,Lying
2024-07-09 18:32:46.500000+00:00,combi,Lying,Lying
2024-07-09 18:33:46.500000+00:00,combi,Lying,Lying
2024-07-09 18:34:46.500000+00:00,combi,Lying,Lying
2024-07-09 18:35:46.500000+00:00,combi,Sitting,Sitting
2024-07-09 18:36:46.500000+00:00,combi,Lying,Lying
2024-07-09 18:37:46.500000+00:00,combi,Lying,Lying
2024-07-09 18:38:46.500000+00:00,combi,Lying,Lying
2024-07-09 18:39:46.500000+00:00,combi,Lying,Lying
2024-07-09 18:40:46.500000+00:00,combi,Lying,Lying
2024-07-09 18:41:46.500000+00:00,combi,Lying,Lying
2024-07-09 18:42:46.500000+00:00,combi,Lying,Lying
2024-07-09 18:43:46.500000+00:00,combi,Lying,Lying
2024-07-09 18:44:46.500000+00:00,combi,Lying,Lying
2024-07-09 18:45:46.500000+00:00,combi,Lying,Lying
2024-07-09 18:46:46.500000+00:00,combi,Lying,Lying
2024-07-09 18:47:46.500000+00:00,combi,Lying,Lying
2024-07-09 18:48:46.500000+00:00,combi,Lying,Lying
2024-07-09 18:49:46.500000+00:00,combi,Standing,Dynamic
2024-07-09 18:50:46.500000+00:00,combi,Sitting,Sitting
2024-07-09 18:51:46.500000+00:00,combi,Sitting,Sitting
2024-07-09 18:52:46.500000+00:00,combi,Sitting,Sitting
2024-07-09 18:53:46.500000+00:00,combi,Sitting,Sitting
2024-07-09 18:54:46.500000+00:00,combi,Sitting,Sitting
2024-07-09 18:55:46.500000+00:00,combi,Sitting,Sitting
2024-07-09 18:56:46.500000+00:00,combi,Sitting,Sitting
2024-07-09 18:57:46.500000+00:00,combi,Sitting,Sitting
2024-07-09 18:58:46.500000+00:00,combi,Sitting,Sitting
2024-07-09 18:59:46.500000+00:00,combi,Sitting,Sitting
2024-07-09 19:00:46.500000+00:00,combi,Sitting,Sitting
2024-07-09 19:01:46.500000+00:00,combi,Sitting,Sitting
2024-07-09 19:02:46.500000+00:00,combi,Sitting,Sitting
2024-07-09 19:03:46.500000+00:00,combi,Lying,Dynamic
2024-07-09 19:04:46.500000+00:00,combi,Sitting,Dynamic
2024-07-09 19:05:46.500000+00:00,combi,Lying,Lying
2024-07-09 19:06:46.500000+00:00,combi,Lying,Lying
2024-07-09 19:07:46.500000+00:00,combi,Lying,Lying
2024-07-09 19:08:46.500000+00:00,combi,Lying,Lying
2024-07-09 19:09:46.500000+00:00,combi,Lying,Lying
2024-07-09 19:10:46.500000+00:00,combi,Lying,Lying
2024-07-09 19:11:46.500000+00:00,combi,Lying,Lying
2024-07-09 19:12:46.500000+00:00,combi,Lying,Lying
2024-07-09 19:13:46.500000+00:00,combi,Lying,Lying
2024-07-09 19:14:46.500000+00:00,combi,Lying,Lying
2024-07-09 19:15:46.500000+00:00,combi,Lying,Lying
2024-07-09 19:16:46.500000+00:00,combi,Lying,Lying
2024-07-09 19:17:46.500000+00:00,combi,Lying,Lying
2024-07-09 19:18:46.500000+00:00,combi,Lying,Lying
2024-07-09 19:19:46.500000+00:00,combi,Lying,Lying
2024-07-09 19:20:46.500000+00:00,combi,Lying,Lying
2024-07-09 19:21:46.500000+00:00,combi,Lying,Lying
2024-07-09 19:22:46.500000+00:00,combi,Lying,Lying
2024-07-09 19:23:46.500000+00:00,combi,Lying,Lying
2024-07-09 19:24:46.500000+00:00,combi,Lying,Lying
2024-07-09 19:25:46.500000+00:00,combi,Lying,Lying
2024-07-09 19:26:46.500000+00:00,combi,Lying,Lying
2024-07-09 19:27:46.500000+00:00,combi,Lying,Lying
2024-07-09 19:28:46.500000+00:00,combi,Lying,Lying
2024-07-09 19:29:46.500000+00:00,combi,Lying,Lying
2024-07-09 19:30:46.500000+00:00,combi,Lying,Lying
2024-07-09 19:31:46.500000+00:00,combi,Lying,Lying
2024-07-09 19:32:46.500000+00:00,combi,Lying,Lying
2024-07-09 19:33:46.500000+00:00,combi,Lying,Lying
2024-07-09 19:34:46.500000+00:00,combi,Lying,Lying
2024-07-09 19:35:46.500000+00:00,combi,Lying,Lying
2024-07-09 19:36:46.500000+00:00,combi,Lying,Lying
2024-07-09 19:37:46.500000+00:00,combi,Lying,Lying
2024-07-09 19:38:46.500000+00:00,combi,Lying,Lying
2024-07-09 19:39:46.500000+00:00,combi,Lying,Lying
2024-07-09 19:40:46.500000+00:00,combi,Lying,Lying
2024-07-09 19:41:46.500000+00:00,combi,Lying,Lying
2024-07-09 19:42:46.500000+00:00,combi,Lying,Lying
2024-07-09 19:43:46.500000+00:00,combi,Lying,Lying
2024-07-09 19:44:46.500000+00:00,combi,Lying,Lying
2024-07-09 19:45:46.500000+00:00,combi,Lying,Lying
2024-07-09 19:46:46.500000+00:00,combi,Lying,Lying
2024-07-09 19:47:46.500000+00:00,combi,Lying,Lying
2024-07-09 19:48:46.500000+00:00,combi,Lying,Lying
2024-07-09 19:49:46.500000+00:00,combi,Lying,Lying
2024-07-09 19:50:46.500000+00:00,combi,Lying,Lying
2024-07-09 19:51:46.500000+00:00,combi,Lying,Lying
2024-07-09 19:52:46.500000+00:00,combi,Lying,Lying
2024-07-09 19:53:46.500000+00:00,combi,Lying,Lying
2024-07-09 19:54:46.500000+00:00,combi,Lying,Lying
2024-07-09 19:55:46.500000+00:00,combi,Lying,Lying
2024-07-09 19:56:46.500000+00:00,combi,Lying,Lying
2024-07-09 19:57:46.500000+00:00,combi,Lying,Lying
2024-07-09 19:58:46.500000+00:00,combi,Lying,Lying
2024-07-09 19:59:46.500000+00:00,combi,Lying,Lying
2024-07-09 20:00:46.500000+00:00,combi,Sitting,Sitting
2024-07-09 20:01:46.500000+00:00,combi,Lying,Lying
2024-07-09 20:02:46.500000+00:00,combi,Lying,Lying
2024-07-09 20:03:46.500000+00:00,combi,Lying,Lying
2024-07-09 20:04:46.500000+00:00,combi,Lying,Lying
2024-07-09 20:05:46.500000+00:00,combi,Lying,Lying
2024-07-09 20:06:46.500000+00:00,combi,Lying,Lying
2024-07-09 20:07:46.500000+00:00,combi,Lying,Lying
2024-07-09 20:08:46.500000+00:00,combi,Lying,Lying
2024-07-09 20:09:46.500000+00:00,combi,Lying,Lying
2024-07-09 20:10:46.500000+00:00,combi,Lying,Lying
2024-07-09 20:11:46.500000+00:00,combi,Lying,Lying
2024-07-09 20:12:46.500000+00:00,combi,Lying,Lying
2024-07-09 20:13:46.500000+00:00,combi,Lying,Lying
2024-07-09 20:14:46.500000+00:00,combi,Lying,Lying
2024-07-09 20:15:46.500000+00:00,combi,Lying,Lying
2024-07-09 20:16:46.500000+00:00,combi,Lying,Lying
2024-07-09 20:17:46.500000+00:00,combi,Lying,Lying
2024-07-09 20:18:46.500000+00:00,combi,Lying,Lying
2024-07-09 20:19:46.500000+00:00,combi,Lying,Lying
2024-07-09 20:20:46.500000+00:00,combi,Lying,Lying
2024-07-09 20:21:46.500000+00:00,combi,Lying,Lying
2024-07-09 20:22:46.500000+00:00,combi,Lying,Lying
2024-07-09 20:23:46.500000+00:00,combi,Lying,Lying
2024-07-09 20:24:46.500000+00:00,combi,Lying,Lying
2024-07-09 20:25:46.500000+00:00,combi,Lying,Lying
2024-07-09 20:26:46.500000+00:00,combi,Lying,Lying
2024-07-09 20:27:46.500000+00:00,combi,Standing,Dynamic
2024-07-09 20:28:46.500000+00:00,combi,Sitting,Sitting
2024-07-09 20:29:46.500000+00:00,combi,Sitting,Sitting
2024-07-09 20:30:46.500000+00:00,combi,Sitting,Sitting
2024-07-09 20:31:46.500000+00:00,combi,Sitting,Sitting
2024-07-09 20:32:46.500000+00:00,combi,Sitting,Sitting
2024-07-09 20:33:46.500000+00:00,combi,Sitting,Sitting
2024-07-09 20:34:46.500000+00:00,combi,Sitting,Sitting
2024-07-09 20:35:46.500000+00:00,combi,Lying,Lying
2024-07-09 20:36:46.500000+00:00,combi,Lying,Lying
2024-07-09 20:37:46.500000+00:00,combi,Standing,Standing
2024-07-09 20:38:46.500000+00:00,combi,Sitting,Dynamic
2024-07-09 20:39:46.500000+00:00,combi,Sitting,Dynamic
2024-07-09 20:40:46.500000+00:00,combi,Sitting,Dynamic
2024-07-09 20:41:46.500000+00:00,combi,Standing,Standing
2024-07-09 20:42:46.500000+00:00,combi,Standing,Standing
2024-07-09 20:43:46.500000+00:00,combi,Lying,Lying
2024-07-09 20:44:46.500000+00:00,combi,Lying,Lying
2024-07-09 20:45:46.500000+00:00,combi,Lying,Lying
2024-07-09 20:46:46.500000+00:00,combi,Lying,Lying
2024-07-09 20:47:46.500000+00:00,combi,Lying,Lying
2024-07-09 20:48:46.500000+00:00,combi,Lying,Lying
2024-07-09 20:49:46.500000+00:00,combi,Lying,Lying
2024-07-09 20:50:46.500000+00:00,combi,Lying,Lying
2024-07-09 20:51:46.500000+00:00,combi,Lying,Lying
2024-07-09 20:52:46.500000+00:00,combi,Lying,Lying
2024-07-09 20:53:46.500000+00:00,combi,Lying,Lying
2024-07-09 20:54:46.500000+00:00,combi,Lying,Lying
2024-07-09 20:55:46.500000+00:00,combi,Lying,Lying
2024-07-09 20:56:46.500000+00:00,combi,Lying,Lying
2024-07-09 20:57:46.500000+00:00,combi,Lying,Lying
2024-07-09 20:58:46.500000+00:00,combi,Lying,Lying
2024-07-09 20:59:46.500000+00:00,combi,Lying,Lying
2024-07-09 21:00:46.500000+00:00,combi,Lying,Lying
2024-07-09 21:01:46.500000+00:00,combi,Lying,Lying
2024-07-09 21:02:46.500000+00:00,combi,Lying,Lying
2024-07-09 21:03:46.500000+00:00,combi,Lying,Lying
2024-07-09 21:04:46.500000+00:00,combi,Lying,Lying
2024-07-09 21:05:46.500000+00:00,combi,Lying,Lying
2024-07-09 21:06:46.500000+00:00,combi,Lying,Lying
2024-07-09 21:07:46.500000+00:00,combi,Lying,Lying
2024-07-09 21:08:46.500000+00:00,combi,Lying,Lying
2024-07-09 21:09:46.500000+00:00,combi,Lying,Lying
2024-07-09 21:10:46.500000+00:00,combi,Lying,Lying
2024-07-09 21:11:46.500000+00:00,combi,Lying,Lying
2024-07-09 21:12:46.500000+00:00,combi,Lying,Lying
2024-07-09 21:13:46.500000+00:00,combi,Lying,Lying
2024-07-09 21:14:46.500000+00:00,combi,Lying,Lying
2024-07-09 21:15:46.500000+00:00,combi,Lying,Lying
2024-07-09 21:16:46.500000+00:00,combi,Lying,Lying
2024-07-09 21:17:46.500000+00:00,combi,Lying,Lying
2024-07-09 21:18:46.500000+00:00,combi,Lying,Lying
2024-07-09 21:19:46.500000+00:00,combi,Lying,Lying
2024-07-09 21:20:46.500000+00:00,combi,Lying,Lying
2024-07-09 21:21:46.500000+00:00,combi,Lying,Lying
2024-07-09 21:22:46.500000+00:00,combi,Lying,Lying
2024-07-09 21:23:46.500000+00:00,combi,Lying,Lying
2024-07-09 21:24:46.500000+00:00,combi,Lying,Lying
2024-07-09 21:25:46.500000+00:00,combi,Lying,Lying
2024-07-09 21:26:46.500000+00:00,combi,Lying,Lying
2024-07-09 21:27:46.500000+00:00,combi,Lying,Lying
2024-07-09 21:28:46.500000+00:00,combi,Lying,Lying
2024-07-09 21:29:46.500000+00:00,combi,Lying,Lying
2024-07-09 21:30:46.500000+00:00,combi,Lying,Lying
2024-07-09 21:31:46.500000+00:00,combi,Lying,Lying
2024-07-09 21:32:46.500000+00:00,combi,Lying,Lying
2024-07-09 21:33:46.500000+00:00,combi,Lying,Lying
2024-07-09 21:34:46.500000+00:00,combi,Lying,Lying
2024-07-09 21:35:46.500000+00:00,combi,Lying,Lying
2024-07-09 21:36:46.500000+00:00,combi,Lying,Lying
2024-07-09 21:37:46.500000+00:00,combi,Lying,Lying
2024-07-09 21:38:46.500000+00:00,combi,Lying,Lying
2024-07-09 21:39:46.500000+00:00,combi,Sitting,Sitting
2024-07-09 21:40:46.500000+00:00,combi,Sitting,Sitting
2024-07-09 21:41:46.500000+00:00,combi,Sitting,Sitting
2024-07-09 21:42:46.500000+00:00,combi,Sitting,Sitting
2024-07-09 21:43:46.500000+00:00,combi,Sitting,Sitting
2024-07-09 21:44:46.500000+00:00,combi,Sitting,Sitting
2024-07-09 21:45:46.500000+00:00,combi,Sitting,Sitting
2024-07-09 21:46:46.500000+00:00,combi,Sitting,Sitting
2024-07-09 21:47:46.500000+00:00,combi,Sitting,Sitting
2024-07-09 21:48:46.500000+00:00,combi,Sitting,Sitting
2024-07-09 21:49:46.500000+00:00,combi,Sitting,Sitting
2024-07-09 21:50:46.500000+00:00,combi,Sitting,Sitting
2024-07-09 21:51:46.500000+00:00,combi,Sitting,Sitting
2024-07-09 21:52:46.500000+00:00,combi,Sitting,Sitting
2024-07-09 21:53:46.500000+00:00,combi,Sitting,Sitting
2024-07-09 21:54:46.500000+00:00,combi,Sitting,Sitting
2024-07-09 21:55:46.500000+00:00,combi,Sitting,Sitting
2024-07-09 21:56:46.500000+00:00,combi,Sitting,Sitting
2024-07-09 21:57:46.500000+00:00,combi,Sitting,Sitting
2024-07-09 21:58:46.500000+00:00,combi,Standing,Sitting
2024-07-09 21:59:46.500000+00:00,combi,Sitting,Dynamic
2024-07-09 22:00:46.500000+00:00,combi,Standing,Dynamic
2024-07-09 22:01:46.500000+00:00,combi,Sitting,Dynamic
2024-07-09 22:02:46.500000+00:00,combi,Sitting,Sitting
2024-07-09 22:03:46.500000+00:00,combi,Sitting,Dynamic
2024-07-09 22:04:46.500000+00:00,combi,Sitting,Sitting
2024-07-09 22:05:46.500000+00:00,combi,Lying,Lying
2024-07-09 22:06:46.500000+00:00,combi,Lying,Lying
2024-07-09 22:07:46.500000+00:00,combi,Lying,Lying
2024-07-09 22:08:46.500000+00:00,combi,Lying,Lying
2024-07-09 22:09:46.500000+00:00,combi,Lying,Lying
2024-07-09 22:10:46.500000+00:00,combi,Lying,Lying
2024-07-09 22:11:46.500000+00:00,combi,Lying,Lying
2024-07-09 22:12:46.500000+00:00,combi,Lying,Lying
2024-07-09 22:13:46.500000+00:00,combi,Lying,Lying
2024-07-09 22:14:46.500000+00:00,combi,Lying,Lying
2024-07-09 22:15:46.500000+00:00,combi,Lying,Lying
2024-07-09 22:16:46.500000+00:00,combi,Lying,Lying
2024-07-09 22:17:46.500000+00:00,combi,Lying,Lying
2024-07-09 22:18:46.500000+00:00,combi,Lying,Lying
2024-07-09 22:19:46.500000+00:00,combi,Lying,Lying
2024-07-09 22:20:46.500000+00:00,combi,Lying,Lying
2024-07-09 22:21:46.500000+00:00,combi,Lying,Lying
2024-07-09 22:22:46.500000+00:00,combi,Lying,Lying
2024-07-09 22:23:46.500000+00:00,combi,Lying,Lying
2024-07-09 22:24:46.500000+00:00,combi,Lying,Lying
2024-07-09 22:25:46.500000+00:00,combi,Lying,Lying
2024-07-09 22:26:46.500000+00:00,combi,Lying,Lying
2024-07-09 22:27:46.500000+00:00,combi,Sitting,Sitting
2024-07-09 22:28:46.500000+00:00,combi,Sitting,Sitting
2024-07-09 22:29:46.500000+00:00,combi,Sitting,Sitting
2024-07-09 22:30:46.500000+00:00,combi,Sitting,Sitting
2024-07-09 22:31:46.500000+00:00,combi,Sitting,Sitting
2024-07-09 22:32:46.500000+00:00,combi,Sitting,Sitting
2024-07-09 22:33:46.500000+00:00,combi,Sitting,Sitting
2024-07-09 22:34:46.500000+00:00,combi,Sitting,Sitting
2024-07-09 22:35:46.500000+00:00,combi,Sitting,Sitting
2024-07-09 22:36:46.500000+00:00,combi,Sitting,Sitting
2024-07-09 22:37:46.500000+00:00,combi,Sitting,Sitting
2024-07-09 22:38:46.500000+00:00,combi,Sitting,Sitting
2024-07-09 22:39:46.500000+00:00,combi,Sitting,Sitting
2024-07-09 22:40:46.500000+00:00,combi,Sitting,Sitting
2024-07-09 22:41:46.500000+00:00,combi,Sitting,Sitting
2024-07-09 22:42:46.500000+00:00,combi,Sitting,Sitting
2024-07-09 22:43:46.500000+00:00,combi,Lying,Lying
2024-07-09 22:44:46.500000+00:00,combi,Sitting,Sitting
2024-07-09 22:45:46.500000+00:00,combi,Sitting,Sitting
2024-07-09 22:46:46.500000+00:00,combi,Lying,Dynamic
2024-07-09 22:47:46.500000+00:00,combi,Lying,Lying
2024-07-09 22:48:46.500000+00:00,combi,Lying,Lying
2024-07-09 22:49:46.500000+00:00,combi,Lying,Lying
2024-07-09 22:50:46.500000+00:00,combi,Lying,Lying
2024-07-09 22:51:46.500000+00:00,combi,Lying,Lying
2024-07-09 22:52:46.500000+00:00,combi,Lying,Lying
2024-07-09 22:53:46.500000+00:00,combi,Lying,Lying
2024-07-09 22:54:46.500000+00:00,combi,Lying,Lying
2024-07-09 22:55:46.500000+00:00,combi,Lying,Lying
2024-07-09 22:56:46.500000+00:00,combi,Lying,Lying
2024-07-09 22:57:46.500000+00:00,combi,Lying,Lying
2024-07-09 22:58:46.500000+00:00,combi,Lying,Lying
2024-07-09 22:59:46.500000+00:00,combi,Lying,Lying
2024-07-09 23:00:46.500000+00:00,combi,Lying,Lying
2024-07-09 23:01:46.500000+00:00,combi,Lying,Lying
2024-07-09 23:02:46.500000+00:00,combi,Lying,Lying
2024-07-09 23:03:46.500000+00:00,combi,Lying,Lying
2024-07-09 23:04:46.500000+00:00,combi,Lying,Lying
2024-07-09 23:05:46.500000+00:00,combi,Lying,Lying
2024-07-09 23:06:46.500000+00:00,combi,Lying,Lying
2024-07-09 23:07:46.500000+00:00,combi,Lying,Lying
2024-07-09 23:08:46.500000+00:00,combi,Lying,Lying
2024-07-09 23:09:46.500000+00:00,combi,Lying,Lying
2024-07-09 23:10:46.500000+00:00,combi,Lying,Lying
2024-07-09 23:11:46.500000+00:00,combi,Lying,Lying
2024-07-09 23:12:46.500000+00:00,combi,Lying,Lying
2024-07-09 23:13:46.500000+00:00,combi,Lying,Lying
2024-07-09 23:14:46.500000+00:00,combi,Lying,Lying
2024-07-09 23:15:46.500000+00:00,combi,Lying,Lying
2024-07-09 23:16:46.500000+00:00,combi,Lying,Lying
2024-07-09 23:17:46.500000+00:00,combi,Lying,Lying
2024-07-09 23:18:46.500000+00:00,combi,Lying,Lying
2024-07-09 23:19:46.500000+00:00,combi,Lying,Lying
2024-07-09 23:20:46.500000+00:00,combi,Lying,Lying
2024-07-09 23:21:46.500000+00:00,combi,Lying,Lying
2024-07-09 23:22:46.500000+00:00,combi,Lying,Lying
2024-07-09 23:23:46.500000+00:00,combi,Lying,Lying
2024-07-09 23:24:46.500000+00:00,combi,Lying,Lying
2024-07-09 23:25:46.500000+00:00,combi,Lying,Lying
2024-07-09 23:26:46.500000+00:00,combi,Lying,Lying
2024-07-09 23:27:46.500000+00:00,combi,Lying,Lying
2024-07-09 23:28:46.500000+00:00,combi,Lying,Lying
2024-07-09 23:29:46.500000+00:00,combi,Lying,Lying
2024-07-09 23:30:46.500000+00:00,combi,Lying,Lying
2024-07-09 23:31:46.500000+00:00,combi,Lying,Lying
2024-07-09 23:32:46.500000+00:00,combi,Lying,Lying
2024-07-09 23:33:46.500000+00:00,combi,Lying,Lying
2024-07-09 23:34:46.500000+00:00,combi,Lying,Lying
2024-07-09 23:35:46.500000+00:00,combi,Lying,Lying
2024-07-09 23:36:46.500000+00:00,combi,Lying,Lying
2024-07-09 23:37:46.500000+00:00,combi,Lying,Lying
2024-07-09 23:38:46.500000+00:00,combi,Lying,Lying
2024-07-09 23:39:46.500000+00:00,combi,Lying,Lying
2024-07-09 23:40:46.500000+00:00,combi,Lying,Lying
2024-07-09 23:41:46.500000+00:00,combi,Lying,Lying
2024-07-09 23:42:46.500000+00:00,combi,Lying,Lying
2024-07-09 23:43:46.500000+00:00,combi,Lying,Lying
2024-07-09 23:44:46.500000+00:00,combi,Lying,Lying
2024-07-09 23:45:46.500000+00:00,combi,Lying,Lying
2024-07-09 23:46:46.500000+00:00,combi,Lying,Lying
2024-07-09 23:47:46.500000+00:00,combi,Lying,Lying
2024-07-09 23:48:46.500000+00:00,combi,Lying,Lying
2024-07-09 23:49:46.500000+00:00,combi,Lying,Lying
2024-07-09 23:50:46.500000+00:00,combi,Lying,Lying
2024-07-09 23:51:46.500000+00:00,combi,Lying,Lying
2024-07-09 23:52:46.500000+00:00,combi,Lying,Lying
2024-07-09 23:53:46.500000+00:00,combi,Lying,Lying
2024-07-09 23:54:46.500000+00:00,combi,Lying,Lying
2024-07-09 23:55:46.500000+00:00,combi,Lying,Lying
2024-07-09 23:56:46.500000+00:00,combi,Lying,Lying
2024-07-09 23:57:46.500000+00:00,combi,Lying,Lying
2024-07-09 23:58:46.500000+00:00,combi,Lying,Lying
2024-07-09 23:59:46.500000+00:00,combi,Lying,Lying
2024-07-10 00:00:46.500000+00:00,combi,Lying,Lying
2024-07-10 00:01:46.500000+00:00,combi,Lying,Lying
2024-07-10 00:02:46.500000+00:00,combi,Lying,Lying
2024-07-10 00:03:46.500000+00:00,combi,Lying,Lying
2024-07-10 00:04:46.500000+00:00,combi,Lying,Lying
2024-07-10 00:05:46.500000+00:00,combi,Lying,Lying
2024-07-10 00:06:46.500000+00:00,combi,Lying,Lying
2024-07-10 00:07:46.500000+00:00,combi,Lying,Lying
2024-07-10 00:08:46.500000+00:00,combi,Lying,Lying
2024-07-10 00:09:46.500000+00:00,combi,Lying,Lying
2024-07-10 00:10:46.500000+00:00,combi,Lying,Lying
2024-07-10 00:11:46.500000+00:00,combi,Lying,Lying
2024-07-10 00:12:46.500000+00:00,combi,Lying,Lying
2024-07-10 00:13:46.500000+00:00,combi,Lying,Lying
2024-07-10 00:14:46.500000+00:00,combi,Lying,Lying
2024-07-10 00:15:46.500000+00:00,combi,Lying,Lying
2024-07-10 00:16:46.500000+00:00,combi,Lying,Lying
2024-07-10 00:17:46.500000+00:00,combi,Lying,Lying
2024-07-10 00:18:46.500000+00:00,combi,Lying,Lying
2024-07-10 00:19:46.500000+00:00,combi,Lying,Lying
2024-07-10 00:20:46.500000+00:00,combi,Lying,Lying
2024-07-10 00:21:46.500000+00:00,combi,Lying,Lying
2024-07-10 00:22:46.500000+00:00,combi,Lying,Lying
2024-07-10 00:23:46.500000+00:00,combi,Lying,Lying
2024-07-10 00:24:46.500000+00:00,combi,Lying,Lying
2024-07-10 00:25:46.500000+00:00,combi,Lying,Lying
2024-07-10 00:26:46.500000+00:00,combi,Lying,Lying
2024-07-10 00:27:46.500000+00:00,combi,Lying,Lying
2024-07-10 00:28:46.500000+00:00,combi,Lying,Lying
2024-07-10 00:29:46.500000+00:00,combi,Lying,Lying
2024-07-10 00:30:46.500000+00:00,combi,Lying,Lying
2024-07-10 00:31:46.500000+00:00,combi,Lying,Lying
2024-07-10 00:32:46.500000+00:00,combi,Lying,Lying
2024-07-10 00:33:46.500000+00:00,combi,Lying,Lying
2024-07-10 00:34:46.500000+00:00,combi,Lying,Lying
2024-07-10 00:35:46.500000+00:00,combi,Lying,Lying
2024-07-10 00:36:46.500000+00:00,combi,Lying,Lying
2024-07-10 00:37:46.500000+00:00,combi,Lying,Lying
2024-07-10 00:38:46.500000+00:00,combi,Lying,Lying
2024-07-10 00:39:46.500000+00:00,combi,Lying,Lying
2024-07-10 00:40:46.500000+00:00,combi,Lying,Lying
2024-07-10 00:41:46.500000+00:00,combi,Lying,Lying
2024-07-10 00:42:46.500000+00:00,combi,Lying,Lying
2024-07-10 00:43:46.500000+00:00,combi,Lying,Lying
2024-07-10 00:44:46.500000+00:00,combi,Lying,Lying
2024-07-10 00:45:46.500000+00:00,combi,Lying,Lying
2024-07-10 00:46:46.500000+00:00,combi,Lying,Lying
2024-07-10 00:47:46.500000+00:00,combi,Lying,Lying
2024-07-10 00:48:46.500000+00:00,combi,Lying,Lying
2024-07-10 00:49:46.500000+00:00,combi,Lying,Lying
2024-07-10 00:50:46.500000+00:00,combi,Lying,Lying
2024-07-10 00:51:46.500000+00:00,combi,Lying,Lying
2024-07-10 00:52:46.500000+00:00,combi,Lying,Lying
2024-07-10 00:53:46.500000+00:00,combi,Lying,Lying
2024-07-10 00:54:46.500000+00:00,combi,Lying,Lying
2024-07-10 00:55:46.500000+00:00,combi,Lying,Lying
2024-07-10 00:56:46.500000+00:00,combi,Lying,Lying
2024-07-10 00:57:46.500000+00:00,combi,Lying,Lying
2024-07-10 00:58:46.500000+00:00,combi,Lying,Lying
2024-07-10 00:59:46.500000+00:00,combi,Lying,Lying
2024-07-10 01:00:46.500000+00:00,combi,Lying,Lying
2024-07-10 01:01:46.500000+00:00,combi,Lying,Lying
2024-07-10 01:02:46.500000+00:00,combi,Lying,Lying
2024-07-10 01:03:46.500000+00:00,combi,Lying,Lying
2024-07-10 01:04:46.500000+00:00,combi,Lying,Lying
2024-07-10 01:05:46.500000+00:00,combi,Lying,Lying
2024-07-10 01:06:46.500000+00:00,combi,Lying,Lying
2024-07-10 01:07:46.500000+00:00,combi,Lying,Lying
2024-07-10 01:08:46.500000+00:00,combi,Lying,Lying
2024-07-10 01:09:46.500000+00:00,combi,Lying,Lying
2024-07-10 01:10:46.500000+00:00,combi,Lying,Lying
2024-07-10 01:11:46.500000+00:00,combi,Lying,Lying
2024-07-10 01:12:46.500000+00:00,combi,Lying,Lying
2024-07-10 01:13:46.500000+00:00,combi,Lying,Lying
2024-07-10 01:14:46.500000+00:00,combi,Lying,Lying
2024-07-10 01:15:46.500000+00:00,combi,Lying,Lying
2024-07-10 01:16:46.500000+00:00,combi,Lying,Lying
2024-07-10 01:17:46.500000+00:00,combi,Lying,Lying
2024-07-10 01:18:46.500000+00:00,combi,Lying,Lying
2024-07-10 01:19:46.500000+00:00,combi,Lying,Lying
2024-07-10 01:20:46.500000+00:00,combi,Lying,Lying
2024-07-10 01:21:46.500000+00:00,combi,Lying,Lying
2024-07-10 01:22:46.500000+00:00,combi,Lying,Lying
2024-07-10 01:23:46.500000+00:00,combi,Lying,Lying
2024-07-10 01:24:46.500000+00:00,combi,Lying,Lying
2024-07-10 01:25:46.500000+00:00,combi,Lying,Lying
2024-07-10 01:26:46.500000+00:00,combi,Lying,Lying
2024-07-10 01:27:46.500000+00:00,combi,Lying,Lying
2024-07-10 01:28:46.500000+00:00,combi,Lying,Lying
2024-07-10 01:29:46.500000+00:00,combi,Lying,Lying
2024-07-10 01:30:46.500000+00:00,combi,Lying,Lying
2024-07-10 01:31:46.500000+00:00,combi,Lying,Lying
