Time,Participant,Majority_postures,Majority_including_dynamic
2024-12-05 10:39:58.500000+00:00,combi,Standing,Standing
2024-12-05 10:40:58.500000+00:00,combi,Standing,Standing
2024-12-05 10:41:58.500000+00:00,combi,Standing,Dynamic
2024-12-05 10:42:58.500000+00:00,combi,Sitting,Sitting
2024-12-05 10:43:58.500000+00:00,combi,Standing,Standing
2024-12-05 10:44:58.500000+00:00,combi,Standing,Sitting
2024-12-05 10:45:58.500000+00:00,combi,Standing,Sitting
2024-12-05 10:46:58.500000+00:00,combi,Standing,Dynamic
2024-12-05 10:47:58.500000+00:00,combi,Sitting,Sitting
2024-12-05 10:48:58.500000+00:00,combi,Standing,Dynamic
2024-12-05 10:49:58.500000+00:00,combi,Standing,Standing
2024-12-05 10:50:58.500000+00:00,combi,Sitting,Sitting
2024-12-05 10:51:58.500000+00:00,combi,Sitting,Sitting
2024-12-05 10:52:58.500000+00:00,combi,Sitting,Sitting
2024-12-05 10:53:58.500000+00:00,combi,Standing,Standing
2024-12-05 10:54:58.500000+00:00,combi,Lying,Lying
2024-12-05 10:55:58.500000+00:00,combi,Lying,Lying
2024-12-05 10:56:58.500000+00:00,combi,Lying,Lying
2024-12-05 10:57:58.500000+00:00,combi,Lying,Lying
2024-12-05 10:58:58.500000+00:00,combi,Sitting,Sitting
2024-12-05 10:59:58.500000+00:00,combi,Sitting,Sitting
2024-12-05 11:00:58.500000+00:00,combi,Sitting,Sitting
2024-12-05 11:01:58.500000+00:00,combi,Standing,Standing
2024-12-05 11:02:58.500000+00:00,combi,Standing,Standing
2024-12-05 11:03:58.500000+00:00,combi,Standing,Standing
2024-12-05 11:04:58.500000+00:00,combi,Standing,Dynamic
2024-12-05 11:05:58.500000+00:00,combi,Standing,Standing
2024-12-05 11:06:58.500000+00:00,combi,Lying,Lying
2024-12-05 11:07:58.500000+00:00,combi,Lying,Lying
2024-12-05 11:08:58.500000+00:00,combi,Lying,Lying
2024-12-05 11:09:58.500000+00:00,combi,Lying,Lying
2024-12-05 11:10:58.500000+00:00,combi,Lying,Lying
2024-12-05 11:11:58.500000+00:00,combi,Lying,Lying
2024-12-05 11:12:58.500000+00:00,combi,Lying,Lying
2024-12-05 11:13:58.500000+00:00,combi,Lying,Lying
2024-12-05 11:14:58.500000+00:00,combi,Lying,Lying
2024-12-05 11:15:58.500000+00:00,combi,Lying,Lying
2024-12-05 11:16:58.500000+00:00,combi,Lying,Lying
2024-12-05 11:17:58.500000+00:00,combi,Lying,Lying
2024-12-05 11:18:58.500000+00:00,combi,Sitting,Sitting
2024-12-05 11:19:58.500000+00:00,combi,Sitting,Sitting
2024-12-05 11:20:58.500000+00:00,combi,Sitting,Sitting
2024-12-05 11:21:58.500000+00:00,combi,Sitting,Sitting
2024-12-05 11:22:58.500000+00:00,combi,Sitting,Sitting
2024-12-05 11:23:58.500000+00:00,combi,Sitting,Sitting
2024-12-05 11:24:58.500000+00:00,combi,Sitting,Sitting
2024-12-05 11:25:58.500000+00:00,combi,Sitting,Sitting
2024-12-05 11:26:58.500000+00:00,combi,Standing,Sitting
2024-12-05 11:27:58.500000+00:00,combi,Standing,Standing
2024-12-05 11:28:58.500000+00:00,combi,Standing,Standing
2024-12-05 11:29:58.500000+00:00,combi,Standing,Standing
2024-12-05 11:30:58.500000+00:00,combi,Standing,Standing
2024-12-05 11:31:58.500000+00:00,combi,Standing,Standing
2024-12-05 11:32:58.500000+00:00,combi,Standing,Standing
2024-12-05 11:33:58.500000+00:00,combi,Standing,Standing
2024-12-05 11:34:58.500000+00:00,combi,Standing,Standing
2024-12-05 11:35:58.500000+00:00,combi,Standing,Sitting
2024-12-05 11:36:58.500000+00:00,combi,Sitting,Sitting
2024-12-05 11:37:58.500000+00:00,combi,Sitting,Sitting
2024-12-05 11:38:58.500000+00:00,combi,Sitting,Sitting
2024-12-05 11:39:58.500000+00:00,combi,Sitting,Sitting
2024-12-05 11:40:58.500000+00:00,combi,Sitting,Sitting
2024-12-05 11:41:58.500000+00:00,combi,Sitting,Sitting
2024-12-05 11:42:58.500000+00:00,combi,Sitting,Sitting
2024-12-05 11:43:58.500000+00:00,combi,Sitting,Sitting
2024-12-05 11:44:58.500000+00:00,combi,Sitting,Sitting
2024-12-05 11:45:58.500000+00:00,combi,Sitting,Sitting
2024-12-05 11:46:58.500000+00:00,combi,Sitting,Sitting
2024-12-05 11:47:58.500000+00:00,combi,Sitting,Sitting
2024-12-05 11:48:58.500000+00:00,combi,Sitting,Sitting
2024-12-05 11:49:58.500000+00:00,combi,Sitting,Sitting
2024-12-05 11:50:58.500000+00:00,combi,Sitting,Sitting
2024-12-05 11:51:58.500000+00:00,combi,Sitting,Sitting
2024-12-05 11:52:58.500000+00:00,combi,Sitting,Sitting
2024-12-05 11:53:58.500000+00:00,combi,Sitting,Sitting
2024-12-05 11:54:58.500000+00:00,combi,Sitting,Sitting
2024-12-05 11:55:58.500000+00:00,combi,Standing,Standing
2024-12-05 11:56:58.500000+00:00,combi,Sitting,Sitting
2024-12-05 11:57:58.500000+00:00,combi,Standing,Standing
2024-12-05 11:58:58.500000+00:00,combi,Standing,Standing
2024-12-05 11:59:58.500000+00:00,combi,Standing,Standing
2024-12-05 12:00:58.500000+00:00,combi,Standing,Standing
2024-12-05 12:01:58.500000+00:00,combi,Standing,Standing
2024-12-05 12:02:58.500000+00:00,combi,Standing,Standing
2024-12-05 12:03:58.500000+00:00,combi,Standing,Standing
2024-12-05 12:04:58.500000+00:00,combi,Standing,Standing
2024-12-05 12:05:58.500000+00:00,combi,Standing,Standing
2024-12-05 12:06:58.500000+00:00,combi,Standing,Standing
2024-12-05 12:07:58.500000+00:00,combi,Standing,Standing
2024-12-05 12:08:58.500000+00:00,combi,Standing,Dynamic
2024-12-05 12:09:58.500000+00:00,combi,Standing,Dynamic
2024-12-05 12:10:58.500000+00:00,combi,Standing,Dynamic
2024-12-05 12:11:58.500000+00:00,combi,Sitting,Dynamic
2024-12-05 12:12:58.500000+00:00,combi,Lying,Dynamic
2024-12-05 12:13:58.500000+00:00,combi,Sitting,Dynamic
2024-12-05 12:14:58.500000+00:00,combi,Lying,Dynamic
2024-12-05 12:15:58.500000+00:00,combi,Standing,Dynamic
2024-12-05 12:16:58.500000+00:00,combi,Sitting,Dynamic
2024-12-05 12:17:58.500000+00:00,combi,Standing,Dynamic
2024-12-05 12:18:58.500000+00:00,combi,Sitting,Sitting
2024-12-05 12:19:58.500000+00:00,combi,Sitting,Sitting
2024-12-05 12:20:58.500000+00:00,combi,Standing,Dynamic
2024-12-05 12:21:58.500000+00:00,combi,Sitting,Dynamic
2024-12-05 12:22:58.500000+00:00,combi,Lying,Dynamic
2024-12-05 12:23:58.500000+00:00,combi,Standing,Dynamic
2024-12-05 12:24:58.500000+00:00,combi,Standing,Dynamic
2024-12-05 12:25:58.500000+00:00,combi,Sitting,Sitting
2024-12-05 12:26:58.500000+00:00,combi,Sitting,Sitting
2024-12-05 12:27:58.500000+00:00,combi,Sitting,Sitting
2024-12-05 12:28:58.500000+00:00,combi,Sitting,Sitting
2024-12-05 12:29:58.500000+00:00,combi,Sitting,Sitting
2024-12-05 12:30:58.500000+00:00,combi,Sitting,Sitting
2024-12-05 12:31:58.500000+00:00,combi,Sitting,Sitting
2024-12-05 12:32:58.500000+00:00,combi,Sitting,Sitting
2024-12-05 12:33:58.500000+00:00,combi,Sitting,Sitting
2024-12-05 12:34:58.500000+00:00,combi,Sitting,Sitting
2024-12-05 12:35:58.500000+00:00,combi,Sitting,Sitting
2024-12-05 12:36:58.500000+00:00,combi,Sitting,Sitting
2024-12-05 12:37:58.500000+00:00,combi,Standing,Dynamic
2024-12-05 12:38:58.500000+00:00,combi,Standing,Dynamic
2024-12-05 12:39:58.500000+00:00,combi,Standing,Dynamic
2024-12-05 12:40:58.500000+00:00,combi,Standing,Dynamic
2024-12-05 12:41:58.500000+00:00,combi,Standing,Dynamic
2024-12-05 12:42:58.500000+00:00,combi,Sitting,Sitting
2024-12-05 12:43:58.500000+00:00,combi,Sitting,Sitting
2024-12-05 12:44:58.500000+00:00,combi,Sitting,Sitting
2024-12-05 12:45:58.500000+00:00,combi,Sitting,Sitting
2024-12-05 12:46:58.500000+00:00,combi,Sitting,Sitting
2024-12-05 12:47:58.500000+00:00,combi,Sitting,Sitting
2024-12-05 12:48:58.500000+00:00,combi,Sitting,Sitting
2024-12-05 12:49:58.500000+00:00,combi,Sitting,Sitting
2024-12-05 12:50:58.500000+00:00,combi,Sitting,Sitting
2024-12-05 12:51:58.500000+00:00,combi,Sitting,Sitting
2024-12-05 12:52:58.500000+00:00,combi,Sitting,Sitting
2024-12-05 12:53:58.500000+00:00,combi,Lying,Dynamic
2024-12-05 12:54:58.500000+00:00,combi,Standing,Standing
2024-12-05 12:55:58.500000+00:00,combi,Sitting,Sitting
2024-12-05 12:56:58.500000+00:00,combi,Sitting,Sitting
2024-12-05 12:57:58.500000+00:00,combi,Sitting,Sitting
2024-12-05 12:58:58.500000+00:00,combi,Sitting,Sitting
2024-12-05 12:59:58.500000+00:00,combi,Standing,Standing
2024-12-05 13:00:58.500000+00:00,combi,Sitting,Sitting
2024-12-05 13:01:58.500000+00:00,combi,Sitting,Sitting
2024-12-05 13:02:58.500000+00:00,combi,Sitting,Sitting
2024-12-05 13:03:58.500000+00:00,combi,Sitting,Sitting
2024-12-05 13:04:58.500000+00:00,combi,Standing,Standing
2024-12-05 13:05:58.500000+00:00,combi,Sitting,Sitting
2024-12-05 13:06:58.500000+00:00,combi,Sitting,Sitting
2024-12-05 13:07:58.500000+00:00,combi,Sitting,Sitting
2024-12-05 13:08:58.500000+00:00,combi,Sitting,Sitting
2024-12-05 13:09:58.500000+00:00,combi,Sitting,Sitting
2024-12-05 13:10:58.500000+00:00,combi,Sitting,Sitting
2024-12-05 13:11:58.500000+00:00,combi,Sitting,Sitting
2024-12-05 13:12:58.500000+00:00,combi,Sitting,Sitting
2024-12-05 13:13:58.500000+00:00,combi,Sitting,Sitting
2024-12-05 13:14:58.500000+00:00,combi,Sitting,Sitting
2024-12-05 13:15:58.500000+00:00,combi,Sitting,Sitting
2024-12-05 13:16:58.500000+00:00,combi,Sitting,Sitting
2024-12-05 13:17:58.500000+00:00,combi,Sitting,Sitting
2024-12-05 13:18:58.500000+00:00,combi,Sitting,Sitting
2024-12-05 13:19:58.500000+00:00,combi,Sitting,Sitting
2024-12-05 13:20:58.500000+00:00,combi,Standing,Dynamic
2024-12-05 13:21:58.500000+00:00,combi,Standing,Dynamic
2024-12-05 13:22:58.500000+00:00,combi,Standing,Sitting
2024-12-05 13:23:58.500000+00:00,combi,Standing,Standing
2024-12-05 13:24:58.500000+00:00,combi,Sitting,Dynamic
2024-12-05 13:25:58.500000+00:00,combi,Sitting,Dynamic
2024-12-05 13:26:58.500000+00:00,combi,Sitting,Dynamic
2024-12-05 13:27:58.500000+00:00,combi,Sitting,Dynamic
2024-12-05 13:28:58.500000+00:00,combi,Sitting,Dynamic
2024-12-05 13:29:58.500000+00:00,combi,Sitting,Dynamic
2024-12-05 13:30:58.500000+00:00,combi,Sitting,Dynamic
2024-12-05 13:31:58.500000+00:00,combi,Sitting,Dynamic
2024-12-05 13:32:58.500000+00:00,combi,Sitting,Dynamic
2024-12-05 13:33:58.500000+00:00,combi,Sitting,Dynamic
2024-12-05 13:34:58.500000+00:00,combi,Standing,Dynamic
2024-12-05 13:35:58.500000+00:00,combi,Standing,Dynamic
2024-12-05 13:36:58.500000+00:00,combi,Standing,Dynamic
2024-12-05 13:37:58.500000+00:00,combi,Standing,Dynamic
2024-12-05 13:38:58.500000+00:00,combi,Standing,Dynamic
2024-12-05 13:39:58.500000+00:00,combi,Standing,Dynamic
2024-12-05 13:40:58.500000+00:00,combi,Standing,Standing
2024-12-05 13:41:58.500000+00:00,combi,Standing,Standing
2024-12-05 13:42:58.500000+00:00,combi,Standing,Dynamic
2024-12-05 13:43:58.500000+00:00,combi,Standing,Dynamic
2024-12-05 13:44:58.500000+00:00,combi,Standing,Dynamic
2024-12-05 13:45:58.500000+00:00,combi,Sitting,Sitting
2024-12-05 13:46:58.500000+00:00,combi,Sitting,Sitting
2024-12-05 13:47:58.500000+00:00,combi,Sitting,Sitting
2024-12-05 13:48:58.500000+00:00,combi,Sitting,Sitting
2024-12-05 13:49:58.500000+00:00,combi,Sitting,Sitting
2024-12-05 13:50:58.500000+00:00,combi,Sitting,Sitting
2024-12-05 13:51:58.500000+00:00,combi,Sitting,Sitting
2024-12-05 13:52:58.500000+00:00,combi,Sitting,Sitting
2024-12-05 13:53:58.500000+00:00,combi,Sitting,Sitting
2024-12-05 13:54:58.500000+00:00,combi,Sitting,Sitting
2024-12-05 13:55:58.500000+00:00,combi,Sitting,Sitting
2024-12-05 13:56:58.500000+00:00,combi,Sitting,Sitting
2024-12-05 13:57:58.500000+00:00,combi,Sitting,Sitting
2024-12-05 13:58:58.500000+00:00,combi,Sitting,Sitting
2024-12-05 13:59:58.500000+00:00,combi,Sitting,Sitting
2024-12-05 14:00:58.500000+00:00,combi,Sitting,Sitting
2024-12-05 14:01:58.500000+00:00,combi,Sitting,Sitting
2024-12-05 14:02:58.500000+00:00,combi,Sitting,Sitting
2024-12-05 14:03:58.500000+00:00,combi,Sitting,Sitting
2024-12-05 14:04:58.500000+00:00,combi,Sitting,Sitting
2024-12-05 14:05:58.500000+00:00,combi,Sitting,Sitting
2024-12-05 14:06:58.500000+00:00,combi,Standing,Dynamic
2024-12-05 14:07:58.500000+00:00,combi,Sitting,Sitting
2024-12-05 14:08:58.500000+00:00,combi,Sitting,Sitting
2024-12-05 14:09:58.500000+00:00,combi,Sitting,Sitting
2024-12-05 14:10:58.500000+00:00,combi,Sitting,Sitting
2024-12-05 14:11:58.500000+00:00,combi,Sitting,Sitting
2024-12-05 14:12:58.500000+00:00,combi,Sitting,Sitting
2024-12-05 14:13:58.500000+00:00,combi,Sitting,Sitting
2024-12-05 14:14:58.500000+00:00,combi,Sitting,Sitting
2024-12-05 14:15:58.500000+00:00,combi,Sitting,Sitting
2024-12-05 14:16:58.500000+00:00,combi,Sitting,Sitting
2024-12-05 14:17:58.500000+00:00,combi,Sitting,Dynamic
2024-12-05 14:18:58.500000+00:00,combi,Lying,Dynamic
2024-12-05 14:19:58.500000+00:00,combi,Sitting,Dynamic
2024-12-05 14:20:58.500000+00:00,combi,Sitting,Dynamic
2024-12-05 14:21:58.500000+00:00,combi,Sitting,Dynamic
2024-12-05 14:22:58.500000+00:00,combi,Standing,Dynamic
2024-12-05 14:23:58.500000+00:00,combi,Lying,Dynamic
2024-12-05 14:24:58.500000+00:00,combi,Standing,Dynamic
2024-12-05 14:25:58.500000+00:00,combi,Standing,Standing
2024-12-05 14:26:58.500000+00:00,combi,Standing,Dynamic
2024-12-05 14:27:58.500000+00:00,combi,Sitting,Dynamic
2024-12-05 14:28:58.500000+00:00,combi,Sitting,Sitting
2024-12-05 14:29:58.500000+00:00,combi,Standing,Dynamic
2024-12-05 14:30:58.500000+00:00,combi,Standing,Dynamic
2024-12-05 14:31:58.500000+00:00,combi,Standing,Dynamic
2024-12-05 14:32:58.500000+00:00,combi,Sitting,Dynamic
2024-12-05 14:33:58.500000+00:00,combi,Standing,Dynamic
2024-12-05 14:34:58.500000+00:00,combi,Standing,Standing
2024-12-05 14:35:58.500000+00:00,combi,Standing,Dynamic
2024-12-05 14:36:58.500000+00:00,combi,Standing,Dynamic
2024-12-05 14:37:58.500000+00:00,combi,Standing,Dynamic
2024-12-05 14:38:58.500000+00:00,combi,Sitting,Sitting
2024-12-05 14:39:58.500000+00:00,combi,Sitting,Sitting
2024-12-05 14:40:58.500000+00:00,combi,Sitting,Sitting
2024-12-05 14:41:58.500000+00:00,combi,Sitting,Sitting
2024-12-05 14:42:58.500000+00:00,combi,Sitting,Sitting
2024-12-05 14:43:58.500000+00:00,combi,Sitting,Sitting
2024-12-05 14:44:58.500000+00:00,combi,Sitting,Sitting
2024-12-05 14:45:58.500000+00:00,combi,Sitting,Sitting
2024-12-05 14:46:58.500000+00:00,combi,Sitting,Dynamic
2024-12-05 14:47:58.500000+00:00,combi,Sitting,Sitting
2024-12-05 14:48:58.500000+00:00,combi,Sitting,Sitting
2024-12-05 14:49:58.500000+00:00,combi,Sitting,Sitting
2024-12-05 14:50:58.500000+00:00,combi,Sitting,Sitting
2024-12-05 14:51:58.500000+00:00,combi,Sitting,Dynamic
2024-12-05 14:52:58.500000+00:00,combi,Sitting,Sitting
2024-12-05 14:53:58.500000+00:00,combi,Sitting,Sitting
2024-12-05 14:54:58.500000+00:00,combi,Sitting,Sitting
2024-12-05 14:55:58.500000+00:00,combi,Sitting,Dynamic
2024-12-05 14:56:58.500000+00:00,combi,Standing,Dynamic
2024-12-05 14:57:58.500000+00:00,combi,Sitting,Sitting
2024-12-05 14:58:58.500000+00:00,combi,Sitting,Sitting
2024-12-05 14:59:58.500000+00:00,combi,Sitting,Sitting
2024-12-05 15:00:58.500000+00:00,combi,Sitting,Sitting
2024-12-05 15:01:58.500000+00:00,combi,Sitting,Sitting
2024-12-05 15:02:58.500000+00:00,combi,Sitting,Sitting
2024-12-05 15:03:58.500000+00:00,combi,Sitting,Sitting
2024-12-05 15:04:58.500000+00:00,combi,Sitting,Sitting
2024-12-05 15:05:58.500000+00:00,combi,Sitting,Sitting
2024-12-05 15:06:58.500000+00:00,combi,Sitting,Sitting
2024-12-05 15:07:58.500000+00:00,combi,Sitting,Sitting
2024-12-05 15:08:58.500000+00:00,combi,Standing,Standing
2024-12-05 15:09:58.500000+00:00,combi,Sitting,Dynamic
2024-12-05 15:10:58.500000+00:00,combi,Sitting,Sitting
2024-12-05 15:11:58.500000+00:00,combi,Sitting,Sitting
2024-12-05 15:12:58.500000+00:00,combi,Sitting,Sitting
2024-12-05 15:13:58.500000+00:00,combi,Sitting,Sitting
2024-12-05 15:14:58.500000+00:00,combi,Sitting,Sitting
2024-12-05 15:15:58.500000+00:00,combi,Sitting,Sitting
2024-12-05 15:16:58.500000+00:00,combi,Sitting,Sitting
2024-12-05 15:17:58.500000+00:00,combi,Sitting,Sitting
2024-12-05 15:18:58.500000+00:00,combi,Sitting,Sitting
2024-12-05 15:19:58.500000+00:00,combi,Standing,Dynamic
2024-12-05 15:20:58.500000+00:00,combi,Standing,Dynamic
2024-12-05 15:21:58.500000+00:00,combi,Sitting,Dynamic
2024-12-05 15:22:58.500000+00:00,combi,Lying,Dynamic
2024-12-05 15:23:58.500000+00:00,combi,Standing,Dynamic
2024-12-05 15:24:58.500000+00:00,combi,Sitting,Dynamic
2024-12-05 15:25:58.500000+00:00,combi,Sitting,Sitting
2024-12-05 15:26:58.500000+00:00,combi,Sitting,Sitting
2024-12-05 15:27:58.500000+00:00,combi,Sitting,Sitting
2024-12-05 15:28:58.500000+00:00,combi,Sitting,Sitting
2024-12-05 15:29:58.500000+00:00,combi,Sitting,Dynamic
2024-12-05 15:30:58.500000+00:00,combi,Sitting,Dynamic
2024-12-05 15:31:58.500000+00:00,combi,Lying,Dynamic
2024-12-05 15:32:58.500000+00:00,combi,Sitting,Sitting
2024-12-05 15:33:58.500000+00:00,combi,Sitting,Sitting
2024-12-05 15:34:58.500000+00:00,combi,Sitting,Sitting
2024-12-05 15:35:58.500000+00:00,combi,Sitting,Sitting
2024-12-05 15:36:58.500000+00:00,combi,Sitting,Sitting
2024-12-05 15:37:58.500000+00:00,combi,Sitting,Sitting
2024-12-05 15:38:58.500000+00:00,combi,Sitting,Sitting
2024-12-05 15:39:58.500000+00:00,combi,Sitting,Sitting
2024-12-05 15:40:58.500000+00:00,combi,Sitting,Sitting
2024-12-05 15:41:58.500000+00:00,combi,Sitting,Dynamic
2024-12-05 15:42:58.500000+00:00,combi,Sitting,Sitting
2024-12-05 15:43:58.500000+00:00,combi,Sitting,Sitting
2024-12-05 15:44:58.500000+00:00,combi,Sitting,Sitting
2024-12-05 15:45:58.500000+00:00,combi,Sitting,Dynamic
2024-12-05 15:46:58.500000+00:00,combi,Sitting,Sitting
2024-12-05 15:47:58.500000+00:00,combi,Sitting,Dynamic
2024-12-05 15:48:58.500000+00:00,combi,Sitting,Sitting
2024-12-05 15:49:58.500000+00:00,combi,Sitting,Sitting
2024-12-05 15:50:58.500000+00:00,combi,Sitting,Dynamic
2024-12-05 15:51:58.500000+00:00,combi,Sitting,Sitting
2024-12-05 15:52:58.500000+00:00,combi,Standing,Sitting
2024-12-05 15:53:58.500000+00:00,combi,Sitting,Sitting
2024-12-05 15:54:58.500000+00:00,combi,Sitting,Sitting
2024-12-05 15:55:58.500000+00:00,combi,Sitting,Sitting
2024-12-05 15:56:58.500000+00:00,combi,Standing,Dynamic
2024-12-05 15:57:58.500000+00:00,combi,Sitting,Sitting
2024-12-05 15:58:58.500000+00:00,combi,Sitting,Sitting
2024-12-05 15:59:58.500000+00:00,combi,Sitting,Sitting
2024-12-05 16:00:58.500000+00:00,combi,Sitting,Sitting
2024-12-05 16:01:58.500000+00:00,combi,Sitting,Dynamic
2024-12-05 16:02:58.500000+00:00,combi,Sitting,Sitting
2024-12-05 16:03:58.500000+00:00,combi,Sitting,Sitting
2024-12-05 16:04:58.500000+00:00,combi,Sitting,Dynamic
2024-12-05 16:05:58.500000+00:00,combi,Sitting,Dynamic
2024-12-05 16:06:58.500000+00:00,combi,Sitting,Sitting
2024-12-05 16:07:58.500000+00:00,combi,Standing,Standing
2024-12-05 16:08:58.500000+00:00,combi,Sitting,Sitting
2024-12-05 16:09:58.500000+00:00,combi,Sitting,Sitting
2024-12-05 16:10:58.500000+00:00,combi,Sitting,Sitting
2024-12-05 16:11:58.500000+00:00,combi,Sitting,Sitting
2024-12-05 16:12:58.500000+00:00,combi,Sitting,Sitting
2024-12-05 16:13:58.500000+00:00,combi,Sitting,Sitting
2024-12-05 16:14:58.500000+00:00,combi,Sitting,Sitting
2024-12-05 16:15:58.500000+00:00,combi,Sitting,Sitting
2024-12-05 16:16:58.500000+00:00,combi,Sitting,Sitting
2024-12-05 16:17:58.500000+00:00,combi,Sitting,Sitting
2024-12-05 16:18:58.500000+00:00,combi,Sitting,Sitting
2024-12-05 16:19:58.500000+00:00,combi,Sitting,Sitting
2024-12-05 16:20:58.500000+00:00,combi,Sitting,Dynamic
2024-12-05 16:21:58.500000+00:00,combi,Sitting,Sitting
2024-12-05 16:22:58.500000+00:00,combi,Standing,Standing
2024-12-05 16:23:58.500000+00:00,combi,Sitting,Sitting
2024-12-05 16:24:58.500000+00:00,combi,Sitting,Sitting
2024-12-05 16:25:58.500000+00:00,combi,Sitting,Sitting
2024-12-05 16:26:58.500000+00:00,combi,Sitting,Dynamic
2024-12-05 16:27:58.500000+00:00,combi,Sitting,Sitting
2024-12-05 16:28:58.500000+00:00,combi,Sitting,Sitting
2024-12-05 16:29:58.500000+00:00,combi,Sitting,Sitting
2024-12-05 16:30:58.500000+00:00,combi,Sitting,Sitting
2024-12-05 16:31:58.500000+00:00,combi,Sitting,Sitting
2024-12-05 16:32:58.500000+00:00,combi,Sitting,Sitting
2024-12-05 16:33:58.500000+00:00,combi,Sitting,Sitting
2024-12-05 16:34:58.500000+00:00,combi,Sitting,Sitting
2024-12-05 16:35:58.500000+00:00,combi,Sitting,Sitting
2024-12-05 16:36:58.500000+00:00,combi,Sitting,Sitting
2024-12-05 16:37:58.500000+00:00,combi,Sitting,Sitting
2024-12-05 16:38:58.500000+00:00,combi,Sitting,Sitting
2024-12-05 16:39:58.500000+00:00,combi,Sitting,Sitting
2024-12-05 16:40:58.500000+00:00,combi,Sitting,Sitting
2024-12-05 16:41:58.500000+00:00,combi,Standing,Standing
2024-12-05 16:42:58.500000+00:00,combi,Sitting,Sitting
2024-12-05 16:43:58.500000+00:00,combi,Sitting,Sitting
2024-12-05 16:44:58.500000+00:00,combi,Sitting,Sitting
2024-12-05 16:45:58.500000+00:00,combi,Sitting,Sitting
2024-12-05 16:46:58.500000+00:00,combi,Sitting,Sitting
2024-12-05 16:47:58.500000+00:00,combi,Sitting,Dynamic
2024-12-05 16:48:58.500000+00:00,combi,Standing,Standing
2024-12-05 16:49:58.500000+00:00,combi,Standing,Standing
2024-12-05 16:50:58.500000+00:00,combi,Sitting,Sitting
2024-12-05 16:51:58.500000+00:00,combi,Standing,Standing
2024-12-05 16:52:58.500000+00:00,combi,Sitting,Sitting
2024-12-05 16:53:58.500000+00:00,combi,Sitting,Sitting
2024-12-05 16:54:58.500000+00:00,combi,Standing,Standing
2024-12-05 16:55:58.500000+00:00,combi,Sitting,Sitting
2024-12-05 16:56:58.500000+00:00,combi,Sitting,Sitting
2024-12-05 16:57:58.500000+00:00,combi,Sitting,Sitting
2024-12-05 16:58:58.500000+00:00,combi,Sitting,Sitting
2024-12-05 16:59:58.500000+00:00,combi,Sitting,Sitting
2024-12-05 17:00:58.500000+00:00,combi,Sitting,Sitting
2024-12-05 17:01:58.500000+00:00,combi,Sitting,Sitting
2024-12-05 17:02:58.500000+00:00,combi,Standing,Standing
2024-12-05 17:03:58.500000+00:00,combi,Standing,Standing
2024-12-05 17:04:58.500000+00:00,combi,Standing,Dynamic
2024-12-05 17:05:58.500000+00:00,combi,Standing,Standing
2024-12-05 17:06:58.500000+00:00,combi,Standing,Dynamic
2024-12-05 17:07:58.500000+00:00,combi,Sitting,Dynamic
2024-12-05 17:08:58.500000+00:00,combi,Standing,Dynamic
2024-12-05 17:09:58.500000+00:00,combi,Standing,Standing
2024-12-05 17:10:58.500000+00:00,combi,Standing,Standing
2024-12-05 17:11:58.500000+00:00,combi,Standing,Dynamic
2024-12-05 17:12:58.500000+00:00,combi,Sitting,Dynamic
2024-12-05 17:13:58.500000+00:00,combi,Lying,Lying
2024-12-05 17:14:58.500000+00:00,combi,Sitting,Sitting
2024-12-05 17:15:58.500000+00:00,combi,Sitting,Sitting
2024-12-05 17:16:58.500000+00:00,combi,Sitting,Dynamic
2024-12-05 17:17:58.500000+00:00,combi,Standing,Dynamic
2024-12-05 17:18:58.500000+00:00,combi,Standing,Dynamic
2024-12-05 17:19:58.500000+00:00,combi,Sitting,Standing
2024-12-05 17:20:58.500000+00:00,combi,Standing,Dynamic
2024-12-05 17:21:58.500000+00:00,combi,Sitting,Dynamic
2024-12-05 17:22:58.500000+00:00,combi,Standing,Dynamic
2024-12-05 17:23:58.500000+00:00,combi,Sitting,Dynamic
2024-12-05 17:24:58.500000+00:00,combi,Lying,Dynamic
2024-12-05 17:25:58.500000+00:00,combi,Lying,Dynamic
2024-12-05 17:26:58.500000+00:00,combi,Standing,Dynamic
2024-12-05 17:27:58.500000+00:00,combi,Standing,Dynamic
2024-12-05 17:28:58.500000+00:00,combi,Standing,Dynamic
2024-12-05 17:29:58.500000+00:00,combi,Sitting,Dynamic
2024-12-05 17:30:58.500000+00:00,combi,Sitting,Dynamic
2024-12-05 17:31:58.500000+00:00,combi,Standing,Dynamic
2024-12-05 17:32:58.500000+00:00,combi,Standing,Dynamic
2024-12-05 17:33:58.500000+00:00,combi,Standing,Standing
2024-12-05 17:34:58.500000+00:00,combi,Standing,Dynamic
2024-12-05 17:35:58.500000+00:00,combi,Standing,Dynamic
2024-12-05 17:36:58.500000+00:00,combi,Sitting,Sitting
2024-12-05 17:37:58.500000+00:00,combi,Sitting,Sitting
2024-12-05 17:38:58.500000+00:00,combi,Sitting,Sitting
2024-12-05 17:39:58.500000+00:00,combi,Standing,Dynamic
2024-12-05 17:40:58.500000+00:00,combi,Standing,Dynamic
2024-12-05 17:41:58.500000+00:00,combi,Standing,Standing
2024-12-05 17:42:58.500000+00:00,combi,Sitting,Sitting
2024-12-05 17:43:58.500000+00:00,combi,Sitting,Sitting
2024-12-05 17:44:58.500000+00:00,combi,Sitting,Sitting
2024-12-05 17:45:58.500000+00:00,combi,Sitting,Sitting
2024-12-05 17:46:58.500000+00:00,combi,Sitting,Sitting
2024-12-05 17:47:58.500000+00:00,combi,Sitting,Sitting
2024-12-05 17:48:58.500000+00:00,combi,Sitting,Sitting
2024-12-05 17:49:58.500000+00:00,combi,Sitting,Sitting
2024-12-05 17:50:58.500000+00:00,combi,Sitting,Sitting
2024-12-05 17:51:58.500000+00:00,combi,Sitting,Sitting
2024-12-05 17:52:58.500000+00:00,combi,Sitting,Sitting
2024-12-05 17:53:58.500000+00:00,combi,Standing,Dynamic
2024-12-05 17:54:58.500000+00:00,combi,Standing,Dynamic
2024-12-05 17:55:58.500000+00:00,combi,Sitting,Dynamic
2024-12-05 17:56:58.500000+00:00,combi,Sitting,Sitting
2024-12-05 17:57:58.500000+00:00,combi,Sitting,Sitting
2024-12-05 17:58:58.500000+00:00,combi,Sitting,Sitting
2024-12-05 17:59:58.500000+00:00,combi,Sitting,Sitting
2024-12-05 18:00:58.500000+00:00,combi,Sitting,Sitting
2024-12-05 18:01:58.500000+00:00,combi,Sitting,Sitting
2024-12-05 18:02:58.500000+00:00,combi,Sitting,Sitting
2024-12-05 18:03:58.500000+00:00,combi,Sitting,Sitting
2024-12-05 18:04:58.500000+00:00,combi,Sitting,Sitting
2024-12-05 18:05:58.500000+00:00,combi,Sitting,Sitting
2024-12-05 18:06:58.500000+00:00,combi,Sitting,Sitting
2024-12-05 18:07:58.500000+00:00,combi,Sitting,Sitting
2024-12-05 18:08:58.500000+00:00,combi,Sitting,Sitting
2024-12-05 18:09:58.500000+00:00,combi,Sitting,Sitting
2024-12-05 18:10:58.500000+00:00,combi,Sitting,Sitting
2024-12-05 18:11:58.500000+00:00,combi,Sitting,Sitting
2024-12-05 18:12:58.500000+00:00,combi,Sitting,Sitting
2024-12-05 18:13:58.500000+00:00,combi,Sitting,Sitting
2024-12-05 18:14:58.500000+00:00,combi,Sitting,Sitting
2024-12-05 18:15:58.500000+00:00,combi,Sitting,Dynamic
2024-12-05 18:16:58.500000+00:00,combi,Lying,Lying
2024-12-05 18:17:58.500000+00:00,combi,Lying,Lying
2024-12-05 18:18:58.500000+00:00,combi,Lying,Sitting
2024-12-05 18:19:58.500000+00:00,combi,Sitting,Sitting
2024-12-05 18:20:58.500000+00:00,combi,Sitting,Sitting
2024-12-05 18:21:58.500000+00:00,combi,Sitting,Sitting
2024-12-05 18:22:58.500000+00:00,combi,Sitting,Sitting
2024-12-05 18:23:58.500000+00:00,combi,Lying,Lying
2024-12-05 18:24:58.500000+00:00,combi,Sitting,Sitting
2024-12-05 18:25:58.500000+00:00,combi,Sitting,Sitting
2024-12-05 18:26:58.500000+00:00,combi,Sitting,Sitting
2024-12-05 18:27:58.500000+00:00,combi,Sitting,Sitting
2024-12-05 18:28:58.500000+00:00,combi,Sitting,Sitting
2024-12-05 18:29:58.500000+00:00,combi,Sitting,Sitting
2024-12-05 18:30:58.500000+00:00,combi,Sitting,Sitting
2024-12-05 18:31:58.500000+00:00,combi,Sitting,Sitting
2024-12-05 18:32:58.500000+00:00,combi,Sitting,Sitting
2024-12-05 18:33:58.500000+00:00,combi,Sitting,Sitting
2024-12-05 18:34:58.500000+00:00,combi,Sitting,Sitting
2024-12-05 18:35:58.500000+00:00,combi,Sitting,Sitting
2024-12-05 18:36:58.500000+00:00,combi,Sitting,Sitting
2024-12-05 18:37:58.500000+00:00,combi,Sitting,Sitting
2024-12-05 18:38:58.500000+00:00,combi,Sitting,Sitting
2024-12-05 18:39:58.500000+00:00,combi,Sitting,Sitting
2024-12-05 18:40:58.500000+00:00,combi,Sitting,Sitting
2024-12-05 18:41:58.500000+00:00,combi,Sitting,Sitting
2024-12-05 18:42:58.500000+00:00,combi,Sitting,Sitting
2024-12-05 18:43:58.500000+00:00,combi,Sitting,Sitting
2024-12-05 18:44:58.500000+00:00,combi,Sitting,Sitting
2024-12-05 18:45:58.500000+00:00,combi,Sitting,Sitting
2024-12-05 18:46:58.500000+00:00,combi,Sitting,Sitting
2024-12-05 18:47:58.500000+00:00,combi,Sitting,Sitting
2024-12-05 18:48:58.500000+00:00,combi,Sitting,Sitting
2024-12-05 18:49:58.500000+00:00,combi,Sitting,Sitting
2024-12-05 18:50:58.500000+00:00,combi,Sitting,Sitting
2024-12-05 18:51:58.500000+00:00,combi,Lying,Lying
2024-12-05 18:52:58.500000+00:00,combi,Standing,Dynamic
2024-12-05 18:53:58.500000+00:00,combi,Standing,Dynamic
2024-12-05 18:54:58.500000+00:00,combi,Sitting,Dynamic
2024-12-05 18:55:58.500000+00:00,combi,Sitting,Sitting
2024-12-05 18:56:58.500000+00:00,combi,Sitting,Sitting
2024-12-05 18:57:58.500000+00:00,combi,Sitting,Sitting
2024-12-05 18:58:58.500000+00:00,combi,Sitting,Sitting
2024-12-05 18:59:58.500000+00:00,combi,Sitting,Sitting
2024-12-05 19:00:58.500000+00:00,combi,Sitting,Sitting
2024-12-05 19:01:58.500000+00:00,combi,Sitting,Sitting
2024-12-05 19:02:58.500000+00:00,combi,Sitting,Sitting
2024-12-05 19:03:58.500000+00:00,combi,Sitting,Sitting
2024-12-05 19:04:58.500000+00:00,combi,Sitting,Sitting
2024-12-05 19:05:58.500000+00:00,combi,Sitting,Sitting
2024-12-05 19:06:58.500000+00:00,combi,Sitting,Sitting
2024-12-05 19:07:58.500000+00:00,combi,Sitting,Sitting
2024-12-05 19:08:58.500000+00:00,combi,Sitting,Sitting
2024-12-05 19:09:58.500000+00:00,combi,Sitting,Sitting
2024-12-05 19:10:58.500000+00:00,combi,Sitting,Sitting
2024-12-05 19:11:58.500000+00:00,combi,Sitting,Sitting
2024-12-05 19:12:58.500000+00:00,combi,Sitting,Sitting
2024-12-05 19:13:58.500000+00:00,combi,Sitting,Sitting
2024-12-05 19:14:58.500000+00:00,combi,Sitting,Sitting
2024-12-05 19:15:58.500000+00:00,combi,Sitting,Sitting
2024-12-05 19:16:58.500000+00:00,combi,Sitting,Sitting
2024-12-05 19:17:58.500000+00:00,combi,Sitting,Sitting
2024-12-05 19:18:58.500000+00:00,combi,Sitting,Sitting
2024-12-05 19:19:58.500000+00:00,combi,Sitting,Sitting
2024-12-05 19:20:58.500000+00:00,combi,Sitting,Sitting
2024-12-05 19:21:58.500000+00:00,combi,Sitting,Sitting
2024-12-05 19:22:58.500000+00:00,combi,Sitting,Standing
2024-12-05 19:23:58.500000+00:00,combi,Sitting,Sitting
2024-12-05 19:24:58.500000+00:00,combi,Sitting,Sitting
2024-12-05 19:25:58.500000+00:00,combi,Sitting,Sitting
2024-12-05 19:26:58.500000+00:00,combi,Sitting,Sitting
2024-12-05 19:27:58.500000+00:00,combi,Sitting,Sitting
2024-12-05 19:28:58.500000+00:00,combi,Sitting,Sitting
2024-12-05 19:29:58.500000+00:00,combi,Sitting,Sitting
2024-12-05 19:30:58.500000+00:00,combi,Sitting,Sitting
2024-12-05 19:31:58.500000+00:00,combi,Sitting,Sitting
2024-12-05 19:32:58.500000+00:00,combi,Sitting,Sitting
2024-12-05 19:33:58.500000+00:00,combi,Sitting,Sitting
2024-12-05 19:34:58.500000+00:00,combi,Sitting,Sitting
2024-12-05 19:35:58.500000+00:00,combi,Sitting,Sitting
2024-12-05 19:36:58.500000+00:00,combi,Sitting,Sitting
2024-12-05 19:37:58.500000+00:00,combi,Sitting,Sitting
2024-12-05 19:38:58.500000+00:00,combi,Sitting,Sitting
2024-12-05 19:39:58.500000+00:00,combi,Sitting,Sitting
2024-12-05 19:40:58.500000+00:00,combi,Sitting,Sitting
2024-12-05 19:41:58.500000+00:00,combi,Sitting,Sitting
2024-12-05 19:42:58.500000+00:00,combi,Sitting,Sitting
2024-12-05 19:43:58.500000+00:00,combi,Sitting,Sitting
2024-12-05 19:44:58.500000+00:00,combi,Sitting,Sitting
2024-12-05 19:45:58.500000+00:00,combi,Sitting,Sitting
2024-12-05 19:46:58.500000+00:00,combi,Sitting,Sitting
2024-12-05 19:47:58.500000+00:00,combi,Sitting,Sitting
2024-12-05 19:48:58.500000+00:00,combi,Sitting,Sitting
2024-12-05 19:49:58.500000+00:00,combi,Sitting,Sitting
2024-12-05 19:50:58.500000+00:00,combi,Sitting,Sitting
2024-12-05 19:51:58.500000+00:00,combi,Sitting,Sitting
2024-12-05 19:52:58.500000+00:00,combi,Sitting,Sitting
2024-12-05 19:53:58.500000+00:00,combi,Sitting,Sitting
2024-12-05 19:54:58.500000+00:00,combi,Sitting,Sitting
2024-12-05 19:55:58.500000+00:00,combi,Sitting,Sitting
2024-12-05 19:56:58.500000+00:00,combi,Sitting,Sitting
2024-12-05 19:57:58.500000+00:00,combi,Sitting,Sitting
2024-12-05 19:58:58.500000+00:00,combi,Sitting,Sitting
2024-12-05 19:59:58.500000+00:00,combi,Standing,Standing
2024-12-05 20:00:58.500000+00:00,combi,Sitting,Sitting
2024-12-05 20:01:58.500000+00:00,combi,Sitting,Sitting
2024-12-05 20:02:58.500000+00:00,combi,Sitting,Sitting
2024-12-05 20:03:58.500000+00:00,combi,Sitting,Dynamic
2024-12-05 20:04:58.500000+00:00,combi,Standing,Dynamic
2024-12-05 20:05:58.500000+00:00,combi,Standing,Dynamic
2024-12-05 20:06:58.500000+00:00,combi,Standing,Dynamic
2024-12-05 20:07:58.500000+00:00,combi,Standing,Standing
2024-12-05 20:08:58.500000+00:00,combi,Standing,Dynamic
2024-12-05 20:09:58.500000+00:00,combi,Standing,Dynamic
2024-12-05 20:10:58.500000+00:00,combi,Standing,Dynamic
2024-12-05 20:11:58.500000+00:00,combi,Standing,Dynamic
2024-12-05 20:12:58.500000+00:00,combi,Standing,Dynamic
2024-12-05 20:13:58.500000+00:00,combi,Standing,Dynamic
2024-12-05 20:14:58.500000+00:00,combi,Standing,Dynamic
2024-12-05 20:15:58.500000+00:00,combi,Standing,Dynamic
2024-12-05 20:16:58.500000+00:00,combi,Standing,Dynamic
2024-12-05 20:17:58.500000+00:00,combi,Standing,Dynamic
2024-12-05 20:18:58.500000+00:00,combi,Standing,Dynamic
2024-12-05 20:19:58.500000+00:00,combi,Standing,Dynamic
2024-12-05 20:20:58.500000+00:00,combi,Standing,Standing
2024-12-05 20:21:58.500000+00:00,combi,Standing,Standing
2024-12-05 20:22:58.500000+00:00,combi,Standing,Dynamic
2024-12-05 20:23:58.500000+00:00,combi,Sitting,Dynamic
2024-12-05 20:24:58.500000+00:00,combi,Sitting,Sitting
2024-12-05 20:25:58.500000+00:00,combi,Sitting,Sitting
2024-12-05 20:26:58.500000+00:00,combi,Sitting,Sitting
2024-12-05 20:27:58.500000+00:00,combi,Sitting,Sitting
2024-12-05 20:28:58.500000+00:00,combi,Standing,Dynamic
2024-12-05 20:29:58.500000+00:00,combi,Sitting,Sitting
2024-12-05 20:30:58.500000+00:00,combi,Standing,Standing
2024-12-05 20:31:58.500000+00:00,combi,Standing,Standing
2024-12-05 20:32:58.500000+00:00,combi,Standing,Standing
2024-12-05 20:33:58.500000+00:00,combi,Sitting,Sitting
2024-12-05 20:34:58.500000+00:00,combi,Sitting,Sitting
2024-12-05 20:35:58.500000+00:00,combi,Sitting,Sitting
2024-12-05 20:36:58.500000+00:00,combi,Standing,Standing
2024-12-05 20:37:58.500000+00:00,combi,Sitting,Dynamic
2024-12-05 20:38:58.500000+00:00,combi,Sitting,Sitting
2024-12-05 20:39:58.500000+00:00,combi,Sitting,Sitting
2024-12-05 20:40:58.500000+00:00,combi,Sitting,Sitting
2024-12-05 20:41:58.500000+00:00,combi,Standing,Sitting
2024-12-05 20:42:58.500000+00:00,combi,Sitting,Sitting
2024-12-05 20:43:58.500000+00:00,combi,Standing,Standing
2024-12-05 20:44:58.500000+00:00,combi,Standing,Standing
2024-12-05 20:45:58.500000+00:00,combi,Standing,Standing
2024-12-05 20:46:58.500000+00:00,combi,Sitting,Sitting
2024-12-05 20:47:58.500000+00:00,combi,Sitting,Sitting
2024-12-05 20:48:58.500000+00:00,combi,Sitting,Sitting
2024-12-05 20:49:58.500000+00:00,combi,Standing,Sitting
2024-12-05 20:50:58.500000+00:00,combi,Sitting,Sitting
2024-12-05 20:51:58.500000+00:00,combi,Sitting,Sitting
2024-12-05 20:52:58.500000+00:00,combi,Standing,Standing
2024-12-05 20:53:58.500000+00:00,combi,Standing,Standing
2024-12-05 20:54:58.500000+00:00,combi,Sitting,Sitting
2024-12-05 20:55:58.500000+00:00,combi,Sitting,Sitting
2024-12-05 20:56:58.500000+00:00,combi,Standing,Standing
2024-12-05 20:57:58.500000+00:00,combi,Standing,Standing
2024-12-05 20:58:58.500000+00:00,combi,Standing,Standing
2024-12-05 20:59:58.500000+00:00,combi,Sitting,Sitting
2024-12-05 21:00:58.500000+00:00,combi,Sitting,Dynamic
2024-12-05 21:01:58.500000+00:00,combi,Sitting,Sitting
2024-12-05 21:02:58.500000+00:00,combi,Sitting,Sitting
2024-12-05 21:03:58.500000+00:00,combi,Standing,Standing
2024-12-05 21:04:58.500000+00:00,combi,Standing,Dynamic
2024-12-05 21:05:58.500000+00:00,combi,Standing,Standing
2024-12-05 21:06:58.500000+00:00,combi,Sitting,Dynamic
2024-12-05 21:07:58.500000+00:00,combi,Lying,Lying
2024-12-05 21:08:58.500000+00:00,combi,Lying,Lying
2024-12-05 21:09:58.500000+00:00,combi,Lying,Lying
2024-12-05 21:10:58.500000+00:00,combi,Lying,Lying
2024-12-05 21:11:58.500000+00:00,combi,Lying,Lying
2024-12-05 21:12:58.500000+00:00,combi,Lying,Lying
2024-12-05 21:13:58.500000+00:00,combi,Lying,Lying
2024-12-05 21:14:58.500000+00:00,combi,Lying,Lying
2024-12-05 21:15:58.500000+00:00,combi,Lying,Lying
2024-12-05 21:16:58.500000+00:00,combi,Lying,Lying
2024-12-05 21:17:58.500000+00:00,combi,Lying,Lying
2024-12-05 21:18:58.500000+00:00,combi,Lying,Lying
2024-12-05 21:19:58.500000+00:00,combi,Lying,Lying
2024-12-05 21:20:58.500000+00:00,combi,Lying,Lying
2024-12-05 21:21:58.500000+00:00,combi,Lying,Lying
2024-12-05 21:22:58.500000+00:00,combi,Lying,Lying
2024-12-05 21:23:58.500000+00:00,combi,Lying,Lying
2024-12-05 21:24:58.500000+00:00,combi,Lying,Lying
2024-12-05 21:25:58.500000+00:00,combi,Lying,Lying
2024-12-05 21:26:58.500000+00:00,combi,Lying,Lying
2024-12-05 21:27:58.500000+00:00,combi,Lying,Lying
2024-12-05 21:28:58.500000+00:00,combi,Lying,Lying
2024-12-05 21:29:58.500000+00:00,combi,Lying,Lying
2024-12-05 21:30:58.500000+00:00,combi,Lying,Lying
2024-12-05 21:31:58.500000+00:00,combi,Lying,Lying
2024-12-05 21:32:58.500000+00:00,combi,Lying,Lying
2024-12-05 21:33:58.500000+00:00,combi,Lying,Lying
2024-12-05 21:34:58.500000+00:00,combi,Lying,Lying
2024-12-05 21:35:58.500000+00:00,combi,Lying,Lying
2024-12-05 21:36:58.500000+00:00,combi,Lying,Lying
2024-12-05 21:37:58.500000+00:00,combi,Lying,Lying
2024-12-05 21:38:58.500000+00:00,combi,Lying,Lying
2024-12-05 21:39:58.500000+00:00,combi,Lying,Lying
2024-12-05 21:40:58.500000+00:00,combi,Lying,Lying
2024-12-05 21:41:58.500000+00:00,combi,Lying,Lying
2024-12-05 21:42:58.500000+00:00,combi,Lying,Lying
2024-12-05 21:43:58.500000+00:00,combi,Lying,Lying
2024-12-05 21:44:58.500000+00:00,combi,Lying,Lying
2024-12-05 21:45:58.500000+00:00,combi,Lying,Lying
2024-12-05 21:46:58.500000+00:00,combi,Lying,Lying
2024-12-05 21:47:58.500000+00:00,combi,Lying,Lying
2024-12-05 21:48:58.500000+00:00,combi,Lying,Lying
2024-12-05 21:49:58.500000+00:00,combi,Lying,Lying
2024-12-05 21:50:58.500000+00:00,combi,Lying,Lying
2024-12-05 21:51:58.500000+00:00,combi,Lying,Lying
2024-12-05 21:52:58.500000+00:00,combi,Lying,Lying
2024-12-05 21:53:58.500000+00:00,combi,Lying,Lying
2024-12-05 21:54:58.500000+00:00,combi,Lying,Lying
2024-12-05 21:55:58.500000+00:00,combi,Lying,Lying
2024-12-05 21:56:58.500000+00:00,combi,Lying,Lying
2024-12-05 21:57:58.500000+00:00,combi,Lying,Lying
2024-12-05 21:58:58.500000+00:00,combi,Lying,Lying
2024-12-05 21:59:58.500000+00:00,combi,Lying,Lying
2024-12-05 22:00:58.500000+00:00,combi,Lying,Lying
2024-12-05 22:01:58.500000+00:00,combi,Lying,Lying
2024-12-05 22:02:58.500000+00:00,combi,Lying,Lying
2024-12-05 22:03:58.500000+00:00,combi,Lying,Lying
2024-12-05 22:04:58.500000+00:00,combi,Lying,Lying
2024-12-05 22:05:58.500000+00:00,combi,Lying,Lying
2024-12-05 22:06:58.500000+00:00,combi,Lying,Lying
2024-12-05 22:07:58.500000+00:00,combi,Lying,Lying
2024-12-05 22:08:58.500000+00:00,combi,Lying,Lying
2024-12-05 22:09:58.500000+00:00,combi,Lying,Lying
2024-12-05 22:10:58.500000+00:00,combi,Lying,Lying
2024-12-05 22:11:58.500000+00:00,combi,Lying,Lying
2024-12-05 22:12:58.500000+00:00,combi,Lying,Lying
2024-12-05 22:13:58.500000+00:00,combi,Lying,Lying
2024-12-05 22:14:58.500000+00:00,combi,Lying,Lying
2024-12-05 22:15:58.500000+00:00,combi,Lying,Lying
2024-12-05 22:16:58.500000+00:00,combi,Lying,Lying
2024-12-05 22:17:58.500000+00:00,combi,Lying,Lying
2024-12-05 22:18:58.500000+00:00,combi,Lying,Lying
2024-12-05 22:19:58.500000+00:00,combi,Lying,Lying
2024-12-05 22:20:58.500000+00:00,combi,Lying,Lying
2024-12-05 22:21:58.500000+00:00,combi,Lying,Lying
2024-12-05 22:22:58.500000+00:00,combi,Lying,Lying
2024-12-05 22:23:58.500000+00:00,combi,Lying,Lying
2024-12-05 22:24:58.500000+00:00,combi,Lying,Lying
2024-12-05 22:25:58.500000+00:00,combi,Lying,Lying
2024-12-05 22:26:58.500000+00:00,combi,Lying,Lying
2024-12-05 22:27:58.500000+00:00,combi,Lying,Lying
2024-12-05 22:28:58.500000+00:00,combi,Lying,Lying
2024-12-05 22:29:58.500000+00:00,combi,Lying,Lying
2024-12-05 22:30:58.500000+00:00,combi,Lying,Lying
2024-12-05 22:31:58.500000+00:00,combi,Lying,Lying
2024-12-05 22:32:58.500000+00:00,combi,Lying,Lying
2024-12-05 22:33:58.500000+00:00,combi,Lying,Lying
2024-12-05 22:34:58.500000+00:00,combi,Lying,Lying
2024-12-05 22:35:58.500000+00:00,combi,Lying,Lying
2024-12-05 22:36:58.500000+00:00,combi,Lying,Lying
2024-12-05 22:37:58.500000+00:00,combi,Lying,Lying
2024-12-05 22:38:58.500000+00:00,combi,Lying,Lying
2024-12-05 22:39:58.500000+00:00,combi,Lying,Lying
2024-12-05 22:40:58.500000+00:00,combi,Lying,Lying
2024-12-05 22:41:58.500000+00:00,combi,Lying,Lying
2024-12-05 22:42:58.500000+00:00,combi,Lying,Lying
2024-12-05 22:43:58.500000+00:00,combi,Lying,Lying
2024-12-05 22:44:58.500000+00:00,combi,Lying,Lying
2024-12-05 22:45:58.500000+00:00,combi,Lying,Lying
2024-12-05 22:46:58.500000+00:00,combi,Lying,Lying
2024-12-05 22:47:58.500000+00:00,combi,Lying,Lying
2024-12-05 22:48:58.500000+00:00,combi,Lying,Lying
2024-12-05 22:49:58.500000+00:00,combi,Lying,Lying
2024-12-05 22:50:58.500000+00:00,combi,Lying,Lying
2024-12-05 22:51:58.500000+00:00,combi,Lying,Lying
2024-12-05 22:52:58.500000+00:00,combi,Lying,Lying
2024-12-05 22:53:58.500000+00:00,combi,Lying,Lying
2024-12-05 22:54:58.500000+00:00,combi,Lying,Lying
2024-12-05 22:55:58.500000+00:00,combi,Lying,Lying
2024-12-05 22:56:58.500000+00:00,combi,Lying,Lying
2024-12-05 22:57:58.500000+00:00,combi,Lying,Lying
2024-12-05 22:58:58.500000+00:00,combi,Lying,Lying
2024-12-05 22:59:58.500000+00:00,combi,Lying,Lying
2024-12-05 23:00:58.500000+00:00,combi,Lying,Lying
2024-12-05 23:01:58.500000+00:00,combi,Lying,Lying
2024-12-05 23:02:58.500000+00:00,combi,Lying,Lying
2024-12-05 23:03:58.500000+00:00,combi,Lying,Lying
2024-12-05 23:04:58.500000+00:00,combi,Lying,Lying
2024-12-05 23:05:58.500000+00:00,combi,Lying,Lying
2024-12-05 23:06:58.500000+00:00,combi,Lying,Lying
2024-12-05 23:07:58.500000+00:00,combi,Lying,Lying
2024-12-05 23:08:58.500000+00:00,combi,Lying,Lying
2024-12-05 23:09:58.500000+00:00,combi,Lying,Lying
2024-12-05 23:10:58.500000+00:00,combi,Lying,Lying
2024-12-05 23:11:58.500000+00:00,combi,Lying,Lying
2024-12-05 23:12:58.500000+00:00,combi,Lying,Lying
2024-12-05 23:13:58.500000+00:00,combi,Lying,Lying
2024-12-05 23:14:58.500000+00:00,combi,Lying,Lying
2024-12-05 23:15:58.500000+00:00,combi,Lying,Lying
2024-12-05 23:16:58.500000+00:00,combi,Lying,Lying
2024-12-05 23:17:58.500000+00:00,combi,Lying,Lying
2024-12-05 23:18:58.500000+00:00,combi,Lying,Lying
2024-12-05 23:19:58.500000+00:00,combi,Lying,Lying
2024-12-05 23:20:58.500000+00:00,combi,Lying,Lying
2024-12-05 23:21:58.500000+00:00,combi,Lying,Lying
2024-12-05 23:22:58.500000+00:00,combi,Lying,Lying
2024-12-05 23:23:58.500000+00:00,combi,Lying,Lying
2024-12-05 23:24:58.500000+00:00,combi,Lying,Lying
2024-12-05 23:25:58.500000+00:00,combi,Lying,Lying
2024-12-05 23:26:58.500000+00:00,combi,Lying,Lying
2024-12-05 23:27:58.500000+00:00,combi,Lying,Lying
2024-12-05 23:28:58.500000+00:00,combi,Lying,Lying
2024-12-05 23:29:58.500000+00:00,combi,Lying,Lying
2024-12-05 23:30:58.500000+00:00,combi,Lying,Lying
2024-12-05 23:31:58.500000+00:00,combi,Lying,Lying
2024-12-05 23:32:58.500000+00:00,combi,Lying,Lying
2024-12-05 23:33:58.500000+00:00,combi,Lying,Lying
2024-12-05 23:34:58.500000+00:00,combi,Lying,Lying
2024-12-05 23:35:58.500000+00:00,combi,Lying,Lying
2024-12-05 23:36:58.500000+00:00,combi,Lying,Lying
2024-12-05 23:37:58.500000+00:00,combi,Lying,Lying
2024-12-05 23:38:58.500000+00:00,combi,Lying,Lying
2024-12-05 23:39:58.500000+00:00,combi,Lying,Lying
2024-12-05 23:40:58.500000+00:00,combi,Lying,Lying
2024-12-05 23:41:58.500000+00:00,combi,Lying,Lying
2024-12-05 23:42:58.500000+00:00,combi,Lying,Lying
2024-12-05 23:43:58.500000+00:00,combi,Lying,Lying
2024-12-05 23:44:58.500000+00:00,combi,Lying,Lying
2024-12-05 23:45:58.500000+00:00,combi,Lying,Lying
2024-12-05 23:46:58.500000+00:00,combi,Lying,Lying
2024-12-05 23:47:58.500000+00:00,combi,Lying,Lying
2024-12-05 23:48:58.500000+00:00,combi,Lying,Lying
2024-12-05 23:49:58.500000+00:00,combi,Lying,Lying
2024-12-05 23:50:58.500000+00:00,combi,Lying,Lying
2024-12-05 23:51:58.500000+00:00,combi,Lying,Lying
2024-12-05 23:52:58.500000+00:00,combi,Lying,Lying
2024-12-05 23:53:58.500000+00:00,combi,Lying,Lying
2024-12-05 23:54:58.500000+00:00,combi,Lying,Lying
2024-12-05 23:55:58.500000+00:00,combi,Lying,Lying
2024-12-05 23:56:58.500000+00:00,combi,Lying,Lying
2024-12-05 23:57:58.500000+00:00,combi,Lying,Lying
2024-12-05 23:58:58.500000+00:00,combi,Lying,Lying
2024-12-05 23:59:58.500000+00:00,combi,Lying,Lying
2024-12-06 00:00:58.500000+00:00,combi,Lying,Lying
2024-12-06 00:01:58.500000+00:00,combi,Lying,Lying
2024-12-06 00:02:58.500000+00:00,combi,Lying,Lying
2024-12-06 00:03:58.500000+00:00,combi,Lying,Lying
2024-12-06 00:04:58.500000+00:00,combi,Lying,Lying
2024-12-06 00:05:58.500000+00:00,combi,Lying,Lying
2024-12-06 00:06:58.500000+00:00,combi,Lying,Lying
2024-12-06 00:07:58.500000+00:00,combi,Lying,Lying
2024-12-06 00:08:58.500000+00:00,combi,Lying,Lying
2024-12-06 00:09:58.500000+00:00,combi,Lying,Lying
2024-12-06 00:10:58.500000+00:00,combi,Lying,Dynamic
2024-12-06 00:11:58.500000+00:00,combi,Sitting,Dynamic
2024-12-06 00:12:58.500000+00:00,combi,Standing,Standing
2024-12-06 00:13:58.500000+00:00,combi,Standing,Dynamic
2024-12-06 00:14:58.500000+00:00,combi,Sitting,Dynamic
2024-12-06 00:15:58.500000+00:00,combi,Sitting,Sitting
2024-12-06 00:16:58.500000+00:00,combi,Lying,Dynamic
2024-12-06 00:17:58.500000+00:00,combi,Lying,Lying
2024-12-06 00:18:58.500000+00:00,combi,Lying,Lying
2024-12-06 00:19:58.500000+00:00,combi,Lying,Lying
2024-12-06 00:20:58.500000+00:00,combi,Lying,Lying
2024-12-06 00:21:58.500000+00:00,combi,Lying,Lying
2024-12-06 00:22:58.500000+00:00,combi,Lying,Lying
2024-12-06 00:23:58.500000+00:00,combi,Lying,Lying
2024-12-06 00:24:58.500000+00:00,combi,Lying,Lying
2024-12-06 00:25:58.500000+00:00,combi,Lying,Lying
2024-12-06 00:26:58.500000+00:00,combi,Lying,Lying
2024-12-06 00:27:58.500000+00:00,combi,Lying,Lying
2024-12-06 00:28:58.500000+00:00,combi,Lying,Lying
2024-12-06 00:29:58.500000+00:00,combi,Lying,Lying
2024-12-06 00:30:58.500000+00:00,combi,Lying,Lying
2024-12-06 00:31:58.500000+00:00,combi,Lying,Lying
2024-12-06 00:32:58.500000+00:00,combi,Lying,Lying
2024-12-06 00:33:58.500000+00:00,combi,Lying,Lying
2024-12-06 00:34:58.500000+00:00,combi,Lying,Lying
2024-12-06 00:35:58.500000+00:00,combi,Lying,Lying
2024-12-06 00:36:58.500000+00:00,combi,Lying,Lying
2024-12-06 00:37:58.500000+00:00,combi,Lying,Lying
2024-12-06 00:38:58.500000+00:00,combi,Lying,Lying
2024-12-06 00:39:58.500000+00:00,combi,Lying,Lying
2024-12-06 00:40:58.500000+00:00,combi,Lying,Lying
2024-12-06 00:41:58.500000+00:00,combi,Lying,Lying
2024-12-06 00:42:58.500000+00:00,combi,Lying,Lying
2024-12-06 00:43:58.500000+00:00,combi,Lying,Lying
2024-12-06 00:44:58.500000+00:00,combi,Lying,Lying
2024-12-06 00:45:58.500000+00:00,combi,Lying,Lying
2024-12-06 00:46:58.500000+00:00,combi,Lying,Lying
2024-12-06 00:47:58.500000+00:00,combi,Lying,Lying
2024-12-06 00:48:58.500000+00:00,combi,Lying,Lying
2024-12-06 00:49:58.500000+00:00,combi,Lying,Lying
2024-12-06 00:50:58.500000+00:00,combi,Lying,Lying
2024-12-06 00:51:58.500000+00:00,combi,Lying,Lying
2024-12-06 00:52:58.500000+00:00,combi,Lying,Lying
2024-12-06 00:53:58.500000+00:00,combi,Lying,Lying
2024-12-06 00:54:58.500000+00:00,combi,Lying,Lying
2024-12-06 00:55:58.500000+00:00,combi,Lying,Lying
2024-12-06 00:56:58.500000+00:00,combi,Lying,Lying
2024-12-06 00:57:58.500000+00:00,combi,Lying,Lying
2024-12-06 00:58:58.500000+00:00,combi,Lying,Lying
2024-12-06 00:59:58.500000+00:00,combi,Lying,Lying
2024-12-06 01:00:58.500000+00:00,combi,Lying,Lying
2024-12-06 01:01:58.500000+00:00,combi,Lying,Lying
2024-12-06 01:02:58.500000+00:00,combi,Lying,Lying
2024-12-06 01:03:58.500000+00:00,combi,Lying,Lying
2024-12-06 01:04:58.500000+00:00,combi,Lying,Lying
2024-12-06 01:05:58.500000+00:00,combi,Lying,Lying
2024-12-06 01:06:58.500000+00:00,combi,Lying,Lying
2024-12-06 01:07:58.500000+00:00,combi,Lying,Lying
2024-12-06 01:08:58.500000+00:00,combi,Lying,Lying
2024-12-06 01:09:58.500000+00:00,combi,Lying,Lying
2024-12-06 01:10:58.500000+00:00,combi,Lying,Lying
2024-12-06 01:11:58.500000+00:00,combi,Lying,Lying
2024-12-06 01:12:58.500000+00:00,combi,Lying,Lying
2024-12-06 01:13:58.500000+00:00,combi,Lying,Lying
2024-12-06 01:14:58.500000+00:00,combi,Lying,Lying
2024-12-06 01:15:58.500000+00:00,combi,Lying,Lying
2024-12-06 01:16:58.500000+00:00,combi,Lying,Lying
2024-12-06 01:17:58.500000+00:00,combi,Lying,Lying
2024-12-06 01:18:58.500000+00:00,combi,Lying,Lying
2024-12-06 01:19:58.500000+00:00,combi,Lying,Lying
2024-12-06 01:20:58.500000+00:00,combi,Lying,Lying
2024-12-06 01:21:58.500000+00:00,combi,Lying,Lying
2024-12-06 01:22:58.500000+00:00,combi,Lying,Lying
2024-12-06 01:23:58.500000+00:00,combi,Lying,Lying
2024-12-06 01:24:58.500000+00:00,combi,Lying,Lying
2024-12-06 01:25:58.500000+00:00,combi,Lying,Lying
2024-12-06 01:26:58.500000+00:00,combi,Lying,Lying
2024-12-06 01:27:58.500000+00:00,combi,Lying,Lying
2024-12-06 01:28:58.500000+00:00,combi,Lying,Lying
2024-12-06 01:29:58.500000+00:00,combi,Lying,Lying
2024-12-06 01:30:58.500000+00:00,combi,Lying,Lying
2024-12-06 01:31:58.500000+00:00,combi,Lying,Lying
2024-12-06 01:32:58.500000+00:00,combi,Lying,Lying
2024-12-06 01:33:58.500000+00:00,combi,Lying,Lying
2024-12-06 01:34:58.500000+00:00,combi,Lying,Lying
2024-12-06 01:35:58.500000+00:00,combi,Lying,Lying
2024-12-06 01:36:58.500000+00:00,combi,Lying,Lying
2024-12-06 01:37:58.500000+00:00,combi,Lying,Lying
2024-12-06 01:38:58.500000+00:00,combi,Lying,Lying
2024-12-06 01:39:58.500000+00:00,combi,Lying,Lying
2024-12-06 01:40:58.500000+00:00,combi,Lying,Lying
2024-12-06 01:41:58.500000+00:00,combi,Lying,Lying
2024-12-06 01:42:58.500000+00:00,combi,Lying,Lying
2024-12-06 01:43:58.500000+00:00,combi,Lying,Lying
2024-12-06 01:44:58.500000+00:00,combi,Lying,Lying
2024-12-06 01:45:58.500000+00:00,combi,Lying,Lying
2024-12-06 01:46:58.500000+00:00,combi,Lying,Lying
2024-12-06 01:47:58.500000+00:00,combi,Lying,Lying
2024-12-06 01:48:58.500000+00:00,combi,Lying,Lying
2024-12-06 01:49:58.500000+00:00,combi,Lying,Lying
2024-12-06 01:50:58.500000+00:00,combi,Lying,Lying
2024-12-06 01:51:58.500000+00:00,combi,Sitting,Sitting
2024-12-06 01:52:58.500000+00:00,combi,Lying,Lying
2024-12-06 01:53:58.500000+00:00,combi,Lying,Lying
2024-12-06 01:54:58.500000+00:00,combi,Lying,Lying
2024-12-06 01:55:58.500000+00:00,combi,Lying,Lying
2024-12-06 01:56:58.500000+00:00,combi,Lying,Lying
2024-12-06 01:57:58.500000+00:00,combi,Lying,Lying
2024-12-06 01:58:58.500000+00:00,combi,Lying,Lying
2024-12-06 01:59:58.500000+00:00,combi,Lying,Lying
2024-12-06 02:00:58.500000+00:00,combi,Lying,Lying
2024-12-06 02:01:58.500000+00:00,combi,Lying,Lying
2024-12-06 02:02:58.500000+00:00,combi,Lying,Lying
2024-12-06 02:03:58.500000+00:00,combi,Lying,Lying
2024-12-06 02:04:58.500000+00:00,combi,Lying,Lying
2024-12-06 02:05:58.500000+00:00,combi,Lying,Lying
2024-12-06 02:06:58.500000+00:00,combi,Lying,Lying
2024-12-06 02:07:58.500000+00:00,combi,Lying,Lying
2024-12-06 02:08:58.500000+00:00,combi,Lying,Lying
2024-12-06 02:09:58.500000+00:00,combi,Lying,Lying
2024-12-06 02:10:58.500000+00:00,combi,Lying,Lying
2024-12-06 02:11:58.500000+00:00,combi,Lying,Lying
2024-12-06 02:12:58.500000+00:00,combi,Lying,Lying
2024-12-06 02:13:58.500000+00:00,combi,Lying,Lying
2024-12-06 02:14:58.500000+00:00,combi,Lying,Lying
2024-12-06 02:15:58.500000+00:00,combi,Lying,Lying
2024-12-06 02:16:58.500000+00:00,combi,Lying,Lying
2024-12-06 02:17:58.500000+00:00,combi,Lying,Lying
2024-12-06 02:18:58.500000+00:00,combi,Lying,Lying
2024-12-06 02:19:58.500000+00:00,combi,Lying,Lying
2024-12-06 02:20:58.500000+00:00,combi,Lying,Lying
2024-12-06 02:21:58.500000+00:00,combi,Lying,Lying
2024-12-06 02:22:58.500000+00:00,combi,Lying,Lying
2024-12-06 02:23:58.500000+00:00,combi,Lying,Lying
2024-12-06 02:24:58.500000+00:00,combi,Lying,Lying
2024-12-06 02:25:58.500000+00:00,combi,Lying,Lying
2024-12-06 02:26:58.500000+00:00,combi,Lying,Lying
2024-12-06 02:27:58.500000+00:00,combi,Lying,Lying
2024-12-06 02:28:58.500000+00:00,combi,Lying,Lying
2024-12-06 02:29:58.500000+00:00,combi,Lying,Lying
2024-12-06 02:30:58.500000+00:00,combi,Lying,Lying
2024-12-06 02:31:58.500000+00:00,combi,Lying,Lying
2024-12-06 02:32:58.500000+00:00,combi,Lying,Lying
2024-12-06 02:33:58.500000+00:00,combi,Lying,Lying
2024-12-06 02:34:58.500000+00:00,combi,Lying,Lying
2024-12-06 02:35:58.500000+00:00,combi,Lying,Lying
2024-12-06 02:36:58.500000+00:00,combi,Lying,Lying
2024-12-06 02:37:58.500000+00:00,combi,Lying,Lying
2024-12-06 02:38:58.500000+00:00,combi,Lying,Lying
2024-12-06 02:39:58.500000+00:00,combi,Lying,Lying
2024-12-06 02:40:58.500000+00:00,combi,Lying,Lying
2024-12-06 02:41:58.500000+00:00,combi,Lying,Lying
2024-12-06 02:42:58.500000+00:00,combi,Lying,Lying
2024-12-06 02:43:58.500000+00:00,combi,Lying,Lying
2024-12-06 02:44:58.500000+00:00,combi,Lying,Lying
2024-12-06 02:45:58.500000+00:00,combi,Lying,Lying
2024-12-06 02:46:58.500000+00:00,combi,Lying,Lying
2024-12-06 02:47:58.500000+00:00,combi,Lying,Lying
2024-12-06 02:48:58.500000+00:00,combi,Lying,Lying
2024-12-06 02:49:58.500000+00:00,combi,Lying,Lying
2024-12-06 02:50:58.500000+00:00,combi,Lying,Lying
2024-12-06 02:51:58.500000+00:00,combi,Lying,Lying
2024-12-06 02:52:58.500000+00:00,combi,Lying,Lying
2024-12-06 02:53:58.500000+00:00,combi,Lying,Lying
2024-12-06 02:54:58.500000+00:00,combi,Lying,Lying
2024-12-06 02:55:58.500000+00:00,combi,Lying,Lying
2024-12-06 02:56:58.500000+00:00,combi,Lying,Lying
2024-12-06 02:57:58.500000+00:00,combi,Lying,Lying
2024-12-06 02:58:58.500000+00:00,combi,Lying,Lying
2024-12-06 02:59:58.500000+00:00,combi,Lying,Lying
2024-12-06 03:00:58.500000+00:00,combi,Lying,Lying
2024-12-06 03:01:58.500000+00:00,combi,Lying,Lying
2024-12-06 03:02:58.500000+00:00,combi,Lying,Lying
2024-12-06 03:03:58.500000+00:00,combi,Lying,Lying
2024-12-06 03:04:58.500000+00:00,combi,Lying,Lying
2024-12-06 03:05:58.500000+00:00,combi,Lying,Lying
2024-12-06 03:06:58.500000+00:00,combi,Lying,Lying
2024-12-06 03:07:58.500000+00:00,combi,Lying,Lying
2024-12-06 03:08:58.500000+00:00,combi,Lying,Lying
2024-12-06 03:09:58.500000+00:00,combi,Lying,Lying
2024-12-06 03:10:58.500000+00:00,combi,Lying,Lying
2024-12-06 03:11:58.500000+00:00,combi,Lying,Lying
2024-12-06 03:12:58.500000+00:00,combi,Lying,Lying
2024-12-06 03:13:58.500000+00:00,combi,Sitting,Sitting
2024-12-06 03:14:58.500000+00:00,combi,Lying,Lying
2024-12-06 03:15:58.500000+00:00,combi,Sitting,Sitting
2024-12-06 03:16:58.500000+00:00,combi,Sitting,Sitting
2024-12-06 03:17:58.500000+00:00,combi,Sitting,Sitting
2024-12-06 03:18:58.500000+00:00,combi,Sitting,Sitting
2024-12-06 03:19:58.500000+00:00,combi,Sitting,Sitting
2024-12-06 03:20:58.500000+00:00,combi,Sitting,Sitting
2024-12-06 03:21:58.500000+00:00,combi,Sitting,Sitting
2024-12-06 03:22:58.500000+00:00,combi,Sitting,Sitting
2024-12-06 03:23:58.500000+00:00,combi,Sitting,Sitting
2024-12-06 03:24:58.500000+00:00,combi,Sitting,Sitting
2024-12-06 03:25:58.500000+00:00,combi,Sitting,Sitting
2024-12-06 03:26:58.500000+00:00,combi,Sitting,Sitting
2024-12-06 03:27:58.500000+00:00,combi,Sitting,Sitting
2024-12-06 03:28:58.500000+00:00,combi,Sitting,Sitting
2024-12-06 03:29:58.500000+00:00,combi,Sitting,Sitting
2024-12-06 03:30:58.500000+00:00,combi,Sitting,Sitting
2024-12-06 03:31:58.500000+00:00,combi,Lying,Lying
2024-12-06 03:32:58.500000+00:00,combi,Lying,Lying
2024-12-06 03:33:58.500000+00:00,combi,Lying,Lying
2024-12-06 03:34:58.500000+00:00,combi,Lying,Lying
2024-12-06 03:35:58.500000+00:00,combi,Lying,Lying
2024-12-06 03:36:58.500000+00:00,combi,Lying,Lying
2024-12-06 03:37:58.500000+00:00,combi,Lying,Lying
2024-12-06 03:38:58.500000+00:00,combi,Lying,Lying
2024-12-06 03:39:58.500000+00:00,combi,Lying,Lying
2024-12-06 03:40:58.500000+00:00,combi,Lying,Lying
2024-12-06 03:41:58.500000+00:00,combi,Lying,Lying
2024-12-06 03:42:58.500000+00:00,combi,Lying,Lying
2024-12-06 03:43:58.500000+00:00,combi,Lying,Lying
2024-12-06 03:44:58.500000+00:00,combi,Lying,Lying
2024-12-06 03:45:58.500000+00:00,combi,Lying,Lying
2024-12-06 03:46:58.500000+00:00,combi,Lying,Lying
2024-12-06 03:47:58.500000+00:00,combi,Lying,Lying
2024-12-06 03:48:58.500000+00:00,combi,Lying,Lying
2024-12-06 03:49:58.500000+00:00,combi,Lying,Lying
2024-12-06 03:50:58.500000+00:00,combi,Lying,Lying
2024-12-06 03:51:58.500000+00:00,combi,Lying,Lying
2024-12-06 03:52:58.500000+00:00,combi,Lying,Lying
2024-12-06 03:53:58.500000+00:00,combi,Lying,Lying
2024-12-06 03:54:58.500000+00:00,combi,Lying,Lying
2024-12-06 03:55:58.500000+00:00,combi,Lying,Lying
2024-12-06 03:56:58.500000+00:00,combi,Lying,Lying
2024-12-06 03:57:58.500000+00:00,combi,Lying,Lying
2024-12-06 03:58:58.500000+00:00,combi,Lying,Lying
2024-12-06 03:59:58.500000+00:00,combi,Lying,Lying
2024-12-06 04:00:58.500000+00:00,combi,Lying,Lying
2024-12-06 04:01:58.500000+00:00,combi,Lying,Lying
2024-12-06 04:02:58.500000+00:00,combi,Lying,Lying
2024-12-06 04:03:58.500000+00:00,combi,Lying,Lying
2024-12-06 04:04:58.500000+00:00,combi,Lying,Lying
2024-12-06 04:05:58.500000+00:00,combi,Lying,Lying
2024-12-06 04:06:58.500000+00:00,combi,Lying,Lying
2024-12-06 04:07:58.500000+00:00,combi,Lying,Lying
2024-12-06 04:08:58.500000+00:00,combi,Lying,Lying
2024-12-06 04:09:58.500000+00:00,combi,Lying,Lying
2024-12-06 04:10:58.500000+00:00,combi,Lying,Lying
2024-12-06 04:11:58.500000+00:00,combi,Lying,Lying
2024-12-06 04:12:58.500000+00:00,combi,Lying,Lying
2024-12-06 04:13:58.500000+00:00,combi,Lying,Lying
2024-12-06 04:14:58.500000+00:00,combi,Lying,Lying
2024-12-06 04:15:58.500000+00:00,combi,Lying,Lying
2024-12-06 04:16:58.500000+00:00,combi,Lying,Lying
2024-12-06 04:17:58.500000+00:00,combi,Lying,Lying
2024-12-06 04:18:58.500000+00:00,combi,Lying,Lying
2024-12-06 04:19:58.500000+00:00,combi,Lying,Lying
2024-12-06 04:20:58.500000+00:00,combi,Lying,Lying
2024-12-06 04:21:58.500000+00:00,combi,Lying,Lying
2024-12-06 04:22:58.500000+00:00,combi,Lying,Lying
2024-12-06 04:23:58.500000+00:00,combi,Lying,Lying
2024-12-06 04:24:58.500000+00:00,combi,Lying,Lying
2024-12-06 04:25:58.500000+00:00,combi,Lying,Lying
2024-12-06 04:26:58.500000+00:00,combi,Lying,Lying
2024-12-06 04:27:58.500000+00:00,combi,Lying,Lying
2024-12-06 04:28:58.500000+00:00,combi,Lying,Lying
2024-12-06 04:29:58.500000+00:00,combi,Lying,Lying
2024-12-06 04:30:58.500000+00:00,combi,Lying,Lying
2024-12-06 04:31:58.500000+00:00,combi,Lying,Lying
2024-12-06 04:32:58.500000+00:00,combi,Lying,Lying
2024-12-06 04:33:58.500000+00:00,combi,Lying,Lying
2024-12-06 04:34:58.500000+00:00,combi,Lying,Lying
2024-12-06 04:35:58.500000+00:00,combi,Lying,Lying
2024-12-06 04:36:58.500000+00:00,combi,Lying,Lying
2024-12-06 04:37:58.500000+00:00,combi,Lying,Lying
2024-12-06 04:38:58.500000+00:00,combi,Lying,Lying
2024-12-06 04:39:58.500000+00:00,combi,Lying,Lying
2024-12-06 04:40:58.500000+00:00,combi,Lying,Lying
2024-12-06 04:41:58.500000+00:00,combi,Lying,Lying
2024-12-06 04:42:58.500000+00:00,combi,Lying,Lying
2024-12-06 04:43:58.500000+00:00,combi,Lying,Lying
2024-12-06 04:44:58.500000+00:00,combi,Lying,Lying
2024-12-06 04:45:58.500000+00:00,combi,Lying,Lying
2024-12-06 04:46:58.500000+00:00,combi,Lying,Lying
2024-12-06 04:47:58.500000+00:00,combi,Lying,Lying
2024-12-06 04:48:58.500000+00:00,combi,Lying,Lying
2024-12-06 04:49:58.500000+00:00,combi,Lying,Lying
2024-12-06 04:50:58.500000+00:00,combi,Lying,Lying
2024-12-06 04:51:58.500000+00:00,combi,Lying,Lying
2024-12-06 04:52:58.500000+00:00,combi,Lying,Lying
2024-12-06 04:53:58.500000+00:00,combi,Lying,Lying
2024-12-06 04:54:58.500000+00:00,combi,Lying,Lying
2024-12-06 04:55:58.500000+00:00,combi,Lying,Lying
2024-12-06 04:56:58.500000+00:00,combi,Lying,Lying
2024-12-06 04:57:58.500000+00:00,combi,Lying,Lying
2024-12-06 04:58:58.500000+00:00,combi,Lying,Lying
2024-12-06 04:59:58.500000+00:00,combi,Lying,Lying
2024-12-06 05:00:58.500000+00:00,combi,Lying,Lying
2024-12-06 05:01:58.500000+00:00,combi,Lying,Lying
2024-12-06 05:02:58.500000+00:00,combi,Lying,Lying
2024-12-06 05:03:58.500000+00:00,combi,Lying,Lying
2024-12-06 05:04:58.500000+00:00,combi,Lying,Lying
2024-12-06 05:05:58.500000+00:00,combi,Lying,Lying
2024-12-06 05:06:58.500000+00:00,combi,Lying,Lying
2024-12-06 05:07:58.500000+00:00,combi,Lying,Lying
2024-12-06 05:08:58.500000+00:00,combi,Lying,Lying
2024-12-06 05:09:58.500000+00:00,combi,Lying,Lying
2024-12-06 05:10:58.500000+00:00,combi,Lying,Lying
2024-12-06 05:11:58.500000+00:00,combi,Lying,Lying
2024-12-06 05:12:58.500000+00:00,combi,Lying,Lying
2024-12-06 05:13:58.500000+00:00,combi,Lying,Lying
2024-12-06 05:14:58.500000+00:00,combi,Lying,Lying
2024-12-06 05:15:58.500000+00:00,combi,Lying,Lying
2024-12-06 05:16:58.500000+00:00,combi,Lying,Lying
2024-12-06 05:17:58.500000+00:00,combi,Lying,Lying
2024-12-06 05:18:58.500000+00:00,combi,Lying,Lying
2024-12-06 05:19:58.500000+00:00,combi,Lying,Lying
2024-12-06 05:20:58.500000+00:00,combi,Lying,Lying
2024-12-06 05:21:58.500000+00:00,combi,Lying,Lying
2024-12-06 05:22:58.500000+00:00,combi,Lying,Lying
2024-12-06 05:23:58.500000+00:00,combi,Lying,Lying
2024-12-06 05:24:58.500000+00:00,combi,Lying,Lying
2024-12-06 05:25:58.500000+00:00,combi,Lying,Lying
2024-12-06 05:26:58.500000+00:00,combi,Lying,Lying
2024-12-06 05:27:58.500000+00:00,combi,Lying,Lying
2024-12-06 05:28:58.500000+00:00,combi,Lying,Lying
2024-12-06 05:29:58.500000+00:00,combi,Lying,Lying
2024-12-06 05:30:58.500000+00:00,combi,Lying,Lying
2024-12-06 05:31:58.500000+00:00,combi,Lying,Lying
2024-12-06 05:32:58.500000+00:00,combi,Lying,Lying
2024-12-06 05:33:58.500000+00:00,combi,Sitting,Sitting
2024-12-06 05:34:58.500000+00:00,combi,Sitting,Sitting
2024-12-06 05:35:58.500000+00:00,combi,Sitting,Sitting
2024-12-06 05:36:58.500000+00:00,combi,Sitting,Sitting
2024-12-06 05:37:58.500000+00:00,combi,Sitting,Sitting
2024-12-06 05:38:58.500000+00:00,combi,Sitting,Sitting
2024-12-06 05:39:58.500000+00:00,combi,Lying,Lying
2024-12-06 05:40:58.500000+00:00,combi,Sitting,Sitting
2024-12-06 05:41:58.500000+00:00,combi,Sitting,Sitting
2024-12-06 05:42:58.500000+00:00,combi,Lying,Lying
2024-12-06 05:43:58.500000+00:00,combi,Lying,Lying
2024-12-06 05:44:58.500000+00:00,combi,Lying,Lying
2024-12-06 05:45:58.500000+00:00,combi,Lying,Lying
2024-12-06 05:46:58.500000+00:00,combi,Lying,Lying
2024-12-06 05:47:58.500000+00:00,combi,Lying,Lying
2024-12-06 05:48:58.500000+00:00,combi,Lying,Lying
2024-12-06 05:49:58.500000+00:00,combi,Lying,Lying
2024-12-06 05:50:58.500000+00:00,combi,Lying,Lying
2024-12-06 05:51:58.500000+00:00,combi,Sitting,Sitting
2024-12-06 05:52:58.500000+00:00,combi,Sitting,Sitting
2024-12-06 05:53:58.500000+00:00,combi,Lying,Lying
2024-12-06 05:54:58.500000+00:00,combi,Lying,Lying
2024-12-06 05:55:58.500000+00:00,combi,Lying,Lying
2024-12-06 05:56:58.500000+00:00,combi,Lying,Sitting
2024-12-06 05:57:58.500000+00:00,combi,Sitting,Sitting
2024-12-06 05:58:58.500000+00:00,combi,Sitting,Sitting
2024-12-06 05:59:58.500000+00:00,combi,Sitting,Sitting
2024-12-06 06:00:58.500000+00:00,combi,Sitting,Sitting
2024-12-06 06:01:58.500000+00:00,combi,Lying,Lying
2024-12-06 06:02:58.500000+00:00,combi,Lying,Lying
2024-12-06 06:03:58.500000+00:00,combi,Lying,Lying
2024-12-06 06:04:58.500000+00:00,combi,Lying,Lying
2024-12-06 06:05:58.500000+00:00,combi,Lying,Lying
2024-12-06 06:06:58.500000+00:00,combi,Lying,Lying
2024-12-06 06:07:58.500000+00:00,combi,Lying,Lying
2024-12-06 06:08:58.500000+00:00,combi,Lying,Lying
2024-12-06 06:09:58.500000+00:00,combi,Lying,Lying
2024-12-06 06:10:58.500000+00:00,combi,Lying,Lying
2024-12-06 06:11:58.500000+00:00,combi,Lying,Lying
2024-12-06 06:12:58.500000+00:00,combi,Lying,Lying
2024-12-06 06:13:58.500000+00:00,combi,Lying,Lying
2024-12-06 06:14:58.500000+00:00,combi,Lying,Lying
2024-12-06 06:15:58.500000+00:00,combi,Lying,Lying
2024-12-06 06:16:58.500000+00:00,combi,Lying,Lying
2024-12-06 06:17:58.500000+00:00,combi,Lying,Lying
2024-12-06 06:18:58.500000+00:00,combi,Lying,Lying
2024-12-06 06:19:58.500000+00:00,combi,Lying,Lying
2024-12-06 06:20:58.500000+00:00,combi,Lying,Lying
2024-12-06 06:21:58.500000+00:00,combi,Lying,Lying
2024-12-06 06:22:58.500000+00:00,combi,Lying,Lying
2024-12-06 06:23:58.500000+00:00,combi,Lying,Lying
2024-12-06 06:24:58.500000+00:00,combi,Lying,Lying
2024-12-06 06:25:58.500000+00:00,combi,Lying,Lying
2024-12-06 06:26:58.500000+00:00,combi,Lying,Lying
2024-12-06 06:27:58.500000+00:00,combi,Lying,Lying
2024-12-06 06:28:58.500000+00:00,combi,Lying,Lying
2024-12-06 06:29:58.500000+00:00,combi,Lying,Lying
2024-12-06 06:30:58.500000+00:00,combi,Lying,Lying
2024-12-06 06:31:58.500000+00:00,combi,Lying,Lying
2024-12-06 06:32:58.500000+00:00,combi,Lying,Lying
2024-12-06 06:33:58.500000+00:00,combi,Lying,Lying
2024-12-06 06:34:58.500000+00:00,combi,Lying,Lying
2024-12-06 06:35:58.500000+00:00,combi,Lying,Lying
2024-12-06 06:36:58.500000+00:00,combi,Lying,Lying
2024-12-06 06:37:58.500000+00:00,combi,Lying,Lying
2024-12-06 06:38:58.500000+00:00,combi,Lying,Lying
