Time,Participant,Majority_postures,Majority_including_dynamic
2024-06-19 10:38:34.500000+00:00,combi,Standing,Standing
2024-06-19 10:39:34.500000+00:00,combi,Standing,Standing
2024-06-19 10:40:34.500000+00:00,combi,Standing,Standing
2024-06-19 10:41:34.500000+00:00,combi,Standing,Standing
2024-06-19 10:42:34.500000+00:00,combi,Standing,Standing
2024-06-19 10:43:34.500000+00:00,combi,Standing,Standing
2024-06-19 10:44:34.500000+00:00,combi,Standing,Standing
2024-06-19 10:45:34.500000+00:00,combi,Standing,Standing
2024-06-19 10:46:34.500000+00:00,combi,Standing,Standing
2024-06-19 10:47:34.500000+00:00,combi,Standing,Standing
2024-06-19 10:48:34.500000+00:00,combi,Lying,Lying
2024-06-19 10:49:34.500000+00:00,combi,Lying,Lying
2024-06-19 10:50:34.500000+00:00,combi,Lying,Lying
2024-06-19 10:51:34.500000+00:00,combi,Lying,Lying
2024-06-19 10:52:34.500000+00:00,combi,Sitting,Sitting
2024-06-19 10:53:34.500000+00:00,combi,Sitting,Sitting
2024-06-19 10:54:34.500000+00:00,combi,Standing,Standing
2024-06-19 10:55:34.500000+00:00,combi,Sitting,Sitting
2024-06-19 10:56:34.500000+00:00,combi,Standing,Standing
2024-06-19 10:57:34.500000+00:00,combi,Standing,Standing
2024-06-19 10:58:34.500000+00:00,combi,Standing,Standing
2024-06-19 10:59:34.500000+00:00,combi,Standing,Standing
2024-06-19 11:00:34.500000+00:00,combi,Lying,Lying
2024-06-19 11:01:34.500000+00:00,combi,Lying,Lying
2024-06-19 11:02:34.500000+00:00,combi,Lying,Lying
2024-06-19 11:03:34.500000+00:00,combi,Lying,Lying
2024-06-19 11:04:34.500000+00:00,combi,Lying,Lying
2024-06-19 11:05:34.500000+00:00,combi,Lying,Lying
2024-06-19 11:06:34.500000+00:00,combi,Lying,Lying
2024-06-19 11:07:34.500000+00:00,combi,Lying,Lying
2024-06-19 11:08:34.500000+00:00,combi,Lying,Lying
2024-06-19 11:09:34.500000+00:00,combi,Lying,Lying
2024-06-19 11:10:34.500000+00:00,combi,Standing,Standing
2024-06-19 11:11:34.500000+00:00,combi,Standing,Standing
2024-06-19 11:12:34.500000+00:00,combi,Standing,Standing
2024-06-19 11:13:34.500000+00:00,combi,Sitting,Sitting
2024-06-19 11:14:34.500000+00:00,combi,Standing,Standing
2024-06-19 11:15:34.500000+00:00,combi,Standing,Standing
2024-06-19 11:16:34.500000+00:00,combi,Standing,Standing
2024-06-19 11:17:34.500000+00:00,combi,Standing,Standing
2024-06-19 11:18:34.500000+00:00,combi,Standing,Standing
2024-06-19 11:19:34.500000+00:00,combi,Standing,Standing
2024-06-19 11:20:34.500000+00:00,combi,Standing,Standing
2024-06-19 11:21:34.500000+00:00,combi,Standing,Standing
2024-06-19 11:22:34.500000+00:00,combi,Standing,Standing
2024-06-19 11:23:34.500000+00:00,combi,Standing,Standing
2024-06-19 11:24:34.500000+00:00,combi,Standing,Standing
2024-06-19 11:25:34.500000+00:00,combi,Standing,Standing
2024-06-19 11:26:34.500000+00:00,combi,Standing,Standing
2024-06-19 11:27:34.500000+00:00,combi,Standing,Standing
2024-06-19 11:28:34.500000+00:00,combi,Sitting,Sitting
2024-06-19 11:29:34.500000+00:00,combi,Sitting,Sitting
2024-06-19 11:30:34.500000+00:00,combi,Sitting,Sitting
2024-06-19 11:31:34.500000+00:00,combi,Sitting,Sitting
2024-06-19 11:32:34.500000+00:00,combi,Sitting,Sitting
2024-06-19 11:33:34.500000+00:00,combi,Sitting,Sitting
2024-06-19 11:34:34.500000+00:00,combi,Sitting,Sitting
2024-06-19 11:35:34.500000+00:00,combi,Sitting,Sitting
2024-06-19 11:36:34.500000+00:00,combi,Sitting,Sitting
2024-06-19 11:37:34.500000+00:00,combi,Sitting,Sitting
2024-06-19 11:38:34.500000+00:00,combi,Sitting,Sitting
2024-06-19 11:39:34.500000+00:00,combi,Sitting,Sitting
2024-06-19 11:40:34.500000+00:00,combi,Sitting,Sitting
2024-06-19 11:41:34.500000+00:00,combi,Sitting,Sitting
2024-06-19 11:42:34.500000+00:00,combi,Sitting,Sitting
2024-06-19 11:43:34.500000+00:00,combi,Sitting,Sitting
2024-06-19 11:44:34.500000+00:00,combi,Sitting,Sitting
2024-06-19 11:45:34.500000+00:00,combi,Sitting,Sitting
2024-06-19 11:46:34.500000+00:00,combi,Sitting,Sitting
2024-06-19 11:47:34.500000+00:00,combi,Sitting,Sitting
2024-06-19 11:48:34.500000+00:00,combi,Sitting,Sitting
2024-06-19 11:49:34.500000+00:00,combi,Sitting,Sitting
2024-06-19 11:50:34.500000+00:00,combi,Sitting,Sitting
2024-06-19 11:51:34.500000+00:00,combi,Sitting,Sitting
2024-06-19 11:52:34.500000+00:00,combi,Sitting,Sitting
2024-06-19 11:53:34.500000+00:00,combi,Sitting,Standing
2024-06-19 11:54:34.500000+00:00,combi,Standing,Standing
2024-06-19 11:55:34.500000+00:00,combi,Standing,Standing
2024-06-19 11:56:34.500000+00:00,combi,Standing,Standing
2024-06-19 11:57:34.500000+00:00,combi,Standing,Standing
2024-06-19 11:58:34.500000+00:00,combi,Standing,Standing
2024-06-19 11:59:34.500000+00:00,combi,Sitting,Sitting
2024-06-19 12:00:34.500000+00:00,combi,Sitting,Sitting
2024-06-19 12:01:34.500000+00:00,combi,Standing,Standing
2024-06-19 12:02:34.500000+00:00,combi,Standing,Standing
2024-06-19 12:03:34.500000+00:00,combi,Standing,Standing
2024-06-19 12:04:34.500000+00:00,combi,Standing,Standing
2024-06-19 12:05:34.500000+00:00,combi,Standing,Dynamic
2024-06-19 12:06:34.500000+00:00,combi,Standing,Standing
2024-06-19 12:07:34.500000+00:00,combi,Standing,Dynamic
2024-06-19 12:08:34.500000+00:00,combi,Standing,Dynamic
2024-06-19 12:09:34.500000+00:00,combi,Sitting,Dynamic
2024-06-19 12:10:34.500000+00:00,combi,Standing,Dynamic
2024-06-19 12:11:34.500000+00:00,combi,Sitting,Dynamic
2024-06-19 12:12:34.500000+00:00,combi,Standing,Dynamic
2024-06-19 12:13:34.500000+00:00,combi,Standing,Dynamic
2024-06-19 12:14:34.500000+00:00,combi,Standing,Sitting
2024-06-19 12:15:34.500000+00:00,combi,Standing,Standing
2024-06-19 12:16:34.500000+00:00,combi,Sitting,Sitting
2024-06-19 12:17:34.500000+00:00,combi,Sitting,Sitting
2024-06-19 12:18:34.500000+00:00,combi,Sitting,Sitting
2024-06-19 12:19:34.500000+00:00,combi,Sitting,Sitting
2024-06-19 12:20:34.500000+00:00,combi,Sitting,Sitting
2024-06-19 12:21:34.500000+00:00,combi,Standing,Dynamic
2024-06-19 12:22:34.500000+00:00,combi,Standing,Standing
2024-06-19 12:23:34.500000+00:00,combi,Standing,Standing
2024-06-19 12:24:34.500000+00:00,combi,Standing,Dynamic
2024-06-19 12:25:34.500000+00:00,combi,Sitting,Dynamic
2024-06-19 12:26:34.500000+00:00,combi,Sitting,Sitting
2024-06-19 12:27:34.500000+00:00,combi,Sitting,Sitting
2024-06-19 12:28:34.500000+00:00,combi,Sitting,Sitting
2024-06-19 12:29:34.500000+00:00,combi,Sitting,Sitting
2024-06-19 12:30:34.500000+00:00,combi,Sitting,Sitting
2024-06-19 12:31:34.500000+00:00,combi,Sitting,Sitting
2024-06-19 12:32:34.500000+00:00,combi,Sitting,Sitting
2024-06-19 12:33:34.500000+00:00,combi,Sitting,Sitting
2024-06-19 12:34:34.500000+00:00,combi,Sitting,Sitting
2024-06-19 12:35:34.500000+00:00,combi,Sitting,Sitting
2024-06-19 12:36:34.500000+00:00,combi,Sitting,Sitting
2024-06-19 12:37:34.500000+00:00,combi,Sitting,Sitting
2024-06-19 12:38:34.500000+00:00,combi,Sitting,Sitting
2024-06-19 12:39:34.500000+00:00,combi,Sitting,Sitting
2024-06-19 12:40:34.500000+00:00,combi,Sitting,Sitting
2024-06-19 12:41:34.500000+00:00,combi,Sitting,Sitting
2024-06-19 12:42:34.500000+00:00,combi,Sitting,Sitting
2024-06-19 12:43:34.500000+00:00,combi,Sitting,Sitting
2024-06-19 12:44:34.500000+00:00,combi,Sitting,Sitting
2024-06-19 12:45:34.500000+00:00,combi,Sitting,Sitting
2024-06-19 12:46:34.500000+00:00,combi,Sitting,Sitting
2024-06-19 12:47:34.500000+00:00,combi,Sitting,Sitting
2024-06-19 12:48:34.500000+00:00,combi,Sitting,Sitting
2024-06-19 12:49:34.500000+00:00,combi,Sitting,Sitting
2024-06-19 12:50:34.500000+00:00,combi,Sitting,Sitting
2024-06-19 12:51:34.500000+00:00,combi,Sitting,Sitting
2024-06-19 12:52:34.500000+00:00,combi,Sitting,Sitting
2024-06-19 12:53:34.500000+00:00,combi,Sitting,Sitting
2024-06-19 12:54:34.500000+00:00,combi,Sitting,Sitting
2024-06-19 12:55:34.500000+00:00,combi,Sitting,Sitting
2024-06-19 12:56:34.500000+00:00,combi,Sitting,Sitting
2024-06-19 12:57:34.500000+00:00,combi,Sitting,Sitting
2024-06-19 12:58:34.500000+00:00,combi,Sitting,Sitting
2024-06-19 12:59:34.500000+00:00,combi,Sitting,Sitting
2024-06-19 13:00:34.500000+00:00,combi,Sitting,Sitting
2024-06-19 13:01:34.500000+00:00,combi,Sitting,Sitting
2024-06-19 13:02:34.500000+00:00,combi,Sitting,Sitting
2024-06-19 13:03:34.500000+00:00,combi,Sitting,Sitting
2024-06-19 13:04:34.500000+00:00,combi,Sitting,Sitting
2024-06-19 13:05:34.500000+00:00,combi,Sitting,Sitting
2024-06-19 13:06:34.500000+00:00,combi,Sitting,Sitting
2024-06-19 13:07:34.500000+00:00,combi,Sitting,Sitting
2024-06-19 13:08:34.500000+00:00,combi,Sitting,Sitting
2024-06-19 13:09:34.500000+00:00,combi,Sitting,Sitting
2024-06-19 13:10:34.500000+00:00,combi,Sitting,Sitting
2024-06-19 13:11:34.500000+00:00,combi,Sitting,Sitting
2024-06-19 13:12:34.500000+00:00,combi,Standing,Dynamic
2024-06-19 13:13:34.500000+00:00,combi,Standing,Dynamic
2024-06-19 13:14:34.500000+00:00,combi,Standing,Dynamic
2024-06-19 13:15:34.500000+00:00,combi,Standing,Dynamic
2024-06-19 13:16:34.500000+00:00,combi,Standing,Standing
2024-06-19 13:17:34.500000+00:00,combi,Standing,Standing
2024-06-19 13:18:34.500000+00:00,combi,Sitting,Dynamic
2024-06-19 13:19:34.500000+00:00,combi,Sitting,Dynamic
2024-06-19 13:20:34.500000+00:00,combi,Standing,Dynamic
2024-06-19 13:21:34.500000+00:00,combi,Sitting,Dynamic
2024-06-19 13:22:34.500000+00:00,combi,Sitting,Sitting
2024-06-19 13:23:34.500000+00:00,combi,Sitting,Sitting
2024-06-19 13:24:34.500000+00:00,combi,Sitting,Sitting
2024-06-19 13:25:34.500000+00:00,combi,Sitting,Sitting
2024-06-19 13:26:34.500000+00:00,combi,Sitting,Sitting
2024-06-19 13:27:34.500000+00:00,combi,Sitting,Sitting
2024-06-19 13:28:34.500000+00:00,combi,Sitting,Sitting
2024-06-19 13:29:34.500000+00:00,combi,Sitting,Sitting
2024-06-19 13:30:34.500000+00:00,combi,Sitting,Sitting
2024-06-19 13:31:34.500000+00:00,combi,Sitting,Sitting
2024-06-19 13:32:34.500000+00:00,combi,Sitting,Sitting
2024-06-19 13:33:34.500000+00:00,combi,Sitting,Sitting
2024-06-19 13:34:34.500000+00:00,combi,Sitting,Sitting
2024-06-19 13:35:34.500000+00:00,combi,Sitting,Sitting
2024-06-19 13:36:34.500000+00:00,combi,Sitting,Sitting
2024-06-19 13:37:34.500000+00:00,combi,Sitting,Sitting
2024-06-19 13:38:34.500000+00:00,combi,Sitting,Sitting
2024-06-19 13:39:34.500000+00:00,combi,Sitting,Sitting
2024-06-19 13:40:34.500000+00:00,combi,Sitting,Sitting
2024-06-19 13:41:34.500000+00:00,combi,Sitting,Sitting
2024-06-19 13:42:34.500000+00:00,combi,Sitting,Sitting
2024-06-19 13:43:34.500000+00:00,combi,Sitting,Sitting
2024-06-19 13:44:34.500000+00:00,combi,Sitting,Sitting
2024-06-19 13:45:34.500000+00:00,combi,Sitting,Sitting
2024-06-19 13:46:34.500000+00:00,combi,Sitting,Sitting
2024-06-19 13:47:34.500000+00:00,combi,Sitting,Sitting
2024-06-19 13:48:34.500000+00:00,combi,Sitting,Sitting
2024-06-19 13:49:34.500000+00:00,combi,Sitting,Sitting
2024-06-19 13:50:34.500000+00:00,combi,Sitting,Sitting
2024-06-19 13:51:34.500000+00:00,combi,Sitting,Sitting
2024-06-19 13:52:34.500000+00:00,combi,Sitting,Sitting
2024-06-19 13:53:34.500000+00:00,combi,Sitting,Sitting
2024-06-19 13:54:34.500000+00:00,combi,Sitting,Sitting
2024-06-19 13:55:34.500000+00:00,combi,Sitting,Sitting
2024-06-19 13:56:34.500000+00:00,combi,Sitting,Sitting
2024-06-19 13:57:34.500000+00:00,combi,Sitting,Sitting
2024-06-19 13:58:34.500000+00:00,combi,Sitting,Sitting
2024-06-19 13:59:34.500000+00:00,combi,Sitting,Sitting
2024-06-19 14:00:34.500000+00:00,combi,Sitting,Sitting
2024-06-19 14:01:34.500000+00:00,combi,Sitting,Sitting
2024-06-19 14:02:34.500000+00:00,combi,Sitting,Sitting
2024-06-19 14:03:34.500000+00:00,combi,Sitting,Sitting
2024-06-19 14:04:34.500000+00:00,combi,Sitting,Sitting
2024-06-19 14:05:34.500000+00:00,combi,Standing,Sitting
2024-06-19 14:06:34.500000+00:00,combi,Sitting,Sitting
2024-06-19 14:07:34.500000+00:00,combi,Sitting,Sitting
2024-06-19 14:08:34.500000+00:00,combi,Sitting,Sitting
2024-06-19 14:09:34.500000+00:00,combi,Sitting,Sitting
2024-06-19 14:10:34.500000+00:00,combi,Sitting,Sitting
2024-06-19 14:11:34.500000+00:00,combi,Sitting,Sitting
2024-06-19 14:12:34.500000+00:00,combi,Sitting,Sitting
2024-06-19 14:13:34.500000+00:00,combi,Sitting,Sitting
2024-06-19 14:14:34.500000+00:00,combi,Sitting,Sitting
2024-06-19 14:15:34.500000+00:00,combi,Sitting,Sitting
2024-06-19 14:16:34.500000+00:00,combi,Sitting,Sitting
2024-06-19 14:17:34.500000+00:00,combi,Sitting,Sitting
2024-06-19 14:18:34.500000+00:00,combi,Sitting,Sitting
2024-06-19 14:19:34.500000+00:00,combi,Sitting,Sitting
2024-06-19 14:20:34.500000+00:00,combi,Sitting,Sitting
2024-06-19 14:21:34.500000+00:00,combi,Sitting,Sitting
2024-06-19 14:22:34.500000+00:00,combi,Sitting,Sitting
2024-06-19 14:23:34.500000+00:00,combi,Sitting,Sitting
2024-06-19 14:24:34.500000+00:00,combi,Sitting,Sitting
2024-06-19 14:25:34.500000+00:00,combi,Sitting,Sitting
2024-06-19 14:26:34.500000+00:00,combi,Sitting,Sitting
2024-06-19 14:27:34.500000+00:00,combi,Sitting,Sitting
2024-06-19 14:28:34.500000+00:00,combi,Sitting,Sitting
2024-06-19 14:29:34.500000+00:00,combi,Sitting,Sitting
2024-06-19 14:30:34.500000+00:00,combi,Sitting,Sitting
2024-06-19 14:31:34.500000+00:00,combi,Sitting,Sitting
2024-06-19 14:32:34.500000+00:00,combi,Sitting,Sitting
2024-06-19 14:33:34.500000+00:00,combi,Sitting,Sitting
2024-06-19 14:34:34.500000+00:00,combi,Sitting,Sitting
2024-06-19 14:35:34.500000+00:00,combi,Sitting,Sitting
2024-06-19 14:36:34.500000+00:00,combi,Sitting,Sitting
2024-06-19 14:37:34.500000+00:00,combi,Sitting,Sitting
2024-06-19 14:38:34.500000+00:00,combi,Sitting,Sitting
2024-06-19 14:39:34.500000+00:00,combi,Sitting,Sitting
2024-06-19 14:40:34.500000+00:00,combi,Sitting,Sitting
2024-06-19 14:41:34.500000+00:00,combi,Sitting,Sitting
2024-06-19 14:42:34.500000+00:00,combi,Sitting,Sitting
2024-06-19 14:43:34.500000+00:00,combi,Sitting,Sitting
2024-06-19 14:44:34.500000+00:00,combi,Sitting,Sitting
2024-06-19 14:45:34.500000+00:00,combi,Sitting,Sitting
2024-06-19 14:46:34.500000+00:00,combi,Sitting,Sitting
2024-06-19 14:47:34.500000+00:00,combi,Sitting,Sitting
2024-06-19 14:48:34.500000+00:00,combi,Sitting,Sitting
2024-06-19 14:49:34.500000+00:00,combi,Sitting,Sitting
2024-06-19 14:50:34.500000+00:00,combi,Sitting,Sitting
2024-06-19 14:51:34.500000+00:00,combi,Sitting,Sitting
2024-06-19 14:52:34.500000+00:00,combi,Sitting,Sitting
2024-06-19 14:53:34.500000+00:00,combi,Sitting,Sitting
2024-06-19 14:54:34.500000+00:00,combi,Sitting,Sitting
2024-06-19 14:55:34.500000+00:00,combi,Sitting,Sitting
2024-06-19 14:56:34.500000+00:00,combi,Sitting,Sitting
2024-06-19 14:57:34.500000+00:00,combi,Sitting,Sitting
2024-06-19 14:58:34.500000+00:00,combi,Sitting,Sitting
2024-06-19 14:59:34.500000+00:00,combi,Sitting,Sitting
2024-06-19 15:00:34.500000+00:00,combi,Sitting,Sitting
2024-06-19 15:01:34.500000+00:00,combi,Sitting,Sitting
2024-06-19 15:02:34.500000+00:00,combi,Sitting,Sitting
2024-06-19 15:03:34.500000+00:00,combi,Sitting,Sitting
2024-06-19 15:04:34.500000+00:00,combi,Sitting,Sitting
2024-06-19 15:05:34.500000+00:00,combi,Sitting,Sitting
2024-06-19 15:06:34.500000+00:00,combi,Sitting,Sitting
2024-06-19 15:07:34.500000+00:00,combi,Sitting,Sitting
2024-06-19 15:08:34.500000+00:00,combi,Sitting,Sitting
2024-06-19 15:09:34.500000+00:00,combi,Sitting,Sitting
2024-06-19 15:10:34.500000+00:00,combi,Sitting,Sitting
2024-06-19 15:11:34.500000+00:00,combi,Sitting,Sitting
2024-06-19 15:12:34.500000+00:00,combi,Sitting,Dynamic
2024-06-19 15:13:34.500000+00:00,combi,Standing,Dynamic
2024-06-19 15:14:34.500000+00:00,combi,Standing,Dynamic
2024-06-19 15:15:34.500000+00:00,combi,Standing,Standing
2024-06-19 15:16:34.500000+00:00,combi,Standing,Standing
2024-06-19 15:17:34.500000+00:00,combi,Standing,Dynamic
2024-06-19 15:18:34.500000+00:00,combi,Standing,Dynamic
2024-06-19 15:19:34.500000+00:00,combi,Standing,Standing
2024-06-19 15:20:34.500000+00:00,combi,Standing,Standing
2024-06-19 15:21:34.500000+00:00,combi,Standing,Standing
2024-06-19 15:22:34.500000+00:00,combi,Standing,Standing
2024-06-19 15:23:34.500000+00:00,combi,Standing,Standing
2024-06-19 15:24:34.500000+00:00,combi,Standing,Dynamic
2024-06-19 15:25:34.500000+00:00,combi,Standing,Dynamic
2024-06-19 15:26:34.500000+00:00,combi,Standing,Dynamic
2024-06-19 15:27:34.500000+00:00,combi,Sitting,Dynamic
2024-06-19 15:28:34.500000+00:00,combi,Standing,Dynamic
2024-06-19 15:29:34.500000+00:00,combi,Standing,Dynamic
2024-06-19 15:30:34.500000+00:00,combi,Standing,Dynamic
2024-06-19 15:31:34.500000+00:00,combi,Standing,Dynamic
2024-06-19 15:32:34.500000+00:00,combi,Standing,Dynamic
2024-06-19 15:33:34.500000+00:00,combi,Sitting,Sitting
2024-06-19 15:34:34.500000+00:00,combi,Sitting,Dynamic
2024-06-19 15:35:34.500000+00:00,combi,Standing,Standing
2024-06-19 15:36:34.500000+00:00,combi,Sitting,Dynamic
2024-06-19 15:37:34.500000+00:00,combi,Sitting,Standing
2024-06-19 15:38:34.500000+00:00,combi,Standing,Standing
2024-06-19 15:39:34.500000+00:00,combi,Standing,Dynamic
2024-06-19 15:40:34.500000+00:00,combi,Sitting,Sitting
2024-06-19 15:41:34.500000+00:00,combi,Standing,Dynamic
2024-06-19 15:42:34.500000+00:00,combi,Standing,Standing
2024-06-19 15:43:34.500000+00:00,combi,Sitting,Sitting
2024-06-19 15:44:34.500000+00:00,combi,Sitting,Sitting
2024-06-19 15:45:34.500000+00:00,combi,Sitting,Sitting
2024-06-19 15:46:34.500000+00:00,combi,Sitting,Sitting
2024-06-19 15:47:34.500000+00:00,combi,Sitting,Sitting
2024-06-19 15:48:34.500000+00:00,combi,Sitting,Sitting
2024-06-19 15:49:34.500000+00:00,combi,Sitting,Sitting
2024-06-19 15:50:34.500000+00:00,combi,Sitting,Sitting
2024-06-19 15:51:34.500000+00:00,combi,Sitting,Sitting
2024-06-19 15:52:34.500000+00:00,combi,Sitting,Sitting
2024-06-19 15:53:34.500000+00:00,combi,Sitting,Sitting
2024-06-19 15:54:34.500000+00:00,combi,Sitting,Sitting
2024-06-19 15:55:34.500000+00:00,combi,Sitting,Sitting
2024-06-19 15:56:34.500000+00:00,combi,Sitting,Sitting
2024-06-19 15:57:34.500000+00:00,combi,Sitting,Sitting
2024-06-19 15:58:34.500000+00:00,combi,Sitting,Sitting
2024-06-19 15:59:34.500000+00:00,combi,Sitting,Sitting
2024-06-19 16:00:34.500000+00:00,combi,Sitting,Sitting
2024-06-19 16:01:34.500000+00:00,combi,Sitting,Sitting
2024-06-19 16:02:34.500000+00:00,combi,Sitting,Sitting
2024-06-19 16:03:34.500000+00:00,combi,Sitting,Sitting
2024-06-19 16:04:34.500000+00:00,combi,Sitting,Sitting
2024-06-19 16:05:34.500000+00:00,combi,Sitting,Sitting
2024-06-19 16:06:34.500000+00:00,combi,Sitting,Sitting
2024-06-19 16:07:34.500000+00:00,combi,Sitting,Sitting
2024-06-19 16:08:34.500000+00:00,combi,Sitting,Sitting
2024-06-19 16:09:34.500000+00:00,combi,Sitting,Sitting
2024-06-19 16:10:34.500000+00:00,combi,Sitting,Sitting
2024-06-19 16:11:34.500000+00:00,combi,Sitting,Sitting
2024-06-19 16:12:34.500000+00:00,combi,Sitting,Sitting
2024-06-19 16:13:34.500000+00:00,combi,Sitting,Sitting
2024-06-19 16:14:34.500000+00:00,combi,Sitting,Sitting
2024-06-19 16:15:34.500000+00:00,combi,Sitting,Sitting
2024-06-19 16:16:34.500000+00:00,combi,Sitting,Sitting
2024-06-19 16:17:34.500000+00:00,combi,Sitting,Sitting
2024-06-19 16:18:34.500000+00:00,combi,Sitting,Sitting
2024-06-19 16:19:34.500000+00:00,combi,Sitting,Sitting
2024-06-19 16:20:34.500000+00:00,combi,Sitting,Sitting
2024-06-19 16:21:34.500000+00:00,combi,Standing,Dynamic
2024-06-19 16:22:34.500000+00:00,combi,Standing,Standing
2024-06-19 16:23:34.500000+00:00,combi,Standing,Standing
2024-06-19 16:24:34.500000+00:00,combi,Standing,Standing
2024-06-19 16:25:34.500000+00:00,combi,Standing,Standing
2024-06-19 16:26:34.500000+00:00,combi,Standing,Dynamic
2024-06-19 16:27:34.500000+00:00,combi,Sitting,Sitting
2024-06-19 16:28:34.500000+00:00,combi,Sitting,Sitting
2024-06-19 16:29:34.500000+00:00,combi,Sitting,Sitting
2024-06-19 16:30:34.500000+00:00,combi,Sitting,Sitting
2024-06-19 16:31:34.500000+00:00,combi,Sitting,Sitting
2024-06-19 16:32:34.500000+00:00,combi,Sitting,Sitting
2024-06-19 16:33:34.500000+00:00,combi,Sitting,Sitting
2024-06-19 16:34:34.500000+00:00,combi,Sitting,Sitting
2024-06-19 16:35:34.500000+00:00,combi,Standing,Dynamic
2024-06-19 16:36:34.500000+00:00,combi,Standing,Dynamic
2024-06-19 16:37:34.500000+00:00,combi,Standing,Dynamic
2024-06-19 16:38:34.500000+00:00,combi,Standing,Dynamic
2024-06-19 16:39:34.500000+00:00,combi,Standing,Dynamic
2024-06-19 16:40:34.500000+00:00,combi,Standing,Dynamic
2024-06-19 16:41:34.500000+00:00,combi,Sitting,Dynamic
2024-06-19 16:42:34.500000+00:00,combi,Sitting,Sitting
2024-06-19 16:43:34.500000+00:00,combi,Sitting,Dynamic
2024-06-19 16:44:34.500000+00:00,combi,Sitting,Dynamic
2024-06-19 16:45:34.500000+00:00,combi,Sitting,Dynamic
2024-06-19 16:46:34.500000+00:00,combi,Sitting,Dynamic
2024-06-19 16:47:34.500000+00:00,combi,Standing,Dynamic
2024-06-19 16:48:34.500000+00:00,combi,Sitting,Dynamic
2024-06-19 16:49:34.500000+00:00,combi,Sitting,Dynamic
2024-06-19 16:50:34.500000+00:00,combi,Sitting,Dynamic
2024-06-19 16:51:34.500000+00:00,combi,Sitting,Dynamic
2024-06-19 16:52:34.500000+00:00,combi,Sitting,Dynamic
2024-06-19 16:53:34.500000+00:00,combi,Sitting,Dynamic
2024-06-19 16:54:34.500000+00:00,combi,Sitting,Dynamic
2024-06-19 16:55:34.500000+00:00,combi,Sitting,Dynamic
2024-06-19 16:56:34.500000+00:00,combi,Sitting,Sitting
2024-06-19 16:57:34.500000+00:00,combi,Standing,Dynamic
2024-06-19 16:58:34.500000+00:00,combi,Sitting,Dynamic
2024-06-19 16:59:34.500000+00:00,combi,Standing,Standing
2024-06-19 17:00:34.500000+00:00,combi,Sitting,Sitting
2024-06-19 17:01:34.500000+00:00,combi,Sitting,Sitting
2024-06-19 17:02:34.500000+00:00,combi,Sitting,Sitting
2024-06-19 17:03:34.500000+00:00,combi,Sitting,Sitting
2024-06-19 17:04:34.500000+00:00,combi,Sitting,Sitting
2024-06-19 17:05:34.500000+00:00,combi,Sitting,Sitting
2024-06-19 17:06:34.500000+00:00,combi,Sitting,Sitting
2024-06-19 17:07:34.500000+00:00,combi,Sitting,Sitting
2024-06-19 17:08:34.500000+00:00,combi,Sitting,Sitting
2024-06-19 17:09:34.500000+00:00,combi,Sitting,Sitting
2024-06-19 17:10:34.500000+00:00,combi,Sitting,Sitting
2024-06-19 17:11:34.500000+00:00,combi,Sitting,Sitting
2024-06-19 17:12:34.500000+00:00,combi,Sitting,Sitting
2024-06-19 17:13:34.500000+00:00,combi,Sitting,Sitting
2024-06-19 17:14:34.500000+00:00,combi,Sitting,Sitting
2024-06-19 17:15:34.500000+00:00,combi,Sitting,Sitting
2024-06-19 17:16:34.500000+00:00,combi,Sitting,Sitting
2024-06-19 17:17:34.500000+00:00,combi,Sitting,Sitting
2024-06-19 17:18:34.500000+00:00,combi,Sitting,Sitting
2024-06-19 17:19:34.500000+00:00,combi,Sitting,Sitting
2024-06-19 17:20:34.500000+00:00,combi,Sitting,Sitting
2024-06-19 17:21:34.500000+00:00,combi,Standing,Sitting
2024-06-19 17:22:34.500000+00:00,combi,Standing,Standing
2024-06-19 17:23:34.500000+00:00,combi,Standing,Dynamic
2024-06-19 17:24:34.500000+00:00,combi,Standing,Standing
2024-06-19 17:25:34.500000+00:00,combi,Standing,Standing
2024-06-19 17:26:34.500000+00:00,combi,Standing,Standing
2024-06-19 17:27:34.500000+00:00,combi,Standing,Sitting
2024-06-19 17:28:34.500000+00:00,combi,Standing,Dynamic
2024-06-19 17:29:34.500000+00:00,combi,Standing,Dynamic
2024-06-19 17:30:34.500000+00:00,combi,Standing,Dynamic
2024-06-19 17:31:34.500000+00:00,combi,Standing,Sitting
2024-06-19 17:32:34.500000+00:00,combi,Standing,Standing
2024-06-19 17:33:34.500000+00:00,combi,Sitting,Sitting
2024-06-19 17:34:34.500000+00:00,combi,Standing,Sitting
2024-06-19 17:35:34.500000+00:00,combi,Standing,Dynamic
2024-06-19 17:36:34.500000+00:00,combi,Sitting,Dynamic
2024-06-19 17:37:34.500000+00:00,combi,Standing,Dynamic
2024-06-19 17:38:34.500000+00:00,combi,Standing,Dynamic
2024-06-19 17:39:34.500000+00:00,combi,Sitting,Sitting
2024-06-19 17:40:34.500000+00:00,combi,Sitting,Sitting
2024-06-19 17:41:34.500000+00:00,combi,Sitting,Dynamic
2024-06-19 17:42:34.500000+00:00,combi,Standing,Dynamic
2024-06-19 17:43:34.500000+00:00,combi,Standing,Dynamic
2024-06-19 17:44:34.500000+00:00,combi,Sitting,Dynamic
2024-06-19 17:45:34.500000+00:00,combi,Standing,Dynamic
2024-06-19 17:46:34.500000+00:00,combi,Lying,Lying
2024-06-19 17:47:34.500000+00:00,combi,Standing,Dynamic
2024-06-19 17:48:34.500000+00:00,combi,Sitting,Dynamic
2024-06-19 17:49:34.500000+00:00,combi,Standing,Dynamic
2024-06-19 17:50:34.500000+00:00,combi,Standing,Dynamic
2024-06-19 17:51:34.500000+00:00,combi,Lying,Lying
2024-06-19 17:52:34.500000+00:00,combi,Sitting,Dynamic
2024-06-19 17:53:34.500000+00:00,combi,Standing,Dynamic
2024-06-19 17:54:34.500000+00:00,combi,Standing,Dynamic
2024-06-19 17:55:34.500000+00:00,combi,Standing,Standing
2024-06-19 17:56:34.500000+00:00,combi,Standing,Dynamic
2024-06-19 17:57:34.500000+00:00,combi,Standing,Dynamic
2024-06-19 17:58:34.500000+00:00,combi,Standing,Dynamic
2024-06-19 17:59:34.500000+00:00,combi,Sitting,Sitting
2024-06-19 18:00:34.500000+00:00,combi,Sitting,Sitting
2024-06-19 18:01:34.500000+00:00,combi,Sitting,Sitting
2024-06-19 18:02:34.500000+00:00,combi,Sitting,Sitting
2024-06-19 18:03:34.500000+00:00,combi,Sitting,Sitting
2024-06-19 18:04:34.500000+00:00,combi,Sitting,Sitting
2024-06-19 18:05:34.500000+00:00,combi,Standing,Standing
2024-06-19 18:06:34.500000+00:00,combi,Sitting,Sitting
2024-06-19 18:07:34.500000+00:00,combi,Sitting,Sitting
2024-06-19 18:08:34.500000+00:00,combi,Sitting,Dynamic
2024-06-19 18:09:34.500000+00:00,combi,Sitting,Dynamic
2024-06-19 18:10:34.500000+00:00,combi,Standing,Sitting
2024-06-19 18:11:34.500000+00:00,combi,Standing,Dynamic
2024-06-19 18:12:34.500000+00:00,combi,Sitting,Dynamic
2024-06-19 18:13:34.500000+00:00,combi,Sitting,Dynamic
2024-06-19 18:14:34.500000+00:00,combi,Standing,Standing
2024-06-19 18:15:34.500000+00:00,combi,Standing,Standing
2024-06-19 18:16:34.500000+00:00,combi,Sitting,Dynamic
2024-06-19 18:17:34.500000+00:00,combi,Standing,Dynamic
2024-06-19 18:18:34.500000+00:00,combi,Standing,Dynamic
2024-06-19 18:19:34.500000+00:00,combi,Sitting,Sitting
2024-06-19 18:20:34.500000+00:00,combi,Standing,Standing
2024-06-19 18:21:34.500000+00:00,combi,Standing,Standing
2024-06-19 18:22:34.500000+00:00,combi,Sitting,Sitting
2024-06-19 18:23:34.500000+00:00,combi,Sitting,Dynamic
2024-06-19 18:24:34.500000+00:00,combi,Standing,Dynamic
2024-06-19 18:25:34.500000+00:00,combi,Sitting,Dynamic
2024-06-19 18:26:34.500000+00:00,combi,Sitting,Sitting
2024-06-19 18:27:34.500000+00:00,combi,Standing,Standing
2024-06-19 18:28:34.500000+00:00,combi,Standing,Dynamic
2024-06-19 18:29:34.500000+00:00,combi,Standing,Standing
2024-06-19 18:30:34.500000+00:00,combi,Standing,Dynamic
2024-06-19 18:31:34.500000+00:00,combi,Standing,Dynamic
2024-06-19 18:32:34.500000+00:00,combi,Standing,Dynamic
2024-06-19 18:33:34.500000+00:00,combi,Standing,Sitting
2024-06-19 18:34:34.500000+00:00,combi,Standing,Dynamic
2024-06-19 18:35:34.500000+00:00,combi,Standing,Dynamic
2024-06-19 18:36:34.500000+00:00,combi,Standing,Dynamic
2024-06-19 18:37:34.500000+00:00,combi,Standing,Dynamic
2024-06-19 18:38:34.500000+00:00,combi,Sitting,Dynamic
2024-06-19 18:39:34.500000+00:00,combi,Standing,Dynamic
2024-06-19 18:40:34.500000+00:00,combi,Standing,Dynamic
2024-06-19 18:41:34.500000+00:00,combi,Standing,Dynamic
2024-06-19 18:42:34.500000+00:00,combi,Standing,Dynamic
2024-06-19 18:43:34.500000+00:00,combi,Standing,Dynamic
2024-06-19 18:44:34.500000+00:00,combi,Standing,Dynamic
2024-06-19 18:45:34.500000+00:00,combi,Sitting,Dynamic
2024-06-19 18:46:34.500000+00:00,combi,Standing,Dynamic
2024-06-19 18:47:34.500000+00:00,combi,Standing,Dynamic
2024-06-19 18:48:34.500000+00:00,combi,Standing,Dynamic
2024-06-19 18:49:34.500000+00:00,combi,Sitting,Dynamic
2024-06-19 18:50:34.500000+00:00,combi,Standing,Dynamic
2024-06-19 18:51:34.500000+00:00,combi,Sitting,Dynamic
2024-06-19 18:52:34.500000+00:00,combi,Sitting,Dynamic
2024-06-19 18:53:34.500000+00:00,combi,Standing,Dynamic
2024-06-19 18:54:34.500000+00:00,combi,Standing,Dynamic
2024-06-19 18:55:34.500000+00:00,combi,Sitting,Dynamic
2024-06-19 18:56:34.500000+00:00,combi,Standing,Standing
2024-06-19 18:57:34.500000+00:00,combi,Standing,Dynamic
2024-06-19 18:58:34.500000+00:00,combi,Standing,Dynamic
2024-06-19 18:59:34.500000+00:00,combi,Standing,Dynamic
2024-06-19 19:00:34.500000+00:00,combi,Standing,Dynamic
2024-06-19 19:01:34.500000+00:00,combi,Standing,Dynamic
2024-06-19 19:02:34.500000+00:00,combi,Standing,Dynamic
2024-06-19 19:03:34.500000+00:00,combi,Standing,Dynamic
2024-06-19 19:04:34.500000+00:00,combi,Standing,Dynamic
2024-06-19 19:05:34.500000+00:00,combi,Sitting,Dynamic
2024-06-19 19:06:34.500000+00:00,combi,Standing,Dynamic
2024-06-19 19:07:34.500000+00:00,combi,Sitting,Standing
2024-06-19 19:08:34.500000+00:00,combi,Sitting,Dynamic
2024-06-19 19:09:34.500000+00:00,combi,Standing,Dynamic
2024-06-19 19:10:34.500000+00:00,combi,Standing,Standing
2024-06-19 19:11:34.500000+00:00,combi,Standing,Dynamic
2024-06-19 19:12:34.500000+00:00,combi,Standing,Dynamic
2024-06-19 19:13:34.500000+00:00,combi,Sitting,Sitting
2024-06-19 19:14:34.500000+00:00,combi,Sitting,Sitting
2024-06-19 19:15:34.500000+00:00,combi,Standing,Sitting
2024-06-19 19:16:34.500000+00:00,combi,Standing,Sitting
2024-06-19 19:17:34.500000+00:00,combi,Standing,Sitting
2024-06-19 19:18:34.500000+00:00,combi,Standing,Dynamic
2024-06-19 19:19:34.500000+00:00,combi,Standing,Dynamic
2024-06-19 19:20:34.500000+00:00,combi,Sitting,Dynamic
2024-06-19 19:21:34.500000+00:00,combi,Standing,Dynamic
2024-06-19 19:22:34.500000+00:00,combi,Standing,Dynamic
2024-06-19 19:23:34.500000+00:00,combi,Standing,Dynamic
2024-06-19 19:24:34.500000+00:00,combi,Standing,Dynamic
2024-06-19 19:25:34.500000+00:00,combi,Standing,Dynamic
2024-06-19 19:26:34.500000+00:00,combi,Standing,Standing
2024-06-19 19:27:34.500000+00:00,combi,Sitting,Dynamic
2024-06-19 19:28:34.500000+00:00,combi,Sitting,Dynamic
2024-06-19 19:29:34.500000+00:00,combi,Standing,Dynamic
2024-06-19 19:30:34.500000+00:00,combi,Standing,Dynamic
2024-06-19 19:31:34.500000+00:00,combi,Sitting,Dynamic
2024-06-19 19:32:34.500000+00:00,combi,Standing,Dynamic
2024-06-19 19:33:34.500000+00:00,combi,Sitting,Sitting
2024-06-19 19:34:34.500000+00:00,combi,Standing,Dynamic
2024-06-19 19:35:34.500000+00:00,combi,Standing,Dynamic
2024-06-19 19:36:34.500000+00:00,combi,Standing,Dynamic
2024-06-19 19:37:34.500000+00:00,combi,Sitting,Sitting
2024-06-19 19:38:34.500000+00:00,combi,Sitting,Sitting
2024-06-19 19:39:34.500000+00:00,combi,Sitting,Sitting
2024-06-19 19:40:34.500000+00:00,combi,Sitting,Sitting
2024-06-19 19:41:34.500000+00:00,combi,Standing,Sitting
2024-06-19 19:42:34.500000+00:00,combi,Standing,Sitting
2024-06-19 19:43:34.500000+00:00,combi,Standing,Dynamic
2024-06-19 19:44:34.500000+00:00,combi,Standing,Sitting
2024-06-19 19:45:34.500000+00:00,combi,Standing,Standing
2024-06-19 19:46:34.500000+00:00,combi,Standing,Dynamic
2024-06-19 19:47:34.500000+00:00,combi,Standing,Dynamic
2024-06-19 19:48:34.500000+00:00,combi,Standing,Dynamic
2024-06-19 19:49:34.500000+00:00,combi,Standing,Standing
2024-06-19 19:50:34.500000+00:00,combi,Sitting,Sitting
2024-06-19 19:51:34.500000+00:00,combi,Standing,Dynamic
2024-06-19 19:52:34.500000+00:00,combi,Standing,Dynamic
2024-06-19 19:53:34.500000+00:00,combi,Sitting,Sitting
2024-06-19 19:54:34.500000+00:00,combi,Sitting,Sitting
2024-06-19 19:55:34.500000+00:00,combi,Sitting,Sitting
2024-06-19 19:56:34.500000+00:00,combi,Standing,Standing
2024-06-19 19:57:34.500000+00:00,combi,Standing,Dynamic
2024-06-19 19:58:34.500000+00:00,combi,Standing,Dynamic
2024-06-19 19:59:34.500000+00:00,combi,Standing,Dynamic
2024-06-19 20:00:34.500000+00:00,combi,Standing,Dynamic
2024-06-19 20:01:34.500000+00:00,combi,Standing,Dynamic
2024-06-19 20:02:34.500000+00:00,combi,Standing,Dynamic
2024-06-19 20:03:34.500000+00:00,combi,Standing,Dynamic
2024-06-19 20:04:34.500000+00:00,combi,Sitting,Dynamic
2024-06-19 20:05:34.500000+00:00,combi,Sitting,Dynamic
2024-06-19 20:06:34.500000+00:00,combi,Standing,Dynamic
2024-06-19 20:07:34.500000+00:00,combi,Standing,Dynamic
2024-06-19 20:08:34.500000+00:00,combi,Standing,Dynamic
2024-06-19 20:09:34.500000+00:00,combi,Sitting,Sitting
2024-06-19 20:10:34.500000+00:00,combi,Standing,Standing
2024-06-19 20:11:34.500000+00:00,combi,Standing,Standing
2024-06-19 20:12:34.500000+00:00,combi,Standing,Sitting
2024-06-19 20:13:34.500000+00:00,combi,Sitting,Sitting
2024-06-19 20:14:34.500000+00:00,combi,Standing,Dynamic
2024-06-19 20:15:34.500000+00:00,combi,Sitting,Dynamic
2024-06-19 20:16:34.500000+00:00,combi,Sitting,Sitting
2024-06-19 20:17:34.500000+00:00,combi,Standing,Dynamic
2024-06-19 20:18:34.500000+00:00,combi,Sitting,Dynamic
2024-06-19 20:19:34.500000+00:00,combi,Sitting,Sitting
2024-06-19 20:20:34.500000+00:00,combi,Sitting,Sitting
2024-06-19 20:21:34.500000+00:00,combi,Sitting,Sitting
2024-06-19 20:22:34.500000+00:00,combi,Sitting,Sitting
2024-06-19 20:23:34.500000+00:00,combi,Sitting,Sitting
2024-06-19 20:24:34.500000+00:00,combi,Sitting,Sitting
2024-06-19 20:25:34.500000+00:00,combi,Standing,Standing
2024-06-19 20:26:34.500000+00:00,combi,Sitting,Dynamic
2024-06-19 20:27:34.500000+00:00,combi,Sitting,Sitting
2024-06-19 20:28:34.500000+00:00,combi,Sitting,Sitting
2024-06-19 20:29:34.500000+00:00,combi,Sitting,Sitting
2024-06-19 20:30:34.500000+00:00,combi,Sitting,Sitting
2024-06-19 20:31:34.500000+00:00,combi,Sitting,Sitting
2024-06-19 20:32:34.500000+00:00,combi,Sitting,Sitting
2024-06-19 20:33:34.500000+00:00,combi,Sitting,Sitting
2024-06-19 20:34:34.500000+00:00,combi,Sitting,Sitting
2024-06-19 20:35:34.500000+00:00,combi,Sitting,Sitting
2024-06-19 20:36:34.500000+00:00,combi,Sitting,Sitting
2024-06-19 20:37:34.500000+00:00,combi,Sitting,Sitting
2024-06-19 20:38:34.500000+00:00,combi,Sitting,Sitting
2024-06-19 20:39:34.500000+00:00,combi,Sitting,Sitting
2024-06-19 20:40:34.500000+00:00,combi,Sitting,Sitting
2024-06-19 20:41:34.500000+00:00,combi,Sitting,Sitting
2024-06-19 20:42:34.500000+00:00,combi,Standing,Dynamic
2024-06-19 20:43:34.500000+00:00,combi,Sitting,Sitting
2024-06-19 20:44:34.500000+00:00,combi,Sitting,Sitting
2024-06-19 20:45:34.500000+00:00,combi,Sitting,Sitting
2024-06-19 20:46:34.500000+00:00,combi,Standing,Sitting
2024-06-19 20:47:34.500000+00:00,combi,Standing,Standing
2024-06-19 20:48:34.500000+00:00,combi,Standing,Standing
2024-06-19 20:49:34.500000+00:00,combi,Sitting,Sitting
2024-06-19 20:50:34.500000+00:00,combi,Sitting,Sitting
2024-06-19 20:51:34.500000+00:00,combi,Sitting,Sitting
2024-06-19 20:52:34.500000+00:00,combi,Sitting,Dynamic
2024-06-19 20:53:34.500000+00:00,combi,Standing,Dynamic
2024-06-19 20:54:34.500000+00:00,combi,Standing,Dynamic
2024-06-19 20:55:34.500000+00:00,combi,Sitting,Sitting
2024-06-19 20:56:34.500000+00:00,combi,Standing,Dynamic
2024-06-19 20:57:34.500000+00:00,combi,Sitting,Dynamic
2024-06-19 20:58:34.500000+00:00,combi,Standing,Sitting
2024-06-19 20:59:34.500000+00:00,combi,Standing,Dynamic
2024-06-19 21:00:34.500000+00:00,combi,Standing,Dynamic
2024-06-19 21:01:34.500000+00:00,combi,Standing,Dynamic
2024-06-19 21:02:34.500000+00:00,combi,Standing,Dynamic
2024-06-19 21:03:34.500000+00:00,combi,Standing,Dynamic
2024-06-19 21:04:34.500000+00:00,combi,Standing,Standing
2024-06-19 21:05:34.500000+00:00,combi,Standing,Dynamic
2024-06-19 21:06:34.500000+00:00,combi,Standing,Standing
2024-06-19 21:07:34.500000+00:00,combi,Standing,Standing
2024-06-19 21:08:34.500000+00:00,combi,Standing,Dynamic
2024-06-19 21:09:34.500000+00:00,combi,Standing,Dynamic
2024-06-19 21:10:34.500000+00:00,combi,Standing,Dynamic
2024-06-19 21:11:34.500000+00:00,combi,Standing,Dynamic
2024-06-19 21:12:34.500000+00:00,combi,Standing,Dynamic
2024-06-19 21:13:34.500000+00:00,combi,Standing,Dynamic
2024-06-19 21:14:34.500000+00:00,combi,Standing,Dynamic
2024-06-19 21:15:34.500000+00:00,combi,Standing,Dynamic
2024-06-19 21:16:34.500000+00:00,combi,Standing,Dynamic
2024-06-19 21:17:34.500000+00:00,combi,Standing,Dynamic
2024-06-19 21:18:34.500000+00:00,combi,Standing,Dynamic
2024-06-19 21:19:34.500000+00:00,combi,Standing,Dynamic
2024-06-19 21:20:34.500000+00:00,combi,Standing,Dynamic
2024-06-19 21:21:34.500000+00:00,combi,Standing,Dynamic
2024-06-19 21:22:34.500000+00:00,combi,Standing,Standing
2024-06-19 21:23:34.500000+00:00,combi,Standing,Standing
2024-06-19 21:24:34.500000+00:00,combi,Standing,Dynamic
2024-06-19 21:25:34.500000+00:00,combi,Standing,Dynamic
2024-06-19 21:26:34.500000+00:00,combi,Standing,Dynamic
2024-06-19 21:27:34.500000+00:00,combi,Standing,Dynamic
2024-06-19 21:28:34.500000+00:00,combi,Standing,Dynamic
2024-06-19 21:29:34.500000+00:00,combi,Standing,Dynamic
2024-06-19 21:30:34.500000+00:00,combi,Sitting,Dynamic
2024-06-19 21:31:34.500000+00:00,combi,Standing,Dynamic
2024-06-19 21:32:34.500000+00:00,combi,Standing,Dynamic
2024-06-19 21:33:34.500000+00:00,combi,Standing,Dynamic
2024-06-19 21:34:34.500000+00:00,combi,Sitting,Dynamic
2024-06-19 21:35:34.500000+00:00,combi,Standing,Dynamic
2024-06-19 21:36:34.500000+00:00,combi,Sitting,Dynamic
2024-06-19 21:37:34.500000+00:00,combi,Standing,Standing
2024-06-19 21:38:34.500000+00:00,combi,Standing,Dynamic
2024-06-19 21:39:34.500000+00:00,combi,Standing,Dynamic
2024-06-19 21:40:34.500000+00:00,combi,Standing,Sitting
2024-06-19 21:41:34.500000+00:00,combi,Standing,Dynamic
2024-06-19 21:42:34.500000+00:00,combi,Standing,Dynamic
2024-06-19 21:43:34.500000+00:00,combi,Standing,Dynamic
2024-06-19 21:44:34.500000+00:00,combi,Standing,Standing
2024-06-19 21:45:34.500000+00:00,combi,Sitting,Dynamic
2024-06-19 21:46:34.500000+00:00,combi,Sitting,Dynamic
2024-06-19 21:47:34.500000+00:00,combi,Standing,Dynamic
2024-06-19 21:48:34.500000+00:00,combi,Standing,Dynamic
2024-06-19 21:49:34.500000+00:00,combi,Standing,Dynamic
2024-06-19 21:50:34.500000+00:00,combi,Standing,Standing
2024-06-19 21:51:34.500000+00:00,combi,Sitting,Sitting
2024-06-19 21:52:34.500000+00:00,combi,Standing,Dynamic
2024-06-19 21:53:34.500000+00:00,combi,Standing,Dynamic
2024-06-19 21:54:34.500000+00:00,combi,Standing,Dynamic
2024-06-19 21:55:34.500000+00:00,combi,Sitting,Dynamic
2024-06-19 21:56:34.500000+00:00,combi,Standing,Dynamic
2024-06-19 21:57:34.500000+00:00,combi,Standing,Standing
2024-06-19 21:58:34.500000+00:00,combi,Standing,Standing
2024-06-19 21:59:34.500000+00:00,combi,Sitting,Dynamic
2024-06-19 22:00:34.500000+00:00,combi,Standing,Dynamic
2024-06-19 22:01:34.500000+00:00,combi,Sitting,Sitting
2024-06-19 22:02:34.500000+00:00,combi,Sitting,Sitting
2024-06-19 22:03:34.500000+00:00,combi,Standing,Dynamic
2024-06-19 22:04:34.500000+00:00,combi,Standing,Dynamic
2024-06-19 22:05:34.500000+00:00,combi,Standing,Dynamic
2024-06-19 22:06:34.500000+00:00,combi,Sitting,Sitting
2024-06-19 22:07:34.500000+00:00,combi,Standing,Dynamic
2024-06-19 22:08:34.500000+00:00,combi,Standing,Dynamic
2024-06-19 22:09:34.500000+00:00,combi,Sitting,Dynamic
2024-06-19 22:10:34.500000+00:00,combi,Standing,Dynamic
2024-06-19 22:11:34.500000+00:00,combi,Standing,Standing
2024-06-19 22:12:34.500000+00:00,combi,Standing,Standing
2024-06-19 22:13:34.500000+00:00,combi,Standing,Standing
2024-06-19 22:14:34.500000+00:00,combi,Standing,Standing
2024-06-19 22:15:34.500000+00:00,combi,Sitting,Sitting
2024-06-19 22:16:34.500000+00:00,combi,Standing,Dynamic
2024-06-19 22:17:34.500000+00:00,combi,Standing,Dynamic
2024-06-19 22:18:34.500000+00:00,combi,Sitting,Dynamic
2024-06-19 22:19:34.500000+00:00,combi,Standing,Dynamic
2024-06-19 22:20:34.500000+00:00,combi,Standing,Dynamic
2024-06-19 22:21:34.500000+00:00,combi,Sitting,Dynamic
2024-06-19 22:22:34.500000+00:00,combi,Sitting,Dynamic
2024-06-19 22:23:34.500000+00:00,combi,Lying,Dynamic
2024-06-19 22:24:34.500000+00:00,combi,Lying,Lying
2024-06-19 22:25:34.500000+00:00,combi,Lying,Lying
2024-06-19 22:26:34.500000+00:00,combi,Lying,Lying
2024-06-19 22:27:34.500000+00:00,combi,Lying,Lying
2024-06-19 22:28:34.500000+00:00,combi,Lying,Lying
2024-06-19 22:29:34.500000+00:00,combi,Lying,Lying
2024-06-19 22:30:34.500000+00:00,combi,Lying,Lying
2024-06-19 22:31:34.500000+00:00,combi,Lying,Lying
2024-06-19 22:32:34.500000+00:00,combi,Lying,Lying
2024-06-19 22:33:34.500000+00:00,combi,Lying,Lying
2024-06-19 22:34:34.500000+00:00,combi,Lying,Lying
2024-06-19 22:35:34.500000+00:00,combi,Lying,Lying
2024-06-19 22:36:34.500000+00:00,combi,Lying,Lying
2024-06-19 22:37:34.500000+00:00,combi,Lying,Lying
2024-06-19 22:38:34.500000+00:00,combi,Lying,Lying
2024-06-19 22:39:34.500000+00:00,combi,Lying,Lying
2024-06-19 22:40:34.500000+00:00,combi,Lying,Lying
2024-06-19 22:41:34.500000+00:00,combi,Lying,Lying
2024-06-19 22:42:34.500000+00:00,combi,Lying,Lying
2024-06-19 22:43:34.500000+00:00,combi,Lying,Lying
2024-06-19 22:44:34.500000+00:00,combi,Lying,Lying
2024-06-19 22:45:34.500000+00:00,combi,Lying,Lying
2024-06-19 22:46:34.500000+00:00,combi,Lying,Lying
2024-06-19 22:47:34.500000+00:00,combi,Lying,Lying
2024-06-19 22:48:34.500000+00:00,combi,Lying,Lying
2024-06-19 22:49:34.500000+00:00,combi,Lying,Lying
2024-06-19 22:50:34.500000+00:00,combi,Lying,Lying
2024-06-19 22:51:34.500000+00:00,combi,Lying,Lying
2024-06-19 22:52:34.500000+00:00,combi,Lying,Lying
2024-06-19 22:53:34.500000+00:00,combi,Lying,Lying
2024-06-19 22:54:34.500000+00:00,combi,Lying,Lying
2024-06-19 22:55:34.500000+00:00,combi,Lying,Lying
2024-06-19 22:56:34.500000+00:00,combi,Lying,Lying
2024-06-19 22:57:34.500000+00:00,combi,Lying,Lying
2024-06-19 22:58:34.500000+00:00,combi,Lying,Lying
2024-06-19 22:59:34.500000+00:00,combi,Lying,Lying
2024-06-19 23:00:34.500000+00:00,combi,Lying,Lying
2024-06-19 23:01:34.500000+00:00,combi,Lying,Lying
2024-06-19 23:02:34.500000+00:00,combi,Lying,Lying
2024-06-19 23:03:34.500000+00:00,combi,Lying,Lying
2024-06-19 23:04:34.500000+00:00,combi,Lying,Lying
2024-06-19 23:05:34.500000+00:00,combi,Lying,Lying
2024-06-19 23:06:34.500000+00:00,combi,Lying,Lying
2024-06-19 23:07:34.500000+00:00,combi,Lying,Lying
2024-06-19 23:08:34.500000+00:00,combi,Lying,Lying
2024-06-19 23:09:34.500000+00:00,combi,Lying,Lying
2024-06-19 23:10:34.500000+00:00,combi,Lying,Lying
2024-06-19 23:11:34.500000+00:00,combi,Lying,Lying
2024-06-19 23:12:34.500000+00:00,combi,Lying,Lying
2024-06-19 23:13:34.500000+00:00,combi,Lying,Lying
2024-06-19 23:14:34.500000+00:00,combi,Lying,Lying
2024-06-19 23:15:34.500000+00:00,combi,Lying,Lying
2024-06-19 23:16:34.500000+00:00,combi,Lying,Lying
2024-06-19 23:17:34.500000+00:00,combi,Lying,Lying
2024-06-19 23:18:34.500000+00:00,combi,Lying,Lying
2024-06-19 23:19:34.500000+00:00,combi,Lying,Lying
2024-06-19 23:20:34.500000+00:00,combi,Lying,Lying
2024-06-19 23:21:34.500000+00:00,combi,Lying,Lying
2024-06-19 23:22:34.500000+00:00,combi,Lying,Lying
2024-06-19 23:23:34.500000+00:00,combi,Lying,Lying
2024-06-19 23:24:34.500000+00:00,combi,Lying,Lying
2024-06-19 23:25:34.500000+00:00,combi,Lying,Lying
2024-06-19 23:26:34.500000+00:00,combi,Lying,Lying
2024-06-19 23:27:34.500000+00:00,combi,Lying,Lying
2024-06-19 23:28:34.500000+00:00,combi,Lying,Lying
2024-06-19 23:29:34.500000+00:00,combi,Lying,Lying
2024-06-19 23:30:34.500000+00:00,combi,Lying,Lying
2024-06-19 23:31:34.500000+00:00,combi,Lying,Lying
2024-06-19 23:32:34.500000+00:00,combi,Lying,Lying
2024-06-19 23:33:34.500000+00:00,combi,Lying,Lying
2024-06-19 23:34:34.500000+00:00,combi,Lying,Lying
2024-06-19 23:35:34.500000+00:00,combi,Lying,Lying
2024-06-19 23:36:34.500000+00:00,combi,Lying,Lying
2024-06-19 23:37:34.500000+00:00,combi,Lying,Lying
2024-06-19 23:38:34.500000+00:00,combi,Lying,Lying
2024-06-19 23:39:34.500000+00:00,combi,Lying,Lying
2024-06-19 23:40:34.500000+00:00,combi,Lying,Lying
2024-06-19 23:41:34.500000+00:00,combi,Lying,Lying
2024-06-19 23:42:34.500000+00:00,combi,Lying,Lying
2024-06-19 23:43:34.500000+00:00,combi,Lying,Lying
2024-06-19 23:44:34.500000+00:00,combi,Lying,Lying
2024-06-19 23:45:34.500000+00:00,combi,Lying,Lying
2024-06-19 23:46:34.500000+00:00,combi,Lying,Lying
2024-06-19 23:47:34.500000+00:00,combi,Lying,Lying
2024-06-19 23:48:34.500000+00:00,combi,Lying,Lying
2024-06-19 23:49:34.500000+00:00,combi,Lying,Lying
2024-06-19 23:50:34.500000+00:00,combi,Lying,Lying
2024-06-19 23:51:34.500000+00:00,combi,Lying,Lying
2024-06-19 23:52:34.500000+00:00,combi,Lying,Lying
2024-06-19 23:53:34.500000+00:00,combi,Lying,Lying
2024-06-19 23:54:34.500000+00:00,combi,Lying,Lying
2024-06-19 23:55:34.500000+00:00,combi,Lying,Lying
2024-06-19 23:56:34.500000+00:00,combi,Lying,Lying
2024-06-19 23:57:34.500000+00:00,combi,Lying,Lying
2024-06-19 23:58:34.500000+00:00,combi,Lying,Lying
2024-06-19 23:59:34.500000+00:00,combi,Lying,Dynamic
2024-06-20 00:00:34.500000+00:00,combi,Sitting,Sitting
2024-06-20 00:01:34.500000+00:00,combi,Sitting,Sitting
2024-06-20 00:02:34.500000+00:00,combi,Sitting,Sitting
2024-06-20 00:03:34.500000+00:00,combi,Sitting,Sitting
2024-06-20 00:04:34.500000+00:00,combi,Lying,Lying
2024-06-20 00:05:34.500000+00:00,combi,Lying,Dynamic
2024-06-20 00:06:34.500000+00:00,combi,Lying,Lying
2024-06-20 00:07:34.500000+00:00,combi,Lying,Lying
2024-06-20 00:08:34.500000+00:00,combi,Lying,Lying
2024-06-20 00:09:34.500000+00:00,combi,Lying,Lying
2024-06-20 00:10:34.500000+00:00,combi,Lying,Lying
2024-06-20 00:11:34.500000+00:00,combi,Lying,Lying
2024-06-20 00:12:34.500000+00:00,combi,Lying,Lying
2024-06-20 00:13:34.500000+00:00,combi,Lying,Lying
2024-06-20 00:14:34.500000+00:00,combi,Lying,Lying
2024-06-20 00:15:34.500000+00:00,combi,Lying,Lying
2024-06-20 00:16:34.500000+00:00,combi,Lying,Lying
2024-06-20 00:17:34.500000+00:00,combi,Lying,Lying
2024-06-20 00:18:34.500000+00:00,combi,Lying,Lying
2024-06-20 00:19:34.500000+00:00,combi,Lying,Lying
2024-06-20 00:20:34.500000+00:00,combi,Lying,Lying
2024-06-20 00:21:34.500000+00:00,combi,Lying,Lying
2024-06-20 00:22:34.500000+00:00,combi,Lying,Lying
2024-06-20 00:23:34.500000+00:00,combi,Lying,Lying
2024-06-20 00:24:34.500000+00:00,combi,Lying,Lying
2024-06-20 00:25:34.500000+00:00,combi,Lying,Lying
2024-06-20 00:26:34.500000+00:00,combi,Lying,Lying
2024-06-20 00:27:34.500000+00:00,combi,Lying,Lying
2024-06-20 00:28:34.500000+00:00,combi,Lying,Dynamic
2024-06-20 00:29:34.500000+00:00,combi,Lying,Sitting
2024-06-20 00:30:34.500000+00:00,combi,Lying,Dynamic
2024-06-20 00:31:34.500000+00:00,combi,Lying,Lying
2024-06-20 00:32:34.500000+00:00,combi,Lying,Lying
2024-06-20 00:33:34.500000+00:00,combi,Lying,Lying
2024-06-20 00:34:34.500000+00:00,combi,Lying,Lying
2024-06-20 00:35:34.500000+00:00,combi,Lying,Lying
2024-06-20 00:36:34.500000+00:00,combi,Lying,Lying
2024-06-20 00:37:34.500000+00:00,combi,Lying,Lying
2024-06-20 00:38:34.500000+00:00,combi,Lying,Lying
2024-06-20 00:39:34.500000+00:00,combi,Lying,Lying
2024-06-20 00:40:34.500000+00:00,combi,Lying,Lying
2024-06-20 00:41:34.500000+00:00,combi,Lying,Lying
2024-06-20 00:42:34.500000+00:00,combi,Lying,Lying
2024-06-20 00:43:34.500000+00:00,combi,Lying,Lying
2024-06-20 00:44:34.500000+00:00,combi,Lying,Lying
2024-06-20 00:45:34.500000+00:00,combi,Lying,Lying
2024-06-20 00:46:34.500000+00:00,combi,Lying,Lying
2024-06-20 00:47:34.500000+00:00,combi,Lying,Lying
2024-06-20 00:48:34.500000+00:00,combi,Lying,Lying
2024-06-20 00:49:34.500000+00:00,combi,Lying,Lying
2024-06-20 00:50:34.500000+00:00,combi,Lying,Lying
2024-06-20 00:51:34.500000+00:00,combi,Lying,Lying
2024-06-20 00:52:34.500000+00:00,combi,Lying,Lying
2024-06-20 00:53:34.500000+00:00,combi,Lying,Lying
2024-06-20 00:54:34.500000+00:00,combi,Lying,Lying
2024-06-20 00:55:34.500000+00:00,combi,Lying,Lying
2024-06-20 00:56:34.500000+00:00,combi,Lying,Lying
2024-06-20 00:57:34.500000+00:00,combi,Lying,Lying
2024-06-20 00:58:34.500000+00:00,combi,Lying,Lying
2024-06-20 00:59:34.500000+00:00,combi,Lying,Lying
2024-06-20 01:00:34.500000+00:00,combi,Lying,Lying
2024-06-20 01:01:34.500000+00:00,combi,Lying,Lying
2024-06-20 01:02:34.500000+00:00,combi,Lying,Lying
2024-06-20 01:03:34.500000+00:00,combi,Lying,Lying
2024-06-20 01:04:34.500000+00:00,combi,Lying,Lying
2024-06-20 01:05:34.500000+00:00,combi,Sitting,Dynamic
2024-06-20 01:06:34.500000+00:00,combi,Standing,Dynamic
2024-06-20 01:07:34.500000+00:00,combi,Sitting,Dynamic
2024-06-20 01:08:34.500000+00:00,combi,Sitting,Sitting
2024-06-20 01:09:34.500000+00:00,combi,Standing,Standing
2024-06-20 01:10:34.500000+00:00,combi,Sitting,Sitting
2024-06-20 01:11:34.500000+00:00,combi,Sitting,Dynamic
2024-06-20 01:12:34.500000+00:00,combi,Standing,Dynamic
2024-06-20 01:13:34.500000+00:00,combi,Standing,Dynamic
2024-06-20 01:14:34.500000+00:00,combi,Sitting,Sitting
2024-06-20 01:15:34.500000+00:00,combi,Sitting,Sitting
2024-06-20 01:16:34.500000+00:00,combi,Sitting,Dynamic
2024-06-20 01:17:34.500000+00:00,combi,Lying,Lying
2024-06-20 01:18:34.500000+00:00,combi,Lying,Lying
2024-06-20 01:19:34.500000+00:00,combi,Lying,Lying
2024-06-20 01:20:34.500000+00:00,combi,Lying,Lying
2024-06-20 01:21:34.500000+00:00,combi,Lying,Lying
2024-06-20 01:22:34.500000+00:00,combi,Lying,Lying
2024-06-20 01:23:34.500000+00:00,combi,Lying,Lying
2024-06-20 01:24:34.500000+00:00,combi,Lying,Lying
2024-06-20 01:25:34.500000+00:00,combi,Lying,Lying
2024-06-20 01:26:34.500000+00:00,combi,Lying,Lying
2024-06-20 01:27:34.500000+00:00,combi,Lying,Lying
2024-06-20 01:28:34.500000+00:00,combi,Lying,Lying
2024-06-20 01:29:34.500000+00:00,combi,Lying,Lying
2024-06-20 01:30:34.500000+00:00,combi,Lying,Lying
2024-06-20 01:31:34.500000+00:00,combi,Lying,Lying
2024-06-20 01:32:34.500000+00:00,combi,Lying,Lying
2024-06-20 01:33:34.500000+00:00,combi,Lying,Lying
2024-06-20 01:34:34.500000+00:00,combi,Lying,Lying
2024-06-20 01:35:34.500000+00:00,combi,Lying,Lying
2024-06-20 01:36:34.500000+00:00,combi,Lying,Lying
2024-06-20 01:37:34.500000+00:00,combi,Lying,Lying
2024-06-20 01:38:34.500000+00:00,combi,Lying,Lying
2024-06-20 01:39:34.500000+00:00,combi,Lying,Lying
2024-06-20 01:40:34.500000+00:00,combi,Lying,Lying
2024-06-20 01:41:34.500000+00:00,combi,Lying,Lying
2024-06-20 01:42:34.500000+00:00,combi,Lying,Lying
2024-06-20 01:43:34.500000+00:00,combi,Lying,Lying
2024-06-20 01:44:34.500000+00:00,combi,Lying,Lying
2024-06-20 01:45:34.500000+00:00,combi,Lying,Lying
2024-06-20 01:46:34.500000+00:00,combi,Lying,Lying
2024-06-20 01:47:34.500000+00:00,combi,Lying,Lying
2024-06-20 01:48:34.500000+00:00,combi,Lying,Lying
2024-06-20 01:49:34.500000+00:00,combi,Lying,Lying
2024-06-20 01:50:34.500000+00:00,combi,Lying,Lying
2024-06-20 01:51:34.500000+00:00,combi,Lying,Lying
2024-06-20 01:52:34.500000+00:00,combi,Lying,Lying
2024-06-20 01:53:34.500000+00:00,combi,Lying,Lying
2024-06-20 01:54:34.500000+00:00,combi,Lying,Lying
2024-06-20 01:55:34.500000+00:00,combi,Lying,Lying
2024-06-20 01:56:34.500000+00:00,combi,Lying,Lying
2024-06-20 01:57:34.500000+00:00,combi,Lying,Lying
2024-06-20 01:58:34.500000+00:00,combi,Lying,Lying
2024-06-20 01:59:34.500000+00:00,combi,Lying,Lying
2024-06-20 02:00:34.500000+00:00,combi,Lying,Lying
2024-06-20 02:01:34.500000+00:00,combi,Lying,Lying
2024-06-20 02:02:34.500000+00:00,combi,Lying,Lying
2024-06-20 02:03:34.500000+00:00,combi,Lying,Lying
2024-06-20 02:04:34.500000+00:00,combi,Lying,Lying
2024-06-20 02:05:34.500000+00:00,combi,Lying,Lying
2024-06-20 02:06:34.500000+00:00,combi,Lying,Lying
2024-06-20 02:07:34.500000+00:00,combi,Lying,Lying
2024-06-20 02:08:34.500000+00:00,combi,Lying,Lying
2024-06-20 02:09:34.500000+00:00,combi,Lying,Lying
2024-06-20 02:10:34.500000+00:00,combi,Lying,Lying
2024-06-20 02:11:34.500000+00:00,combi,Lying,Lying
2024-06-20 02:12:34.500000+00:00,combi,Lying,Lying
2024-06-20 02:13:34.500000+00:00,combi,Lying,Lying
2024-06-20 02:14:34.500000+00:00,combi,Lying,Lying
2024-06-20 02:15:34.500000+00:00,combi,Lying,Lying
2024-06-20 02:16:34.500000+00:00,combi,Lying,Lying
2024-06-20 02:17:34.500000+00:00,combi,Lying,Lying
2024-06-20 02:18:34.500000+00:00,combi,Lying,Lying
2024-06-20 02:19:34.500000+00:00,combi,Lying,Lying
2024-06-20 02:20:34.500000+00:00,combi,Lying,Lying
2024-06-20 02:21:34.500000+00:00,combi,Lying,Lying
2024-06-20 02:22:34.500000+00:00,combi,Lying,Lying
2024-06-20 02:23:34.500000+00:00,combi,Lying,Lying
2024-06-20 02:24:34.500000+00:00,combi,Lying,Lying
2024-06-20 02:25:34.500000+00:00,combi,Lying,Lying
2024-06-20 02:26:34.500000+00:00,combi,Lying,Lying
2024-06-20 02:27:34.500000+00:00,combi,Lying,Lying
2024-06-20 02:28:34.500000+00:00,combi,Lying,Lying
2024-06-20 02:29:34.500000+00:00,combi,Lying,Lying
2024-06-20 02:30:34.500000+00:00,combi,Lying,Lying
2024-06-20 02:31:34.500000+00:00,combi,Lying,Lying
2024-06-20 02:32:34.500000+00:00,combi,Lying,Lying
2024-06-20 02:33:34.500000+00:00,combi,Lying,Lying
2024-06-20 02:34:34.500000+00:00,combi,Lying,Lying
2024-06-20 02:35:34.500000+00:00,combi,Lying,Lying
2024-06-20 02:36:34.500000+00:00,combi,Lying,Lying
2024-06-20 02:37:34.500000+00:00,combi,Lying,Lying
2024-06-20 02:38:34.500000+00:00,combi,Lying,Lying
2024-06-20 02:39:34.500000+00:00,combi,Lying,Lying
2024-06-20 02:40:34.500000+00:00,combi,Lying,Lying
2024-06-20 02:41:34.500000+00:00,combi,Lying,Lying
2024-06-20 02:42:34.500000+00:00,combi,Lying,Lying
2024-06-20 02:43:34.500000+00:00,combi,Lying,Lying
2024-06-20 02:44:34.500000+00:00,combi,Lying,Lying
2024-06-20 02:45:34.500000+00:00,combi,Lying,Lying
2024-06-20 02:46:34.500000+00:00,combi,Lying,Lying
2024-06-20 02:47:34.500000+00:00,combi,Lying,Lying
2024-06-20 02:48:34.500000+00:00,combi,Lying,Lying
2024-06-20 02:49:34.500000+00:00,combi,Lying,Lying
2024-06-20 02:50:34.500000+00:00,combi,Lying,Lying
2024-06-20 02:51:34.500000+00:00,combi,Lying,Lying
2024-06-20 02:52:34.500000+00:00,combi,Lying,Lying
2024-06-20 02:53:34.500000+00:00,combi,Lying,Lying
2024-06-20 02:54:34.500000+00:00,combi,Lying,Lying
2024-06-20 02:55:34.500000+00:00,combi,Lying,Lying
2024-06-20 02:56:34.500000+00:00,combi,Lying,Lying
2024-06-20 02:57:34.500000+00:00,combi,Lying,Lying
2024-06-20 02:58:34.500000+00:00,combi,Lying,Lying
2024-06-20 02:59:34.500000+00:00,combi,Lying,Lying
2024-06-20 03:00:34.500000+00:00,combi,Lying,Lying
2024-06-20 03:01:34.500000+00:00,combi,Lying,Lying
2024-06-20 03:02:34.500000+00:00,combi,Lying,Lying
2024-06-20 03:03:34.500000+00:00,combi,Lying,Lying
2024-06-20 03:04:34.500000+00:00,combi,Lying,Lying
2024-06-20 03:05:34.500000+00:00,combi,Lying,Lying
2024-06-20 03:06:34.500000+00:00,combi,Lying,Lying
2024-06-20 03:07:34.500000+00:00,combi,Lying,Lying
2024-06-20 03:08:34.500000+00:00,combi,Lying,Lying
2024-06-20 03:09:34.500000+00:00,combi,Lying,Lying
2024-06-20 03:10:34.500000+00:00,combi,Lying,Lying
2024-06-20 03:11:34.500000+00:00,combi,Lying,Lying
2024-06-20 03:12:34.500000+00:00,combi,Lying,Lying
2024-06-20 03:13:34.500000+00:00,combi,Lying,Lying
2024-06-20 03:14:34.500000+00:00,combi,Lying,Lying
2024-06-20 03:15:34.500000+00:00,combi,Lying,Lying
2024-06-20 03:16:34.500000+00:00,combi,Lying,Lying
2024-06-20 03:17:34.500000+00:00,combi,Lying,Lying
2024-06-20 03:18:34.500000+00:00,combi,Lying,Lying
2024-06-20 03:19:34.500000+00:00,combi,Lying,Lying
2024-06-20 03:20:34.500000+00:00,combi,Lying,Lying
2024-06-20 03:21:34.500000+00:00,combi,Lying,Lying
2024-06-20 03:22:34.500000+00:00,combi,Lying,Lying
2024-06-20 03:23:34.500000+00:00,combi,Lying,Lying
2024-06-20 03:24:34.500000+00:00,combi,Lying,Lying
2024-06-20 03:25:34.500000+00:00,combi,Lying,Lying
2024-06-20 03:26:34.500000+00:00,combi,Lying,Lying
2024-06-20 03:27:34.500000+00:00,combi,Lying,Lying
2024-06-20 03:28:34.500000+00:00,combi,Lying,Lying
2024-06-20 03:29:34.500000+00:00,combi,Lying,Lying
2024-06-20 03:30:34.500000+00:00,combi,Lying,Lying
2024-06-20 03:31:34.500000+00:00,combi,Lying,Lying
2024-06-20 03:32:34.500000+00:00,combi,Lying,Lying
2024-06-20 03:33:34.500000+00:00,combi,Lying,Lying
2024-06-20 03:34:34.500000+00:00,combi,Lying,Lying
2024-06-20 03:35:34.500000+00:00,combi,Lying,Lying
2024-06-20 03:36:34.500000+00:00,combi,Lying,Lying
2024-06-20 03:37:34.500000+00:00,combi,Lying,Lying
2024-06-20 03:38:34.500000+00:00,combi,Lying,Lying
2024-06-20 03:39:34.500000+00:00,combi,Lying,Lying
2024-06-20 03:40:34.500000+00:00,combi,Lying,Lying
2024-06-20 03:41:34.500000+00:00,combi,Lying,Lying
2024-06-20 03:42:34.500000+00:00,combi,Lying,Lying
2024-06-20 03:43:34.500000+00:00,combi,Lying,Lying
2024-06-20 03:44:34.500000+00:00,combi,Lying,Lying
2024-06-20 03:45:34.500000+00:00,combi,Lying,Lying
2024-06-20 03:46:34.500000+00:00,combi,Lying,Lying
2024-06-20 03:47:34.500000+00:00,combi,Lying,Lying
2024-06-20 03:48:34.500000+00:00,combi,Lying,Lying
2024-06-20 03:49:34.500000+00:00,combi,Lying,Lying
2024-06-20 03:50:34.500000+00:00,combi,Lying,Lying
2024-06-20 03:51:34.500000+00:00,combi,Lying,Lying
2024-06-20 03:52:34.500000+00:00,combi,Lying,Lying
2024-06-20 03:53:34.500000+00:00,combi,Lying,Lying
2024-06-20 03:54:34.500000+00:00,combi,Lying,Lying
2024-06-20 03:55:34.500000+00:00,combi,Lying,Lying
2024-06-20 03:56:34.500000+00:00,combi,Lying,Lying
2024-06-20 03:57:34.500000+00:00,combi,Lying,Lying
2024-06-20 03:58:34.500000+00:00,combi,Lying,Lying
2024-06-20 03:59:34.500000+00:00,combi,Lying,Lying
2024-06-20 04:00:34.500000+00:00,combi,Lying,Lying
2024-06-20 04:01:34.500000+00:00,combi,Lying,Lying
2024-06-20 04:02:34.500000+00:00,combi,Lying,Lying
2024-06-20 04:03:34.500000+00:00,combi,Lying,Lying
2024-06-20 04:04:34.500000+00:00,combi,Lying,Lying
2024-06-20 04:05:34.500000+00:00,combi,Lying,Lying
2024-06-20 04:06:34.500000+00:00,combi,Lying,Lying
2024-06-20 04:07:34.500000+00:00,combi,Lying,Lying
2024-06-20 04:08:34.500000+00:00,combi,Lying,Lying
2024-06-20 04:09:34.500000+00:00,combi,Lying,Lying
2024-06-20 04:10:34.500000+00:00,combi,Lying,Lying
2024-06-20 04:11:34.500000+00:00,combi,Lying,Lying
2024-06-20 04:12:34.500000+00:00,combi,Lying,Lying
2024-06-20 04:13:34.500000+00:00,combi,Lying,Lying
2024-06-20 04:14:34.500000+00:00,combi,Lying,Lying
2024-06-20 04:15:34.500000+00:00,combi,Lying,Lying
2024-06-20 04:16:34.500000+00:00,combi,Lying,Lying
2024-06-20 04:17:34.500000+00:00,combi,Lying,Lying
2024-06-20 04:18:34.500000+00:00,combi,Lying,Lying
2024-06-20 04:19:34.500000+00:00,combi,Lying,Lying
2024-06-20 04:20:34.500000+00:00,combi,Lying,Lying
2024-06-20 04:21:34.500000+00:00,combi,Lying,Lying
2024-06-20 04:22:34.500000+00:00,combi,Sitting,Sitting
2024-06-20 04:23:34.500000+00:00,combi,Sitting,Sitting
2024-06-20 04:24:34.500000+00:00,combi,Sitting,Sitting
2024-06-20 04:25:34.500000+00:00,combi,Sitting,Sitting
2024-06-20 04:26:34.500000+00:00,combi,Lying,Lying
2024-06-20 04:27:34.500000+00:00,combi,Lying,Lying
2024-06-20 04:28:34.500000+00:00,combi,Lying,Lying
2024-06-20 04:29:34.500000+00:00,combi,Lying,Lying
2024-06-20 04:30:34.500000+00:00,combi,Lying,Lying
2024-06-20 04:31:34.500000+00:00,combi,Lying,Lying
2024-06-20 04:32:34.500000+00:00,combi,Lying,Lying
2024-06-20 04:33:34.500000+00:00,combi,Lying,Lying
2024-06-20 04:34:34.500000+00:00,combi,Lying,Lying
2024-06-20 04:35:34.500000+00:00,combi,Lying,Lying
2024-06-20 04:36:34.500000+00:00,combi,Lying,Lying
2024-06-20 04:37:34.500000+00:00,combi,Lying,Lying
