Time,Participant,Majority_postures,Majority_including_dynamic
2024-11-07 10:47:42.500000+00:00,combi,Standing,Standing
2024-11-07 10:48:42.500000+00:00,combi,Standing,Standing
2024-11-07 10:49:42.500000+00:00,combi,Standing,Dynamic
2024-11-07 10:50:42.500000+00:00,combi,Sitting,Sitting
2024-11-07 10:51:42.500000+00:00,combi,Sitting,Sitting
2024-11-07 10:52:42.500000+00:00,combi,Sitting,Sitting
2024-11-07 10:53:42.500000+00:00,combi,Sitting,Sitting
2024-11-07 10:54:42.500000+00:00,combi,Sitting,Sitting
2024-11-07 10:55:42.500000+00:00,combi,Sitting,Sitting
2024-11-07 10:56:42.500000+00:00,combi,Sitting,Sitting
2024-11-07 10:57:42.500000+00:00,combi,Sitting,Sitting
2024-11-07 10:58:42.500000+00:00,combi,Standing,Standing
2024-11-07 10:59:42.500000+00:00,combi,Standing,Standing
2024-11-07 11:00:42.500000+00:00,combi,Standing,Standing
2024-11-07 11:01:42.500000+00:00,combi,Standing,Standing
2024-11-07 11:02:42.500000+00:00,combi,Standing,Standing
2024-11-07 11:03:42.500000+00:00,combi,Sitting,Sitting
2024-11-07 11:04:42.500000+00:00,combi,Sitting,Sitting
2024-11-07 11:05:42.500000+00:00,combi,Sitting,Sitting
2024-11-07 11:06:42.500000+00:00,combi,Sitting,Sitting
2024-11-07 11:07:42.500000+00:00,combi,Lying,Lying
2024-11-07 11:08:42.500000+00:00,combi,Lying,Lying
2024-11-07 11:09:42.500000+00:00,combi,Lying,Lying
2024-11-07 11:10:42.500000+00:00,combi,Lying,Lying
2024-11-07 11:11:42.500000+00:00,combi,Standing,Dynamic
2024-11-07 11:12:42.500000+00:00,combi,Standing,Standing
2024-11-07 11:13:42.500000+00:00,combi,Standing,Standing
2024-11-07 11:14:42.500000+00:00,combi,Standing,Standing
2024-11-07 11:15:42.500000+00:00,combi,Standing,Standing
2024-11-07 11:16:42.500000+00:00,combi,Standing,Standing
2024-11-07 11:17:42.500000+00:00,combi,Standing,Standing
2024-11-07 11:18:42.500000+00:00,combi,Standing,Standing
2024-11-07 11:19:42.500000+00:00,combi,Standing,Sitting
2024-11-07 11:20:42.500000+00:00,combi,Standing,Standing
2024-11-07 11:21:42.500000+00:00,combi,Standing,Standing
2024-11-07 11:22:42.500000+00:00,combi,Sitting,Sitting
2024-11-07 11:23:42.500000+00:00,combi,Sitting,Sitting
2024-11-07 11:24:42.500000+00:00,combi,Sitting,Sitting
2024-11-07 11:25:42.500000+00:00,combi,Sitting,Sitting
2024-11-07 11:26:42.500000+00:00,combi,Standing,Sitting
2024-11-07 11:27:42.500000+00:00,combi,Standing,Standing
2024-11-07 11:28:42.500000+00:00,combi,Standing,Standing
2024-11-07 11:29:42.500000+00:00,combi,Standing,Standing
2024-11-07 11:30:42.500000+00:00,combi,Standing,Standing
2024-11-07 11:31:42.500000+00:00,combi,Lying,Lying
2024-11-07 11:32:42.500000+00:00,combi,Lying,Lying
2024-11-07 11:33:42.500000+00:00,combi,Lying,Lying
2024-11-07 11:34:42.500000+00:00,combi,Lying,Lying
2024-11-07 11:35:42.500000+00:00,combi,Lying,Lying
2024-11-07 11:36:42.500000+00:00,combi,Lying,Lying
2024-11-07 11:37:42.500000+00:00,combi,Lying,Lying
2024-11-07 11:38:42.500000+00:00,combi,Lying,Lying
2024-11-07 11:39:42.500000+00:00,combi,Lying,Lying
2024-11-07 11:40:42.500000+00:00,combi,Lying,Dynamic
2024-11-07 11:41:42.500000+00:00,combi,Sitting,Sitting
2024-11-07 11:42:42.500000+00:00,combi,Sitting,Sitting
2024-11-07 11:43:42.500000+00:00,combi,Sitting,Sitting
2024-11-07 11:44:42.500000+00:00,combi,Sitting,Sitting
2024-11-07 11:45:42.500000+00:00,combi,Sitting,Sitting
2024-11-07 11:46:42.500000+00:00,combi,Sitting,Sitting
2024-11-07 11:47:42.500000+00:00,combi,Sitting,Sitting
2024-11-07 11:48:42.500000+00:00,combi,Sitting,Sitting
2024-11-07 11:49:42.500000+00:00,combi,Sitting,Sitting
2024-11-07 11:50:42.500000+00:00,combi,Sitting,Sitting
2024-11-07 11:51:42.500000+00:00,combi,Sitting,Sitting
2024-11-07 11:52:42.500000+00:00,combi,Sitting,Sitting
2024-11-07 11:53:42.500000+00:00,combi,Sitting,Sitting
2024-11-07 11:54:42.500000+00:00,combi,Sitting,Sitting
2024-11-07 11:55:42.500000+00:00,combi,Sitting,Sitting
2024-11-07 11:56:42.500000+00:00,combi,Sitting,Sitting
2024-11-07 11:57:42.500000+00:00,combi,Sitting,Sitting
2024-11-07 11:58:42.500000+00:00,combi,Sitting,Sitting
2024-11-07 11:59:42.500000+00:00,combi,Sitting,Sitting
2024-11-07 12:00:42.500000+00:00,combi,Sitting,Sitting
2024-11-07 12:01:42.500000+00:00,combi,Sitting,Sitting
2024-11-07 12:02:42.500000+00:00,combi,Sitting,Sitting
2024-11-07 12:03:42.500000+00:00,combi,Sitting,Sitting
2024-11-07 12:04:42.500000+00:00,combi,Sitting,Sitting
2024-11-07 12:05:42.500000+00:00,combi,Sitting,Sitting
2024-11-07 12:06:42.500000+00:00,combi,Sitting,Sitting
2024-11-07 12:07:42.500000+00:00,combi,Sitting,Dynamic
2024-11-07 12:08:42.500000+00:00,combi,Sitting,Sitting
2024-11-07 12:09:42.500000+00:00,combi,Sitting,Sitting
2024-11-07 12:10:42.500000+00:00,combi,Sitting,Sitting
2024-11-07 12:11:42.500000+00:00,combi,Standing,Sitting
2024-11-07 12:12:42.500000+00:00,combi,Standing,Dynamic
2024-11-07 12:13:42.500000+00:00,combi,Standing,Standing
2024-11-07 12:14:42.500000+00:00,combi,Standing,Standing
2024-11-07 12:15:42.500000+00:00,combi,Standing,Standing
2024-11-07 12:16:42.500000+00:00,combi,Standing,Standing
2024-11-07 12:17:42.500000+00:00,combi,Sitting,Sitting
2024-11-07 12:18:42.500000+00:00,combi,Sitting,Sitting
2024-11-07 12:19:42.500000+00:00,combi,Standing,Sitting
2024-11-07 12:20:42.500000+00:00,combi,Sitting,Sitting
2024-11-07 12:21:42.500000+00:00,combi,Sitting,Dynamic
2024-11-07 12:22:42.500000+00:00,combi,Standing,Dynamic
2024-11-07 12:23:42.500000+00:00,combi,Standing,Standing
2024-11-07 12:24:42.500000+00:00,combi,Standing,Standing
2024-11-07 12:25:42.500000+00:00,combi,Standing,Dynamic
2024-11-07 12:26:42.500000+00:00,combi,Standing,Standing
2024-11-07 12:27:42.500000+00:00,combi,Standing,Sitting
2024-11-07 12:28:42.500000+00:00,combi,Sitting,Sitting
2024-11-07 12:29:42.500000+00:00,combi,Standing,Sitting
2024-11-07 12:30:42.500000+00:00,combi,Sitting,Sitting
2024-11-07 12:31:42.500000+00:00,combi,Standing,Dynamic
2024-11-07 12:32:42.500000+00:00,combi,Sitting,Sitting
2024-11-07 12:33:42.500000+00:00,combi,Sitting,Sitting
2024-11-07 12:34:42.500000+00:00,combi,Sitting,Sitting
2024-11-07 12:35:42.500000+00:00,combi,Sitting,Sitting
2024-11-07 12:36:42.500000+00:00,combi,Sitting,Sitting
2024-11-07 12:37:42.500000+00:00,combi,Sitting,Sitting
2024-11-07 12:38:42.500000+00:00,combi,Sitting,Sitting
2024-11-07 12:39:42.500000+00:00,combi,Sitting,Sitting
2024-11-07 12:40:42.500000+00:00,combi,Sitting,Sitting
2024-11-07 12:41:42.500000+00:00,combi,Sitting,Sitting
2024-11-07 12:42:42.500000+00:00,combi,Sitting,Sitting
2024-11-07 12:43:42.500000+00:00,combi,Sitting,Sitting
2024-11-07 12:44:42.500000+00:00,combi,Sitting,Sitting
2024-11-07 12:45:42.500000+00:00,combi,Sitting,Dynamic
2024-11-07 12:46:42.500000+00:00,combi,Lying,Dynamic
2024-11-07 12:47:42.500000+00:00,combi,Standing,Standing
2024-11-07 12:48:42.500000+00:00,combi,Standing,Standing
2024-11-07 12:49:42.500000+00:00,combi,Lying,Lying
2024-11-07 12:50:42.500000+00:00,combi,Sitting,Sitting
2024-11-07 12:51:42.500000+00:00,combi,Lying,Dynamic
2024-11-07 12:52:42.500000+00:00,combi,Standing,Dynamic
2024-11-07 12:53:42.500000+00:00,combi,Standing,Dynamic
2024-11-07 12:54:42.500000+00:00,combi,Sitting,Sitting
2024-11-07 12:55:42.500000+00:00,combi,Sitting,Dynamic
2024-11-07 12:56:42.500000+00:00,combi,Sitting,Dynamic
2024-11-07 12:57:42.500000+00:00,combi,Sitting,Dynamic
2024-11-07 12:58:42.500000+00:00,combi,Sitting,Dynamic
2024-11-07 12:59:42.500000+00:00,combi,Sitting,Dynamic
2024-11-07 13:00:42.500000+00:00,combi,Sitting,Dynamic
2024-11-07 13:01:42.500000+00:00,combi,Sitting,Dynamic
2024-11-07 13:02:42.500000+00:00,combi,Standing,Dynamic
2024-11-07 13:03:42.500000+00:00,combi,Sitting,Sitting
2024-11-07 13:04:42.500000+00:00,combi,Standing,Dynamic
2024-11-07 13:05:42.500000+00:00,combi,Standing,Standing
2024-11-07 13:06:42.500000+00:00,combi,Standing,Dynamic
2024-11-07 13:07:42.500000+00:00,combi,Sitting,Sitting
2024-11-07 13:08:42.500000+00:00,combi,Sitting,Sitting
2024-11-07 13:09:42.500000+00:00,combi,Standing,Dynamic
2024-11-07 13:10:42.500000+00:00,combi,Sitting,Sitting
2024-11-07 13:11:42.500000+00:00,combi,Sitting,Sitting
2024-11-07 13:12:42.500000+00:00,combi,Sitting,Sitting
2024-11-07 13:13:42.500000+00:00,combi,Sitting,Sitting
2024-11-07 13:14:42.500000+00:00,combi,Sitting,Sitting
2024-11-07 13:15:42.500000+00:00,combi,Sitting,Sitting
2024-11-07 13:16:42.500000+00:00,combi,Sitting,Sitting
2024-11-07 13:17:42.500000+00:00,combi,Standing,Standing
2024-11-07 13:18:42.500000+00:00,combi,Sitting,Sitting
2024-11-07 13:19:42.500000+00:00,combi,Sitting,Sitting
2024-11-07 13:20:42.500000+00:00,combi,Sitting,Sitting
2024-11-07 13:21:42.500000+00:00,combi,Sitting,Sitting
2024-11-07 13:22:42.500000+00:00,combi,Sitting,Sitting
2024-11-07 13:23:42.500000+00:00,combi,Sitting,Sitting
2024-11-07 13:24:42.500000+00:00,combi,Sitting,Sitting
2024-11-07 13:25:42.500000+00:00,combi,Sitting,Sitting
2024-11-07 13:26:42.500000+00:00,combi,Sitting,Sitting
2024-11-07 13:27:42.500000+00:00,combi,Sitting,Sitting
2024-11-07 13:28:42.500000+00:00,combi,Sitting,Sitting
2024-11-07 13:29:42.500000+00:00,combi,Sitting,Sitting
2024-11-07 13:30:42.500000+00:00,combi,Sitting,Sitting
2024-11-07 13:31:42.500000+00:00,combi,Sitting,Sitting
2024-11-07 13:32:42.500000+00:00,combi,Sitting,Sitting
2024-11-07 13:33:42.500000+00:00,combi,Sitting,Sitting
2024-11-07 13:34:42.500000+00:00,combi,Sitting,Sitting
2024-11-07 13:35:42.500000+00:00,combi,Sitting,Sitting
2024-11-07 13:36:42.500000+00:00,combi,Sitting,Sitting
2024-11-07 13:37:42.500000+00:00,combi,Sitting,Sitting
2024-11-07 13:38:42.500000+00:00,combi,Sitting,Sitting
2024-11-07 13:39:42.500000+00:00,combi,Sitting,Sitting
2024-11-07 13:40:42.500000+00:00,combi,Sitting,Sitting
2024-11-07 13:41:42.500000+00:00,combi,Sitting,Sitting
2024-11-07 13:42:42.500000+00:00,combi,Sitting,Sitting
2024-11-07 13:43:42.500000+00:00,combi,Sitting,Sitting
2024-11-07 13:44:42.500000+00:00,combi,Sitting,Sitting
2024-11-07 13:45:42.500000+00:00,combi,Sitting,Sitting
2024-11-07 13:46:42.500000+00:00,combi,Sitting,Sitting
2024-11-07 13:47:42.500000+00:00,combi,Sitting,Sitting
2024-11-07 13:48:42.500000+00:00,combi,Sitting,Sitting
2024-11-07 13:49:42.500000+00:00,combi,Sitting,Sitting
2024-11-07 13:50:42.500000+00:00,combi,Sitting,Sitting
2024-11-07 13:51:42.500000+00:00,combi,Sitting,Sitting
2024-11-07 13:52:42.500000+00:00,combi,Sitting,Sitting
2024-11-07 13:53:42.500000+00:00,combi,Sitting,Sitting
2024-11-07 13:54:42.500000+00:00,combi,Sitting,Sitting
2024-11-07 13:55:42.500000+00:00,combi,Sitting,Sitting
2024-11-07 13:56:42.500000+00:00,combi,Sitting,Sitting
2024-11-07 13:57:42.500000+00:00,combi,Sitting,Sitting
2024-11-07 13:58:42.500000+00:00,combi,Sitting,Sitting
2024-11-07 13:59:42.500000+00:00,combi,Sitting,Sitting
2024-11-07 14:00:42.500000+00:00,combi,Sitting,Sitting
2024-11-07 14:01:42.500000+00:00,combi,Sitting,Sitting
2024-11-07 14:02:42.500000+00:00,combi,Sitting,Sitting
2024-11-07 14:03:42.500000+00:00,combi,Sitting,Sitting
2024-11-07 14:04:42.500000+00:00,combi,Sitting,Sitting
2024-11-07 14:05:42.500000+00:00,combi,Sitting,Sitting
2024-11-07 14:06:42.500000+00:00,combi,Sitting,Sitting
2024-11-07 14:07:42.500000+00:00,combi,Sitting,Sitting
2024-11-07 14:08:42.500000+00:00,combi,Sitting,Sitting
2024-11-07 14:09:42.500000+00:00,combi,Sitting,Sitting
2024-11-07 14:10:42.500000+00:00,combi,Sitting,Sitting
2024-11-07 14:11:42.500000+00:00,combi,Sitting,Sitting
2024-11-07 14:12:42.500000+00:00,combi,Sitting,Sitting
2024-11-07 14:13:42.500000+00:00,combi,Sitting,Sitting
2024-11-07 14:14:42.500000+00:00,combi,Sitting,Sitting
2024-11-07 14:15:42.500000+00:00,combi,Sitting,Sitting
2024-11-07 14:16:42.500000+00:00,combi,Sitting,Sitting
2024-11-07 14:17:42.500000+00:00,combi,Sitting,Sitting
2024-11-07 14:18:42.500000+00:00,combi,Sitting,Sitting
2024-11-07 14:19:42.500000+00:00,combi,Sitting,Sitting
2024-11-07 14:20:42.500000+00:00,combi,Sitting,Sitting
2024-11-07 14:21:42.500000+00:00,combi,Sitting,Sitting
2024-11-07 14:22:42.500000+00:00,combi,Sitting,Sitting
2024-11-07 14:23:42.500000+00:00,combi,Sitting,Sitting
2024-11-07 14:24:42.500000+00:00,combi,Sitting,Sitting
2024-11-07 14:25:42.500000+00:00,combi,Sitting,Sitting
2024-11-07 14:26:42.500000+00:00,combi,Sitting,Sitting
2024-11-07 14:27:42.500000+00:00,combi,Sitting,Sitting
2024-11-07 14:28:42.500000+00:00,combi,Sitting,Sitting
2024-11-07 14:29:42.500000+00:00,combi,Sitting,Sitting
2024-11-07 14:30:42.500000+00:00,combi,Sitting,Sitting
2024-11-07 14:31:42.500000+00:00,combi,Sitting,Sitting
2024-11-07 14:32:42.500000+00:00,combi,Sitting,Sitting
2024-11-07 14:33:42.500000+00:00,combi,Sitting,Sitting
2024-11-07 14:34:42.500000+00:00,combi,Sitting,Sitting
2024-11-07 14:35:42.500000+00:00,combi,Sitting,Sitting
2024-11-07 14:36:42.500000+00:00,combi,Sitting,Sitting
2024-11-07 14:37:42.500000+00:00,combi,Sitting,Sitting
2024-11-07 14:38:42.500000+00:00,combi,Sitting,Sitting
2024-11-07 14:39:42.500000+00:00,combi,Sitting,Sitting
2024-11-07 14:40:42.500000+00:00,combi,Sitting,Sitting
2024-11-07 14:41:42.500000+00:00,combi,Sitting,Sitting
2024-11-07 14:42:42.500000+00:00,combi,Sitting,Sitting
2024-11-07 14:43:42.500000+00:00,combi,Sitting,Sitting
2024-11-07 14:44:42.500000+00:00,combi,Sitting,Sitting
2024-11-07 14:45:42.500000+00:00,combi,Sitting,Sitting
2024-11-07 14:46:42.500000+00:00,combi,Sitting,Sitting
2024-11-07 14:47:42.500000+00:00,combi,Sitting,Sitting
2024-11-07 14:48:42.500000+00:00,combi,Sitting,Sitting
2024-11-07 14:49:42.500000+00:00,combi,Sitting,Sitting
2024-11-07 14:50:42.500000+00:00,combi,Sitting,Sitting
2024-11-07 14:51:42.500000+00:00,combi,Sitting,Sitting
2024-11-07 14:52:42.500000+00:00,combi,Sitting,Sitting
2024-11-07 14:53:42.500000+00:00,combi,Sitting,Sitting
2024-11-07 14:54:42.500000+00:00,combi,Sitting,Sitting
2024-11-07 14:55:42.500000+00:00,combi,Sitting,Sitting
2024-11-07 14:56:42.500000+00:00,combi,Sitting,Sitting
2024-11-07 14:57:42.500000+00:00,combi,Sitting,Sitting
2024-11-07 14:58:42.500000+00:00,combi,Sitting,Sitting
2024-11-07 14:59:42.500000+00:00,combi,Sitting,Sitting
2024-11-07 15:00:42.500000+00:00,combi,Sitting,Sitting
2024-11-07 15:01:42.500000+00:00,combi,Sitting,Sitting
2024-11-07 15:02:42.500000+00:00,combi,Sitting,Sitting
2024-11-07 15:03:42.500000+00:00,combi,Sitting,Sitting
2024-11-07 15:04:42.500000+00:00,combi,Sitting,Sitting
2024-11-07 15:05:42.500000+00:00,combi,Sitting,Sitting
2024-11-07 15:06:42.500000+00:00,combi,Sitting,Sitting
2024-11-07 15:07:42.500000+00:00,combi,Sitting,Sitting
2024-11-07 15:08:42.500000+00:00,combi,Sitting,Sitting
2024-11-07 15:09:42.500000+00:00,combi,Sitting,Sitting
2024-11-07 15:10:42.500000+00:00,combi,Sitting,Sitting
2024-11-07 15:11:42.500000+00:00,combi,Sitting,Sitting
2024-11-07 15:12:42.500000+00:00,combi,Sitting,Sitting
2024-11-07 15:13:42.500000+00:00,combi,Sitting,Sitting
2024-11-07 15:14:42.500000+00:00,combi,Sitting,Sitting
2024-11-07 15:15:42.500000+00:00,combi,Sitting,Sitting
2024-11-07 15:16:42.500000+00:00,combi,Sitting,Sitting
2024-11-07 15:17:42.500000+00:00,combi,Sitting,Sitting
2024-11-07 15:18:42.500000+00:00,combi,Standing,Standing
2024-11-07 15:19:42.500000+00:00,combi,Standing,Dynamic
2024-11-07 15:20:42.500000+00:00,combi,Standing,Dynamic
2024-11-07 15:21:42.500000+00:00,combi,Standing,Dynamic
2024-11-07 15:22:42.500000+00:00,combi,Lying,Dynamic
2024-11-07 15:23:42.500000+00:00,combi,Sitting,Dynamic
2024-11-07 15:24:42.500000+00:00,combi,Sitting,Dynamic
2024-11-07 15:25:42.500000+00:00,combi,Sitting,Dynamic
2024-11-07 15:26:42.500000+00:00,combi,Lying,Dynamic
2024-11-07 15:27:42.500000+00:00,combi,Lying,Dynamic
2024-11-07 15:28:42.500000+00:00,combi,Sitting,Dynamic
2024-11-07 15:29:42.500000+00:00,combi,Sitting,Dynamic
2024-11-07 15:30:42.500000+00:00,combi,Sitting,Sitting
2024-11-07 15:31:42.500000+00:00,combi,Sitting,Sitting
2024-11-07 15:32:42.500000+00:00,combi,Sitting,Sitting
2024-11-07 15:33:42.500000+00:00,combi,Sitting,Sitting
2024-11-07 15:34:42.500000+00:00,combi,Sitting,Sitting
2024-11-07 15:35:42.500000+00:00,combi,Sitting,Sitting
2024-11-07 15:36:42.500000+00:00,combi,Sitting,Sitting
2024-11-07 15:37:42.500000+00:00,combi,Sitting,Sitting
2024-11-07 15:38:42.500000+00:00,combi,Sitting,Sitting
2024-11-07 15:39:42.500000+00:00,combi,Sitting,Sitting
2024-11-07 15:40:42.500000+00:00,combi,Sitting,Sitting
2024-11-07 15:41:42.500000+00:00,combi,Sitting,Sitting
2024-11-07 15:42:42.500000+00:00,combi,Sitting,Sitting
2024-11-07 15:43:42.500000+00:00,combi,Sitting,Sitting
2024-11-07 15:44:42.500000+00:00,combi,Sitting,Sitting
2024-11-07 15:45:42.500000+00:00,combi,Sitting,Sitting
2024-11-07 15:46:42.500000+00:00,combi,Sitting,Sitting
2024-11-07 15:47:42.500000+00:00,combi,Sitting,Sitting
2024-11-07 15:48:42.500000+00:00,combi,Sitting,Sitting
2024-11-07 15:49:42.500000+00:00,combi,Sitting,Sitting
2024-11-07 15:50:42.500000+00:00,combi,Sitting,Sitting
2024-11-07 15:51:42.500000+00:00,combi,Sitting,Sitting
2024-11-07 15:52:42.500000+00:00,combi,Sitting,Sitting
2024-11-07 15:53:42.500000+00:00,combi,Sitting,Sitting
2024-11-07 15:54:42.500000+00:00,combi,Sitting,Sitting
2024-11-07 15:55:42.500000+00:00,combi,Sitting,Sitting
2024-11-07 15:56:42.500000+00:00,combi,Sitting,Sitting
2024-11-07 15:57:42.500000+00:00,combi,Sitting,Sitting
2024-11-07 15:58:42.500000+00:00,combi,Sitting,Sitting
2024-11-07 15:59:42.500000+00:00,combi,Sitting,Sitting
2024-11-07 16:00:42.500000+00:00,combi,Sitting,Sitting
2024-11-07 16:01:42.500000+00:00,combi,Sitting,Sitting
2024-11-07 16:02:42.500000+00:00,combi,Sitting,Sitting
2024-11-07 16:03:42.500000+00:00,combi,Sitting,Sitting
2024-11-07 16:04:42.500000+00:00,combi,Sitting,Sitting
2024-11-07 16:05:42.500000+00:00,combi,Sitting,Sitting
2024-11-07 16:06:42.500000+00:00,combi,Sitting,Sitting
2024-11-07 16:07:42.500000+00:00,combi,Sitting,Sitting
2024-11-07 16:08:42.500000+00:00,combi,Sitting,Sitting
2024-11-07 16:09:42.500000+00:00,combi,Sitting,Sitting
2024-11-07 16:10:42.500000+00:00,combi,Sitting,Sitting
2024-11-07 16:11:42.500000+00:00,combi,Sitting,Sitting
2024-11-07 16:12:42.500000+00:00,combi,Sitting,Sitting
2024-11-07 16:13:42.500000+00:00,combi,Sitting,Sitting
2024-11-07 16:14:42.500000+00:00,combi,Sitting,Sitting
2024-11-07 16:15:42.500000+00:00,combi,Sitting,Sitting
2024-11-07 16:16:42.500000+00:00,combi,Sitting,Sitting
2024-11-07 16:17:42.500000+00:00,combi,Sitting,Sitting
2024-11-07 16:18:42.500000+00:00,combi,Sitting,Sitting
2024-11-07 16:19:42.500000+00:00,combi,Sitting,Sitting
2024-11-07 16:20:42.500000+00:00,combi,Sitting,Sitting
2024-11-07 16:21:42.500000+00:00,combi,Sitting,Sitting
2024-11-07 16:22:42.500000+00:00,combi,Sitting,Sitting
2024-11-07 16:23:42.500000+00:00,combi,Sitting,Sitting
2024-11-07 16:24:42.500000+00:00,combi,Sitting,Sitting
2024-11-07 16:25:42.500000+00:00,combi,Sitting,Sitting
2024-11-07 16:26:42.500000+00:00,combi,Sitting,Sitting
2024-11-07 16:27:42.500000+00:00,combi,Sitting,Sitting
2024-11-07 16:28:42.500000+00:00,combi,Sitting,Sitting
2024-11-07 16:29:42.500000+00:00,combi,Sitting,Sitting
2024-11-07 16:30:42.500000+00:00,combi,Sitting,Sitting
2024-11-07 16:31:42.500000+00:00,combi,Sitting,Sitting
2024-11-07 16:32:42.500000+00:00,combi,Sitting,Sitting
2024-11-07 16:33:42.500000+00:00,combi,Sitting,Sitting
2024-11-07 16:34:42.500000+00:00,combi,Sitting,Sitting
2024-11-07 16:35:42.500000+00:00,combi,Sitting,Sitting
2024-11-07 16:36:42.500000+00:00,combi,Sitting,Sitting
2024-11-07 16:37:42.500000+00:00,combi,Sitting,Sitting
2024-11-07 16:38:42.500000+00:00,combi,Sitting,Sitting
2024-11-07 16:39:42.500000+00:00,combi,Sitting,Sitting
2024-11-07 16:40:42.500000+00:00,combi,Sitting,Sitting
2024-11-07 16:41:42.500000+00:00,combi,Sitting,Sitting
2024-11-07 16:42:42.500000+00:00,combi,Sitting,Sitting
2024-11-07 16:43:42.500000+00:00,combi,Sitting,Sitting
2024-11-07 16:44:42.500000+00:00,combi,Sitting,Sitting
2024-11-07 16:45:42.500000+00:00,combi,Sitting,Sitting
2024-11-07 16:46:42.500000+00:00,combi,Sitting,Sitting
2024-11-07 16:47:42.500000+00:00,combi,Sitting,Sitting
2024-11-07 16:48:42.500000+00:00,combi,Sitting,Sitting
2024-11-07 16:49:42.500000+00:00,combi,Sitting,Sitting
2024-11-07 16:50:42.500000+00:00,combi,Sitting,Sitting
2024-11-07 16:51:42.500000+00:00,combi,Sitting,Sitting
2024-11-07 16:52:42.500000+00:00,combi,Sitting,Sitting
2024-11-07 16:53:42.500000+00:00,combi,Sitting,Sitting
2024-11-07 16:54:42.500000+00:00,combi,Sitting,Sitting
2024-11-07 16:55:42.500000+00:00,combi,Sitting,Sitting
2024-11-07 16:56:42.500000+00:00,combi,Sitting,Sitting
2024-11-07 16:57:42.500000+00:00,combi,Sitting,Sitting
2024-11-07 16:58:42.500000+00:00,combi,Sitting,Sitting
2024-11-07 16:59:42.500000+00:00,combi,Sitting,Sitting
2024-11-07 17:00:42.500000+00:00,combi,Sitting,Sitting
2024-11-07 17:01:42.500000+00:00,combi,Sitting,Sitting
2024-11-07 17:02:42.500000+00:00,combi,Sitting,Sitting
2024-11-07 17:03:42.500000+00:00,combi,Sitting,Sitting
2024-11-07 17:04:42.500000+00:00,combi,Sitting,Sitting
2024-11-07 17:05:42.500000+00:00,combi,Sitting,Sitting
2024-11-07 17:06:42.500000+00:00,combi,Sitting,Sitting
2024-11-07 17:07:42.500000+00:00,combi,Sitting,Sitting
2024-11-07 17:08:42.500000+00:00,combi,Sitting,Sitting
2024-11-07 17:09:42.500000+00:00,combi,Sitting,Sitting
2024-11-07 17:10:42.500000+00:00,combi,Sitting,Sitting
2024-11-07 17:11:42.500000+00:00,combi,Sitting,Sitting
2024-11-07 17:12:42.500000+00:00,combi,Sitting,Sitting
2024-11-07 17:13:42.500000+00:00,combi,Sitting,Sitting
2024-11-07 17:14:42.500000+00:00,combi,Sitting,Sitting
2024-11-07 17:15:42.500000+00:00,combi,Sitting,Sitting
2024-11-07 17:16:42.500000+00:00,combi,Sitting,Sitting
2024-11-07 17:17:42.500000+00:00,combi,Sitting,Sitting
2024-11-07 17:18:42.500000+00:00,combi,Standing,Dynamic
2024-11-07 17:19:42.500000+00:00,combi,Standing,Dynamic
2024-11-07 17:20:42.500000+00:00,combi,Standing,Standing
2024-11-07 17:21:42.500000+00:00,combi,Standing,Standing
2024-11-07 17:22:42.500000+00:00,combi,Standing,Dynamic
2024-11-07 17:23:42.500000+00:00,combi,Sitting,Sitting
2024-11-07 17:24:42.500000+00:00,combi,Sitting,Sitting
2024-11-07 17:25:42.500000+00:00,combi,Sitting,Sitting
2024-11-07 17:26:42.500000+00:00,combi,Sitting,Sitting
2024-11-07 17:27:42.500000+00:00,combi,Sitting,Sitting
2024-11-07 17:28:42.500000+00:00,combi,Standing,Dynamic
2024-11-07 17:29:42.500000+00:00,combi,Standing,Dynamic
2024-11-07 17:30:42.500000+00:00,combi,Sitting,Dynamic
2024-11-07 17:31:42.500000+00:00,combi,Sitting,Dynamic
2024-11-07 17:32:42.500000+00:00,combi,Sitting,Sitting
2024-11-07 17:33:42.500000+00:00,combi,Sitting,Dynamic
2024-11-07 17:34:42.500000+00:00,combi,Sitting,Dynamic
2024-11-07 17:35:42.500000+00:00,combi,Sitting,Dynamic
2024-11-07 17:36:42.500000+00:00,combi,Sitting,Dynamic
2024-11-07 17:37:42.500000+00:00,combi,Sitting,Dynamic
2024-11-07 17:38:42.500000+00:00,combi,Sitting,Dynamic
2024-11-07 17:39:42.500000+00:00,combi,Sitting,Dynamic
2024-11-07 17:40:42.500000+00:00,combi,Sitting,Dynamic
2024-11-07 17:41:42.500000+00:00,combi,Sitting,Dynamic
2024-11-07 17:42:42.500000+00:00,combi,Standing,Dynamic
2024-11-07 17:43:42.500000+00:00,combi,Standing,Dynamic
2024-11-07 17:44:42.500000+00:00,combi,Standing,Dynamic
2024-11-07 17:45:42.500000+00:00,combi,Standing,Dynamic
2024-11-07 17:46:42.500000+00:00,combi,Standing,Dynamic
2024-11-07 17:47:42.500000+00:00,combi,Standing,Dynamic
2024-11-07 17:48:42.500000+00:00,combi,Sitting,Sitting
2024-11-07 17:49:42.500000+00:00,combi,Sitting,Sitting
2024-11-07 17:50:42.500000+00:00,combi,Sitting,Sitting
2024-11-07 17:51:42.500000+00:00,combi,Sitting,Sitting
2024-11-07 17:52:42.500000+00:00,combi,Sitting,Sitting
2024-11-07 17:53:42.500000+00:00,combi,Sitting,Sitting
2024-11-07 17:54:42.500000+00:00,combi,Sitting,Sitting
2024-11-07 17:55:42.500000+00:00,combi,Sitting,Sitting
2024-11-07 17:56:42.500000+00:00,combi,Sitting,Sitting
2024-11-07 17:57:42.500000+00:00,combi,Sitting,Sitting
2024-11-07 17:58:42.500000+00:00,combi,Sitting,Sitting
2024-11-07 17:59:42.500000+00:00,combi,Sitting,Sitting
2024-11-07 18:00:42.500000+00:00,combi,Sitting,Sitting
2024-11-07 18:01:42.500000+00:00,combi,Sitting,Sitting
2024-11-07 18:02:42.500000+00:00,combi,Sitting,Sitting
2024-11-07 18:03:42.500000+00:00,combi,Sitting,Sitting
2024-11-07 18:04:42.500000+00:00,combi,Sitting,Sitting
2024-11-07 18:05:42.500000+00:00,combi,Sitting,Sitting
2024-11-07 18:06:42.500000+00:00,combi,Sitting,Sitting
2024-11-07 18:07:42.500000+00:00,combi,Sitting,Sitting
2024-11-07 18:08:42.500000+00:00,combi,Sitting,Sitting
2024-11-07 18:09:42.500000+00:00,combi,Sitting,Sitting
2024-11-07 18:10:42.500000+00:00,combi,Sitting,Sitting
2024-11-07 18:11:42.500000+00:00,combi,Sitting,Sitting
2024-11-07 18:12:42.500000+00:00,combi,Sitting,Sitting
2024-11-07 18:13:42.500000+00:00,combi,Sitting,Sitting
2024-11-07 18:14:42.500000+00:00,combi,Sitting,Sitting
2024-11-07 18:15:42.500000+00:00,combi,Sitting,Sitting
2024-11-07 18:16:42.500000+00:00,combi,Sitting,Sitting
2024-11-07 18:17:42.500000+00:00,combi,Sitting,Sitting
2024-11-07 18:18:42.500000+00:00,combi,Sitting,Sitting
2024-11-07 18:19:42.500000+00:00,combi,Sitting,Sitting
2024-11-07 18:20:42.500000+00:00,combi,Sitting,Sitting
2024-11-07 18:21:42.500000+00:00,combi,Sitting,Sitting
2024-11-07 18:22:42.500000+00:00,combi,Sitting,Sitting
2024-11-07 18:23:42.500000+00:00,combi,Sitting,Sitting
2024-11-07 18:24:42.500000+00:00,combi,Sitting,Sitting
2024-11-07 18:25:42.500000+00:00,combi,Sitting,Sitting
2024-11-07 18:26:42.500000+00:00,combi,Sitting,Sitting
2024-11-07 18:27:42.500000+00:00,combi,Sitting,Sitting
2024-11-07 18:28:42.500000+00:00,combi,Sitting,Sitting
2024-11-07 18:29:42.500000+00:00,combi,Sitting,Sitting
2024-11-07 18:30:42.500000+00:00,combi,Sitting,Sitting
2024-11-07 18:31:42.500000+00:00,combi,Sitting,Sitting
2024-11-07 18:32:42.500000+00:00,combi,Sitting,Sitting
2024-11-07 18:33:42.500000+00:00,combi,Standing,Sitting
2024-11-07 18:34:42.500000+00:00,combi,Standing,Dynamic
2024-11-07 18:35:42.500000+00:00,combi,Sitting,Sitting
2024-11-07 18:36:42.500000+00:00,combi,Sitting,Sitting
2024-11-07 18:37:42.500000+00:00,combi,Sitting,Sitting
2024-11-07 18:38:42.500000+00:00,combi,Sitting,Sitting
2024-11-07 18:39:42.500000+00:00,combi,Sitting,Sitting
2024-11-07 18:40:42.500000+00:00,combi,Sitting,Sitting
2024-11-07 18:41:42.500000+00:00,combi,Sitting,Sitting
2024-11-07 18:42:42.500000+00:00,combi,Sitting,Sitting
2024-11-07 18:43:42.500000+00:00,combi,Standing,Dynamic
2024-11-07 18:44:42.500000+00:00,combi,Sitting,Dynamic
2024-11-07 18:45:42.500000+00:00,combi,Standing,Standing
2024-11-07 18:46:42.500000+00:00,combi,Standing,Dynamic
2024-11-07 18:47:42.500000+00:00,combi,Standing,Dynamic
2024-11-07 18:48:42.500000+00:00,combi,Standing,Dynamic
2024-11-07 18:49:42.500000+00:00,combi,Standing,Dynamic
2024-11-07 18:50:42.500000+00:00,combi,Sitting,Dynamic
2024-11-07 18:51:42.500000+00:00,combi,Sitting,Dynamic
2024-11-07 18:52:42.500000+00:00,combi,Sitting,Dynamic
2024-11-07 18:53:42.500000+00:00,combi,Sitting,Dynamic
2024-11-07 18:54:42.500000+00:00,combi,Sitting,Dynamic
2024-11-07 18:55:42.500000+00:00,combi,Sitting,Dynamic
2024-11-07 18:56:42.500000+00:00,combi,Sitting,Dynamic
2024-11-07 18:57:42.500000+00:00,combi,Standing,Dynamic
2024-11-07 18:58:42.500000+00:00,combi,Standing,Dynamic
2024-11-07 18:59:42.500000+00:00,combi,Standing,Dynamic
2024-11-07 19:00:42.500000+00:00,combi,Standing,Standing
2024-11-07 19:01:42.500000+00:00,combi,Standing,Dynamic
2024-11-07 19:02:42.500000+00:00,combi,Standing,Standing
2024-11-07 19:03:42.500000+00:00,combi,Standing,Standing
2024-11-07 19:04:42.500000+00:00,combi,Standing,Dynamic
2024-11-07 19:05:42.500000+00:00,combi,Standing,Standing
2024-11-07 19:06:42.500000+00:00,combi,Standing,Standing
2024-11-07 19:07:42.500000+00:00,combi,Standing,Standing
2024-11-07 19:08:42.500000+00:00,combi,Standing,Standing
2024-11-07 19:09:42.500000+00:00,combi,Standing,Standing
2024-11-07 19:10:42.500000+00:00,combi,Standing,Standing
2024-11-07 19:11:42.500000+00:00,combi,Standing,Standing
2024-11-07 19:12:42.500000+00:00,combi,Standing,Standing
2024-11-07 19:13:42.500000+00:00,combi,Standing,Standing
2024-11-07 19:14:42.500000+00:00,combi,Standing,Standing
2024-11-07 19:15:42.500000+00:00,combi,Standing,Standing
2024-11-07 19:16:42.500000+00:00,combi,Sitting,Sitting
2024-11-07 19:17:42.500000+00:00,combi,Sitting,Sitting
2024-11-07 19:18:42.500000+00:00,combi,Standing,Standing
2024-11-07 19:19:42.500000+00:00,combi,Sitting,Sitting
2024-11-07 19:20:42.500000+00:00,combi,Sitting,Sitting
2024-11-07 19:21:42.500000+00:00,combi,Sitting,Sitting
2024-11-07 19:22:42.500000+00:00,combi,Sitting,Sitting
2024-11-07 19:23:42.500000+00:00,combi,Standing,Standing
2024-11-07 19:24:42.500000+00:00,combi,Standing,Standing
2024-11-07 19:25:42.500000+00:00,combi,Standing,Standing
2024-11-07 19:26:42.500000+00:00,combi,Standing,Standing
2024-11-07 19:27:42.500000+00:00,combi,Standing,Standing
2024-11-07 19:28:42.500000+00:00,combi,Standing,Dynamic
2024-11-07 19:29:42.500000+00:00,combi,Standing,Dynamic
2024-11-07 19:30:42.500000+00:00,combi,Standing,Standing
2024-11-07 19:31:42.500000+00:00,combi,Standing,Standing
2024-11-07 19:32:42.500000+00:00,combi,Standing,Standing
2024-11-07 19:33:42.500000+00:00,combi,Sitting,Standing
2024-11-07 19:34:42.500000+00:00,combi,Standing,Standing
2024-11-07 19:35:42.500000+00:00,combi,Standing,Standing
2024-11-07 19:36:42.500000+00:00,combi,Standing,Standing
2024-11-07 19:37:42.500000+00:00,combi,Standing,Standing
2024-11-07 19:38:42.500000+00:00,combi,Standing,Dynamic
2024-11-07 19:39:42.500000+00:00,combi,Standing,Dynamic
2024-11-07 19:40:42.500000+00:00,combi,Standing,Dynamic
2024-11-07 19:41:42.500000+00:00,combi,Standing,Dynamic
2024-11-07 19:42:42.500000+00:00,combi,Sitting,Dynamic
2024-11-07 19:43:42.500000+00:00,combi,Sitting,Dynamic
2024-11-07 19:44:42.500000+00:00,combi,Sitting,Dynamic
2024-11-07 19:45:42.500000+00:00,combi,Sitting,Dynamic
2024-11-07 19:46:42.500000+00:00,combi,Sitting,Dynamic
2024-11-07 19:47:42.500000+00:00,combi,Sitting,Dynamic
2024-11-07 19:48:42.500000+00:00,combi,Sitting,Dynamic
2024-11-07 19:49:42.500000+00:00,combi,Sitting,Sitting
2024-11-07 19:50:42.500000+00:00,combi,Sitting,Dynamic
2024-11-07 19:51:42.500000+00:00,combi,Sitting,Dynamic
2024-11-07 19:52:42.500000+00:00,combi,Sitting,Dynamic
2024-11-07 19:53:42.500000+00:00,combi,Standing,Dynamic
2024-11-07 19:54:42.500000+00:00,combi,Standing,Dynamic
2024-11-07 19:55:42.500000+00:00,combi,Standing,Dynamic
2024-11-07 19:56:42.500000+00:00,combi,Standing,Dynamic
2024-11-07 19:57:42.500000+00:00,combi,Standing,Dynamic
2024-11-07 19:58:42.500000+00:00,combi,Standing,Dynamic
2024-11-07 19:59:42.500000+00:00,combi,Standing,Standing
2024-11-07 20:00:42.500000+00:00,combi,Standing,Standing
2024-11-07 20:01:42.500000+00:00,combi,Standing,Standing
2024-11-07 20:02:42.500000+00:00,combi,Standing,Dynamic
2024-11-07 20:03:42.500000+00:00,combi,Sitting,Sitting
2024-11-07 20:04:42.500000+00:00,combi,Sitting,Sitting
2024-11-07 20:05:42.500000+00:00,combi,Sitting,Sitting
2024-11-07 20:06:42.500000+00:00,combi,Sitting,Sitting
2024-11-07 20:07:42.500000+00:00,combi,Sitting,Sitting
2024-11-07 20:08:42.500000+00:00,combi,Sitting,Sitting
2024-11-07 20:09:42.500000+00:00,combi,Sitting,Sitting
2024-11-07 20:10:42.500000+00:00,combi,Sitting,Sitting
2024-11-07 20:11:42.500000+00:00,combi,Sitting,Sitting
2024-11-07 20:12:42.500000+00:00,combi,Sitting,Sitting
2024-11-07 20:13:42.500000+00:00,combi,Sitting,Sitting
2024-11-07 20:14:42.500000+00:00,combi,Sitting,Sitting
2024-11-07 20:15:42.500000+00:00,combi,Sitting,Sitting
2024-11-07 20:16:42.500000+00:00,combi,Sitting,Sitting
2024-11-07 20:17:42.500000+00:00,combi,Sitting,Sitting
2024-11-07 20:18:42.500000+00:00,combi,Sitting,Sitting
2024-11-07 20:19:42.500000+00:00,combi,Sitting,Sitting
2024-11-07 20:20:42.500000+00:00,combi,Sitting,Sitting
2024-11-07 20:21:42.500000+00:00,combi,Sitting,Sitting
2024-11-07 20:22:42.500000+00:00,combi,Sitting,Sitting
2024-11-07 20:23:42.500000+00:00,combi,Sitting,Sitting
2024-11-07 20:24:42.500000+00:00,combi,Sitting,Sitting
2024-11-07 20:25:42.500000+00:00,combi,Sitting,Sitting
2024-11-07 20:26:42.500000+00:00,combi,Sitting,Sitting
2024-11-07 20:27:42.500000+00:00,combi,Sitting,Sitting
2024-11-07 20:28:42.500000+00:00,combi,Sitting,Sitting
2024-11-07 20:29:42.500000+00:00,combi,Sitting,Sitting
2024-11-07 20:30:42.500000+00:00,combi,Sitting,Sitting
2024-11-07 20:31:42.500000+00:00,combi,Sitting,Sitting
2024-11-07 20:32:42.500000+00:00,combi,Sitting,Sitting
2024-11-07 20:33:42.500000+00:00,combi,Sitting,Sitting
2024-11-07 20:34:42.500000+00:00,combi,Sitting,Sitting
2024-11-07 20:35:42.500000+00:00,combi,Sitting,Sitting
2024-11-07 20:36:42.500000+00:00,combi,Standing,Dynamic
2024-11-07 20:37:42.500000+00:00,combi,Sitting,Sitting
2024-11-07 20:38:42.500000+00:00,combi,Sitting,Sitting
2024-11-07 20:39:42.500000+00:00,combi,Sitting,Sitting
2024-11-07 20:40:42.500000+00:00,combi,Sitting,Sitting
2024-11-07 20:41:42.500000+00:00,combi,Sitting,Sitting
2024-11-07 20:42:42.500000+00:00,combi,Sitting,Sitting
2024-11-07 20:43:42.500000+00:00,combi,Standing,Dynamic
2024-11-07 20:44:42.500000+00:00,combi,Sitting,Dynamic
2024-11-07 20:45:42.500000+00:00,combi,Sitting,Sitting
2024-11-07 20:46:42.500000+00:00,combi,Sitting,Sitting
2024-11-07 20:47:42.500000+00:00,combi,Sitting,Sitting
2024-11-07 20:48:42.500000+00:00,combi,Sitting,Sitting
2024-11-07 20:49:42.500000+00:00,combi,Sitting,Sitting
2024-11-07 20:50:42.500000+00:00,combi,Sitting,Sitting
2024-11-07 20:51:42.500000+00:00,combi,Sitting,Sitting
2024-11-07 20:52:42.500000+00:00,combi,Sitting,Sitting
2024-11-07 20:53:42.500000+00:00,combi,Sitting,Sitting
2024-11-07 20:54:42.500000+00:00,combi,Sitting,Sitting
2024-11-07 20:55:42.500000+00:00,combi,Sitting,Sitting
2024-11-07 20:56:42.500000+00:00,combi,Sitting,Sitting
2024-11-07 20:57:42.500000+00:00,combi,Sitting,Sitting
2024-11-07 20:58:42.500000+00:00,combi,Sitting,Sitting
2024-11-07 20:59:42.500000+00:00,combi,Sitting,Sitting
2024-11-07 21:00:42.500000+00:00,combi,Sitting,Sitting
2024-11-07 21:01:42.500000+00:00,combi,Sitting,Sitting
2024-11-07 21:02:42.500000+00:00,combi,Sitting,Sitting
2024-11-07 21:03:42.500000+00:00,combi,Sitting,Sitting
2024-11-07 21:04:42.500000+00:00,combi,Sitting,Sitting
2024-11-07 21:05:42.500000+00:00,combi,Sitting,Sitting
2024-11-07 21:06:42.500000+00:00,combi,Sitting,Sitting
2024-11-07 21:07:42.500000+00:00,combi,Sitting,Sitting
2024-11-07 21:08:42.500000+00:00,combi,Sitting,Sitting
2024-11-07 21:09:42.500000+00:00,combi,Sitting,Sitting
2024-11-07 21:10:42.500000+00:00,combi,Sitting,Sitting
2024-11-07 21:11:42.500000+00:00,combi,Sitting,Sitting
2024-11-07 21:12:42.500000+00:00,combi,Sitting,Sitting
2024-11-07 21:13:42.500000+00:00,combi,Sitting,Sitting
2024-11-07 21:14:42.500000+00:00,combi,Sitting,Sitting
2024-11-07 21:15:42.500000+00:00,combi,Sitting,Sitting
2024-11-07 21:16:42.500000+00:00,combi,Sitting,Sitting
2024-11-07 21:17:42.500000+00:00,combi,Sitting,Sitting
2024-11-07 21:18:42.500000+00:00,combi,Sitting,Sitting
2024-11-07 21:19:42.500000+00:00,combi,Sitting,Sitting
2024-11-07 21:20:42.500000+00:00,combi,Sitting,Sitting
2024-11-07 21:21:42.500000+00:00,combi,Sitting,Sitting
2024-11-07 21:22:42.500000+00:00,combi,Sitting,Sitting
2024-11-07 21:23:42.500000+00:00,combi,Sitting,Sitting
2024-11-07 21:24:42.500000+00:00,combi,Sitting,Sitting
2024-11-07 21:25:42.500000+00:00,combi,Sitting,Sitting
2024-11-07 21:26:42.500000+00:00,combi,Sitting,Sitting
2024-11-07 21:27:42.500000+00:00,combi,Sitting,Sitting
2024-11-07 21:28:42.500000+00:00,combi,Sitting,Sitting
2024-11-07 21:29:42.500000+00:00,combi,Sitting,Sitting
2024-11-07 21:30:42.500000+00:00,combi,Sitting,Sitting
2024-11-07 21:31:42.500000+00:00,combi,Sitting,Sitting
2024-11-07 21:32:42.500000+00:00,combi,Sitting,Sitting
2024-11-07 21:33:42.500000+00:00,combi,Sitting,Sitting
2024-11-07 21:34:42.500000+00:00,combi,Sitting,Sitting
2024-11-07 21:35:42.500000+00:00,combi,Sitting,Sitting
2024-11-07 21:36:42.500000+00:00,combi,Sitting,Sitting
2024-11-07 21:37:42.500000+00:00,combi,Sitting,Sitting
2024-11-07 21:38:42.500000+00:00,combi,Sitting,Sitting
2024-11-07 21:39:42.500000+00:00,combi,Sitting,Sitting
2024-11-07 21:40:42.500000+00:00,combi,Sitting,Sitting
2024-11-07 21:41:42.500000+00:00,combi,Sitting,Sitting
2024-11-07 21:42:42.500000+00:00,combi,Sitting,Sitting
2024-11-07 21:43:42.500000+00:00,combi,Standing,Dynamic
2024-11-07 21:44:42.500000+00:00,combi,Sitting,Sitting
2024-11-07 21:45:42.500000+00:00,combi,Sitting,Sitting
2024-11-07 21:46:42.500000+00:00,combi,Sitting,Sitting
2024-11-07 21:47:42.500000+00:00,combi,Sitting,Sitting
2024-11-07 21:48:42.500000+00:00,combi,Sitting,Sitting
2024-11-07 21:49:42.500000+00:00,combi,Sitting,Sitting
2024-11-07 21:50:42.500000+00:00,combi,Sitting,Sitting
2024-11-07 21:51:42.500000+00:00,combi,Sitting,Sitting
2024-11-07 21:52:42.500000+00:00,combi,Sitting,Sitting
2024-11-07 21:53:42.500000+00:00,combi,Sitting,Sitting
2024-11-07 21:54:42.500000+00:00,combi,Sitting,Sitting
2024-11-07 21:55:42.500000+00:00,combi,Sitting,Sitting
2024-11-07 21:56:42.500000+00:00,combi,Sitting,Sitting
2024-11-07 21:57:42.500000+00:00,combi,Sitting,Sitting
2024-11-07 21:58:42.500000+00:00,combi,Sitting,Sitting
2024-11-07 21:59:42.500000+00:00,combi,Sitting,Sitting
2024-11-07 22:00:42.500000+00:00,combi,Sitting,Sitting
2024-11-07 22:01:42.500000+00:00,combi,Sitting,Sitting
2024-11-07 22:02:42.500000+00:00,combi,Sitting,Sitting
2024-11-07 22:03:42.500000+00:00,combi,Sitting,Sitting
2024-11-07 22:04:42.500000+00:00,combi,Sitting,Sitting
2024-11-07 22:05:42.500000+00:00,combi,Sitting,Sitting
2024-11-07 22:06:42.500000+00:00,combi,Sitting,Sitting
2024-11-07 22:07:42.500000+00:00,combi,Sitting,Sitting
2024-11-07 22:08:42.500000+00:00,combi,Sitting,Sitting
2024-11-07 22:09:42.500000+00:00,combi,Sitting,Sitting
2024-11-07 22:10:42.500000+00:00,combi,Sitting,Sitting
2024-11-07 22:11:42.500000+00:00,combi,Sitting,Sitting
2024-11-07 22:12:42.500000+00:00,combi,Sitting,Sitting
2024-11-07 22:13:42.500000+00:00,combi,Sitting,Sitting
2024-11-07 22:14:42.500000+00:00,combi,Sitting,Sitting
2024-11-07 22:15:42.500000+00:00,combi,Sitting,Sitting
2024-11-07 22:16:42.500000+00:00,combi,Sitting,Sitting
2024-11-07 22:17:42.500000+00:00,combi,Sitting,Sitting
2024-11-07 22:18:42.500000+00:00,combi,Standing,Sitting
2024-11-07 22:19:42.500000+00:00,combi,Sitting,Sitting
2024-11-07 22:20:42.500000+00:00,combi,Sitting,Sitting
2024-11-07 22:21:42.500000+00:00,combi,Sitting,Sitting
2024-11-07 22:22:42.500000+00:00,combi,Standing,Dynamic
2024-11-07 22:23:42.500000+00:00,combi,Sitting,Dynamic
2024-11-07 22:24:42.500000+00:00,combi,Standing,Dynamic
2024-11-07 22:25:42.500000+00:00,combi,Sitting,Dynamic
2024-11-07 22:26:42.500000+00:00,combi,Standing,Dynamic
2024-11-07 22:27:42.500000+00:00,combi,Lying,Lying
2024-11-07 22:28:42.500000+00:00,combi,Lying,Lying
2024-11-07 22:29:42.500000+00:00,combi,Lying,Lying
2024-11-07 22:30:42.500000+00:00,combi,Lying,Lying
2024-11-07 22:31:42.500000+00:00,combi,Lying,Lying
2024-11-07 22:32:42.500000+00:00,combi,Lying,Lying
2024-11-07 22:33:42.500000+00:00,combi,Lying,Lying
2024-11-07 22:34:42.500000+00:00,combi,Lying,Lying
2024-11-07 22:35:42.500000+00:00,combi,Lying,Lying
2024-11-07 22:36:42.500000+00:00,combi,Lying,Lying
2024-11-07 22:37:42.500000+00:00,combi,Lying,Lying
2024-11-07 22:38:42.500000+00:00,combi,Lying,Lying
2024-11-07 22:39:42.500000+00:00,combi,Lying,Lying
2024-11-07 22:40:42.500000+00:00,combi,Lying,Lying
2024-11-07 22:41:42.500000+00:00,combi,Lying,Lying
2024-11-07 22:42:42.500000+00:00,combi,Lying,Lying
2024-11-07 22:43:42.500000+00:00,combi,Lying,Lying
2024-11-07 22:44:42.500000+00:00,combi,Lying,Lying
2024-11-07 22:45:42.500000+00:00,combi,Lying,Lying
2024-11-07 22:46:42.500000+00:00,combi,Lying,Lying
2024-11-07 22:47:42.500000+00:00,combi,Lying,Lying
2024-11-07 22:48:42.500000+00:00,combi,Lying,Lying
2024-11-07 22:49:42.500000+00:00,combi,Lying,Lying
2024-11-07 22:50:42.500000+00:00,combi,Lying,Lying
2024-11-07 22:51:42.500000+00:00,combi,Lying,Lying
2024-11-07 22:52:42.500000+00:00,combi,Lying,Lying
2024-11-07 22:53:42.500000+00:00,combi,Lying,Lying
2024-11-07 22:54:42.500000+00:00,combi,Lying,Lying
2024-11-07 22:55:42.500000+00:00,combi,Lying,Lying
2024-11-07 22:56:42.500000+00:00,combi,Lying,Lying
2024-11-07 22:57:42.500000+00:00,combi,Lying,Lying
2024-11-07 22:58:42.500000+00:00,combi,Lying,Lying
2024-11-07 22:59:42.500000+00:00,combi,Lying,Lying
2024-11-07 23:00:42.500000+00:00,combi,Lying,Lying
2024-11-07 23:01:42.500000+00:00,combi,Lying,Lying
2024-11-07 23:02:42.500000+00:00,combi,Lying,Lying
2024-11-07 23:03:42.500000+00:00,combi,Lying,Lying
2024-11-07 23:04:42.500000+00:00,combi,Lying,Lying
2024-11-07 23:05:42.500000+00:00,combi,Lying,Lying
2024-11-07 23:06:42.500000+00:00,combi,Lying,Lying
2024-11-07 23:07:42.500000+00:00,combi,Lying,Lying
2024-11-07 23:08:42.500000+00:00,combi,Lying,Lying
2024-11-07 23:09:42.500000+00:00,combi,Lying,Lying
2024-11-07 23:10:42.500000+00:00,combi,Lying,Lying
2024-11-07 23:11:42.500000+00:00,combi,Lying,Lying
2024-11-07 23:12:42.500000+00:00,combi,Lying,Lying
2024-11-07 23:13:42.500000+00:00,combi,Lying,Lying
2024-11-07 23:14:42.500000+00:00,combi,Lying,Lying
2024-11-07 23:15:42.500000+00:00,combi,Lying,Lying
2024-11-07 23:16:42.500000+00:00,combi,Lying,Lying
2024-11-07 23:17:42.500000+00:00,combi,Lying,Lying
2024-11-07 23:18:42.500000+00:00,combi,Lying,Lying
2024-11-07 23:19:42.500000+00:00,combi,Lying,Lying
2024-11-07 23:20:42.500000+00:00,combi,Lying,Lying
2024-11-07 23:21:42.500000+00:00,combi,Lying,Lying
2024-11-07 23:22:42.500000+00:00,combi,Lying,Lying
2024-11-07 23:23:42.500000+00:00,combi,Lying,Lying
2024-11-07 23:24:42.500000+00:00,combi,Lying,Lying
2024-11-07 23:25:42.500000+00:00,combi,Lying,Lying
2024-11-07 23:26:42.500000+00:00,combi,Lying,Lying
2024-11-07 23:27:42.500000+00:00,combi,Lying,Lying
2024-11-07 23:28:42.500000+00:00,combi,Lying,Lying
2024-11-07 23:29:42.500000+00:00,combi,Lying,Lying
2024-11-07 23:30:42.500000+00:00,combi,Lying,Lying
2024-11-07 23:31:42.500000+00:00,combi,Lying,Lying
2024-11-07 23:32:42.500000+00:00,combi,Lying,Lying
2024-11-07 23:33:42.500000+00:00,combi,Lying,Lying
2024-11-07 23:34:42.500000+00:00,combi,Lying,Lying
2024-11-07 23:35:42.500000+00:00,combi,Lying,Lying
2024-11-07 23:36:42.500000+00:00,combi,Lying,Lying
2024-11-07 23:37:42.500000+00:00,combi,Lying,Lying
2024-11-07 23:38:42.500000+00:00,combi,Lying,Lying
2024-11-07 23:39:42.500000+00:00,combi,Lying,Lying
2024-11-07 23:40:42.500000+00:00,combi,Lying,Lying
2024-11-07 23:41:42.500000+00:00,combi,Lying,Lying
2024-11-07 23:42:42.500000+00:00,combi,Lying,Lying
2024-11-07 23:43:42.500000+00:00,combi,Lying,Lying
2024-11-07 23:44:42.500000+00:00,combi,Lying,Lying
2024-11-07 23:45:42.500000+00:00,combi,Lying,Lying
2024-11-07 23:46:42.500000+00:00,combi,Lying,Lying
2024-11-07 23:47:42.500000+00:00,combi,Lying,Lying
2024-11-07 23:48:42.500000+00:00,combi,Lying,Lying
2024-11-07 23:49:42.500000+00:00,combi,Lying,Lying
2024-11-07 23:50:42.500000+00:00,combi,Lying,Lying
2024-11-07 23:51:42.500000+00:00,combi,Lying,Lying
2024-11-07 23:52:42.500000+00:00,combi,Lying,Lying
2024-11-07 23:53:42.500000+00:00,combi,Lying,Lying
2024-11-07 23:54:42.500000+00:00,combi,Lying,Lying
2024-11-07 23:55:42.500000+00:00,combi,Lying,Lying
2024-11-07 23:56:42.500000+00:00,combi,Lying,Lying
2024-11-07 23:57:42.500000+00:00,combi,Lying,Lying
2024-11-07 23:58:42.500000+00:00,combi,Lying,Lying
2024-11-07 23:59:42.500000+00:00,combi,Lying,Lying
2024-11-08 00:00:42.500000+00:00,combi,Lying,Lying
2024-11-08 00:01:42.500000+00:00,combi,Lying,Lying
2024-11-08 00:02:42.500000+00:00,combi,Lying,Lying
2024-11-08 00:03:42.500000+00:00,combi,Lying,Lying
2024-11-08 00:04:42.500000+00:00,combi,Lying,Lying
2024-11-08 00:05:42.500000+00:00,combi,Lying,Lying
2024-11-08 00:06:42.500000+00:00,combi,Lying,Lying
2024-11-08 00:07:42.500000+00:00,combi,Lying,Lying
2024-11-08 00:08:42.500000+00:00,combi,Lying,Lying
2024-11-08 00:09:42.500000+00:00,combi,Lying,Lying
2024-11-08 00:10:42.500000+00:00,combi,Lying,Lying
2024-11-08 00:11:42.500000+00:00,combi,Lying,Lying
2024-11-08 00:12:42.500000+00:00,combi,Lying,Lying
2024-11-08 00:13:42.500000+00:00,combi,Lying,Lying
2024-11-08 00:14:42.500000+00:00,combi,Lying,Lying
2024-11-08 00:15:42.500000+00:00,combi,Lying,Lying
2024-11-08 00:16:42.500000+00:00,combi,Lying,Lying
2024-11-08 00:17:42.500000+00:00,combi,Lying,Lying
2024-11-08 00:18:42.500000+00:00,combi,Lying,Lying
2024-11-08 00:19:42.500000+00:00,combi,Lying,Lying
2024-11-08 00:20:42.500000+00:00,combi,Lying,Lying
2024-11-08 00:21:42.500000+00:00,combi,Lying,Lying
2024-11-08 00:22:42.500000+00:00,combi,Lying,Lying
2024-11-08 00:23:42.500000+00:00,combi,Lying,Lying
2024-11-08 00:24:42.500000+00:00,combi,Lying,Lying
2024-11-08 00:25:42.500000+00:00,combi,Lying,Lying
2024-11-08 00:26:42.500000+00:00,combi,Lying,Lying
2024-11-08 00:27:42.500000+00:00,combi,Lying,Lying
2024-11-08 00:28:42.500000+00:00,combi,Lying,Lying
2024-11-08 00:29:42.500000+00:00,combi,Lying,Lying
2024-11-08 00:30:42.500000+00:00,combi,Lying,Lying
2024-11-08 00:31:42.500000+00:00,combi,Lying,Lying
2024-11-08 00:32:42.500000+00:00,combi,Lying,Lying
2024-11-08 00:33:42.500000+00:00,combi,Lying,Lying
2024-11-08 00:34:42.500000+00:00,combi,Lying,Lying
2024-11-08 00:35:42.500000+00:00,combi,Lying,Lying
2024-11-08 00:36:42.500000+00:00,combi,Lying,Lying
2024-11-08 00:37:42.500000+00:00,combi,Lying,Lying
2024-11-08 00:38:42.500000+00:00,combi,Lying,Lying
2024-11-08 00:39:42.500000+00:00,combi,Lying,Lying
2024-11-08 00:40:42.500000+00:00,combi,Lying,Lying
2024-11-08 00:41:42.500000+00:00,combi,Lying,Lying
2024-11-08 00:42:42.500000+00:00,combi,Lying,Lying
2024-11-08 00:43:42.500000+00:00,combi,Lying,Lying
2024-11-08 00:44:42.500000+00:00,combi,Lying,Lying
2024-11-08 00:45:42.500000+00:00,combi,Lying,Lying
2024-11-08 00:46:42.500000+00:00,combi,Lying,Lying
2024-11-08 00:47:42.500000+00:00,combi,Lying,Lying
2024-11-08 00:48:42.500000+00:00,combi,Lying,Lying
2024-11-08 00:49:42.500000+00:00,combi,Lying,Lying
2024-11-08 00:50:42.500000+00:00,combi,Lying,Lying
2024-11-08 00:51:42.500000+00:00,combi,Lying,Lying
2024-11-08 00:52:42.500000+00:00,combi,Lying,Lying
2024-11-08 00:53:42.500000+00:00,combi,Lying,Lying
2024-11-08 00:54:42.500000+00:00,combi,Lying,Lying
2024-11-08 00:55:42.500000+00:00,combi,Lying,Lying
2024-11-08 00:56:42.500000+00:00,combi,Lying,Lying
2024-11-08 00:57:42.500000+00:00,combi,Lying,Lying
2024-11-08 00:58:42.500000+00:00,combi,Lying,Lying
2024-11-08 00:59:42.500000+00:00,combi,Lying,Lying
2024-11-08 01:00:42.500000+00:00,combi,Lying,Lying
2024-11-08 01:01:42.500000+00:00,combi,Lying,Lying
2024-11-08 01:02:42.500000+00:00,combi,Lying,Lying
2024-11-08 01:03:42.500000+00:00,combi,Lying,Lying
2024-11-08 01:04:42.500000+00:00,combi,Lying,Lying
2024-11-08 01:05:42.500000+00:00,combi,Lying,Dynamic
2024-11-08 01:06:42.500000+00:00,combi,Lying,Lying
2024-11-08 01:07:42.500000+00:00,combi,Lying,Lying
2024-11-08 01:08:42.500000+00:00,combi,Sitting,Sitting
2024-11-08 01:09:42.500000+00:00,combi,Sitting,Sitting
2024-11-08 01:10:42.500000+00:00,combi,Standing,Standing
2024-11-08 01:11:42.500000+00:00,combi,Standing,Standing
2024-11-08 01:12:42.500000+00:00,combi,Standing,Dynamic
2024-11-08 01:13:42.500000+00:00,combi,Standing,Dynamic
2024-11-08 01:14:42.500000+00:00,combi,Sitting,Sitting
2024-11-08 01:15:42.500000+00:00,combi,Lying,Lying
2024-11-08 01:16:42.500000+00:00,combi,Lying,Lying
2024-11-08 01:17:42.500000+00:00,combi,Lying,Lying
2024-11-08 01:18:42.500000+00:00,combi,Lying,Lying
2024-11-08 01:19:42.500000+00:00,combi,Lying,Lying
2024-11-08 01:20:42.500000+00:00,combi,Lying,Lying
2024-11-08 01:21:42.500000+00:00,combi,Lying,Lying
2024-11-08 01:22:42.500000+00:00,combi,Lying,Lying
2024-11-08 01:23:42.500000+00:00,combi,Lying,Lying
2024-11-08 01:24:42.500000+00:00,combi,Lying,Lying
2024-11-08 01:25:42.500000+00:00,combi,Sitting,Sitting
2024-11-08 01:26:42.500000+00:00,combi,Sitting,Sitting
2024-11-08 01:27:42.500000+00:00,combi,Sitting,Sitting
2024-11-08 01:28:42.500000+00:00,combi,Sitting,Sitting
2024-11-08 01:29:42.500000+00:00,combi,Sitting,Sitting
2024-11-08 01:30:42.500000+00:00,combi,Sitting,Sitting
2024-11-08 01:31:42.500000+00:00,combi,Sitting,Sitting
2024-11-08 01:32:42.500000+00:00,combi,Sitting,Sitting
2024-11-08 01:33:42.500000+00:00,combi,Sitting,Sitting
2024-11-08 01:34:42.500000+00:00,combi,Sitting,Sitting
2024-11-08 01:35:42.500000+00:00,combi,Sitting,Sitting
2024-11-08 01:36:42.500000+00:00,combi,Sitting,Sitting
2024-11-08 01:37:42.500000+00:00,combi,Sitting,Sitting
2024-11-08 01:38:42.500000+00:00,combi,Sitting,Sitting
2024-11-08 01:39:42.500000+00:00,combi,Sitting,Sitting
2024-11-08 01:40:42.500000+00:00,combi,Sitting,Sitting
2024-11-08 01:41:42.500000+00:00,combi,Sitting,Sitting
2024-11-08 01:42:42.500000+00:00,combi,Sitting,Sitting
2024-11-08 01:43:42.500000+00:00,combi,Sitting,Sitting
2024-11-08 01:44:42.500000+00:00,combi,Sitting,Sitting
2024-11-08 01:45:42.500000+00:00,combi,Sitting,Sitting
2024-11-08 01:46:42.500000+00:00,combi,Sitting,Sitting
2024-11-08 01:47:42.500000+00:00,combi,Sitting,Sitting
2024-11-08 01:48:42.500000+00:00,combi,Sitting,Sitting
2024-11-08 01:49:42.500000+00:00,combi,Sitting,Sitting
2024-11-08 01:50:42.500000+00:00,combi,Sitting,Sitting
2024-11-08 01:51:42.500000+00:00,combi,Sitting,Sitting
2024-11-08 01:52:42.500000+00:00,combi,Sitting,Sitting
2024-11-08 01:53:42.500000+00:00,combi,Sitting,Sitting
2024-11-08 01:54:42.500000+00:00,combi,Sitting,Sitting
2024-11-08 01:55:42.500000+00:00,combi,Sitting,Sitting
2024-11-08 01:56:42.500000+00:00,combi,Sitting,Sitting
2024-11-08 01:57:42.500000+00:00,combi,Sitting,Sitting
2024-11-08 01:58:42.500000+00:00,combi,Sitting,Sitting
2024-11-08 01:59:42.500000+00:00,combi,Sitting,Sitting
2024-11-08 02:00:42.500000+00:00,combi,Sitting,Sitting
2024-11-08 02:01:42.500000+00:00,combi,Sitting,Sitting
2024-11-08 02:02:42.500000+00:00,combi,Sitting,Sitting
2024-11-08 02:03:42.500000+00:00,combi,Sitting,Sitting
2024-11-08 02:04:42.500000+00:00,combi,Sitting,Sitting
2024-11-08 02:05:42.500000+00:00,combi,Sitting,Sitting
2024-11-08 02:06:42.500000+00:00,combi,Sitting,Sitting
2024-11-08 02:07:42.500000+00:00,combi,Sitting,Sitting
2024-11-08 02:08:42.500000+00:00,combi,Sitting,Sitting
2024-11-08 02:09:42.500000+00:00,combi,Sitting,Sitting
2024-11-08 02:10:42.500000+00:00,combi,Sitting,Sitting
2024-11-08 02:11:42.500000+00:00,combi,Sitting,Sitting
2024-11-08 02:12:42.500000+00:00,combi,Sitting,Sitting
2024-11-08 02:13:42.500000+00:00,combi,Sitting,Sitting
2024-11-08 02:14:42.500000+00:00,combi,Sitting,Sitting
2024-11-08 02:15:42.500000+00:00,combi,Sitting,Sitting
2024-11-08 02:16:42.500000+00:00,combi,Sitting,Sitting
2024-11-08 02:17:42.500000+00:00,combi,Sitting,Sitting
2024-11-08 02:18:42.500000+00:00,combi,Sitting,Sitting
2024-11-08 02:19:42.500000+00:00,combi,Sitting,Sitting
2024-11-08 02:20:42.500000+00:00,combi,Sitting,Sitting
2024-11-08 02:21:42.500000+00:00,combi,Sitting,Sitting
2024-11-08 02:22:42.500000+00:00,combi,Sitting,Sitting
2024-11-08 02:23:42.500000+00:00,combi,Sitting,Sitting
2024-11-08 02:24:42.500000+00:00,combi,Sitting,Sitting
2024-11-08 02:25:42.500000+00:00,combi,Sitting,Sitting
2024-11-08 02:26:42.500000+00:00,combi,Sitting,Sitting
2024-11-08 02:27:42.500000+00:00,combi,Sitting,Sitting
2024-11-08 02:28:42.500000+00:00,combi,Sitting,Sitting
2024-11-08 02:29:42.500000+00:00,combi,Sitting,Sitting
2024-11-08 02:30:42.500000+00:00,combi,Sitting,Sitting
2024-11-08 02:31:42.500000+00:00,combi,Sitting,Sitting
2024-11-08 02:32:42.500000+00:00,combi,Sitting,Sitting
2024-11-08 02:33:42.500000+00:00,combi,Sitting,Sitting
2024-11-08 02:34:42.500000+00:00,combi,Sitting,Sitting
2024-11-08 02:35:42.500000+00:00,combi,Sitting,Sitting
2024-11-08 02:36:42.500000+00:00,combi,Sitting,Sitting
2024-11-08 02:37:42.500000+00:00,combi,Sitting,Sitting
2024-11-08 02:38:42.500000+00:00,combi,Sitting,Sitting
2024-11-08 02:39:42.500000+00:00,combi,Sitting,Sitting
2024-11-08 02:40:42.500000+00:00,combi,Sitting,Sitting
2024-11-08 02:41:42.500000+00:00,combi,Sitting,Sitting
2024-11-08 02:42:42.500000+00:00,combi,Sitting,Sitting
2024-11-08 02:43:42.500000+00:00,combi,Lying,Lying
2024-11-08 02:44:42.500000+00:00,combi,Lying,Lying
2024-11-08 02:45:42.500000+00:00,combi,Lying,Lying
2024-11-08 02:46:42.500000+00:00,combi,Lying,Lying
2024-11-08 02:47:42.500000+00:00,combi,Lying,Lying
2024-11-08 02:48:42.500000+00:00,combi,Lying,Lying
2024-11-08 02:49:42.500000+00:00,combi,Lying,Lying
2024-11-08 02:50:42.500000+00:00,combi,Lying,Lying
2024-11-08 02:51:42.500000+00:00,combi,Lying,Lying
2024-11-08 02:52:42.500000+00:00,combi,Lying,Lying
2024-11-08 02:53:42.500000+00:00,combi,Lying,Lying
2024-11-08 02:54:42.500000+00:00,combi,Lying,Lying
2024-11-08 02:55:42.500000+00:00,combi,Lying,Lying
2024-11-08 02:56:42.500000+00:00,combi,Lying,Lying
2024-11-08 02:57:42.500000+00:00,combi,Lying,Lying
2024-11-08 02:58:42.500000+00:00,combi,Lying,Lying
2024-11-08 02:59:42.500000+00:00,combi,Lying,Lying
2024-11-08 03:00:42.500000+00:00,combi,Lying,Lying
2024-11-08 03:01:42.500000+00:00,combi,Lying,Lying
2024-11-08 03:02:42.500000+00:00,combi,Lying,Lying
2024-11-08 03:03:42.500000+00:00,combi,Lying,Lying
2024-11-08 03:04:42.500000+00:00,combi,Lying,Lying
2024-11-08 03:05:42.500000+00:00,combi,Lying,Lying
2024-11-08 03:06:42.500000+00:00,combi,Lying,Lying
2024-11-08 03:07:42.500000+00:00,combi,Lying,Lying
2024-11-08 03:08:42.500000+00:00,combi,Lying,Lying
2024-11-08 03:09:42.500000+00:00,combi,Lying,Lying
2024-11-08 03:10:42.500000+00:00,combi,Lying,Lying
2024-11-08 03:11:42.500000+00:00,combi,Lying,Lying
2024-11-08 03:12:42.500000+00:00,combi,Sitting,Sitting
2024-11-08 03:13:42.500000+00:00,combi,Sitting,Sitting
2024-11-08 03:14:42.500000+00:00,combi,Sitting,Sitting
2024-11-08 03:15:42.500000+00:00,combi,Sitting,Sitting
2024-11-08 03:16:42.500000+00:00,combi,Sitting,Sitting
2024-11-08 03:17:42.500000+00:00,combi,Sitting,Sitting
2024-11-08 03:18:42.500000+00:00,combi,Sitting,Sitting
2024-11-08 03:19:42.500000+00:00,combi,Sitting,Sitting
2024-11-08 03:20:42.500000+00:00,combi,Sitting,Sitting
2024-11-08 03:21:42.500000+00:00,combi,Sitting,Sitting
2024-11-08 03:22:42.500000+00:00,combi,Sitting,Sitting
2024-11-08 03:23:42.500000+00:00,combi,Sitting,Sitting
2024-11-08 03:24:42.500000+00:00,combi,Sitting,Sitting
2024-11-08 03:25:42.500000+00:00,combi,Sitting,Sitting
2024-11-08 03:26:42.500000+00:00,combi,Sitting,Sitting
2024-11-08 03:27:42.500000+00:00,combi,Sitting,Sitting
2024-11-08 03:28:42.500000+00:00,combi,Sitting,Sitting
2024-11-08 03:29:42.500000+00:00,combi,Sitting,Sitting
2024-11-08 03:30:42.500000+00:00,combi,Sitting,Sitting
2024-11-08 03:31:42.500000+00:00,combi,Sitting,Sitting
2024-11-08 03:32:42.500000+00:00,combi,Sitting,Sitting
2024-11-08 03:33:42.500000+00:00,combi,Sitting,Sitting
2024-11-08 03:34:42.500000+00:00,combi,Sitting,Sitting
2024-11-08 03:35:42.500000+00:00,combi,Sitting,Sitting
2024-11-08 03:36:42.500000+00:00,combi,Sitting,Sitting
2024-11-08 03:37:42.500000+00:00,combi,Sitting,Sitting
2024-11-08 03:38:42.500000+00:00,combi,Sitting,Sitting
2024-11-08 03:39:42.500000+00:00,combi,Sitting,Sitting
2024-11-08 03:40:42.500000+00:00,combi,Sitting,Sitting
2024-11-08 03:41:42.500000+00:00,combi,Sitting,Sitting
2024-11-08 03:42:42.500000+00:00,combi,Sitting,Sitting
2024-11-08 03:43:42.500000+00:00,combi,Sitting,Sitting
2024-11-08 03:44:42.500000+00:00,combi,Sitting,Sitting
2024-11-08 03:45:42.500000+00:00,combi,Sitting,Sitting
2024-11-08 03:46:42.500000+00:00,combi,Sitting,Sitting
2024-11-08 03:47:42.500000+00:00,combi,Sitting,Sitting
2024-11-08 03:48:42.500000+00:00,combi,Sitting,Sitting
2024-11-08 03:49:42.500000+00:00,combi,Sitting,Sitting
2024-11-08 03:50:42.500000+00:00,combi,Sitting,Sitting
2024-11-08 03:51:42.500000+00:00,combi,Sitting,Sitting
2024-11-08 03:52:42.500000+00:00,combi,Sitting,Sitting
2024-11-08 03:53:42.500000+00:00,combi,Sitting,Sitting
2024-11-08 03:54:42.500000+00:00,combi,Sitting,Sitting
2024-11-08 03:55:42.500000+00:00,combi,Sitting,Sitting
2024-11-08 03:56:42.500000+00:00,combi,Sitting,Sitting
2024-11-08 03:57:42.500000+00:00,combi,Sitting,Sitting
2024-11-08 03:58:42.500000+00:00,combi,Sitting,Sitting
2024-11-08 03:59:42.500000+00:00,combi,Sitting,Sitting
2024-11-08 04:00:42.500000+00:00,combi,Sitting,Sitting
2024-11-08 04:01:42.500000+00:00,combi,Sitting,Sitting
2024-11-08 04:02:42.500000+00:00,combi,Sitting,Sitting
2024-11-08 04:03:42.500000+00:00,combi,Sitting,Sitting
2024-11-08 04:04:42.500000+00:00,combi,Sitting,Sitting
2024-11-08 04:05:42.500000+00:00,combi,Sitting,Sitting
2024-11-08 04:06:42.500000+00:00,combi,Sitting,Sitting
2024-11-08 04:07:42.500000+00:00,combi,Sitting,Sitting
2024-11-08 04:08:42.500000+00:00,combi,Sitting,Sitting
2024-11-08 04:09:42.500000+00:00,combi,Sitting,Sitting
2024-11-08 04:10:42.500000+00:00,combi,Sitting,Sitting
2024-11-08 04:11:42.500000+00:00,combi,Sitting,Sitting
2024-11-08 04:12:42.500000+00:00,combi,Sitting,Sitting
2024-11-08 04:13:42.500000+00:00,combi,Sitting,Sitting
2024-11-08 04:14:42.500000+00:00,combi,Sitting,Sitting
2024-11-08 04:15:42.500000+00:00,combi,Sitting,Sitting
2024-11-08 04:16:42.500000+00:00,combi,Sitting,Sitting
2024-11-08 04:17:42.500000+00:00,combi,Sitting,Sitting
2024-11-08 04:18:42.500000+00:00,combi,Sitting,Sitting
2024-11-08 04:19:42.500000+00:00,combi,Sitting,Sitting
2024-11-08 04:20:42.500000+00:00,combi,Sitting,Sitting
2024-11-08 04:21:42.500000+00:00,combi,Sitting,Sitting
2024-11-08 04:22:42.500000+00:00,combi,Sitting,Sitting
2024-11-08 04:23:42.500000+00:00,combi,Sitting,Sitting
2024-11-08 04:24:42.500000+00:00,combi,Sitting,Sitting
2024-11-08 04:25:42.500000+00:00,combi,Sitting,Sitting
2024-11-08 04:26:42.500000+00:00,combi,Sitting,Sitting
2024-11-08 04:27:42.500000+00:00,combi,Sitting,Sitting
2024-11-08 04:28:42.500000+00:00,combi,Sitting,Sitting
2024-11-08 04:29:42.500000+00:00,combi,Sitting,Sitting
2024-11-08 04:30:42.500000+00:00,combi,Sitting,Sitting
2024-11-08 04:31:42.500000+00:00,combi,Sitting,Sitting
2024-11-08 04:32:42.500000+00:00,combi,Sitting,Sitting
2024-11-08 04:33:42.500000+00:00,combi,Sitting,Sitting
2024-11-08 04:34:42.500000+00:00,combi,Sitting,Sitting
2024-11-08 04:35:42.500000+00:00,combi,Sitting,Sitting
2024-11-08 04:36:42.500000+00:00,combi,Sitting,Sitting
2024-11-08 04:37:42.500000+00:00,combi,Lying,Lying
2024-11-08 04:38:42.500000+00:00,combi,Lying,Lying
2024-11-08 04:39:42.500000+00:00,combi,Lying,Lying
2024-11-08 04:40:42.500000+00:00,combi,Lying,Lying
2024-11-08 04:41:42.500000+00:00,combi,Sitting,Sitting
2024-11-08 04:42:42.500000+00:00,combi,Lying,Lying
2024-11-08 04:43:42.500000+00:00,combi,Lying,Lying
2024-11-08 04:44:42.500000+00:00,combi,Lying,Lying
2024-11-08 04:45:42.500000+00:00,combi,Lying,Lying
2024-11-08 04:46:42.500000+00:00,combi,Lying,Lying
2024-11-08 04:47:42.500000+00:00,combi,Lying,Lying
2024-11-08 04:48:42.500000+00:00,combi,Lying,Lying
2024-11-08 04:49:42.500000+00:00,combi,Lying,Lying
2024-11-08 04:50:42.500000+00:00,combi,Lying,Lying
2024-11-08 04:51:42.500000+00:00,combi,Lying,Lying
2024-11-08 04:52:42.500000+00:00,combi,Lying,Lying
2024-11-08 04:53:42.500000+00:00,combi,Lying,Lying
2024-11-08 04:54:42.500000+00:00,combi,Lying,Lying
2024-11-08 04:55:42.500000+00:00,combi,Lying,Lying
2024-11-08 04:56:42.500000+00:00,combi,Lying,Lying
2024-11-08 04:57:42.500000+00:00,combi,Lying,Lying
2024-11-08 04:58:42.500000+00:00,combi,Lying,Lying
2024-11-08 04:59:42.500000+00:00,combi,Lying,Lying
2024-11-08 05:00:42.500000+00:00,combi,Lying,Lying
2024-11-08 05:01:42.500000+00:00,combi,Lying,Lying
2024-11-08 05:02:42.500000+00:00,combi,Lying,Lying
2024-11-08 05:03:42.500000+00:00,combi,Lying,Lying
2024-11-08 05:04:42.500000+00:00,combi,Lying,Lying
2024-11-08 05:05:42.500000+00:00,combi,Lying,Lying
2024-11-08 05:06:42.500000+00:00,combi,Lying,Lying
2024-11-08 05:07:42.500000+00:00,combi,Lying,Lying
2024-11-08 05:08:42.500000+00:00,combi,Lying,Lying
2024-11-08 05:09:42.500000+00:00,combi,Lying,Lying
2024-11-08 05:10:42.500000+00:00,combi,Lying,Lying
2024-11-08 05:11:42.500000+00:00,combi,Lying,Lying
2024-11-08 05:12:42.500000+00:00,combi,Lying,Lying
2024-11-08 05:13:42.500000+00:00,combi,Lying,Lying
2024-11-08 05:14:42.500000+00:00,combi,Lying,Lying
2024-11-08 05:15:42.500000+00:00,combi,Lying,Lying
2024-11-08 05:16:42.500000+00:00,combi,Lying,Lying
2024-11-08 05:17:42.500000+00:00,combi,Lying,Lying
2024-11-08 05:18:42.500000+00:00,combi,Lying,Lying
2024-11-08 05:19:42.500000+00:00,combi,Lying,Lying
2024-11-08 05:20:42.500000+00:00,combi,Lying,Lying
2024-11-08 05:21:42.500000+00:00,combi,Lying,Lying
2024-11-08 05:22:42.500000+00:00,combi,Lying,Lying
2024-11-08 05:23:42.500000+00:00,combi,Lying,Lying
2024-11-08 05:24:42.500000+00:00,combi,Lying,Lying
2024-11-08 05:25:42.500000+00:00,combi,Lying,Lying
2024-11-08 05:26:42.500000+00:00,combi,Lying,Lying
2024-11-08 05:27:42.500000+00:00,combi,Lying,Lying
2024-11-08 05:28:42.500000+00:00,combi,Lying,Lying
2024-11-08 05:29:42.500000+00:00,combi,Lying,Lying
2024-11-08 05:30:42.500000+00:00,combi,Lying,Lying
2024-11-08 05:31:42.500000+00:00,combi,Lying,Lying
2024-11-08 05:32:42.500000+00:00,combi,Lying,Lying
2024-11-08 05:33:42.500000+00:00,combi,Lying,Lying
2024-11-08 05:34:42.500000+00:00,combi,Lying,Lying
2024-11-08 05:35:42.500000+00:00,combi,Lying,Lying
2024-11-08 05:36:42.500000+00:00,combi,Lying,Lying
2024-11-08 05:37:42.500000+00:00,combi,Lying,Lying
2024-11-08 05:38:42.500000+00:00,combi,Lying,Lying
2024-11-08 05:39:42.500000+00:00,combi,Lying,Lying
2024-11-08 05:40:42.500000+00:00,combi,Lying,Lying
2024-11-08 05:41:42.500000+00:00,combi,Lying,Lying
2024-11-08 05:42:42.500000+00:00,combi,Lying,Lying
2024-11-08 05:43:42.500000+00:00,combi,Lying,Lying
2024-11-08 05:44:42.500000+00:00,combi,Lying,Lying
2024-11-08 05:45:42.500000+00:00,combi,Lying,Lying
2024-11-08 05:46:42.500000+00:00,combi,Lying,Lying
2024-11-08 05:47:42.500000+00:00,combi,Lying,Lying
2024-11-08 05:48:42.500000+00:00,combi,Lying,Lying
2024-11-08 05:49:42.500000+00:00,combi,Lying,Lying
2024-11-08 05:50:42.500000+00:00,combi,Lying,Lying
2024-11-08 05:51:42.500000+00:00,combi,Lying,Lying
2024-11-08 05:52:42.500000+00:00,combi,Lying,Lying
2024-11-08 05:53:42.500000+00:00,combi,Lying,Lying
2024-11-08 05:54:42.500000+00:00,combi,Lying,Lying
2024-11-08 05:55:42.500000+00:00,combi,Lying,Lying
2024-11-08 05:56:42.500000+00:00,combi,Lying,Lying
2024-11-08 05:57:42.500000+00:00,combi,Lying,Lying
2024-11-08 05:58:42.500000+00:00,combi,Lying,Lying
2024-11-08 05:59:42.500000+00:00,combi,Lying,Lying
2024-11-08 06:00:42.500000+00:00,combi,Lying,Lying
2024-11-08 06:01:42.500000+00:00,combi,Lying,Lying
2024-11-08 06:02:42.500000+00:00,combi,Lying,Lying
2024-11-08 06:03:42.500000+00:00,combi,Lying,Lying
2024-11-08 06:04:42.500000+00:00,combi,Lying,Lying
2024-11-08 06:05:42.500000+00:00,combi,Lying,Lying
2024-11-08 06:06:42.500000+00:00,combi,Lying,Lying
2024-11-08 06:07:42.500000+00:00,combi,Lying,Lying
2024-11-08 06:08:42.500000+00:00,combi,Lying,Lying
2024-11-08 06:09:42.500000+00:00,combi,Lying,Lying
2024-11-08 06:10:42.500000+00:00,combi,Lying,Lying
2024-11-08 06:11:42.500000+00:00,combi,Lying,Lying
2024-11-08 06:12:42.500000+00:00,combi,Lying,Lying
2024-11-08 06:13:42.500000+00:00,combi,Lying,Lying
2024-11-08 06:14:42.500000+00:00,combi,Lying,Lying
2024-11-08 06:15:42.500000+00:00,combi,Lying,Lying
2024-11-08 06:16:42.500000+00:00,combi,Lying,Lying
2024-11-08 06:17:42.500000+00:00,combi,Lying,Lying
2024-11-08 06:18:42.500000+00:00,combi,Lying,Lying
2024-11-08 06:19:42.500000+00:00,combi,Lying,Lying
2024-11-08 06:20:42.500000+00:00,combi,Lying,Lying
2024-11-08 06:21:42.500000+00:00,combi,Lying,Lying
2024-11-08 06:22:42.500000+00:00,combi,Lying,Lying
2024-11-08 06:23:42.500000+00:00,combi,Lying,Lying
2024-11-08 06:24:42.500000+00:00,combi,Lying,Lying
2024-11-08 06:25:42.500000+00:00,combi,Lying,Lying
2024-11-08 06:26:42.500000+00:00,combi,Lying,Lying
2024-11-08 06:27:42.500000+00:00,combi,Lying,Lying
2024-11-08 06:28:42.500000+00:00,combi,Lying,Lying
2024-11-08 06:29:42.500000+00:00,combi,Lying,Lying
2024-11-08 06:30:42.500000+00:00,combi,Lying,Lying
2024-11-08 06:31:42.500000+00:00,combi,Lying,Lying
2024-11-08 06:32:42.500000+00:00,combi,Lying,Lying
2024-11-08 06:33:42.500000+00:00,combi,Lying,Lying
2024-11-08 06:34:42.500000+00:00,combi,Lying,Lying
2024-11-08 06:35:42.500000+00:00,combi,Lying,Lying
2024-11-08 06:36:42.500000+00:00,combi,Lying,Lying
2024-11-08 06:37:42.500000+00:00,combi,Lying,Lying
2024-11-08 06:38:42.500000+00:00,combi,Lying,Lying
2024-11-08 06:39:42.500000+00:00,combi,Lying,Lying
2024-11-08 06:40:42.500000+00:00,combi,Sitting,Sitting
2024-11-08 06:41:42.500000+00:00,combi,Sitting,Sitting
2024-11-08 06:42:42.500000+00:00,combi,Sitting,Sitting
2024-11-08 06:43:42.500000+00:00,combi,Lying,Lying
2024-11-08 06:44:42.500000+00:00,combi,Lying,Lying
2024-11-08 06:45:42.500000+00:00,combi,Sitting,Sitting
2024-11-08 06:46:42.500000+00:00,combi,Sitting,Sitting
