Time,Participant,Majority_postures,Majority_including_dynamic
2024-07-11 09:35:27.500000+00:00,combi,Standing,Standing
2024-07-11 09:36:27.500000+00:00,combi,Standing,Standing
2024-07-11 09:37:27.500000+00:00,combi,Standing,Dynamic
2024-07-11 09:38:27.500000+00:00,combi,Standing,Standing
2024-07-11 09:39:27.500000+00:00,combi,Standing,Standing
2024-07-11 09:40:27.500000+00:00,combi,Standing,Dynamic
2024-07-11 09:41:27.500000+00:00,combi,Standing,Dynamic
2024-07-11 09:42:27.500000+00:00,combi,Standing,Standing
2024-07-11 09:43:27.500000+00:00,combi,Standing,Dynamic
2024-07-11 09:44:27.500000+00:00,combi,Sitting,Sitting
2024-07-11 09:45:27.500000+00:00,combi,Sitting,Sitting
2024-07-11 09:46:27.500000+00:00,combi,Standing,Standing
2024-07-11 09:47:27.500000+00:00,combi,Lying,Lying
2024-07-11 09:48:27.500000+00:00,combi,Lying,Lying
2024-07-11 09:49:27.500000+00:00,combi,Lying,Lying
2024-07-11 09:50:27.500000+00:00,combi,Lying,Lying
2024-07-11 09:51:27.500000+00:00,combi,Lying,Lying
2024-07-11 09:52:27.500000+00:00,combi,Standing,Standing
2024-07-11 09:53:27.500000+00:00,combi,Sitting,Sitting
2024-07-11 09:54:27.500000+00:00,combi,Sitting,Sitting
2024-07-11 09:55:27.500000+00:00,combi,Standing,Standing
2024-07-11 09:56:27.500000+00:00,combi,Standing,Standing
2024-07-11 09:57:27.500000+00:00,combi,Standing,Dynamic
2024-07-11 09:58:27.500000+00:00,combi,Standing,Standing
2024-07-11 09:59:27.500000+00:00,combi,Lying,Lying
2024-07-11 10:00:27.500000+00:00,combi,Lying,Lying
2024-07-11 10:01:27.500000+00:00,combi,Lying,Lying
2024-07-11 10:02:27.500000+00:00,combi,Lying,Lying
2024-07-11 10:03:27.500000+00:00,combi,Lying,Lying
2024-07-11 10:04:27.500000+00:00,combi,Lying,Lying
2024-07-11 10:05:27.500000+00:00,combi,Lying,Lying
2024-07-11 10:06:27.500000+00:00,combi,Lying,Lying
2024-07-11 10:07:27.500000+00:00,combi,Lying,Lying
2024-07-11 10:08:27.500000+00:00,combi,Lying,Lying
2024-07-11 10:09:27.500000+00:00,combi,Sitting,Sitting
2024-07-11 10:10:27.500000+00:00,combi,Sitting,Sitting
2024-07-11 10:11:27.500000+00:00,combi,Sitting,Sitting
2024-07-11 10:12:27.500000+00:00,combi,Standing,Standing
2024-07-11 10:13:27.500000+00:00,combi,Sitting,Sitting
2024-07-11 10:14:27.500000+00:00,combi,Sitting,Sitting
2024-07-11 10:15:27.500000+00:00,combi,Sitting,Sitting
2024-07-11 10:16:27.500000+00:00,combi,Sitting,Sitting
2024-07-11 10:17:27.500000+00:00,combi,Standing,Sitting
2024-07-11 10:18:27.500000+00:00,combi,Sitting,Sitting
2024-07-11 10:19:27.500000+00:00,combi,Sitting,Sitting
2024-07-11 10:20:27.500000+00:00,combi,Standing,Standing
2024-07-11 10:21:27.500000+00:00,combi,Standing,Standing
2024-07-11 10:22:27.500000+00:00,combi,Standing,Standing
2024-07-11 10:23:27.500000+00:00,combi,Standing,Standing
2024-07-11 10:24:27.500000+00:00,combi,Standing,Standing
2024-07-11 10:25:27.500000+00:00,combi,Standing,Standing
2024-07-11 10:26:27.500000+00:00,combi,Standing,Standing
2024-07-11 10:27:27.500000+00:00,combi,Standing,Standing
2024-07-11 10:28:27.500000+00:00,combi,Standing,Standing
2024-07-11 10:29:27.500000+00:00,combi,Sitting,Sitting
2024-07-11 10:30:27.500000+00:00,combi,Sitting,Sitting
2024-07-11 10:31:27.500000+00:00,combi,Sitting,Sitting
2024-07-11 10:32:27.500000+00:00,combi,Sitting,Sitting
2024-07-11 10:33:27.500000+00:00,combi,Sitting,Sitting
2024-07-11 10:34:27.500000+00:00,combi,Sitting,Sitting
2024-07-11 10:35:27.500000+00:00,combi,Sitting,Sitting
2024-07-11 10:36:27.500000+00:00,combi,Sitting,Sitting
2024-07-11 10:37:27.500000+00:00,combi,Sitting,Sitting
2024-07-11 10:38:27.500000+00:00,combi,Sitting,Sitting
2024-07-11 10:39:27.500000+00:00,combi,Sitting,Sitting
2024-07-11 10:40:27.500000+00:00,combi,Sitting,Sitting
2024-07-11 10:41:27.500000+00:00,combi,Standing,Standing
2024-07-11 10:42:27.500000+00:00,combi,Standing,Standing
2024-07-11 10:43:27.500000+00:00,combi,Sitting,Sitting
2024-07-11 10:44:27.500000+00:00,combi,Sitting,Sitting
2024-07-11 10:45:27.500000+00:00,combi,Sitting,Sitting
2024-07-11 10:46:27.500000+00:00,combi,Sitting,Sitting
2024-07-11 10:47:27.500000+00:00,combi,Sitting,Sitting
2024-07-11 10:48:27.500000+00:00,combi,Sitting,Sitting
2024-07-11 10:49:27.500000+00:00,combi,Sitting,Sitting
2024-07-11 10:50:27.500000+00:00,combi,Sitting,Sitting
2024-07-11 10:51:27.500000+00:00,combi,Sitting,Sitting
2024-07-11 10:52:27.500000+00:00,combi,Standing,Standing
2024-07-11 10:53:27.500000+00:00,combi,Standing,Standing
2024-07-11 10:54:27.500000+00:00,combi,Standing,Standing
2024-07-11 10:55:27.500000+00:00,combi,Sitting,Sitting
2024-07-11 10:56:27.500000+00:00,combi,Sitting,Sitting
2024-07-11 10:57:27.500000+00:00,combi,Sitting,Sitting
2024-07-11 10:58:27.500000+00:00,combi,Sitting,Sitting
2024-07-11 10:59:27.500000+00:00,combi,Sitting,Sitting
2024-07-11 11:00:27.500000+00:00,combi,Sitting,Sitting
2024-07-11 11:01:27.500000+00:00,combi,Sitting,Sitting
2024-07-11 11:02:27.500000+00:00,combi,Standing,Sitting
2024-07-11 11:03:27.500000+00:00,combi,Standing,Dynamic
2024-07-11 11:04:27.500000+00:00,combi,Standing,Standing
2024-07-11 11:05:27.500000+00:00,combi,Standing,Dynamic
2024-07-11 11:06:27.500000+00:00,combi,Standing,Dynamic
2024-07-11 11:07:27.500000+00:00,combi,Standing,Dynamic
2024-07-11 11:08:27.500000+00:00,combi,Sitting,Dynamic
2024-07-11 11:09:27.500000+00:00,combi,Sitting,Dynamic
2024-07-11 11:10:27.500000+00:00,combi,Sitting,Dynamic
2024-07-11 11:11:27.500000+00:00,combi,Sitting,Dynamic
2024-07-11 11:12:27.500000+00:00,combi,Sitting,Dynamic
2024-07-11 11:13:27.500000+00:00,combi,Lying,Dynamic
2024-07-11 11:14:27.500000+00:00,combi,Sitting,Dynamic
2024-07-11 11:15:27.500000+00:00,combi,Sitting,Dynamic
2024-07-11 11:16:27.500000+00:00,combi,Sitting,Dynamic
2024-07-11 11:17:27.500000+00:00,combi,Sitting,Dynamic
2024-07-11 11:18:27.500000+00:00,combi,Sitting,Dynamic
2024-07-11 11:19:27.500000+00:00,combi,Sitting,Dynamic
2024-07-11 11:20:27.500000+00:00,combi,Sitting,Dynamic
2024-07-11 11:21:27.500000+00:00,combi,Sitting,Dynamic
2024-07-11 11:22:27.500000+00:00,combi,Sitting,Dynamic
2024-07-11 11:23:27.500000+00:00,combi,Sitting,Dynamic
2024-07-11 11:24:27.500000+00:00,combi,Standing,Standing
2024-07-11 11:25:27.500000+00:00,combi,Standing,Dynamic
2024-07-11 11:26:27.500000+00:00,combi,Standing,Dynamic
2024-07-11 11:27:27.500000+00:00,combi,Standing,Dynamic
2024-07-11 11:28:27.500000+00:00,combi,Standing,Dynamic
2024-07-11 11:29:27.500000+00:00,combi,Sitting,Sitting
2024-07-11 11:30:27.500000+00:00,combi,Sitting,Sitting
2024-07-11 11:31:27.500000+00:00,combi,Sitting,Sitting
2024-07-11 11:32:27.500000+00:00,combi,Sitting,Sitting
2024-07-11 11:33:27.500000+00:00,combi,Sitting,Sitting
2024-07-11 11:34:27.500000+00:00,combi,Sitting,Sitting
2024-07-11 11:35:27.500000+00:00,combi,Standing,Dynamic
2024-07-11 11:36:27.500000+00:00,combi,Sitting,Dynamic
2024-07-11 11:37:27.500000+00:00,combi,Standing,Dynamic
2024-07-11 11:38:27.500000+00:00,combi,Standing,Dynamic
2024-07-11 11:39:27.500000+00:00,combi,Standing,Dynamic
2024-07-11 11:40:27.500000+00:00,combi,Standing,Dynamic
2024-07-11 11:41:27.500000+00:00,combi,Standing,Dynamic
2024-07-11 11:42:27.500000+00:00,combi,Standing,Dynamic
2024-07-11 11:43:27.500000+00:00,combi,Standing,Dynamic
2024-07-11 11:44:27.500000+00:00,combi,Standing,Dynamic
2024-07-11 11:45:27.500000+00:00,combi,Standing,Dynamic
2024-07-11 11:46:27.500000+00:00,combi,Standing,Dynamic
2024-07-11 11:47:27.500000+00:00,combi,Standing,Dynamic
2024-07-11 11:48:27.500000+00:00,combi,Standing,Dynamic
2024-07-11 11:49:27.500000+00:00,combi,Sitting,Dynamic
2024-07-11 11:50:27.500000+00:00,combi,Standing,Dynamic
2024-07-11 11:51:27.500000+00:00,combi,Standing,Dynamic
2024-07-11 11:52:27.500000+00:00,combi,Standing,Dynamic
2024-07-11 11:53:27.500000+00:00,combi,Standing,Dynamic
2024-07-11 11:54:27.500000+00:00,combi,Standing,Dynamic
2024-07-11 11:55:27.500000+00:00,combi,Standing,Dynamic
2024-07-11 11:56:27.500000+00:00,combi,Standing,Dynamic
2024-07-11 11:57:27.500000+00:00,combi,Standing,Dynamic
2024-07-11 11:58:27.500000+00:00,combi,Standing,Dynamic
2024-07-11 11:59:27.500000+00:00,combi,Standing,Standing
2024-07-11 12:00:27.500000+00:00,combi,Standing,Dynamic
2024-07-11 12:01:27.500000+00:00,combi,Standing,Dynamic
2024-07-11 12:02:27.500000+00:00,combi,Standing,Dynamic
2024-07-11 12:03:27.500000+00:00,combi,Standing,Dynamic
2024-07-11 12:04:27.500000+00:00,combi,Standing,Dynamic
2024-07-11 12:05:27.500000+00:00,combi,Standing,Dynamic
2024-07-11 12:06:27.500000+00:00,combi,Standing,Dynamic
2024-07-11 12:07:27.500000+00:00,combi,Standing,Dynamic
2024-07-11 12:08:27.500000+00:00,combi,Standing,Dynamic
2024-07-11 12:09:27.500000+00:00,combi,Standing,Dynamic
2024-07-11 12:10:27.500000+00:00,combi,Standing,Dynamic
2024-07-11 12:11:27.500000+00:00,combi,Standing,Dynamic
2024-07-11 12:12:27.500000+00:00,combi,Standing,Dynamic
2024-07-11 12:13:27.500000+00:00,combi,Standing,Dynamic
2024-07-11 12:14:27.500000+00:00,combi,Standing,Standing
2024-07-11 12:15:27.500000+00:00,combi,Standing,Dynamic
2024-07-11 12:16:27.500000+00:00,combi,Standing,Dynamic
2024-07-11 12:17:27.500000+00:00,combi,Standing,Dynamic
2024-07-11 12:18:27.500000+00:00,combi,Standing,Dynamic
2024-07-11 12:19:27.500000+00:00,combi,Standing,Dynamic
2024-07-11 12:20:27.500000+00:00,combi,Standing,Standing
2024-07-11 12:21:27.500000+00:00,combi,Standing,Standing
2024-07-11 12:22:27.500000+00:00,combi,Standing,Standing
2024-07-11 12:23:27.500000+00:00,combi,Sitting,Sitting
2024-07-11 12:24:27.500000+00:00,combi,Standing,Dynamic
2024-07-11 12:25:27.500000+00:00,combi,Standing,Dynamic
2024-07-11 12:26:27.500000+00:00,combi,Standing,Dynamic
2024-07-11 12:27:27.500000+00:00,combi,Standing,Dynamic
2024-07-11 12:28:27.500000+00:00,combi,Standing,Dynamic
2024-07-11 12:29:27.500000+00:00,combi,Standing,Dynamic
2024-07-11 12:30:27.500000+00:00,combi,Sitting,Sitting
2024-07-11 12:31:27.500000+00:00,combi,Sitting,Sitting
2024-07-11 12:32:27.500000+00:00,combi,Sitting,Sitting
2024-07-11 12:33:27.500000+00:00,combi,Sitting,Sitting
2024-07-11 12:34:27.500000+00:00,combi,Sitting,Sitting
2024-07-11 12:35:27.500000+00:00,combi,Sitting,Sitting
2024-07-11 12:36:27.500000+00:00,combi,Sitting,Sitting
2024-07-11 12:37:27.500000+00:00,combi,Sitting,Sitting
2024-07-11 12:38:27.500000+00:00,combi,Sitting,Sitting
2024-07-11 12:39:27.500000+00:00,combi,Sitting,Sitting
2024-07-11 12:40:27.500000+00:00,combi,Sitting,Sitting
2024-07-11 12:41:27.500000+00:00,combi,Sitting,Sitting
2024-07-11 12:42:27.500000+00:00,combi,Sitting,Sitting
2024-07-11 12:43:27.500000+00:00,combi,Sitting,Sitting
2024-07-11 12:44:27.500000+00:00,combi,Sitting,Sitting
2024-07-11 12:45:27.500000+00:00,combi,Sitting,Sitting
2024-07-11 12:46:27.500000+00:00,combi,Sitting,Dynamic
2024-07-11 12:47:27.500000+00:00,combi,Sitting,Sitting
2024-07-11 12:48:27.500000+00:00,combi,Sitting,Sitting
2024-07-11 12:49:27.500000+00:00,combi,Standing,Dynamic
2024-07-11 12:50:27.500000+00:00,combi,Standing,Dynamic
2024-07-11 12:51:27.500000+00:00,combi,Standing,Dynamic
2024-07-11 12:52:27.500000+00:00,combi,Sitting,Sitting
2024-07-11 12:53:27.500000+00:00,combi,Sitting,Sitting
2024-07-11 12:54:27.500000+00:00,combi,Sitting,Sitting
2024-07-11 12:55:27.500000+00:00,combi,Sitting,Sitting
2024-07-11 12:56:27.500000+00:00,combi,Sitting,Sitting
2024-07-11 12:57:27.500000+00:00,combi,Sitting,Sitting
2024-07-11 12:58:27.500000+00:00,combi,Sitting,Sitting
2024-07-11 12:59:27.500000+00:00,combi,Sitting,Sitting
2024-07-11 13:00:27.500000+00:00,combi,Sitting,Sitting
2024-07-11 13:01:27.500000+00:00,combi,Sitting,Sitting
2024-07-11 13:02:27.500000+00:00,combi,Sitting,Sitting
2024-07-11 13:03:27.500000+00:00,combi,Sitting,Sitting
2024-07-11 13:04:27.500000+00:00,combi,Sitting,Sitting
2024-07-11 13:05:27.500000+00:00,combi,Sitting,Sitting
2024-07-11 13:06:27.500000+00:00,combi,Sitting,Sitting
2024-07-11 13:07:27.500000+00:00,combi,Sitting,Sitting
2024-07-11 13:08:27.500000+00:00,combi,Sitting,Sitting
2024-07-11 13:09:27.500000+00:00,combi,Sitting,Sitting
2024-07-11 13:10:27.500000+00:00,combi,Sitting,Sitting
2024-07-11 13:11:27.500000+00:00,combi,Sitting,Sitting
2024-07-11 13:12:27.500000+00:00,combi,Sitting,Sitting
2024-07-11 13:13:27.500000+00:00,combi,Sitting,Sitting
2024-07-11 13:14:27.500000+00:00,combi,Sitting,Sitting
2024-07-11 13:15:27.500000+00:00,combi,Sitting,Sitting
2024-07-11 13:16:27.500000+00:00,combi,Sitting,Sitting
2024-07-11 13:17:27.500000+00:00,combi,Sitting,Sitting
2024-07-11 13:18:27.500000+00:00,combi,Sitting,Sitting
2024-07-11 13:19:27.500000+00:00,combi,Sitting,Sitting
2024-07-11 13:20:27.500000+00:00,combi,Sitting,Sitting
2024-07-11 13:21:27.500000+00:00,combi,Sitting,Sitting
2024-07-11 13:22:27.500000+00:00,combi,Sitting,Sitting
2024-07-11 13:23:27.500000+00:00,combi,Sitting,Sitting
2024-07-11 13:24:27.500000+00:00,combi,Sitting,Sitting
2024-07-11 13:25:27.500000+00:00,combi,Sitting,Sitting
2024-07-11 13:26:27.500000+00:00,combi,Sitting,Sitting
2024-07-11 13:27:27.500000+00:00,combi,Sitting,Sitting
2024-07-11 13:28:27.500000+00:00,combi,Sitting,Sitting
2024-07-11 13:29:27.500000+00:00,combi,Sitting,Sitting
2024-07-11 13:30:27.500000+00:00,combi,Sitting,Sitting
2024-07-11 13:31:27.500000+00:00,combi,Sitting,Sitting
2024-07-11 13:32:27.500000+00:00,combi,Sitting,Sitting
2024-07-11 13:33:27.500000+00:00,combi,Sitting,Sitting
2024-07-11 13:34:27.500000+00:00,combi,Sitting,Sitting
2024-07-11 13:35:27.500000+00:00,combi,Sitting,Sitting
2024-07-11 13:36:27.500000+00:00,combi,Sitting,Sitting
2024-07-11 13:37:27.500000+00:00,combi,Sitting,Sitting
2024-07-11 13:38:27.500000+00:00,combi,Sitting,Sitting
2024-07-11 13:39:27.500000+00:00,combi,Sitting,Sitting
2024-07-11 13:40:27.500000+00:00,combi,Sitting,Sitting
2024-07-11 13:41:27.500000+00:00,combi,Sitting,Sitting
2024-07-11 13:42:27.500000+00:00,combi,Sitting,Sitting
2024-07-11 13:43:27.500000+00:00,combi,Sitting,Sitting
2024-07-11 13:44:27.500000+00:00,combi,Sitting,Sitting
2024-07-11 13:45:27.500000+00:00,combi,Sitting,Sitting
2024-07-11 13:46:27.500000+00:00,combi,Sitting,Sitting
2024-07-11 13:47:27.500000+00:00,combi,Sitting,Sitting
2024-07-11 13:48:27.500000+00:00,combi,Sitting,Sitting
2024-07-11 13:49:27.500000+00:00,combi,Standing,Standing
2024-07-11 13:50:27.500000+00:00,combi,Sitting,Sitting
2024-07-11 13:51:27.500000+00:00,combi,Sitting,Sitting
2024-07-11 13:52:27.500000+00:00,combi,Sitting,Sitting
2024-07-11 13:53:27.500000+00:00,combi,Sitting,Sitting
2024-07-11 13:54:27.500000+00:00,combi,Sitting,Sitting
2024-07-11 13:55:27.500000+00:00,combi,Sitting,Sitting
2024-07-11 13:56:27.500000+00:00,combi,Sitting,Sitting
2024-07-11 13:57:27.500000+00:00,combi,Sitting,Sitting
2024-07-11 13:58:27.500000+00:00,combi,Sitting,Sitting
2024-07-11 13:59:27.500000+00:00,combi,Standing,Standing
2024-07-11 14:00:27.500000+00:00,combi,Standing,Standing
2024-07-11 14:01:27.500000+00:00,combi,Sitting,Sitting
2024-07-11 14:02:27.500000+00:00,combi,Sitting,Sitting
2024-07-11 14:03:27.500000+00:00,combi,Sitting,Sitting
2024-07-11 14:04:27.500000+00:00,combi,Sitting,Sitting
2024-07-11 14:05:27.500000+00:00,combi,Sitting,Sitting
2024-07-11 14:06:27.500000+00:00,combi,Standing,Standing
2024-07-11 14:07:27.500000+00:00,combi,Sitting,Sitting
2024-07-11 14:08:27.500000+00:00,combi,Sitting,Sitting
2024-07-11 14:09:27.500000+00:00,combi,Sitting,Sitting
2024-07-11 14:10:27.500000+00:00,combi,Sitting,Sitting
2024-07-11 14:11:27.500000+00:00,combi,Sitting,Sitting
2024-07-11 14:12:27.500000+00:00,combi,Standing,Dynamic
2024-07-11 14:13:27.500000+00:00,combi,Sitting,Dynamic
2024-07-11 14:14:27.500000+00:00,combi,Standing,Dynamic
2024-07-11 14:15:27.500000+00:00,combi,Standing,Dynamic
2024-07-11 14:16:27.500000+00:00,combi,Standing,Dynamic
2024-07-11 14:17:27.500000+00:00,combi,Standing,Dynamic
2024-07-11 14:18:27.500000+00:00,combi,Standing,Dynamic
2024-07-11 14:19:27.500000+00:00,combi,Sitting,Sitting
2024-07-11 14:20:27.500000+00:00,combi,Sitting,Sitting
2024-07-11 14:21:27.500000+00:00,combi,Standing,Dynamic
2024-07-11 14:22:27.500000+00:00,combi,Standing,Standing
2024-07-11 14:23:27.500000+00:00,combi,Standing,Standing
2024-07-11 14:24:27.500000+00:00,combi,Lying,Dynamic
2024-07-11 14:25:27.500000+00:00,combi,Standing,Dynamic
2024-07-11 14:26:27.500000+00:00,combi,Standing,Standing
2024-07-11 14:27:27.500000+00:00,combi,Sitting,Sitting
2024-07-11 14:28:27.500000+00:00,combi,Standing,Sitting
2024-07-11 14:29:27.500000+00:00,combi,Lying,Dynamic
2024-07-11 14:30:27.500000+00:00,combi,Lying,Dynamic
2024-07-11 14:31:27.500000+00:00,combi,Sitting,Sitting
2024-07-11 14:32:27.500000+00:00,combi,Sitting,Sitting
2024-07-11 14:33:27.500000+00:00,combi,Sitting,Sitting
2024-07-11 14:34:27.500000+00:00,combi,Sitting,Sitting
2024-07-11 14:35:27.500000+00:00,combi,Sitting,Sitting
2024-07-11 14:36:27.500000+00:00,combi,Sitting,Sitting
2024-07-11 14:37:27.500000+00:00,combi,Sitting,Sitting
2024-07-11 14:38:27.500000+00:00,combi,Sitting,Sitting
2024-07-11 14:39:27.500000+00:00,combi,Sitting,Sitting
2024-07-11 14:40:27.500000+00:00,combi,Sitting,Sitting
2024-07-11 14:41:27.500000+00:00,combi,Sitting,Sitting
2024-07-11 14:42:27.500000+00:00,combi,Sitting,Sitting
2024-07-11 14:43:27.500000+00:00,combi,Sitting,Sitting
2024-07-11 14:44:27.500000+00:00,combi,Sitting,Sitting
2024-07-11 14:45:27.500000+00:00,combi,Sitting,Sitting
2024-07-11 14:46:27.500000+00:00,combi,Sitting,Sitting
2024-07-11 14:47:27.500000+00:00,combi,Sitting,Sitting
2024-07-11 14:48:27.500000+00:00,combi,Sitting,Sitting
2024-07-11 14:49:27.500000+00:00,combi,Sitting,Sitting
2024-07-11 14:50:27.500000+00:00,combi,Lying,Dynamic
2024-07-11 14:51:27.500000+00:00,combi,Standing,Dynamic
2024-07-11 14:52:27.500000+00:00,combi,Standing,Dynamic
2024-07-11 14:53:27.500000+00:00,combi,Standing,Dynamic
2024-07-11 14:54:27.500000+00:00,combi,Standing,Dynamic
2024-07-11 14:55:27.500000+00:00,combi,Standing,Standing
2024-07-11 14:56:27.500000+00:00,combi,Standing,Dynamic
2024-07-11 14:57:27.500000+00:00,combi,Standing,Dynamic
2024-07-11 14:58:27.500000+00:00,combi,Lying,Dynamic
2024-07-11 14:59:27.500000+00:00,combi,Standing,Dynamic
2024-07-11 15:00:27.500000+00:00,combi,Standing,Dynamic
2024-07-11 15:01:27.500000+00:00,combi,Standing,Dynamic
2024-07-11 15:02:27.500000+00:00,combi,Standing,Dynamic
2024-07-11 15:03:27.500000+00:00,combi,Standing,Standing
2024-07-11 15:04:27.500000+00:00,combi,Standing,Standing
2024-07-11 15:05:27.500000+00:00,combi,Sitting,Sitting
2024-07-11 15:06:27.500000+00:00,combi,Standing,Standing
2024-07-11 15:07:27.500000+00:00,combi,Sitting,Sitting
2024-07-11 15:08:27.500000+00:00,combi,Sitting,Sitting
2024-07-11 15:09:27.500000+00:00,combi,Sitting,Sitting
2024-07-11 15:10:27.500000+00:00,combi,Sitting,Sitting
2024-07-11 15:11:27.500000+00:00,combi,Sitting,Sitting
2024-07-11 15:12:27.500000+00:00,combi,Sitting,Sitting
2024-07-11 15:13:27.500000+00:00,combi,Sitting,Sitting
2024-07-11 15:14:27.500000+00:00,combi,Sitting,Sitting
2024-07-11 15:15:27.500000+00:00,combi,Standing,Dynamic
2024-07-11 15:16:27.500000+00:00,combi,Sitting,Dynamic
2024-07-11 15:17:27.500000+00:00,combi,Sitting,Dynamic
2024-07-11 15:18:27.500000+00:00,combi,Sitting,Dynamic
2024-07-11 15:19:27.500000+00:00,combi,Sitting,Dynamic
2024-07-11 15:20:27.500000+00:00,combi,Standing,Dynamic
2024-07-11 15:21:27.500000+00:00,combi,Standing,Dynamic
2024-07-11 15:22:27.500000+00:00,combi,Standing,Standing
2024-07-11 15:23:27.500000+00:00,combi,Standing,Standing
2024-07-11 15:24:27.500000+00:00,combi,Standing,Standing
2024-07-11 15:25:27.500000+00:00,combi,Standing,Dynamic
2024-07-11 15:26:27.500000+00:00,combi,Standing,Standing
2024-07-11 15:27:27.500000+00:00,combi,Standing,Standing
2024-07-11 15:28:27.500000+00:00,combi,Standing,Standing
2024-07-11 15:29:27.500000+00:00,combi,Standing,Dynamic
2024-07-11 15:30:27.500000+00:00,combi,Standing,Standing
2024-07-11 15:31:27.500000+00:00,combi,Standing,Standing
2024-07-11 15:32:27.500000+00:00,combi,Standing,Dynamic
2024-07-11 15:33:27.500000+00:00,combi,Standing,Dynamic
2024-07-11 15:34:27.500000+00:00,combi,Standing,Dynamic
2024-07-11 15:35:27.500000+00:00,combi,Standing,Dynamic
2024-07-11 15:36:27.500000+00:00,combi,Standing,Dynamic
2024-07-11 15:37:27.500000+00:00,combi,Standing,Dynamic
2024-07-11 15:38:27.500000+00:00,combi,Standing,Dynamic
2024-07-11 15:39:27.500000+00:00,combi,Standing,Dynamic
2024-07-11 15:40:27.500000+00:00,combi,Standing,Dynamic
2024-07-11 15:41:27.500000+00:00,combi,Standing,Dynamic
2024-07-11 15:42:27.500000+00:00,combi,Sitting,Sitting
2024-07-11 15:43:27.500000+00:00,combi,Sitting,Dynamic
2024-07-11 15:44:27.500000+00:00,combi,Standing,Standing
2024-07-11 15:45:27.500000+00:00,combi,Standing,Sitting
2024-07-11 15:46:27.500000+00:00,combi,Standing,Standing
2024-07-11 15:47:27.500000+00:00,combi,Standing,Dynamic
2024-07-11 15:48:27.500000+00:00,combi,Standing,Dynamic
2024-07-11 15:49:27.500000+00:00,combi,Standing,Dynamic
2024-07-11 15:50:27.500000+00:00,combi,Standing,Dynamic
2024-07-11 15:51:27.500000+00:00,combi,Standing,Dynamic
2024-07-11 15:52:27.500000+00:00,combi,Sitting,Sitting
2024-07-11 15:53:27.500000+00:00,combi,Sitting,Sitting
2024-07-11 15:54:27.500000+00:00,combi,Sitting,Sitting
2024-07-11 15:55:27.500000+00:00,combi,Sitting,Sitting
2024-07-11 15:56:27.500000+00:00,combi,Sitting,Sitting
2024-07-11 15:57:27.500000+00:00,combi,Sitting,Sitting
2024-07-11 15:58:27.500000+00:00,combi,Sitting,Sitting
2024-07-11 15:59:27.500000+00:00,combi,Sitting,Sitting
2024-07-11 16:00:27.500000+00:00,combi,Standing,Standing
2024-07-11 16:01:27.500000+00:00,combi,Sitting,Sitting
2024-07-11 16:02:27.500000+00:00,combi,Sitting,Sitting
2024-07-11 16:03:27.500000+00:00,combi,Sitting,Sitting
2024-07-11 16:04:27.500000+00:00,combi,Standing,Standing
2024-07-11 16:05:27.500000+00:00,combi,Sitting,Sitting
2024-07-11 16:06:27.500000+00:00,combi,Standing,Sitting
2024-07-11 16:07:27.500000+00:00,combi,Sitting,Sitting
2024-07-11 16:08:27.500000+00:00,combi,Sitting,Sitting
2024-07-11 16:09:27.500000+00:00,combi,Sitting,Sitting
2024-07-11 16:10:27.500000+00:00,combi,Sitting,Sitting
2024-07-11 16:11:27.500000+00:00,combi,Sitting,Sitting
2024-07-11 16:12:27.500000+00:00,combi,Sitting,Sitting
2024-07-11 16:13:27.500000+00:00,combi,Standing,Dynamic
2024-07-11 16:14:27.500000+00:00,combi,Standing,Dynamic
2024-07-11 16:15:27.500000+00:00,combi,Standing,Dynamic
2024-07-11 16:16:27.500000+00:00,combi,Standing,Sitting
2024-07-11 16:17:27.500000+00:00,combi,Sitting,Sitting
2024-07-11 16:18:27.500000+00:00,combi,Sitting,Sitting
2024-07-11 16:19:27.500000+00:00,combi,Sitting,Sitting
2024-07-11 16:20:27.500000+00:00,combi,Standing,Sitting
2024-07-11 16:21:27.500000+00:00,combi,Standing,Dynamic
2024-07-11 16:22:27.500000+00:00,combi,Sitting,Dynamic
2024-07-11 16:23:27.500000+00:00,combi,Sitting,Dynamic
2024-07-11 16:24:27.500000+00:00,combi,Lying,Dynamic
2024-07-11 16:25:27.500000+00:00,combi,Sitting,Dynamic
2024-07-11 16:26:27.500000+00:00,combi,Sitting,Dynamic
2024-07-11 16:27:27.500000+00:00,combi,Sitting,Dynamic
2024-07-11 16:28:27.500000+00:00,combi,Sitting,Dynamic
2024-07-11 16:29:27.500000+00:00,combi,Sitting,Dynamic
2024-07-11 16:30:27.500000+00:00,combi,Sitting,Dynamic
2024-07-11 16:31:27.500000+00:00,combi,Sitting,Dynamic
2024-07-11 16:32:27.500000+00:00,combi,Sitting,Dynamic
2024-07-11 16:33:27.500000+00:00,combi,Sitting,Dynamic
2024-07-11 16:34:27.500000+00:00,combi,Sitting,Dynamic
2024-07-11 16:35:27.500000+00:00,combi,Sitting,Dynamic
2024-07-11 16:36:27.500000+00:00,combi,Lying,Dynamic
2024-07-11 16:37:27.500000+00:00,combi,Standing,Dynamic
2024-07-11 16:38:27.500000+00:00,combi,Sitting,Sitting
2024-07-11 16:39:27.500000+00:00,combi,Standing,Dynamic
2024-07-11 16:40:27.500000+00:00,combi,Sitting,Sitting
2024-07-11 16:41:27.500000+00:00,combi,Sitting,Sitting
2024-07-11 16:42:27.500000+00:00,combi,Sitting,Sitting
2024-07-11 16:43:27.500000+00:00,combi,Sitting,Sitting
2024-07-11 16:44:27.500000+00:00,combi,Sitting,Sitting
2024-07-11 16:45:27.500000+00:00,combi,Sitting,Sitting
2024-07-11 16:46:27.500000+00:00,combi,Sitting,Sitting
2024-07-11 16:47:27.500000+00:00,combi,Sitting,Sitting
2024-07-11 16:48:27.500000+00:00,combi,Sitting,Sitting
2024-07-11 16:49:27.500000+00:00,combi,Lying,Lying
2024-07-11 16:50:27.500000+00:00,combi,Lying,Lying
2024-07-11 16:51:27.500000+00:00,combi,Lying,Lying
2024-07-11 16:52:27.500000+00:00,combi,Lying,Lying
2024-07-11 16:53:27.500000+00:00,combi,Lying,Lying
2024-07-11 16:54:27.500000+00:00,combi,Lying,Lying
2024-07-11 16:55:27.500000+00:00,combi,Lying,Lying
2024-07-11 16:56:27.500000+00:00,combi,Lying,Lying
2024-07-11 16:57:27.500000+00:00,combi,Lying,Lying
2024-07-11 16:58:27.500000+00:00,combi,Lying,Lying
2024-07-11 16:59:27.500000+00:00,combi,Lying,Lying
2024-07-11 17:00:27.500000+00:00,combi,Lying,Lying
2024-07-11 17:01:27.500000+00:00,combi,Lying,Lying
2024-07-11 17:02:27.500000+00:00,combi,Lying,Lying
2024-07-11 17:03:27.500000+00:00,combi,Lying,Lying
2024-07-11 17:04:27.500000+00:00,combi,Lying,Lying
2024-07-11 17:05:27.500000+00:00,combi,Lying,Lying
2024-07-11 17:06:27.500000+00:00,combi,Lying,Lying
2024-07-11 17:07:27.500000+00:00,combi,Lying,Lying
2024-07-11 17:08:27.500000+00:00,combi,Lying,Lying
2024-07-11 17:09:27.500000+00:00,combi,Lying,Lying
2024-07-11 17:10:27.500000+00:00,combi,Lying,Lying
2024-07-11 17:11:27.500000+00:00,combi,Lying,Lying
2024-07-11 17:12:27.500000+00:00,combi,Lying,Lying
2024-07-11 17:13:27.500000+00:00,combi,Lying,Lying
2024-07-11 17:14:27.500000+00:00,combi,Lying,Lying
2024-07-11 17:15:27.500000+00:00,combi,Lying,Lying
2024-07-11 17:16:27.500000+00:00,combi,Lying,Lying
2024-07-11 17:17:27.500000+00:00,combi,Lying,Lying
2024-07-11 17:18:27.500000+00:00,combi,Lying,Lying
2024-07-11 17:19:27.500000+00:00,combi,Lying,Lying
2024-07-11 17:20:27.500000+00:00,combi,Lying,Lying
2024-07-11 17:21:27.500000+00:00,combi,Lying,Lying
2024-07-11 17:22:27.500000+00:00,combi,Lying,Lying
2024-07-11 17:23:27.500000+00:00,combi,Lying,Lying
2024-07-11 17:24:27.500000+00:00,combi,Lying,Lying
2024-07-11 17:25:27.500000+00:00,combi,Lying,Lying
2024-07-11 17:26:27.500000+00:00,combi,Lying,Lying
2024-07-11 17:27:27.500000+00:00,combi,Lying,Lying
2024-07-11 17:28:27.500000+00:00,combi,Lying,Lying
2024-07-11 17:29:27.500000+00:00,combi,Lying,Lying
2024-07-11 17:30:27.500000+00:00,combi,Lying,Lying
2024-07-11 17:31:27.500000+00:00,combi,Lying,Lying
2024-07-11 17:32:27.500000+00:00,combi,Standing,Dynamic
2024-07-11 17:33:27.500000+00:00,combi,Standing,Dynamic
2024-07-11 17:34:27.500000+00:00,combi,Sitting,Sitting
2024-07-11 17:35:27.500000+00:00,combi,Sitting,Sitting
2024-07-11 17:36:27.500000+00:00,combi,Sitting,Sitting
2024-07-11 17:37:27.500000+00:00,combi,Sitting,Sitting
2024-07-11 17:38:27.500000+00:00,combi,Sitting,Sitting
2024-07-11 17:39:27.500000+00:00,combi,Sitting,Sitting
2024-07-11 17:40:27.500000+00:00,combi,Sitting,Sitting
2024-07-11 17:41:27.500000+00:00,combi,Sitting,Sitting
2024-07-11 17:42:27.500000+00:00,combi,Sitting,Sitting
2024-07-11 17:43:27.500000+00:00,combi,Sitting,Sitting
2024-07-11 17:44:27.500000+00:00,combi,Sitting,Sitting
2024-07-11 17:45:27.500000+00:00,combi,Sitting,Sitting
2024-07-11 17:46:27.500000+00:00,combi,Sitting,Sitting
2024-07-11 17:47:27.500000+00:00,combi,Sitting,Sitting
2024-07-11 17:48:27.500000+00:00,combi,Sitting,Sitting
2024-07-11 17:49:27.500000+00:00,combi,Sitting,Sitting
2024-07-11 17:50:27.500000+00:00,combi,Sitting,Sitting
2024-07-11 17:51:27.500000+00:00,combi,Sitting,Sitting
2024-07-11 17:52:27.500000+00:00,combi,Sitting,Sitting
2024-07-11 17:53:27.500000+00:00,combi,Sitting,Sitting
2024-07-11 17:54:27.500000+00:00,combi,Sitting,Sitting
2024-07-11 17:55:27.500000+00:00,combi,Sitting,Sitting
2024-07-11 17:56:27.500000+00:00,combi,Sitting,Sitting
2024-07-11 17:57:27.500000+00:00,combi,Sitting,Sitting
2024-07-11 17:58:27.500000+00:00,combi,Sitting,Sitting
2024-07-11 17:59:27.500000+00:00,combi,Sitting,Sitting
2024-07-11 18:00:27.500000+00:00,combi,Sitting,Sitting
2024-07-11 18:01:27.500000+00:00,combi,Sitting,Sitting
2024-07-11 18:02:27.500000+00:00,combi,Sitting,Sitting
2024-07-11 18:03:27.500000+00:00,combi,Sitting,Sitting
2024-07-11 18:04:27.500000+00:00,combi,Sitting,Sitting
2024-07-11 18:05:27.500000+00:00,combi,Standing,Dynamic
2024-07-11 18:06:27.500000+00:00,combi,Standing,Dynamic
2024-07-11 18:07:27.500000+00:00,combi,Sitting,Sitting
2024-07-11 18:08:27.500000+00:00,combi,Sitting,Sitting
2024-07-11 18:09:27.500000+00:00,combi,Sitting,Sitting
2024-07-11 18:10:27.500000+00:00,combi,Sitting,Sitting
2024-07-11 18:11:27.500000+00:00,combi,Sitting,Sitting
2024-07-11 18:12:27.500000+00:00,combi,Sitting,Sitting
2024-07-11 18:13:27.500000+00:00,combi,Sitting,Sitting
2024-07-11 18:14:27.500000+00:00,combi,Sitting,Sitting
2024-07-11 18:15:27.500000+00:00,combi,Sitting,Sitting
2024-07-11 18:16:27.500000+00:00,combi,Sitting,Sitting
2024-07-11 18:17:27.500000+00:00,combi,Sitting,Sitting
2024-07-11 18:18:27.500000+00:00,combi,Sitting,Sitting
2024-07-11 18:19:27.500000+00:00,combi,Sitting,Sitting
2024-07-11 18:20:27.500000+00:00,combi,Sitting,Sitting
2024-07-11 18:21:27.500000+00:00,combi,Sitting,Sitting
2024-07-11 18:22:27.500000+00:00,combi,Sitting,Sitting
2024-07-11 18:23:27.500000+00:00,combi,Sitting,Sitting
2024-07-11 18:24:27.500000+00:00,combi,Sitting,Sitting
2024-07-11 18:25:27.500000+00:00,combi,Sitting,Sitting
2024-07-11 18:26:27.500000+00:00,combi,Sitting,Sitting
2024-07-11 18:27:27.500000+00:00,combi,Sitting,Sitting
2024-07-11 18:28:27.500000+00:00,combi,Sitting,Sitting
2024-07-11 18:29:27.500000+00:00,combi,Sitting,Sitting
2024-07-11 18:30:27.500000+00:00,combi,Sitting,Sitting
2024-07-11 18:31:27.500000+00:00,combi,Sitting,Sitting
2024-07-11 18:32:27.500000+00:00,combi,Sitting,Sitting
2024-07-11 18:33:27.500000+00:00,combi,Sitting,Sitting
2024-07-11 18:34:27.500000+00:00,combi,Sitting,Sitting
2024-07-11 18:35:27.500000+00:00,combi,Sitting,Sitting
2024-07-11 18:36:27.500000+00:00,combi,Sitting,Sitting
2024-07-11 18:37:27.500000+00:00,combi,Sitting,Sitting
2024-07-11 18:38:27.500000+00:00,combi,Sitting,Sitting
2024-07-11 18:39:27.500000+00:00,combi,Sitting,Sitting
2024-07-11 18:40:27.500000+00:00,combi,Sitting,Sitting
2024-07-11 18:41:27.500000+00:00,combi,Sitting,Sitting
2024-07-11 18:42:27.500000+00:00,combi,Standing,Standing
2024-07-11 18:43:27.500000+00:00,combi,Lying,Lying
2024-07-11 18:44:27.500000+00:00,combi,Sitting,Sitting
2024-07-11 18:45:27.500000+00:00,combi,Sitting,Sitting
2024-07-11 18:46:27.500000+00:00,combi,Sitting,Sitting
2024-07-11 18:47:27.500000+00:00,combi,Lying,Lying
2024-07-11 18:48:27.500000+00:00,combi,Sitting,Sitting
2024-07-11 18:49:27.500000+00:00,combi,Sitting,Dynamic
2024-07-11 18:50:27.500000+00:00,combi,Standing,Dynamic
2024-07-11 18:51:27.500000+00:00,combi,Standing,Dynamic
2024-07-11 18:52:27.500000+00:00,combi,Standing,Dynamic
2024-07-11 18:53:27.500000+00:00,combi,Lying,Dynamic
2024-07-11 18:54:27.500000+00:00,combi,Sitting,Dynamic
2024-07-11 18:55:27.500000+00:00,combi,Sitting,Dynamic
2024-07-11 18:56:27.500000+00:00,combi,Sitting,Dynamic
2024-07-11 18:57:27.500000+00:00,combi,Sitting,Dynamic
2024-07-11 18:58:27.500000+00:00,combi,Sitting,Dynamic
2024-07-11 18:59:27.500000+00:00,combi,Lying,Dynamic
2024-07-11 19:00:27.500000+00:00,combi,Standing,Dynamic
2024-07-11 19:01:27.500000+00:00,combi,Standing,Dynamic
2024-07-11 19:02:27.500000+00:00,combi,Sitting,Sitting
2024-07-11 19:03:27.500000+00:00,combi,Standing,Dynamic
2024-07-11 19:04:27.500000+00:00,combi,Sitting,Sitting
2024-07-11 19:05:27.500000+00:00,combi,Sitting,Sitting
2024-07-11 19:06:27.500000+00:00,combi,Sitting,Sitting
2024-07-11 19:07:27.500000+00:00,combi,Lying,Dynamic
2024-07-11 19:08:27.500000+00:00,combi,Standing,Dynamic
2024-07-11 19:09:27.500000+00:00,combi,Sitting,Sitting
2024-07-11 19:10:27.500000+00:00,combi,Sitting,Sitting
2024-07-11 19:11:27.500000+00:00,combi,Sitting,Sitting
2024-07-11 19:12:27.500000+00:00,combi,Sitting,Sitting
2024-07-11 19:13:27.500000+00:00,combi,Sitting,Sitting
2024-07-11 19:14:27.500000+00:00,combi,Sitting,Sitting
2024-07-11 19:15:27.500000+00:00,combi,Sitting,Sitting
2024-07-11 19:16:27.500000+00:00,combi,Standing,Sitting
2024-07-11 19:17:27.500000+00:00,combi,Sitting,Sitting
2024-07-11 19:18:27.500000+00:00,combi,Sitting,Sitting
2024-07-11 19:19:27.500000+00:00,combi,Sitting,Sitting
2024-07-11 19:20:27.500000+00:00,combi,Sitting,Sitting
2024-07-11 19:21:27.500000+00:00,combi,Lying,Dynamic
2024-07-11 19:22:27.500000+00:00,combi,Lying,Dynamic
2024-07-11 19:23:27.500000+00:00,combi,Sitting,Sitting
2024-07-11 19:24:27.500000+00:00,combi,Sitting,Sitting
2024-07-11 19:25:27.500000+00:00,combi,Lying,Dynamic
2024-07-11 19:26:27.500000+00:00,combi,Sitting,Dynamic
2024-07-11 19:27:27.500000+00:00,combi,Sitting,Sitting
2024-07-11 19:28:27.500000+00:00,combi,Sitting,Sitting
2024-07-11 19:29:27.500000+00:00,combi,Sitting,Sitting
2024-07-11 19:30:27.500000+00:00,combi,Sitting,Sitting
2024-07-11 19:31:27.500000+00:00,combi,Sitting,Sitting
2024-07-11 19:32:27.500000+00:00,combi,Sitting,Sitting
2024-07-11 19:33:27.500000+00:00,combi,Sitting,Sitting
2024-07-11 19:34:27.500000+00:00,combi,Sitting,Sitting
2024-07-11 19:35:27.500000+00:00,combi,Sitting,Sitting
2024-07-11 19:36:27.500000+00:00,combi,Sitting,Sitting
2024-07-11 19:37:27.500000+00:00,combi,Standing,Standing
2024-07-11 19:38:27.500000+00:00,combi,Sitting,Sitting
2024-07-11 19:39:27.500000+00:00,combi,Sitting,Sitting
2024-07-11 19:40:27.500000+00:00,combi,Sitting,Sitting
2024-07-11 19:41:27.500000+00:00,combi,Sitting,Sitting
2024-07-11 19:42:27.500000+00:00,combi,Sitting,Sitting
2024-07-11 19:43:27.500000+00:00,combi,Sitting,Sitting
2024-07-11 19:44:27.500000+00:00,combi,Sitting,Dynamic
2024-07-11 19:45:27.500000+00:00,combi,Standing,Standing
2024-07-11 19:46:27.500000+00:00,combi,Standing,Dynamic
2024-07-11 19:47:27.500000+00:00,combi,Standing,Dynamic
2024-07-11 19:48:27.500000+00:00,combi,Standing,Dynamic
2024-07-11 19:49:27.500000+00:00,combi,Standing,Dynamic
2024-07-11 19:50:27.500000+00:00,combi,Standing,Standing
2024-07-11 19:51:27.500000+00:00,combi,Standing,Standing
2024-07-11 19:52:27.500000+00:00,combi,Sitting,Sitting
2024-07-11 19:53:27.500000+00:00,combi,Sitting,Sitting
2024-07-11 19:54:27.500000+00:00,combi,Standing,Standing
2024-07-11 19:55:27.500000+00:00,combi,Sitting,Dynamic
2024-07-11 19:56:27.500000+00:00,combi,Standing,Dynamic
2024-07-11 19:57:27.500000+00:00,combi,Standing,Dynamic
2024-07-11 19:58:27.500000+00:00,combi,Lying,Dynamic
2024-07-11 19:59:27.500000+00:00,combi,Sitting,Dynamic
2024-07-11 20:00:27.500000+00:00,combi,Standing,Dynamic
2024-07-11 20:01:27.500000+00:00,combi,Standing,Dynamic
2024-07-11 20:02:27.500000+00:00,combi,Sitting,Dynamic
2024-07-11 20:03:27.500000+00:00,combi,Standing,Dynamic
2024-07-11 20:04:27.500000+00:00,combi,Sitting,Dynamic
2024-07-11 20:05:27.500000+00:00,combi,Sitting,Dynamic
2024-07-11 20:06:27.500000+00:00,combi,Sitting,Dynamic
2024-07-11 20:07:27.500000+00:00,combi,Sitting,Dynamic
2024-07-11 20:08:27.500000+00:00,combi,Sitting,Dynamic
2024-07-11 20:09:27.500000+00:00,combi,Sitting,Dynamic
2024-07-11 20:10:27.500000+00:00,combi,Sitting,Dynamic
2024-07-11 20:11:27.500000+00:00,combi,Sitting,Dynamic
2024-07-11 20:12:27.500000+00:00,combi,Lying,Dynamic
2024-07-11 20:13:27.500000+00:00,combi,Standing,Dynamic
2024-07-11 20:14:27.500000+00:00,combi,Sitting,Sitting
2024-07-11 20:15:27.500000+00:00,combi,Standing,Dynamic
2024-07-11 20:16:27.500000+00:00,combi,Sitting,Sitting
2024-07-11 20:17:27.500000+00:00,combi,Sitting,Sitting
2024-07-11 20:18:27.500000+00:00,combi,Sitting,Sitting
2024-07-11 20:19:27.500000+00:00,combi,Sitting,Sitting
2024-07-11 20:20:27.500000+00:00,combi,Sitting,Sitting
2024-07-11 20:21:27.500000+00:00,combi,Sitting,Sitting
2024-07-11 20:22:27.500000+00:00,combi,Sitting,Sitting
2024-07-11 20:23:27.500000+00:00,combi,Sitting,Sitting
2024-07-11 20:24:27.500000+00:00,combi,Sitting,Sitting
2024-07-11 20:25:27.500000+00:00,combi,Sitting,Sitting
2024-07-11 20:26:27.500000+00:00,combi,Sitting,Sitting
2024-07-11 20:27:27.500000+00:00,combi,Sitting,Sitting
2024-07-11 20:28:27.500000+00:00,combi,Sitting,Sitting
2024-07-11 20:29:27.500000+00:00,combi,Sitting,Sitting
2024-07-11 20:30:27.500000+00:00,combi,Standing,Dynamic
2024-07-11 20:31:27.500000+00:00,combi,Sitting,Sitting
2024-07-11 20:32:27.500000+00:00,combi,Lying,Dynamic
2024-07-11 20:33:27.500000+00:00,combi,Sitting,Dynamic
2024-07-11 20:34:27.500000+00:00,combi,Standing,Dynamic
2024-07-11 20:35:27.500000+00:00,combi,Sitting,Sitting
2024-07-11 20:36:27.500000+00:00,combi,Sitting,Sitting
2024-07-11 20:37:27.500000+00:00,combi,Sitting,Sitting
2024-07-11 20:38:27.500000+00:00,combi,Sitting,Sitting
2024-07-11 20:39:27.500000+00:00,combi,Sitting,Sitting
2024-07-11 20:40:27.500000+00:00,combi,Sitting,Sitting
2024-07-11 20:41:27.500000+00:00,combi,Sitting,Sitting
2024-07-11 20:42:27.500000+00:00,combi,Sitting,Sitting
2024-07-11 20:43:27.500000+00:00,combi,Sitting,Sitting
2024-07-11 20:44:27.500000+00:00,combi,Sitting,Sitting
2024-07-11 20:45:27.500000+00:00,combi,Sitting,Sitting
2024-07-11 20:46:27.500000+00:00,combi,Sitting,Sitting
2024-07-11 20:47:27.500000+00:00,combi,Sitting,Sitting
2024-07-11 20:48:27.500000+00:00,combi,Sitting,Sitting
2024-07-11 20:49:27.500000+00:00,combi,Sitting,Sitting
2024-07-11 20:50:27.500000+00:00,combi,Sitting,Sitting
2024-07-11 20:51:27.500000+00:00,combi,Sitting,Sitting
2024-07-11 20:52:27.500000+00:00,combi,Sitting,Sitting
2024-07-11 20:53:27.500000+00:00,combi,Sitting,Sitting
2024-07-11 20:54:27.500000+00:00,combi,Sitting,Sitting
2024-07-11 20:55:27.500000+00:00,combi,Sitting,Sitting
2024-07-11 20:56:27.500000+00:00,combi,Sitting,Sitting
2024-07-11 20:57:27.500000+00:00,combi,Sitting,Sitting
2024-07-11 20:58:27.500000+00:00,combi,Sitting,Sitting
2024-07-11 20:59:27.500000+00:00,combi,Sitting,Sitting
2024-07-11 21:00:27.500000+00:00,combi,Sitting,Sitting
2024-07-11 21:01:27.500000+00:00,combi,Sitting,Sitting
2024-07-11 21:02:27.500000+00:00,combi,Sitting,Sitting
2024-07-11 21:03:27.500000+00:00,combi,Sitting,Sitting
2024-07-11 21:04:27.500000+00:00,combi,Sitting,Sitting
2024-07-11 21:05:27.500000+00:00,combi,Sitting,Sitting
2024-07-11 21:06:27.500000+00:00,combi,Sitting,Sitting
2024-07-11 21:07:27.500000+00:00,combi,Sitting,Sitting
2024-07-11 21:08:27.500000+00:00,combi,Sitting,Sitting
2024-07-11 21:09:27.500000+00:00,combi,Sitting,Sitting
2024-07-11 21:10:27.500000+00:00,combi,Sitting,Sitting
2024-07-11 21:11:27.500000+00:00,combi,Sitting,Sitting
2024-07-11 21:12:27.500000+00:00,combi,Sitting,Sitting
2024-07-11 21:13:27.500000+00:00,combi,Sitting,Sitting
2024-07-11 21:14:27.500000+00:00,combi,Sitting,Sitting
2024-07-11 21:15:27.500000+00:00,combi,Sitting,Sitting
2024-07-11 21:16:27.500000+00:00,combi,Sitting,Sitting
2024-07-11 21:17:27.500000+00:00,combi,Sitting,Sitting
2024-07-11 21:18:27.500000+00:00,combi,Sitting,Sitting
2024-07-11 21:19:27.500000+00:00,combi,Sitting,Sitting
2024-07-11 21:20:27.500000+00:00,combi,Sitting,Sitting
2024-07-11 21:21:27.500000+00:00,combi,Sitting,Sitting
2024-07-11 21:22:27.500000+00:00,combi,Sitting,Sitting
2024-07-11 21:23:27.500000+00:00,combi,Sitting,Sitting
2024-07-11 21:24:27.500000+00:00,combi,Sitting,Sitting
2024-07-11 21:25:27.500000+00:00,combi,Sitting,Sitting
2024-07-11 21:26:27.500000+00:00,combi,Sitting,Sitting
2024-07-11 21:27:27.500000+00:00,combi,Sitting,Dynamic
2024-07-11 21:28:27.500000+00:00,combi,Sitting,Sitting
2024-07-11 21:29:27.500000+00:00,combi,Sitting,Sitting
2024-07-11 21:30:27.500000+00:00,combi,Sitting,Sitting
2024-07-11 21:31:27.500000+00:00,combi,Sitting,Sitting
2024-07-11 21:32:27.500000+00:00,combi,Sitting,Sitting
2024-07-11 21:33:27.500000+00:00,combi,Sitting,Sitting
2024-07-11 21:34:27.500000+00:00,combi,Sitting,Sitting
2024-07-11 21:35:27.500000+00:00,combi,Sitting,Sitting
2024-07-11 21:36:27.500000+00:00,combi,Sitting,Standing
2024-07-11 21:37:27.500000+00:00,combi,Sitting,Sitting
2024-07-11 21:38:27.500000+00:00,combi,Sitting,Sitting
2024-07-11 21:39:27.500000+00:00,combi,Sitting,Sitting
2024-07-11 21:40:27.500000+00:00,combi,Sitting,Sitting
2024-07-11 21:41:27.500000+00:00,combi,Sitting,Sitting
2024-07-11 21:42:27.500000+00:00,combi,Sitting,Sitting
2024-07-11 21:43:27.500000+00:00,combi,Sitting,Sitting
2024-07-11 21:44:27.500000+00:00,combi,Sitting,Sitting
2024-07-11 21:45:27.500000+00:00,combi,Sitting,Sitting
2024-07-11 21:46:27.500000+00:00,combi,Sitting,Sitting
2024-07-11 21:47:27.500000+00:00,combi,Sitting,Sitting
2024-07-11 21:48:27.500000+00:00,combi,Sitting,Sitting
2024-07-11 21:49:27.500000+00:00,combi,Sitting,Sitting
2024-07-11 21:50:27.500000+00:00,combi,Sitting,Sitting
2024-07-11 21:51:27.500000+00:00,combi,Sitting,Sitting
2024-07-11 21:52:27.500000+00:00,combi,Sitting,Sitting
2024-07-11 21:53:27.500000+00:00,combi,Sitting,Sitting
2024-07-11 21:54:27.500000+00:00,combi,Sitting,Sitting
2024-07-11 21:55:27.500000+00:00,combi,Sitting,Sitting
2024-07-11 21:56:27.500000+00:00,combi,Sitting,Sitting
2024-07-11 21:57:27.500000+00:00,combi,Sitting,Sitting
2024-07-11 21:58:27.500000+00:00,combi,Sitting,Sitting
2024-07-11 21:59:27.500000+00:00,combi,Sitting,Sitting
2024-07-11 22:00:27.500000+00:00,combi,Sitting,Sitting
2024-07-11 22:01:27.500000+00:00,combi,Sitting,Sitting
2024-07-11 22:02:27.500000+00:00,combi,Sitting,Sitting
2024-07-11 22:03:27.500000+00:00,combi,Sitting,Sitting
2024-07-11 22:04:27.500000+00:00,combi,Sitting,Sitting
2024-07-11 22:05:27.500000+00:00,combi,Sitting,Sitting
2024-07-11 22:06:27.500000+00:00,combi,Sitting,Sitting
2024-07-11 22:07:27.500000+00:00,combi,Sitting,Dynamic
2024-07-11 22:08:27.500000+00:00,combi,Standing,Dynamic
2024-07-11 22:09:27.500000+00:00,combi,Standing,Dynamic
2024-07-11 22:10:27.500000+00:00,combi,Standing,Standing
2024-07-11 22:11:27.500000+00:00,combi,Standing,Dynamic
2024-07-11 22:12:27.500000+00:00,combi,Standing,Standing
2024-07-11 22:13:27.500000+00:00,combi,Standing,Dynamic
2024-07-11 22:14:27.500000+00:00,combi,Lying,Dynamic
2024-07-11 22:15:27.500000+00:00,combi,Sitting,Dynamic
2024-07-11 22:16:27.500000+00:00,combi,Sitting,Dynamic
2024-07-11 22:17:27.500000+00:00,combi,Sitting,Dynamic
2024-07-11 22:18:27.500000+00:00,combi,Sitting,Dynamic
2024-07-11 22:19:27.500000+00:00,combi,Sitting,Dynamic
2024-07-11 22:20:27.500000+00:00,combi,Sitting,Dynamic
2024-07-11 22:21:27.500000+00:00,combi,Sitting,Dynamic
2024-07-11 22:22:27.500000+00:00,combi,Lying,Dynamic
2024-07-11 22:23:27.500000+00:00,combi,Sitting,Dynamic
2024-07-11 22:24:27.500000+00:00,combi,Sitting,Dynamic
2024-07-11 22:25:27.500000+00:00,combi,Sitting,Dynamic
2024-07-11 22:26:27.500000+00:00,combi,Standing,Dynamic
2024-07-11 22:27:27.500000+00:00,combi,Standing,Dynamic
2024-07-11 22:28:27.500000+00:00,combi,Standing,Dynamic
2024-07-11 22:29:27.500000+00:00,combi,Standing,Dynamic
2024-07-11 22:30:27.500000+00:00,combi,Lying,Dynamic
2024-07-11 22:31:27.500000+00:00,combi,Lying,Dynamic
2024-07-11 22:32:27.500000+00:00,combi,Lying,Lying
2024-07-11 22:33:27.500000+00:00,combi,Lying,Lying
2024-07-11 22:34:27.500000+00:00,combi,Lying,Lying
2024-07-11 22:35:27.500000+00:00,combi,Lying,Lying
2024-07-11 22:36:27.500000+00:00,combi,Lying,Lying
2024-07-11 22:37:27.500000+00:00,combi,Lying,Lying
2024-07-11 22:38:27.500000+00:00,combi,Lying,Lying
2024-07-11 22:39:27.500000+00:00,combi,Lying,Lying
2024-07-11 22:40:27.500000+00:00,combi,Lying,Lying
2024-07-11 22:41:27.500000+00:00,combi,Lying,Lying
2024-07-11 22:42:27.500000+00:00,combi,Lying,Lying
2024-07-11 22:43:27.500000+00:00,combi,Lying,Lying
2024-07-11 22:44:27.500000+00:00,combi,Lying,Lying
2024-07-11 22:45:27.500000+00:00,combi,Lying,Lying
2024-07-11 22:46:27.500000+00:00,combi,Lying,Lying
2024-07-11 22:47:27.500000+00:00,combi,Lying,Lying
2024-07-11 22:48:27.500000+00:00,combi,Lying,Lying
2024-07-11 22:49:27.500000+00:00,combi,Lying,Lying
2024-07-11 22:50:27.500000+00:00,combi,Lying,Lying
2024-07-11 22:51:27.500000+00:00,combi,Lying,Lying
2024-07-11 22:52:27.500000+00:00,combi,Lying,Lying
2024-07-11 22:53:27.500000+00:00,combi,Lying,Lying
2024-07-11 22:54:27.500000+00:00,combi,Lying,Lying
2024-07-11 22:55:27.500000+00:00,combi,Lying,Lying
2024-07-11 22:56:27.500000+00:00,combi,Lying,Lying
2024-07-11 22:57:27.500000+00:00,combi,Lying,Lying
2024-07-11 22:58:27.500000+00:00,combi,Lying,Lying
2024-07-11 22:59:27.500000+00:00,combi,Lying,Lying
2024-07-11 23:00:27.500000+00:00,combi,Lying,Lying
2024-07-11 23:01:27.500000+00:00,combi,Lying,Lying
2024-07-11 23:02:27.500000+00:00,combi,Lying,Lying
2024-07-11 23:03:27.500000+00:00,combi,Lying,Lying
2024-07-11 23:04:27.500000+00:00,combi,Lying,Lying
2024-07-11 23:05:27.500000+00:00,combi,Lying,Lying
2024-07-11 23:06:27.500000+00:00,combi,Lying,Lying
2024-07-11 23:07:27.500000+00:00,combi,Lying,Lying
2024-07-11 23:08:27.500000+00:00,combi,Lying,Lying
2024-07-11 23:09:27.500000+00:00,combi,Lying,Lying
2024-07-11 23:10:27.500000+00:00,combi,Lying,Lying
2024-07-11 23:11:27.500000+00:00,combi,Lying,Lying
2024-07-11 23:12:27.500000+00:00,combi,Lying,Lying
2024-07-11 23:13:27.500000+00:00,combi,Lying,Lying
2024-07-11 23:14:27.500000+00:00,combi,Lying,Lying
2024-07-11 23:15:27.500000+00:00,combi,Lying,Lying
2024-07-11 23:16:27.500000+00:00,combi,Lying,Lying
2024-07-11 23:17:27.500000+00:00,combi,Lying,Lying
2024-07-11 23:18:27.500000+00:00,combi,Lying,Lying
2024-07-11 23:19:27.500000+00:00,combi,Lying,Lying
2024-07-11 23:20:27.500000+00:00,combi,Lying,Lying
2024-07-11 23:21:27.500000+00:00,combi,Lying,Lying
2024-07-11 23:22:27.500000+00:00,combi,Lying,Lying
2024-07-11 23:23:27.500000+00:00,combi,Lying,Lying
2024-07-11 23:24:27.500000+00:00,combi,Lying,Lying
2024-07-11 23:25:27.500000+00:00,combi,Lying,Lying
2024-07-11 23:26:27.500000+00:00,combi,Lying,Lying
2024-07-11 23:27:27.500000+00:00,combi,Lying,Lying
2024-07-11 23:28:27.500000+00:00,combi,Lying,Lying
2024-07-11 23:29:27.500000+00:00,combi,Lying,Dynamic
2024-07-11 23:30:27.500000+00:00,combi,Lying,Dynamic
2024-07-11 23:31:27.500000+00:00,combi,Sitting,Dynamic
2024-07-11 23:32:27.500000+00:00,combi,Sitting,Sitting
2024-07-11 23:33:27.500000+00:00,combi,Sitting,Sitting
2024-07-11 23:34:27.500000+00:00,combi,Sitting,Sitting
2024-07-11 23:35:27.500000+00:00,combi,Lying,Lying
2024-07-11 23:36:27.500000+00:00,combi,Lying,Lying
2024-07-11 23:37:27.500000+00:00,combi,Lying,Lying
2024-07-11 23:38:27.500000+00:00,combi,Lying,Lying
2024-07-11 23:39:27.500000+00:00,combi,Lying,Lying
2024-07-11 23:40:27.500000+00:00,combi,Lying,Lying
2024-07-11 23:41:27.500000+00:00,combi,Lying,Lying
2024-07-11 23:42:27.500000+00:00,combi,Lying,Lying
2024-07-11 23:43:27.500000+00:00,combi,Lying,Lying
2024-07-11 23:44:27.500000+00:00,combi,Lying,Lying
2024-07-11 23:45:27.500000+00:00,combi,Lying,Lying
2024-07-11 23:46:27.500000+00:00,combi,Lying,Lying
2024-07-11 23:47:27.500000+00:00,combi,Lying,Lying
2024-07-11 23:48:27.500000+00:00,combi,Lying,Lying
2024-07-11 23:49:27.500000+00:00,combi,Lying,Lying
2024-07-11 23:50:27.500000+00:00,combi,Lying,Lying
2024-07-11 23:51:27.500000+00:00,combi,Lying,Lying
2024-07-11 23:52:27.500000+00:00,combi,Lying,Lying
2024-07-11 23:53:27.500000+00:00,combi,Lying,Lying
2024-07-11 23:54:27.500000+00:00,combi,Lying,Lying
2024-07-11 23:55:27.500000+00:00,combi,Lying,Lying
2024-07-11 23:56:27.500000+00:00,combi,Lying,Lying
2024-07-11 23:57:27.500000+00:00,combi,Lying,Lying
2024-07-11 23:58:27.500000+00:00,combi,Lying,Lying
2024-07-11 23:59:27.500000+00:00,combi,Lying,Lying
2024-07-12 00:00:27.500000+00:00,combi,Lying,Lying
2024-07-12 00:01:27.500000+00:00,combi,Lying,Lying
2024-07-12 00:02:27.500000+00:00,combi,Lying,Lying
2024-07-12 00:03:27.500000+00:00,combi,Lying,Lying
2024-07-12 00:04:27.500000+00:00,combi,Lying,Lying
2024-07-12 00:05:27.500000+00:00,combi,Lying,Lying
2024-07-12 00:06:27.500000+00:00,combi,Lying,Lying
2024-07-12 00:07:27.500000+00:00,combi,Lying,Lying
2024-07-12 00:08:27.500000+00:00,combi,Lying,Lying
2024-07-12 00:09:27.500000+00:00,combi,Lying,Lying
2024-07-12 00:10:27.500000+00:00,combi,Lying,Lying
2024-07-12 00:11:27.500000+00:00,combi,Lying,Lying
2024-07-12 00:12:27.500000+00:00,combi,Lying,Lying
2024-07-12 00:13:27.500000+00:00,combi,Lying,Lying
2024-07-12 00:14:27.500000+00:00,combi,Lying,Lying
2024-07-12 00:15:27.500000+00:00,combi,Lying,Lying
2024-07-12 00:16:27.500000+00:00,combi,Lying,Lying
2024-07-12 00:17:27.500000+00:00,combi,Lying,Lying
2024-07-12 00:18:27.500000+00:00,combi,Lying,Lying
2024-07-12 00:19:27.500000+00:00,combi,Lying,Lying
2024-07-12 00:20:27.500000+00:00,combi,Lying,Lying
2024-07-12 00:21:27.500000+00:00,combi,Lying,Lying
2024-07-12 00:22:27.500000+00:00,combi,Lying,Lying
2024-07-12 00:23:27.500000+00:00,combi,Lying,Lying
2024-07-12 00:24:27.500000+00:00,combi,Lying,Lying
2024-07-12 00:25:27.500000+00:00,combi,Lying,Lying
2024-07-12 00:26:27.500000+00:00,combi,Lying,Lying
2024-07-12 00:27:27.500000+00:00,combi,Lying,Lying
2024-07-12 00:28:27.500000+00:00,combi,Lying,Lying
2024-07-12 00:29:27.500000+00:00,combi,Lying,Lying
2024-07-12 00:30:27.500000+00:00,combi,Lying,Lying
2024-07-12 00:31:27.500000+00:00,combi,Lying,Lying
2024-07-12 00:32:27.500000+00:00,combi,Lying,Lying
2024-07-12 00:33:27.500000+00:00,combi,Lying,Lying
2024-07-12 00:34:27.500000+00:00,combi,Lying,Lying
2024-07-12 00:35:27.500000+00:00,combi,Lying,Lying
2024-07-12 00:36:27.500000+00:00,combi,Lying,Lying
2024-07-12 00:37:27.500000+00:00,combi,Lying,Lying
2024-07-12 00:38:27.500000+00:00,combi,Lying,Lying
2024-07-12 00:39:27.500000+00:00,combi,Lying,Lying
2024-07-12 00:40:27.500000+00:00,combi,Lying,Lying
2024-07-12 00:41:27.500000+00:00,combi,Lying,Lying
2024-07-12 00:42:27.500000+00:00,combi,Lying,Lying
2024-07-12 00:43:27.500000+00:00,combi,Lying,Lying
2024-07-12 00:44:27.500000+00:00,combi,Lying,Lying
2024-07-12 00:45:27.500000+00:00,combi,Lying,Lying
2024-07-12 00:46:27.500000+00:00,combi,Sitting,Sitting
2024-07-12 00:47:27.500000+00:00,combi,Sitting,Sitting
2024-07-12 00:48:27.500000+00:00,combi,Sitting,Sitting
2024-07-12 00:49:27.500000+00:00,combi,Sitting,Sitting
2024-07-12 00:50:27.500000+00:00,combi,Sitting,Sitting
2024-07-12 00:51:27.500000+00:00,combi,Sitting,Sitting
2024-07-12 00:52:27.500000+00:00,combi,Sitting,Sitting
2024-07-12 00:53:27.500000+00:00,combi,Lying,Lying
2024-07-12 00:54:27.500000+00:00,combi,Lying,Lying
2024-07-12 00:55:27.500000+00:00,combi,Lying,Lying
2024-07-12 00:56:27.500000+00:00,combi,Lying,Lying
2024-07-12 00:57:27.500000+00:00,combi,Lying,Lying
2024-07-12 00:58:27.500000+00:00,combi,Lying,Lying
2024-07-12 00:59:27.500000+00:00,combi,Lying,Lying
2024-07-12 01:00:27.500000+00:00,combi,Lying,Lying
2024-07-12 01:01:27.500000+00:00,combi,Lying,Lying
2024-07-12 01:02:27.500000+00:00,combi,Lying,Lying
2024-07-12 01:03:27.500000+00:00,combi,Lying,Lying
2024-07-12 01:04:27.500000+00:00,combi,Lying,Lying
2024-07-12 01:05:27.500000+00:00,combi,Lying,Lying
2024-07-12 01:06:27.500000+00:00,combi,Lying,Lying
2024-07-12 01:07:27.500000+00:00,combi,Lying,Lying
2024-07-12 01:08:27.500000+00:00,combi,Lying,Lying
2024-07-12 01:09:27.500000+00:00,combi,Lying,Lying
2024-07-12 01:10:27.500000+00:00,combi,Lying,Lying
2024-07-12 01:11:27.500000+00:00,combi,Sitting,Sitting
2024-07-12 01:12:27.500000+00:00,combi,Sitting,Sitting
2024-07-12 01:13:27.500000+00:00,combi,Sitting,Sitting
2024-07-12 01:14:27.500000+00:00,combi,Lying,Lying
2024-07-12 01:15:27.500000+00:00,combi,Lying,Lying
2024-07-12 01:16:27.500000+00:00,combi,Sitting,Sitting
2024-07-12 01:17:27.500000+00:00,combi,Sitting,Sitting
2024-07-12 01:18:27.500000+00:00,combi,Sitting,Sitting
2024-07-12 01:19:27.500000+00:00,combi,Sitting,Sitting
2024-07-12 01:20:27.500000+00:00,combi,Sitting,Sitting
2024-07-12 01:21:27.500000+00:00,combi,Sitting,Sitting
2024-07-12 01:22:27.500000+00:00,combi,Lying,Lying
2024-07-12 01:23:27.500000+00:00,combi,Lying,Sitting
2024-07-12 01:24:27.500000+00:00,combi,Lying,Lying
2024-07-12 01:25:27.500000+00:00,combi,Sitting,Sitting
2024-07-12 01:26:27.500000+00:00,combi,Lying,Lying
2024-07-12 01:27:27.500000+00:00,combi,Lying,Sitting
2024-07-12 01:28:27.500000+00:00,combi,Lying,Lying
2024-07-12 01:29:27.500000+00:00,combi,Lying,Sitting
2024-07-12 01:30:27.500000+00:00,combi,Lying,Lying
2024-07-12 01:31:27.500000+00:00,combi,Lying,Lying
2024-07-12 01:32:27.500000+00:00,combi,Sitting,Sitting
2024-07-12 01:33:27.500000+00:00,combi,Lying,Lying
2024-07-12 01:34:27.500000+00:00,combi,Lying,Lying
2024-07-12 01:35:27.500000+00:00,combi,Lying,Lying
2024-07-12 01:36:27.500000+00:00,combi,Sitting,Sitting
2024-07-12 01:37:27.500000+00:00,combi,Lying,Lying
2024-07-12 01:38:27.500000+00:00,combi,Lying,Lying
2024-07-12 01:39:27.500000+00:00,combi,Lying,Lying
2024-07-12 01:40:27.500000+00:00,combi,Sitting,Sitting
2024-07-12 01:41:27.500000+00:00,combi,Sitting,Sitting
2024-07-12 01:42:27.500000+00:00,combi,Lying,Lying
2024-07-12 01:43:27.500000+00:00,combi,Lying,Sitting
2024-07-12 01:44:27.500000+00:00,combi,Lying,Lying
2024-07-12 01:45:27.500000+00:00,combi,Lying,Lying
2024-07-12 01:46:27.500000+00:00,combi,Sitting,Sitting
2024-07-12 01:47:27.500000+00:00,combi,Standing,Dynamic
2024-07-12 01:48:27.500000+00:00,combi,Lying,Lying
2024-07-12 01:49:27.500000+00:00,combi,Lying,Lying
2024-07-12 01:50:27.500000+00:00,combi,Lying,Lying
2024-07-12 01:51:27.500000+00:00,combi,Lying,Lying
2024-07-12 01:52:27.500000+00:00,combi,Lying,Lying
2024-07-12 01:53:27.500000+00:00,combi,Lying,Lying
2024-07-12 01:54:27.500000+00:00,combi,Lying,Lying
2024-07-12 01:55:27.500000+00:00,combi,Lying,Lying
2024-07-12 01:56:27.500000+00:00,combi,Lying,Lying
2024-07-12 01:57:27.500000+00:00,combi,Lying,Lying
2024-07-12 01:58:27.500000+00:00,combi,Lying,Lying
2024-07-12 01:59:27.500000+00:00,combi,Lying,Lying
2024-07-12 02:00:27.500000+00:00,combi,Lying,Lying
2024-07-12 02:01:27.500000+00:00,combi,Lying,Lying
2024-07-12 02:02:27.500000+00:00,combi,Lying,Lying
2024-07-12 02:03:27.500000+00:00,combi,Lying,Lying
2024-07-12 02:04:27.500000+00:00,combi,Lying,Lying
2024-07-12 02:05:27.500000+00:00,combi,Lying,Lying
2024-07-12 02:06:27.500000+00:00,combi,Lying,Lying
2024-07-12 02:07:27.500000+00:00,combi,Lying,Lying
2024-07-12 02:08:27.500000+00:00,combi,Lying,Lying
2024-07-12 02:09:27.500000+00:00,combi,Lying,Lying
2024-07-12 02:10:27.500000+00:00,combi,Lying,Lying
2024-07-12 02:11:27.500000+00:00,combi,Lying,Lying
2024-07-12 02:12:27.500000+00:00,combi,Lying,Lying
2024-07-12 02:13:27.500000+00:00,combi,Lying,Lying
2024-07-12 02:14:27.500000+00:00,combi,Lying,Lying
2024-07-12 02:15:27.500000+00:00,combi,Lying,Lying
2024-07-12 02:16:27.500000+00:00,combi,Lying,Lying
2024-07-12 02:17:27.500000+00:00,combi,Lying,Lying
2024-07-12 02:18:27.500000+00:00,combi,Lying,Lying
2024-07-12 02:19:27.500000+00:00,combi,Lying,Lying
2024-07-12 02:20:27.500000+00:00,combi,Lying,Lying
2024-07-12 02:21:27.500000+00:00,combi,Lying,Lying
2024-07-12 02:22:27.500000+00:00,combi,Lying,Lying
2024-07-12 02:23:27.500000+00:00,combi,Lying,Lying
2024-07-12 02:24:27.500000+00:00,combi,Lying,Lying
2024-07-12 02:25:27.500000+00:00,combi,Lying,Lying
2024-07-12 02:26:27.500000+00:00,combi,Lying,Lying
2024-07-12 02:27:27.500000+00:00,combi,Lying,Lying
2024-07-12 02:28:27.500000+00:00,combi,Lying,Lying
2024-07-12 02:29:27.500000+00:00,combi,Lying,Lying
2024-07-12 02:30:27.500000+00:00,combi,Lying,Lying
2024-07-12 02:31:27.500000+00:00,combi,Lying,Lying
2024-07-12 02:32:27.500000+00:00,combi,Lying,Lying
2024-07-12 02:33:27.500000+00:00,combi,Lying,Lying
2024-07-12 02:34:27.500000+00:00,combi,Lying,Lying
2024-07-12 02:35:27.500000+00:00,combi,Lying,Lying
2024-07-12 02:36:27.500000+00:00,combi,Lying,Lying
2024-07-12 02:37:27.500000+00:00,combi,Lying,Lying
2024-07-12 02:38:27.500000+00:00,combi,Lying,Lying
2024-07-12 02:39:27.500000+00:00,combi,Lying,Lying
2024-07-12 02:40:27.500000+00:00,combi,Lying,Lying
2024-07-12 02:41:27.500000+00:00,combi,Lying,Lying
2024-07-12 02:42:27.500000+00:00,combi,Lying,Lying
2024-07-12 02:43:27.500000+00:00,combi,Lying,Lying
2024-07-12 02:44:27.500000+00:00,combi,Lying,Lying
2024-07-12 02:45:27.500000+00:00,combi,Lying,Lying
2024-07-12 02:46:27.500000+00:00,combi,Lying,Lying
2024-07-12 02:47:27.500000+00:00,combi,Lying,Lying
2024-07-12 02:48:27.500000+00:00,combi,Lying,Lying
2024-07-12 02:49:27.500000+00:00,combi,Lying,Lying
2024-07-12 02:50:27.500000+00:00,combi,Lying,Lying
2024-07-12 02:51:27.500000+00:00,combi,Lying,Lying
2024-07-12 02:52:27.500000+00:00,combi,Lying,Lying
2024-07-12 02:53:27.500000+00:00,combi,Lying,Lying
2024-07-12 02:54:27.500000+00:00,combi,Lying,Lying
2024-07-12 02:55:27.500000+00:00,combi,Lying,Lying
2024-07-12 02:56:27.500000+00:00,combi,Lying,Lying
2024-07-12 02:57:27.500000+00:00,combi,Lying,Lying
2024-07-12 02:58:27.500000+00:00,combi,Lying,Lying
2024-07-12 02:59:27.500000+00:00,combi,Lying,Lying
2024-07-12 03:00:27.500000+00:00,combi,Lying,Lying
2024-07-12 03:01:27.500000+00:00,combi,Lying,Lying
2024-07-12 03:02:27.500000+00:00,combi,Lying,Lying
2024-07-12 03:03:27.500000+00:00,combi,Lying,Lying
2024-07-12 03:04:27.500000+00:00,combi,Lying,Lying
2024-07-12 03:05:27.500000+00:00,combi,Lying,Lying
2024-07-12 03:06:27.500000+00:00,combi,Lying,Lying
2024-07-12 03:07:27.500000+00:00,combi,Lying,Lying
2024-07-12 03:08:27.500000+00:00,combi,Lying,Lying
2024-07-12 03:09:27.500000+00:00,combi,Lying,Lying
2024-07-12 03:10:27.500000+00:00,combi,Lying,Lying
2024-07-12 03:11:27.500000+00:00,combi,Lying,Lying
2024-07-12 03:12:27.500000+00:00,combi,Lying,Lying
2024-07-12 03:13:27.500000+00:00,combi,Lying,Lying
2024-07-12 03:14:27.500000+00:00,combi,Sitting,Sitting
2024-07-12 03:15:27.500000+00:00,combi,Sitting,Sitting
2024-07-12 03:16:27.500000+00:00,combi,Sitting,Sitting
2024-07-12 03:17:27.500000+00:00,combi,Lying,Lying
2024-07-12 03:18:27.500000+00:00,combi,Sitting,Sitting
2024-07-12 03:19:27.500000+00:00,combi,Sitting,Sitting
2024-07-12 03:20:27.500000+00:00,combi,Sitting,Sitting
2024-07-12 03:21:27.500000+00:00,combi,Sitting,Sitting
2024-07-12 03:22:27.500000+00:00,combi,Sitting,Sitting
2024-07-12 03:23:27.500000+00:00,combi,Sitting,Sitting
2024-07-12 03:24:27.500000+00:00,combi,Sitting,Sitting
2024-07-12 03:25:27.500000+00:00,combi,Sitting,Sitting
2024-07-12 03:26:27.500000+00:00,combi,Sitting,Sitting
2024-07-12 03:27:27.500000+00:00,combi,Sitting,Sitting
2024-07-12 03:28:27.500000+00:00,combi,Sitting,Sitting
2024-07-12 03:29:27.500000+00:00,combi,Lying,Lying
2024-07-12 03:30:27.500000+00:00,combi,Lying,Lying
2024-07-12 03:31:27.500000+00:00,combi,Lying,Lying
2024-07-12 03:32:27.500000+00:00,combi,Lying,Lying
2024-07-12 03:33:27.500000+00:00,combi,Lying,Lying
2024-07-12 03:34:27.500000+00:00,combi,Lying,Lying
