Time,Participant,Majority_postures,Majority_including_dynamic
2025-01-17 04:44:44.500000+00:00,combi,Lying,Lying
2025-01-17 04:45:44.500000+00:00,combi,Lying,Lying
2025-01-17 04:46:44.500000+00:00,combi,Lying,Lying
2025-01-17 04:47:44.500000+00:00,combi,Lying,Lying
2025-01-17 04:48:44.500000+00:00,combi,Lying,Lying
2025-01-17 04:49:44.500000+00:00,combi,Lying,Lying
2025-01-17 04:50:44.500000+00:00,combi,Lying,Lying
2025-01-17 04:51:44.500000+00:00,combi,Lying,Lying
2025-01-17 04:52:44.500000+00:00,combi,Lying,Lying
2025-01-17 04:53:44.500000+00:00,combi,Lying,Lying
2025-01-17 04:54:44.500000+00:00,combi,Lying,Lying
2025-01-17 04:55:44.500000+00:00,combi,Lying,Lying
2025-01-17 04:56:44.500000+00:00,combi,Lying,Lying
2025-01-17 04:57:44.500000+00:00,combi,Lying,Lying
2025-01-17 04:58:44.500000+00:00,combi,Lying,Lying
2025-01-17 04:59:44.500000+00:00,combi,Lying,Lying
2025-01-17 05:00:44.500000+00:00,combi,Lying,Lying
2025-01-17 05:01:44.500000+00:00,combi,Lying,Lying
2025-01-17 05:02:44.500000+00:00,combi,Lying,Lying
2025-01-17 05:03:44.500000+00:00,combi,Lying,Lying
2025-01-17 05:04:44.500000+00:00,combi,Lying,Lying
2025-01-17 05:05:44.500000+00:00,combi,Lying,Lying
2025-01-17 05:06:44.500000+00:00,combi,Lying,Lying
2025-01-17 05:07:44.500000+00:00,combi,Lying,Lying
2025-01-17 05:08:44.500000+00:00,combi,Lying,Lying
2025-01-17 05:09:44.500000+00:00,combi,Lying,Lying
2025-01-17 05:10:44.500000+00:00,combi,Lying,Lying
2025-01-17 05:11:44.500000+00:00,combi,Lying,Lying
2025-01-17 05:12:44.500000+00:00,combi,Lying,Lying
2025-01-17 05:13:44.500000+00:00,combi,Lying,Lying
2025-01-17 05:14:44.500000+00:00,combi,Lying,Lying
2025-01-17 05:15:44.500000+00:00,combi,Lying,Lying
2025-01-17 05:16:44.500000+00:00,combi,Lying,Lying
2025-01-17 05:17:44.500000+00:00,combi,Lying,Lying
2025-01-17 05:18:44.500000+00:00,combi,Lying,Lying
2025-01-17 05:19:44.500000+00:00,combi,Lying,Lying
2025-01-17 05:20:44.500000+00:00,combi,Lying,Lying
2025-01-17 05:21:44.500000+00:00,combi,Lying,Lying
2025-01-17 05:22:44.500000+00:00,combi,Lying,Lying
2025-01-17 05:23:44.500000+00:00,combi,Lying,Lying
2025-01-17 05:24:44.500000+00:00,combi,Lying,Lying
2025-01-17 05:25:44.500000+00:00,combi,Lying,Lying
2025-01-17 05:26:44.500000+00:00,combi,Lying,Lying
2025-01-17 05:27:44.500000+00:00,combi,Lying,Lying
2025-01-17 05:28:44.500000+00:00,combi,Lying,Lying
2025-01-17 05:29:44.500000+00:00,combi,Lying,Lying
2025-01-17 05:30:44.500000+00:00,combi,Lying,Lying
2025-01-17 05:31:44.500000+00:00,combi,Lying,Lying
2025-01-17 05:32:44.500000+00:00,combi,Lying,Lying
2025-01-17 05:33:44.500000+00:00,combi,Lying,Lying
2025-01-17 05:34:44.500000+00:00,combi,Lying,Lying
2025-01-17 05:35:44.500000+00:00,combi,Lying,Lying
2025-01-17 05:36:44.500000+00:00,combi,Lying,Lying
2025-01-17 05:37:44.500000+00:00,combi,Lying,Lying
2025-01-17 05:38:44.500000+00:00,combi,Lying,Lying
2025-01-17 05:39:44.500000+00:00,combi,Lying,Lying
2025-01-17 05:40:44.500000+00:00,combi,Lying,Lying
2025-01-17 05:41:44.500000+00:00,combi,Lying,Lying
2025-01-17 05:42:44.500000+00:00,combi,Lying,Lying
2025-01-17 05:43:44.500000+00:00,combi,Lying,Lying
2025-01-17 05:44:44.500000+00:00,combi,Lying,Lying
2025-01-17 05:45:44.500000+00:00,combi,Lying,Lying
2025-01-17 05:46:44.500000+00:00,combi,Lying,Lying
2025-01-17 05:47:44.500000+00:00,combi,Lying,Lying
2025-01-17 05:48:44.500000+00:00,combi,Lying,Lying
2025-01-17 05:49:44.500000+00:00,combi,Lying,Lying
2025-01-17 05:50:44.500000+00:00,combi,Lying,Lying
2025-01-17 05:51:44.500000+00:00,combi,Lying,Lying
2025-01-17 05:52:44.500000+00:00,combi,Lying,Lying
2025-01-17 05:53:44.500000+00:00,combi,Lying,Lying
2025-01-17 05:54:44.500000+00:00,combi,Lying,Sitting
2025-01-17 05:55:44.500000+00:00,combi,Lying,Lying
2025-01-17 05:56:44.500000+00:00,combi,Lying,Lying
2025-01-17 05:57:44.500000+00:00,combi,Lying,Lying
2025-01-17 05:58:44.500000+00:00,combi,Lying,Lying
2025-01-17 05:59:44.500000+00:00,combi,Lying,Lying
2025-01-17 06:00:44.500000+00:00,combi,Lying,Lying
2025-01-17 06:01:44.500000+00:00,combi,Lying,Lying
2025-01-17 06:02:44.500000+00:00,combi,Lying,Lying
2025-01-17 06:03:44.500000+00:00,combi,Lying,Lying
2025-01-17 06:04:44.500000+00:00,combi,Lying,Lying
2025-01-17 06:05:44.500000+00:00,combi,Lying,Lying
2025-01-17 06:06:44.500000+00:00,combi,Lying,Lying
2025-01-17 06:07:44.500000+00:00,combi,Lying,Lying
2025-01-17 06:08:44.500000+00:00,combi,Lying,Lying
2025-01-17 06:09:44.500000+00:00,combi,Lying,Lying
2025-01-17 06:10:44.500000+00:00,combi,Lying,Lying
2025-01-17 06:11:44.500000+00:00,combi,Lying,Lying
2025-01-17 06:12:44.500000+00:00,combi,Lying,Lying
2025-01-17 06:13:44.500000+00:00,combi,Lying,Lying
2025-01-17 06:14:44.500000+00:00,combi,Lying,Lying
2025-01-17 06:15:44.500000+00:00,combi,Lying,Lying
2025-01-17 06:16:44.500000+00:00,combi,Lying,Lying
2025-01-17 06:17:44.500000+00:00,combi,Lying,Lying
2025-01-17 06:18:44.500000+00:00,combi,Lying,Lying
2025-01-17 06:19:44.500000+00:00,combi,Lying,Lying
2025-01-17 06:20:44.500000+00:00,combi,Lying,Lying
2025-01-17 06:21:44.500000+00:00,combi,Lying,Lying
2025-01-17 06:22:44.500000+00:00,combi,Lying,Lying
2025-01-17 06:23:44.500000+00:00,combi,Lying,Lying
2025-01-17 06:24:44.500000+00:00,combi,Lying,Lying
2025-01-17 06:25:44.500000+00:00,combi,Lying,Lying
2025-01-17 06:26:44.500000+00:00,combi,Lying,Lying
2025-01-17 06:27:44.500000+00:00,combi,Lying,Dynamic
2025-01-17 06:28:44.500000+00:00,combi,Standing,Dynamic
2025-01-17 06:29:44.500000+00:00,combi,Sitting,Sitting
2025-01-17 06:30:44.500000+00:00,combi,Standing,Dynamic
2025-01-17 06:31:44.500000+00:00,combi,Standing,Standing
2025-01-17 06:32:44.500000+00:00,combi,Standing,Standing
2025-01-17 06:33:44.500000+00:00,combi,Standing,Standing
2025-01-17 06:34:44.500000+00:00,combi,Standing,Standing
2025-01-17 06:35:44.500000+00:00,combi,Standing,Standing
2025-01-17 06:36:44.500000+00:00,combi,Standing,Standing
2025-01-17 06:37:44.500000+00:00,combi,Standing,Standing
2025-01-17 06:38:44.500000+00:00,combi,Standing,Standing
2025-01-17 06:39:44.500000+00:00,combi,Standing,Standing
2025-01-17 06:40:44.500000+00:00,combi,Standing,Standing
2025-01-17 06:41:44.500000+00:00,combi,Standing,Standing
2025-01-17 06:42:44.500000+00:00,combi,Standing,Dynamic
2025-01-17 06:43:44.500000+00:00,combi,Standing,Standing
2025-01-17 06:44:44.500000+00:00,combi,Standing,Dynamic
2025-01-17 06:45:44.500000+00:00,combi,Lying,Dynamic
2025-01-17 06:46:44.500000+00:00,combi,Sitting,Dynamic
2025-01-17 06:47:44.500000+00:00,combi,Standing,Dynamic
2025-01-17 06:48:44.500000+00:00,combi,Standing,Dynamic
2025-01-17 06:49:44.500000+00:00,combi,Sitting,Sitting
2025-01-17 06:50:44.500000+00:00,combi,Sitting,Sitting
2025-01-17 06:51:44.500000+00:00,combi,Standing,Dynamic
2025-01-17 06:52:44.500000+00:00,combi,Standing,Dynamic
2025-01-17 06:53:44.500000+00:00,combi,Sitting,Dynamic
2025-01-17 06:54:44.500000+00:00,combi,Sitting,Sitting
2025-01-17 06:55:44.500000+00:00,combi,Sitting,Sitting
2025-01-17 06:56:44.500000+00:00,combi,Sitting,Dynamic
2025-01-17 06:57:44.500000+00:00,combi,Sitting,Sitting
2025-01-17 06:58:44.500000+00:00,combi,Sitting,Sitting
2025-01-17 06:59:44.500000+00:00,combi,Sitting,Sitting
2025-01-17 07:00:44.500000+00:00,combi,Sitting,Sitting
2025-01-17 07:01:44.500000+00:00,combi,Sitting,Sitting
2025-01-17 07:02:44.500000+00:00,combi,Lying,Lying
2025-01-17 07:03:44.500000+00:00,combi,Lying,Lying
2025-01-17 07:04:44.500000+00:00,combi,Lying,Lying
2025-01-17 07:05:44.500000+00:00,combi,Lying,Lying
2025-01-17 07:06:44.500000+00:00,combi,Lying,Lying
2025-01-17 07:07:44.500000+00:00,combi,Lying,Lying
2025-01-17 07:08:44.500000+00:00,combi,Lying,Lying
2025-01-17 07:09:44.500000+00:00,combi,Lying,Lying
2025-01-17 07:10:44.500000+00:00,combi,Lying,Lying
2025-01-17 07:11:44.500000+00:00,combi,Lying,Dynamic
2025-01-17 07:12:44.500000+00:00,combi,Sitting,Dynamic
2025-01-17 07:13:44.500000+00:00,combi,Sitting,Sitting
2025-01-17 07:14:44.500000+00:00,combi,Sitting,Sitting
2025-01-17 07:15:44.500000+00:00,combi,Sitting,Sitting
2025-01-17 07:16:44.500000+00:00,combi,Sitting,Sitting
2025-01-17 07:17:44.500000+00:00,combi,Sitting,Sitting
2025-01-17 07:18:44.500000+00:00,combi,Standing,Dynamic
2025-01-17 07:19:44.500000+00:00,combi,Lying,Dynamic
2025-01-17 07:20:44.500000+00:00,combi,Sitting,Sitting
2025-01-17 07:21:44.500000+00:00,combi,Sitting,Sitting
2025-01-17 07:22:44.500000+00:00,combi,Sitting,Sitting
2025-01-17 07:23:44.500000+00:00,combi,Sitting,Sitting
2025-01-17 07:24:44.500000+00:00,combi,Sitting,Sitting
2025-01-17 07:25:44.500000+00:00,combi,Sitting,Sitting
2025-01-17 07:26:44.500000+00:00,combi,Sitting,Sitting
2025-01-17 07:27:44.500000+00:00,combi,Sitting,Sitting
2025-01-17 07:28:44.500000+00:00,combi,Lying,Lying
2025-01-17 07:29:44.500000+00:00,combi,Lying,Lying
2025-01-17 07:30:44.500000+00:00,combi,Lying,Lying
2025-01-17 07:31:44.500000+00:00,combi,Lying,Lying
2025-01-17 07:32:44.500000+00:00,combi,Lying,Lying
2025-01-17 07:33:44.500000+00:00,combi,Lying,Lying
2025-01-17 07:34:44.500000+00:00,combi,Lying,Lying
2025-01-17 07:35:44.500000+00:00,combi,Lying,Lying
2025-01-17 07:36:44.500000+00:00,combi,Lying,Lying
2025-01-17 07:37:44.500000+00:00,combi,Lying,Lying
2025-01-17 07:38:44.500000+00:00,combi,Lying,Lying
2025-01-17 07:39:44.500000+00:00,combi,Lying,Lying
2025-01-17 07:40:44.500000+00:00,combi,Lying,Lying
2025-01-17 07:41:44.500000+00:00,combi,Lying,Lying
2025-01-17 07:42:44.500000+00:00,combi,Lying,Lying
2025-01-17 07:43:44.500000+00:00,combi,Lying,Lying
2025-01-17 07:44:44.500000+00:00,combi,Lying,Dynamic
2025-01-17 07:45:44.500000+00:00,combi,Sitting,Dynamic
2025-01-17 07:46:44.500000+00:00,combi,Standing,Dynamic
2025-01-17 07:47:44.500000+00:00,combi,Lying,Dynamic
2025-01-17 07:48:44.500000+00:00,combi,Standing,Dynamic
2025-01-17 07:49:44.500000+00:00,combi,Standing,Standing
2025-01-17 07:50:44.500000+00:00,combi,Standing,Standing
2025-01-17 07:51:44.500000+00:00,combi,Sitting,Sitting
2025-01-17 07:52:44.500000+00:00,combi,Sitting,Dynamic
2025-01-17 07:53:44.500000+00:00,combi,Sitting,Dynamic
2025-01-17 07:54:44.500000+00:00,combi,Standing,Dynamic
2025-01-17 07:55:44.500000+00:00,combi,Standing,Dynamic
2025-01-17 07:56:44.500000+00:00,combi,Standing,Dynamic
2025-01-17 07:57:44.500000+00:00,combi,Standing,Dynamic
2025-01-17 07:58:44.500000+00:00,combi,Standing,Dynamic
2025-01-17 07:59:44.500000+00:00,combi,Standing,Dynamic
2025-01-17 08:00:44.500000+00:00,combi,Standing,Standing
2025-01-17 08:01:44.500000+00:00,combi,Standing,Dynamic
2025-01-17 08:02:44.500000+00:00,combi,Standing,Standing
2025-01-17 08:03:44.500000+00:00,combi,Sitting,Sitting
2025-01-17 08:04:44.500000+00:00,combi,Standing,Sitting
2025-01-17 08:05:44.500000+00:00,combi,Sitting,Sitting
2025-01-17 08:06:44.500000+00:00,combi,Sitting,Sitting
2025-01-17 08:07:44.500000+00:00,combi,Standing,Dynamic
2025-01-17 08:08:44.500000+00:00,combi,Sitting,Sitting
2025-01-17 08:09:44.500000+00:00,combi,Standing,Standing
2025-01-17 08:10:44.500000+00:00,combi,Sitting,Sitting
2025-01-17 08:11:44.500000+00:00,combi,Standing,Dynamic
2025-01-17 08:12:44.500000+00:00,combi,Standing,Dynamic
2025-01-17 08:13:44.500000+00:00,combi,Lying,Dynamic
2025-01-17 08:14:44.500000+00:00,combi,Lying,Dynamic
2025-01-17 08:15:44.500000+00:00,combi,Standing,Dynamic
2025-01-17 08:16:44.500000+00:00,combi,Standing,Dynamic
2025-01-17 08:17:44.500000+00:00,combi,Lying,Dynamic
2025-01-17 08:18:44.500000+00:00,combi,Sitting,Dynamic
2025-01-17 08:19:44.500000+00:00,combi,Lying,Dynamic
2025-01-17 08:20:44.500000+00:00,combi,Lying,Dynamic
2025-01-17 08:21:44.500000+00:00,combi,Lying,Dynamic
2025-01-17 08:22:44.500000+00:00,combi,Lying,Dynamic
2025-01-17 08:23:44.500000+00:00,combi,Lying,Dynamic
2025-01-17 08:24:44.500000+00:00,combi,Lying,Dynamic
2025-01-17 08:25:44.500000+00:00,combi,Lying,Dynamic
2025-01-17 08:26:44.500000+00:00,combi,Lying,Dynamic
2025-01-17 08:27:44.500000+00:00,combi,Standing,Dynamic
2025-01-17 08:28:44.500000+00:00,combi,Standing,Dynamic
2025-01-17 08:29:44.500000+00:00,combi,Sitting,Sitting
2025-01-17 08:30:44.500000+00:00,combi,Sitting,Sitting
2025-01-17 08:31:44.500000+00:00,combi,Sitting,Sitting
2025-01-17 08:32:44.500000+00:00,combi,Sitting,Sitting
2025-01-17 08:33:44.500000+00:00,combi,Sitting,Sitting
2025-01-17 08:34:44.500000+00:00,combi,Sitting,Sitting
2025-01-17 08:35:44.500000+00:00,combi,Standing,Sitting
2025-01-17 08:36:44.500000+00:00,combi,Sitting,Sitting
2025-01-17 08:37:44.500000+00:00,combi,Sitting,Sitting
2025-01-17 08:38:44.500000+00:00,combi,Sitting,Sitting
2025-01-17 08:39:44.500000+00:00,combi,Sitting,Sitting
2025-01-17 08:40:44.500000+00:00,combi,Sitting,Sitting
2025-01-17 08:41:44.500000+00:00,combi,Sitting,Sitting
2025-01-17 08:42:44.500000+00:00,combi,Standing,Dynamic
2025-01-17 08:43:44.500000+00:00,combi,Standing,Standing
2025-01-17 08:44:44.500000+00:00,combi,Sitting,Sitting
2025-01-17 08:45:44.500000+00:00,combi,Sitting,Sitting
2025-01-17 08:46:44.500000+00:00,combi,Sitting,Sitting
2025-01-17 08:47:44.500000+00:00,combi,Sitting,Sitting
2025-01-17 08:48:44.500000+00:00,combi,Sitting,Sitting
2025-01-17 08:49:44.500000+00:00,combi,Sitting,Sitting
2025-01-17 08:50:44.500000+00:00,combi,Sitting,Sitting
2025-01-17 08:51:44.500000+00:00,combi,Lying,Dynamic
2025-01-17 08:52:44.500000+00:00,combi,Lying,Dynamic
2025-01-17 08:53:44.500000+00:00,combi,Lying,Dynamic
2025-01-17 08:54:44.500000+00:00,combi,Lying,Dynamic
2025-01-17 08:55:44.500000+00:00,combi,Lying,Dynamic
2025-01-17 08:56:44.500000+00:00,combi,Lying,Dynamic
2025-01-17 08:57:44.500000+00:00,combi,Lying,Dynamic
2025-01-17 08:58:44.500000+00:00,combi,Lying,Dynamic
2025-01-17 08:59:44.500000+00:00,combi,Lying,Dynamic
2025-01-17 09:00:44.500000+00:00,combi,Lying,Dynamic
2025-01-17 09:01:44.500000+00:00,combi,Lying,Dynamic
2025-01-17 09:02:44.500000+00:00,combi,Lying,Dynamic
2025-01-17 09:03:44.500000+00:00,combi,Lying,Dynamic
2025-01-17 09:04:44.500000+00:00,combi,Lying,Dynamic
2025-01-17 09:05:44.500000+00:00,combi,Lying,Dynamic
2025-01-17 09:06:44.500000+00:00,combi,Sitting,Dynamic
2025-01-17 09:07:44.500000+00:00,combi,Sitting,Sitting
2025-01-17 09:08:44.500000+00:00,combi,Sitting,Sitting
2025-01-17 09:09:44.500000+00:00,combi,Sitting,Sitting
2025-01-17 09:10:44.500000+00:00,combi,Standing,Dynamic
2025-01-17 09:11:44.500000+00:00,combi,Standing,Standing
2025-01-17 09:12:44.500000+00:00,combi,Standing,Standing
2025-01-17 09:13:44.500000+00:00,combi,Standing,Standing
2025-01-17 09:14:44.500000+00:00,combi,Standing,Standing
2025-01-17 09:15:44.500000+00:00,combi,Standing,Standing
2025-01-17 09:16:44.500000+00:00,combi,Standing,Standing
2025-01-17 09:17:44.500000+00:00,combi,Standing,Standing
2025-01-17 09:18:44.500000+00:00,combi,Standing,Standing
2025-01-17 09:19:44.500000+00:00,combi,Standing,Standing
2025-01-17 09:20:44.500000+00:00,combi,Standing,Standing
2025-01-17 09:21:44.500000+00:00,combi,Standing,Standing
2025-01-17 09:22:44.500000+00:00,combi,Standing,Standing
2025-01-17 09:23:44.500000+00:00,combi,Standing,Standing
2025-01-17 09:24:44.500000+00:00,combi,Standing,Standing
2025-01-17 09:25:44.500000+00:00,combi,Standing,Standing
2025-01-17 09:26:44.500000+00:00,combi,Standing,Standing
2025-01-17 09:27:44.500000+00:00,combi,Standing,Standing
2025-01-17 09:28:44.500000+00:00,combi,Standing,Standing
2025-01-17 09:29:44.500000+00:00,combi,Standing,Standing
2025-01-17 09:30:44.500000+00:00,combi,Standing,Standing
2025-01-17 09:31:44.500000+00:00,combi,Standing,Standing
2025-01-17 09:32:44.500000+00:00,combi,Standing,Dynamic
2025-01-17 09:33:44.500000+00:00,combi,Sitting,Sitting
2025-01-17 09:34:44.500000+00:00,combi,Sitting,Sitting
2025-01-17 09:35:44.500000+00:00,combi,Sitting,Sitting
2025-01-17 09:36:44.500000+00:00,combi,Sitting,Sitting
2025-01-17 09:37:44.500000+00:00,combi,Sitting,Sitting
2025-01-17 09:38:44.500000+00:00,combi,Sitting,Sitting
2025-01-17 09:39:44.500000+00:00,combi,Sitting,Sitting
2025-01-17 09:40:44.500000+00:00,combi,Sitting,Sitting
2025-01-17 09:41:44.500000+00:00,combi,Sitting,Sitting
2025-01-17 09:42:44.500000+00:00,combi,Sitting,Sitting
2025-01-17 09:43:44.500000+00:00,combi,Sitting,Sitting
2025-01-17 09:44:44.500000+00:00,combi,Sitting,Sitting
2025-01-17 09:45:44.500000+00:00,combi,Sitting,Sitting
2025-01-17 09:46:44.500000+00:00,combi,Sitting,Sitting
2025-01-17 09:47:44.500000+00:00,combi,Sitting,Sitting
2025-01-17 09:48:44.500000+00:00,combi,Sitting,Sitting
2025-01-17 09:49:44.500000+00:00,combi,Sitting,Sitting
2025-01-17 09:50:44.500000+00:00,combi,Sitting,Sitting
2025-01-17 09:51:44.500000+00:00,combi,Sitting,Sitting
2025-01-17 09:52:44.500000+00:00,combi,Sitting,Sitting
2025-01-17 09:53:44.500000+00:00,combi,Sitting,Sitting
2025-01-17 09:54:44.500000+00:00,combi,Standing,Dynamic
2025-01-17 09:55:44.500000+00:00,combi,Standing,Dynamic
2025-01-17 09:56:44.500000+00:00,combi,Standing,Standing
2025-01-17 09:57:44.500000+00:00,combi,Standing,Dynamic
2025-01-17 09:58:44.500000+00:00,combi,Standing,Standing
2025-01-17 09:59:44.500000+00:00,combi,Standing,Dynamic
2025-01-17 10:00:44.500000+00:00,combi,Standing,Standing
2025-01-17 10:01:44.500000+00:00,combi,Standing,Standing
2025-01-17 10:02:44.500000+00:00,combi,Standing,Dynamic
2025-01-17 10:03:44.500000+00:00,combi,Standing,Standing
2025-01-17 10:04:44.500000+00:00,combi,Lying,Dynamic
2025-01-17 10:05:44.500000+00:00,combi,Lying,Dynamic
2025-01-17 10:06:44.500000+00:00,combi,Sitting,Dynamic
2025-01-17 10:07:44.500000+00:00,combi,Sitting,Sitting
2025-01-17 10:08:44.500000+00:00,combi,Sitting,Sitting
2025-01-17 10:09:44.500000+00:00,combi,Sitting,Sitting
2025-01-17 10:10:44.500000+00:00,combi,Sitting,Sitting
2025-01-17 10:11:44.500000+00:00,combi,Sitting,Sitting
2025-01-17 10:12:44.500000+00:00,combi,Sitting,Sitting
2025-01-17 10:13:44.500000+00:00,combi,Sitting,Sitting
2025-01-17 10:14:44.500000+00:00,combi,Sitting,Sitting
2025-01-17 10:15:44.500000+00:00,combi,Sitting,Sitting
2025-01-17 10:16:44.500000+00:00,combi,Sitting,Sitting
2025-01-17 10:17:44.500000+00:00,combi,Sitting,Sitting
2025-01-17 10:18:44.500000+00:00,combi,Sitting,Sitting
2025-01-17 10:19:44.500000+00:00,combi,Sitting,Sitting
2025-01-17 10:20:44.500000+00:00,combi,Sitting,Sitting
2025-01-17 10:21:44.500000+00:00,combi,Sitting,Sitting
2025-01-17 10:22:44.500000+00:00,combi,Sitting,Sitting
2025-01-17 10:23:44.500000+00:00,combi,Sitting,Sitting
2025-01-17 10:24:44.500000+00:00,combi,Sitting,Sitting
2025-01-17 10:25:44.500000+00:00,combi,Sitting,Sitting
2025-01-17 10:26:44.500000+00:00,combi,Sitting,Sitting
2025-01-17 10:27:44.500000+00:00,combi,Sitting,Sitting
2025-01-17 10:28:44.500000+00:00,combi,Sitting,Sitting
2025-01-17 10:29:44.500000+00:00,combi,Sitting,Sitting
2025-01-17 10:30:44.500000+00:00,combi,Sitting,Sitting
2025-01-17 10:31:44.500000+00:00,combi,Sitting,Sitting
2025-01-17 10:32:44.500000+00:00,combi,Sitting,Sitting
2025-01-17 10:33:44.500000+00:00,combi,Sitting,Sitting
2025-01-17 10:34:44.500000+00:00,combi,Sitting,Sitting
2025-01-17 10:35:44.500000+00:00,combi,Sitting,Sitting
2025-01-17 10:36:44.500000+00:00,combi,Sitting,Sitting
2025-01-17 10:37:44.500000+00:00,combi,Sitting,Sitting
2025-01-17 10:38:44.500000+00:00,combi,Sitting,Sitting
2025-01-17 10:39:44.500000+00:00,combi,Sitting,Sitting
2025-01-17 10:40:44.500000+00:00,combi,Sitting,Sitting
2025-01-17 10:41:44.500000+00:00,combi,Sitting,Sitting
2025-01-17 10:42:44.500000+00:00,combi,Sitting,Sitting
2025-01-17 10:43:44.500000+00:00,combi,Sitting,Sitting
2025-01-17 10:44:44.500000+00:00,combi,Sitting,Sitting
2025-01-17 10:45:44.500000+00:00,combi,Sitting,Sitting
2025-01-17 10:46:44.500000+00:00,combi,Standing,Dynamic
2025-01-17 10:47:44.500000+00:00,combi,Standing,Standing
2025-01-17 10:48:44.500000+00:00,combi,Standing,Standing
2025-01-17 10:49:44.500000+00:00,combi,Standing,Standing
2025-01-17 10:50:44.500000+00:00,combi,Standing,Standing
2025-01-17 10:51:44.500000+00:00,combi,Standing,Standing
2025-01-17 10:52:44.500000+00:00,combi,Standing,Standing
2025-01-17 10:53:44.500000+00:00,combi,Standing,Standing
2025-01-17 10:54:44.500000+00:00,combi,Sitting,Sitting
2025-01-17 10:55:44.500000+00:00,combi,Standing,Standing
2025-01-17 10:56:44.500000+00:00,combi,Standing,Standing
2025-01-17 10:57:44.500000+00:00,combi,Standing,Dynamic
2025-01-17 10:58:44.500000+00:00,combi,Standing,Dynamic
2025-01-17 10:59:44.500000+00:00,combi,Standing,Dynamic
2025-01-17 11:00:44.500000+00:00,combi,Standing,Dynamic
2025-01-17 11:01:44.500000+00:00,combi,Standing,Dynamic
2025-01-17 11:02:44.500000+00:00,combi,Standing,Dynamic
2025-01-17 11:03:44.500000+00:00,combi,Standing,Standing
2025-01-17 11:04:44.500000+00:00,combi,Standing,Standing
2025-01-17 11:05:44.500000+00:00,combi,Standing,Standing
2025-01-17 11:06:44.500000+00:00,combi,Standing,Standing
2025-01-17 11:07:44.500000+00:00,combi,Standing,Dynamic
2025-01-17 11:08:44.500000+00:00,combi,Standing,Standing
2025-01-17 11:09:44.500000+00:00,combi,Standing,Standing
2025-01-17 11:10:44.500000+00:00,combi,Standing,Dynamic
2025-01-17 11:11:44.500000+00:00,combi,Standing,Dynamic
2025-01-17 11:12:44.500000+00:00,combi,Standing,Dynamic
2025-01-17 11:13:44.500000+00:00,combi,Standing,Standing
2025-01-17 11:14:44.500000+00:00,combi,Standing,Standing
2025-01-17 11:15:44.500000+00:00,combi,Standing,Dynamic
2025-01-17 11:16:44.500000+00:00,combi,Standing,Dynamic
2025-01-17 11:17:44.500000+00:00,combi,Standing,Dynamic
2025-01-17 11:18:44.500000+00:00,combi,Standing,Dynamic
2025-01-17 11:19:44.500000+00:00,combi,Standing,Standing
2025-01-17 11:20:44.500000+00:00,combi,Standing,Dynamic
2025-01-17 11:21:44.500000+00:00,combi,Standing,Dynamic
2025-01-17 11:22:44.500000+00:00,combi,Sitting,Sitting
2025-01-17 11:23:44.500000+00:00,combi,Sitting,Sitting
2025-01-17 11:24:44.500000+00:00,combi,Sitting,Sitting
2025-01-17 11:25:44.500000+00:00,combi,Sitting,Sitting
2025-01-17 11:26:44.500000+00:00,combi,Sitting,Sitting
2025-01-17 11:27:44.500000+00:00,combi,Sitting,Sitting
2025-01-17 11:28:44.500000+00:00,combi,Sitting,Sitting
2025-01-17 11:29:44.500000+00:00,combi,Sitting,Sitting
2025-01-17 11:30:44.500000+00:00,combi,Sitting,Sitting
2025-01-17 11:31:44.500000+00:00,combi,Sitting,Sitting
2025-01-17 11:32:44.500000+00:00,combi,Sitting,Sitting
2025-01-17 11:33:44.500000+00:00,combi,Sitting,Sitting
2025-01-17 11:34:44.500000+00:00,combi,Sitting,Sitting
2025-01-17 11:35:44.500000+00:00,combi,Sitting,Sitting
2025-01-17 11:36:44.500000+00:00,combi,Sitting,Sitting
2025-01-17 11:37:44.500000+00:00,combi,Sitting,Sitting
2025-01-17 11:38:44.500000+00:00,combi,Sitting,Sitting
2025-01-17 11:39:44.500000+00:00,combi,Sitting,Sitting
2025-01-17 11:40:44.500000+00:00,combi,Sitting,Sitting
2025-01-17 11:41:44.500000+00:00,combi,Sitting,Sitting
2025-01-17 11:42:44.500000+00:00,combi,Sitting,Sitting
2025-01-17 11:43:44.500000+00:00,combi,Sitting,Sitting
2025-01-17 11:44:44.500000+00:00,combi,Sitting,Sitting
2025-01-17 11:45:44.500000+00:00,combi,Sitting,Sitting
2025-01-17 11:46:44.500000+00:00,combi,Sitting,Sitting
2025-01-17 11:47:44.500000+00:00,combi,Sitting,Sitting
2025-01-17 11:48:44.500000+00:00,combi,Sitting,Sitting
2025-01-17 11:49:44.500000+00:00,combi,Sitting,Sitting
2025-01-17 11:50:44.500000+00:00,combi,Sitting,Sitting
2025-01-17 11:51:44.500000+00:00,combi,Sitting,Sitting
2025-01-17 11:52:44.500000+00:00,combi,Sitting,Sitting
2025-01-17 11:53:44.500000+00:00,combi,Sitting,Sitting
2025-01-17 11:54:44.500000+00:00,combi,Sitting,Sitting
2025-01-17 11:55:44.500000+00:00,combi,Sitting,Sitting
2025-01-17 11:56:44.500000+00:00,combi,Sitting,Sitting
2025-01-17 11:57:44.500000+00:00,combi,Sitting,Sitting
2025-01-17 11:58:44.500000+00:00,combi,Sitting,Sitting
2025-01-17 11:59:44.500000+00:00,combi,Sitting,Sitting
2025-01-17 12:00:44.500000+00:00,combi,Sitting,Sitting
2025-01-17 12:01:44.500000+00:00,combi,Sitting,Sitting
2025-01-17 12:02:44.500000+00:00,combi,Sitting,Sitting
2025-01-17 12:03:44.500000+00:00,combi,Sitting,Sitting
2025-01-17 12:04:44.500000+00:00,combi,Sitting,Sitting
2025-01-17 12:05:44.500000+00:00,combi,Lying,Dynamic
2025-01-17 12:06:44.500000+00:00,combi,Lying,Dynamic
2025-01-17 12:07:44.500000+00:00,combi,Lying,Dynamic
2025-01-17 12:08:44.500000+00:00,combi,Lying,Dynamic
2025-01-17 12:09:44.500000+00:00,combi,Lying,Dynamic
2025-01-17 12:10:44.500000+00:00,combi,Standing,Dynamic
2025-01-17 12:11:44.500000+00:00,combi,Standing,Standing
2025-01-17 12:12:44.500000+00:00,combi,Standing,Standing
2025-01-17 12:13:44.500000+00:00,combi,Standing,Dynamic
2025-01-17 12:14:44.500000+00:00,combi,Standing,Dynamic
2025-01-17 12:15:44.500000+00:00,combi,Standing,Dynamic
2025-01-17 12:16:44.500000+00:00,combi,Standing,Dynamic
2025-01-17 12:17:44.500000+00:00,combi,Lying,Dynamic
2025-01-17 12:18:44.500000+00:00,combi,Lying,Dynamic
2025-01-17 12:19:44.500000+00:00,combi,Lying,Dynamic
2025-01-17 12:20:44.500000+00:00,combi,Lying,Dynamic
2025-01-17 12:21:44.500000+00:00,combi,Lying,Dynamic
2025-01-17 12:22:44.500000+00:00,combi,Lying,Dynamic
2025-01-17 12:23:44.500000+00:00,combi,Sitting,Sitting
2025-01-17 12:24:44.500000+00:00,combi,Sitting,Sitting
2025-01-17 12:25:44.500000+00:00,combi,Sitting,Sitting
2025-01-17 12:26:44.500000+00:00,combi,Sitting,Sitting
2025-01-17 12:27:44.500000+00:00,combi,Sitting,Sitting
2025-01-17 12:28:44.500000+00:00,combi,Sitting,Sitting
2025-01-17 12:29:44.500000+00:00,combi,Sitting,Sitting
2025-01-17 12:30:44.500000+00:00,combi,Sitting,Sitting
2025-01-17 12:31:44.500000+00:00,combi,Sitting,Sitting
2025-01-17 12:32:44.500000+00:00,combi,Sitting,Sitting
2025-01-17 12:33:44.500000+00:00,combi,Sitting,Sitting
2025-01-17 12:34:44.500000+00:00,combi,Sitting,Sitting
2025-01-17 12:35:44.500000+00:00,combi,Sitting,Sitting
2025-01-17 12:36:44.500000+00:00,combi,Sitting,Sitting
2025-01-17 12:37:44.500000+00:00,combi,Sitting,Sitting
2025-01-17 12:38:44.500000+00:00,combi,Sitting,Sitting
2025-01-17 12:39:44.500000+00:00,combi,Sitting,Sitting
2025-01-17 12:40:44.500000+00:00,combi,Sitting,Sitting
2025-01-17 12:41:44.500000+00:00,combi,Sitting,Sitting
2025-01-17 12:42:44.500000+00:00,combi,Sitting,Sitting
2025-01-17 12:43:44.500000+00:00,combi,Sitting,Sitting
2025-01-17 12:44:44.500000+00:00,combi,Sitting,Sitting
2025-01-17 12:45:44.500000+00:00,combi,Sitting,Sitting
2025-01-17 12:46:44.500000+00:00,combi,Sitting,Sitting
2025-01-17 12:47:44.500000+00:00,combi,Sitting,Sitting
2025-01-17 12:48:44.500000+00:00,combi,Sitting,Sitting
2025-01-17 12:49:44.500000+00:00,combi,Sitting,Sitting
2025-01-17 12:50:44.500000+00:00,combi,Sitting,Sitting
2025-01-17 12:51:44.500000+00:00,combi,Sitting,Sitting
2025-01-17 12:52:44.500000+00:00,combi,Sitting,Sitting
2025-01-17 12:53:44.500000+00:00,combi,Sitting,Sitting
2025-01-17 12:54:44.500000+00:00,combi,Sitting,Sitting
2025-01-17 12:55:44.500000+00:00,combi,Sitting,Sitting
2025-01-17 12:56:44.500000+00:00,combi,Sitting,Sitting
2025-01-17 12:57:44.500000+00:00,combi,Sitting,Sitting
2025-01-17 12:58:44.500000+00:00,combi,Sitting,Sitting
2025-01-17 12:59:44.500000+00:00,combi,Sitting,Sitting
2025-01-17 13:00:44.500000+00:00,combi,Sitting,Sitting
2025-01-17 13:01:44.500000+00:00,combi,Sitting,Sitting
2025-01-17 13:02:44.500000+00:00,combi,Sitting,Sitting
2025-01-17 13:03:44.500000+00:00,combi,Sitting,Sitting
2025-01-17 13:04:44.500000+00:00,combi,Sitting,Sitting
2025-01-17 13:05:44.500000+00:00,combi,Sitting,Sitting
2025-01-17 13:06:44.500000+00:00,combi,Sitting,Sitting
2025-01-17 13:07:44.500000+00:00,combi,Sitting,Sitting
2025-01-17 13:08:44.500000+00:00,combi,Sitting,Sitting
2025-01-17 13:09:44.500000+00:00,combi,Sitting,Sitting
2025-01-17 13:10:44.500000+00:00,combi,Sitting,Sitting
2025-01-17 13:11:44.500000+00:00,combi,Sitting,Sitting
2025-01-17 13:12:44.500000+00:00,combi,Sitting,Sitting
2025-01-17 13:13:44.500000+00:00,combi,Sitting,Sitting
2025-01-17 13:14:44.500000+00:00,combi,Sitting,Sitting
2025-01-17 13:15:44.500000+00:00,combi,Sitting,Sitting
2025-01-17 13:16:44.500000+00:00,combi,Sitting,Sitting
2025-01-17 13:17:44.500000+00:00,combi,Sitting,Sitting
2025-01-17 13:18:44.500000+00:00,combi,Sitting,Sitting
2025-01-17 13:19:44.500000+00:00,combi,Sitting,Sitting
2025-01-17 13:20:44.500000+00:00,combi,Sitting,Sitting
2025-01-17 13:21:44.500000+00:00,combi,Sitting,Sitting
2025-01-17 13:22:44.500000+00:00,combi,Sitting,Sitting
2025-01-17 13:23:44.500000+00:00,combi,Sitting,Sitting
2025-01-17 13:24:44.500000+00:00,combi,Sitting,Sitting
2025-01-17 13:25:44.500000+00:00,combi,Sitting,Sitting
2025-01-17 13:26:44.500000+00:00,combi,Sitting,Sitting
2025-01-17 13:27:44.500000+00:00,combi,Sitting,Sitting
2025-01-17 13:28:44.500000+00:00,combi,Sitting,Sitting
2025-01-17 13:29:44.500000+00:00,combi,Sitting,Sitting
2025-01-17 13:30:44.500000+00:00,combi,Sitting,Sitting
2025-01-17 13:31:44.500000+00:00,combi,Sitting,Sitting
2025-01-17 13:32:44.500000+00:00,combi,Sitting,Sitting
2025-01-17 13:33:44.500000+00:00,combi,Sitting,Sitting
2025-01-17 13:34:44.500000+00:00,combi,Sitting,Sitting
2025-01-17 13:35:44.500000+00:00,combi,Sitting,Sitting
2025-01-17 13:36:44.500000+00:00,combi,Sitting,Sitting
2025-01-17 13:37:44.500000+00:00,combi,Sitting,Sitting
2025-01-17 13:38:44.500000+00:00,combi,Sitting,Sitting
2025-01-17 13:39:44.500000+00:00,combi,Sitting,Sitting
2025-01-17 13:40:44.500000+00:00,combi,Sitting,Sitting
2025-01-17 13:41:44.500000+00:00,combi,Sitting,Sitting
2025-01-17 13:42:44.500000+00:00,combi,Sitting,Sitting
2025-01-17 13:43:44.500000+00:00,combi,Sitting,Sitting
2025-01-17 13:44:44.500000+00:00,combi,Sitting,Sitting
2025-01-17 13:45:44.500000+00:00,combi,Sitting,Sitting
2025-01-17 13:46:44.500000+00:00,combi,Sitting,Sitting
2025-01-17 13:47:44.500000+00:00,combi,Sitting,Sitting
2025-01-17 13:48:44.500000+00:00,combi,Sitting,Sitting
2025-01-17 13:49:44.500000+00:00,combi,Sitting,Sitting
2025-01-17 13:50:44.500000+00:00,combi,Sitting,Sitting
2025-01-17 13:51:44.500000+00:00,combi,Sitting,Sitting
2025-01-17 13:52:44.500000+00:00,combi,Sitting,Sitting
2025-01-17 13:53:44.500000+00:00,combi,Sitting,Sitting
2025-01-17 13:54:44.500000+00:00,combi,Sitting,Sitting
2025-01-17 13:55:44.500000+00:00,combi,Sitting,Sitting
2025-01-17 13:56:44.500000+00:00,combi,Sitting,Sitting
2025-01-17 13:57:44.500000+00:00,combi,Sitting,Sitting
2025-01-17 13:58:44.500000+00:00,combi,Sitting,Sitting
2025-01-17 13:59:44.500000+00:00,combi,Sitting,Sitting
2025-01-17 14:00:44.500000+00:00,combi,Sitting,Sitting
2025-01-17 14:01:44.500000+00:00,combi,Sitting,Sitting
2025-01-17 14:02:44.500000+00:00,combi,Sitting,Sitting
2025-01-17 14:03:44.500000+00:00,combi,Sitting,Sitting
2025-01-17 14:04:44.500000+00:00,combi,Sitting,Sitting
2025-01-17 14:05:44.500000+00:00,combi,Sitting,Sitting
2025-01-17 14:06:44.500000+00:00,combi,Sitting,Sitting
2025-01-17 14:07:44.500000+00:00,combi,Sitting,Sitting
2025-01-17 14:08:44.500000+00:00,combi,Sitting,Sitting
2025-01-17 14:09:44.500000+00:00,combi,Sitting,Sitting
2025-01-17 14:10:44.500000+00:00,combi,Sitting,Sitting
2025-01-17 14:11:44.500000+00:00,combi,Sitting,Sitting
2025-01-17 14:12:44.500000+00:00,combi,Sitting,Sitting
2025-01-17 14:13:44.500000+00:00,combi,Sitting,Sitting
2025-01-17 14:14:44.500000+00:00,combi,Standing,Sitting
2025-01-17 14:15:44.500000+00:00,combi,Standing,Dynamic
2025-01-17 14:16:44.500000+00:00,combi,Standing,Dynamic
2025-01-17 14:17:44.500000+00:00,combi,Standing,Dynamic
2025-01-17 14:18:44.500000+00:00,combi,Sitting,Sitting
2025-01-17 14:19:44.500000+00:00,combi,Sitting,Dynamic
2025-01-17 14:20:44.500000+00:00,combi,Standing,Dynamic
2025-01-17 14:21:44.500000+00:00,combi,Standing,Dynamic
2025-01-17 14:22:44.500000+00:00,combi,Standing,Dynamic
2025-01-17 14:23:44.500000+00:00,combi,Standing,Dynamic
2025-01-17 14:24:44.500000+00:00,combi,Standing,Dynamic
2025-01-17 14:25:44.500000+00:00,combi,Lying,Dynamic
2025-01-17 14:26:44.500000+00:00,combi,Lying,Dynamic
2025-01-17 14:27:44.500000+00:00,combi,Lying,Dynamic
2025-01-17 14:28:44.500000+00:00,combi,Lying,Dynamic
2025-01-17 14:29:44.500000+00:00,combi,Lying,Dynamic
2025-01-17 14:30:44.500000+00:00,combi,Lying,Dynamic
2025-01-17 14:31:44.500000+00:00,combi,Lying,Dynamic
2025-01-17 14:32:44.500000+00:00,combi,Lying,Dynamic
2025-01-17 14:33:44.500000+00:00,combi,Lying,Dynamic
2025-01-17 14:34:44.500000+00:00,combi,Lying,Dynamic
2025-01-17 14:35:44.500000+00:00,combi,Lying,Dynamic
2025-01-17 14:36:44.500000+00:00,combi,Standing,Dynamic
2025-01-17 14:37:44.500000+00:00,combi,Sitting,Sitting
2025-01-17 14:38:44.500000+00:00,combi,Sitting,Sitting
2025-01-17 14:39:44.500000+00:00,combi,Sitting,Sitting
2025-01-17 14:40:44.500000+00:00,combi,Sitting,Sitting
2025-01-17 14:41:44.500000+00:00,combi,Sitting,Sitting
2025-01-17 14:42:44.500000+00:00,combi,Sitting,Sitting
2025-01-17 14:43:44.500000+00:00,combi,Sitting,Sitting
2025-01-17 14:44:44.500000+00:00,combi,Sitting,Sitting
2025-01-17 14:45:44.500000+00:00,combi,Standing,Dynamic
2025-01-17 14:46:44.500000+00:00,combi,Standing,Standing
2025-01-17 14:47:44.500000+00:00,combi,Standing,Standing
2025-01-17 14:48:44.500000+00:00,combi,Sitting,Sitting
2025-01-17 14:49:44.500000+00:00,combi,Sitting,Sitting
2025-01-17 14:50:44.500000+00:00,combi,Sitting,Sitting
2025-01-17 14:51:44.500000+00:00,combi,Sitting,Sitting
2025-01-17 14:52:44.500000+00:00,combi,Lying,Dynamic
2025-01-17 14:53:44.500000+00:00,combi,Standing,Standing
2025-01-17 14:54:44.500000+00:00,combi,Lying,Dynamic
2025-01-17 14:55:44.500000+00:00,combi,Standing,Dynamic
2025-01-17 14:56:44.500000+00:00,combi,Standing,Standing
2025-01-17 14:57:44.500000+00:00,combi,Standing,Dynamic
2025-01-17 14:58:44.500000+00:00,combi,Standing,Dynamic
2025-01-17 14:59:44.500000+00:00,combi,Standing,Dynamic
2025-01-17 15:00:44.500000+00:00,combi,Standing,Dynamic
2025-01-17 15:01:44.500000+00:00,combi,Standing,Standing
2025-01-17 15:02:44.500000+00:00,combi,Standing,Dynamic
2025-01-17 15:03:44.500000+00:00,combi,Standing,Dynamic
2025-01-17 15:04:44.500000+00:00,combi,Standing,Dynamic
2025-01-17 15:05:44.500000+00:00,combi,Lying,Dynamic
2025-01-17 15:06:44.500000+00:00,combi,Lying,Dynamic
2025-01-17 15:07:44.500000+00:00,combi,Lying,Dynamic
2025-01-17 15:08:44.500000+00:00,combi,Lying,Dynamic
2025-01-17 15:09:44.500000+00:00,combi,Lying,Dynamic
2025-01-17 15:10:44.500000+00:00,combi,Lying,Dynamic
2025-01-17 15:11:44.500000+00:00,combi,Lying,Dynamic
2025-01-17 15:12:44.500000+00:00,combi,Standing,Dynamic
2025-01-17 15:13:44.500000+00:00,combi,Standing,Dynamic
2025-01-17 15:14:44.500000+00:00,combi,Lying,Dynamic
2025-01-17 15:15:44.500000+00:00,combi,Standing,Dynamic
2025-01-17 15:16:44.500000+00:00,combi,Sitting,Dynamic
2025-01-17 15:17:44.500000+00:00,combi,Standing,Dynamic
2025-01-17 15:18:44.500000+00:00,combi,Standing,Dynamic
2025-01-17 15:19:44.500000+00:00,combi,Standing,Dynamic
2025-01-17 15:20:44.500000+00:00,combi,Standing,Dynamic
2025-01-17 15:21:44.500000+00:00,combi,Standing,Dynamic
2025-01-17 15:22:44.500000+00:00,combi,Standing,Standing
2025-01-17 15:23:44.500000+00:00,combi,Standing,Standing
2025-01-17 15:24:44.500000+00:00,combi,Sitting,Sitting
2025-01-17 15:25:44.500000+00:00,combi,Standing,Dynamic
2025-01-17 15:26:44.500000+00:00,combi,Standing,Standing
2025-01-17 15:27:44.500000+00:00,combi,Standing,Standing
2025-01-17 15:28:44.500000+00:00,combi,Standing,Standing
2025-01-17 15:29:44.500000+00:00,combi,Standing,Dynamic
2025-01-17 15:30:44.500000+00:00,combi,Standing,Standing
2025-01-17 15:31:44.500000+00:00,combi,Standing,Standing
2025-01-17 15:32:44.500000+00:00,combi,Standing,Standing
2025-01-17 15:33:44.500000+00:00,combi,Standing,Standing
2025-01-17 15:34:44.500000+00:00,combi,Standing,Sitting
2025-01-17 15:35:44.500000+00:00,combi,Standing,Standing
2025-01-17 15:36:44.500000+00:00,combi,Standing,Dynamic
2025-01-17 15:37:44.500000+00:00,combi,Standing,Dynamic
2025-01-17 15:38:44.500000+00:00,combi,Standing,Dynamic
2025-01-17 15:39:44.500000+00:00,combi,Standing,Standing
2025-01-17 15:40:44.500000+00:00,combi,Standing,Standing
2025-01-17 15:41:44.500000+00:00,combi,Standing,Standing
2025-01-17 15:42:44.500000+00:00,combi,Sitting,Sitting
2025-01-17 15:43:44.500000+00:00,combi,Sitting,Sitting
2025-01-17 15:44:44.500000+00:00,combi,Sitting,Sitting
2025-01-17 15:45:44.500000+00:00,combi,Sitting,Sitting
2025-01-17 15:46:44.500000+00:00,combi,Sitting,Sitting
2025-01-17 15:47:44.500000+00:00,combi,Sitting,Sitting
2025-01-17 15:48:44.500000+00:00,combi,Sitting,Sitting
2025-01-17 15:49:44.500000+00:00,combi,Standing,Sitting
2025-01-17 15:50:44.500000+00:00,combi,Standing,Dynamic
2025-01-17 15:51:44.500000+00:00,combi,Lying,Dynamic
2025-01-17 15:52:44.500000+00:00,combi,Lying,Dynamic
2025-01-17 15:53:44.500000+00:00,combi,Lying,Dynamic
2025-01-17 15:54:44.500000+00:00,combi,Sitting,Sitting
2025-01-17 15:55:44.500000+00:00,combi,Sitting,Sitting
2025-01-17 15:56:44.500000+00:00,combi,Standing,Standing
2025-01-17 15:57:44.500000+00:00,combi,Standing,Dynamic
2025-01-17 15:58:44.500000+00:00,combi,Standing,Dynamic
2025-01-17 15:59:44.500000+00:00,combi,Sitting,Sitting
2025-01-17 16:00:44.500000+00:00,combi,Sitting,Dynamic
2025-01-17 16:01:44.500000+00:00,combi,Sitting,Sitting
2025-01-17 16:02:44.500000+00:00,combi,Sitting,Sitting
2025-01-17 16:03:44.500000+00:00,combi,Sitting,Sitting
2025-01-17 16:04:44.500000+00:00,combi,Sitting,Sitting
2025-01-17 16:05:44.500000+00:00,combi,Sitting,Sitting
2025-01-17 16:06:44.500000+00:00,combi,Sitting,Sitting
2025-01-17 16:07:44.500000+00:00,combi,Sitting,Sitting
2025-01-17 16:08:44.500000+00:00,combi,Lying,Lying
2025-01-17 16:09:44.500000+00:00,combi,Lying,Lying
2025-01-17 16:10:44.500000+00:00,combi,Lying,Lying
2025-01-17 16:11:44.500000+00:00,combi,Sitting,Sitting
2025-01-17 16:12:44.500000+00:00,combi,Sitting,Sitting
2025-01-17 16:13:44.500000+00:00,combi,Sitting,Sitting
2025-01-17 16:14:44.500000+00:00,combi,Sitting,Sitting
2025-01-17 16:15:44.500000+00:00,combi,Sitting,Sitting
2025-01-17 16:16:44.500000+00:00,combi,Lying,Lying
2025-01-17 16:17:44.500000+00:00,combi,Lying,Lying
2025-01-17 16:18:44.500000+00:00,combi,Lying,Lying
2025-01-17 16:19:44.500000+00:00,combi,Lying,Lying
2025-01-17 16:20:44.500000+00:00,combi,Lying,Lying
2025-01-17 16:21:44.500000+00:00,combi,Lying,Lying
2025-01-17 16:22:44.500000+00:00,combi,Lying,Lying
2025-01-17 16:23:44.500000+00:00,combi,Lying,Lying
2025-01-17 16:24:44.500000+00:00,combi,Lying,Lying
2025-01-17 16:25:44.500000+00:00,combi,Lying,Lying
2025-01-17 16:26:44.500000+00:00,combi,Lying,Lying
2025-01-17 16:27:44.500000+00:00,combi,Lying,Lying
2025-01-17 16:28:44.500000+00:00,combi,Lying,Lying
2025-01-17 16:29:44.500000+00:00,combi,Lying,Lying
2025-01-17 16:30:44.500000+00:00,combi,Lying,Lying
2025-01-17 16:31:44.500000+00:00,combi,Lying,Lying
2025-01-17 16:32:44.500000+00:00,combi,Lying,Lying
2025-01-17 16:33:44.500000+00:00,combi,Lying,Lying
2025-01-17 16:34:44.500000+00:00,combi,Lying,Lying
2025-01-17 16:35:44.500000+00:00,combi,Lying,Lying
2025-01-17 16:36:44.500000+00:00,combi,Lying,Lying
2025-01-17 16:37:44.500000+00:00,combi,Lying,Lying
2025-01-17 16:38:44.500000+00:00,combi,Lying,Lying
2025-01-17 16:39:44.500000+00:00,combi,Lying,Lying
2025-01-17 16:40:44.500000+00:00,combi,Lying,Lying
2025-01-17 16:41:44.500000+00:00,combi,Lying,Lying
2025-01-17 16:42:44.500000+00:00,combi,Lying,Lying
2025-01-17 16:43:44.500000+00:00,combi,Lying,Lying
2025-01-17 16:44:44.500000+00:00,combi,Lying,Lying
2025-01-17 16:45:44.500000+00:00,combi,Lying,Lying
2025-01-17 16:46:44.500000+00:00,combi,Lying,Lying
2025-01-17 16:47:44.500000+00:00,combi,Lying,Lying
2025-01-17 16:48:44.500000+00:00,combi,Lying,Lying
2025-01-17 16:49:44.500000+00:00,combi,Lying,Lying
2025-01-17 16:50:44.500000+00:00,combi,Lying,Lying
2025-01-17 16:51:44.500000+00:00,combi,Lying,Lying
2025-01-17 16:52:44.500000+00:00,combi,Lying,Lying
2025-01-17 16:53:44.500000+00:00,combi,Lying,Lying
2025-01-17 16:54:44.500000+00:00,combi,Lying,Lying
2025-01-17 16:55:44.500000+00:00,combi,Lying,Lying
2025-01-17 16:56:44.500000+00:00,combi,Lying,Lying
2025-01-17 16:57:44.500000+00:00,combi,Lying,Lying
2025-01-17 16:58:44.500000+00:00,combi,Lying,Lying
2025-01-17 16:59:44.500000+00:00,combi,Lying,Lying
2025-01-17 17:00:44.500000+00:00,combi,Lying,Lying
2025-01-17 17:01:44.500000+00:00,combi,Lying,Lying
2025-01-17 17:02:44.500000+00:00,combi,Lying,Lying
2025-01-17 17:03:44.500000+00:00,combi,Lying,Lying
2025-01-17 17:04:44.500000+00:00,combi,Lying,Lying
2025-01-17 17:05:44.500000+00:00,combi,Lying,Lying
2025-01-17 17:06:44.500000+00:00,combi,Lying,Lying
2025-01-17 17:07:44.500000+00:00,combi,Lying,Lying
2025-01-17 17:08:44.500000+00:00,combi,Lying,Lying
2025-01-17 17:09:44.500000+00:00,combi,Lying,Lying
2025-01-17 17:10:44.500000+00:00,combi,Lying,Lying
2025-01-17 17:11:44.500000+00:00,combi,Lying,Lying
2025-01-17 17:12:44.500000+00:00,combi,Lying,Lying
2025-01-17 17:13:44.500000+00:00,combi,Lying,Lying
2025-01-17 17:14:44.500000+00:00,combi,Lying,Lying
2025-01-17 17:15:44.500000+00:00,combi,Lying,Lying
2025-01-17 17:16:44.500000+00:00,combi,Lying,Lying
2025-01-17 17:17:44.500000+00:00,combi,Lying,Lying
2025-01-17 17:18:44.500000+00:00,combi,Lying,Lying
2025-01-17 17:19:44.500000+00:00,combi,Lying,Lying
2025-01-17 17:20:44.500000+00:00,combi,Lying,Lying
2025-01-17 17:21:44.500000+00:00,combi,Lying,Lying
2025-01-17 17:22:44.500000+00:00,combi,Lying,Lying
2025-01-17 17:23:44.500000+00:00,combi,Lying,Lying
2025-01-17 17:24:44.500000+00:00,combi,Lying,Lying
2025-01-17 17:25:44.500000+00:00,combi,Lying,Lying
2025-01-17 17:26:44.500000+00:00,combi,Lying,Lying
2025-01-17 17:27:44.500000+00:00,combi,Lying,Lying
2025-01-17 17:28:44.500000+00:00,combi,Lying,Lying
2025-01-17 17:29:44.500000+00:00,combi,Lying,Lying
2025-01-17 17:30:44.500000+00:00,combi,Lying,Lying
2025-01-17 17:31:44.500000+00:00,combi,Lying,Lying
2025-01-17 17:32:44.500000+00:00,combi,Lying,Lying
2025-01-17 17:33:44.500000+00:00,combi,Lying,Lying
2025-01-17 17:34:44.500000+00:00,combi,Lying,Lying
2025-01-17 17:35:44.500000+00:00,combi,Lying,Lying
2025-01-17 17:36:44.500000+00:00,combi,Lying,Lying
2025-01-17 17:37:44.500000+00:00,combi,Lying,Lying
2025-01-17 17:38:44.500000+00:00,combi,Lying,Lying
2025-01-17 17:39:44.500000+00:00,combi,Lying,Lying
2025-01-17 17:40:44.500000+00:00,combi,Lying,Lying
2025-01-17 17:41:44.500000+00:00,combi,Sitting,Sitting
2025-01-17 17:42:44.500000+00:00,combi,Sitting,Sitting
2025-01-17 17:43:44.500000+00:00,combi,Sitting,Sitting
2025-01-17 17:44:44.500000+00:00,combi,Sitting,Sitting
2025-01-17 17:45:44.500000+00:00,combi,Sitting,Sitting
2025-01-17 17:46:44.500000+00:00,combi,Sitting,Sitting
2025-01-17 17:47:44.500000+00:00,combi,Sitting,Sitting
2025-01-17 17:48:44.500000+00:00,combi,Sitting,Sitting
2025-01-17 17:49:44.500000+00:00,combi,Sitting,Sitting
2025-01-17 17:50:44.500000+00:00,combi,Sitting,Sitting
2025-01-17 17:51:44.500000+00:00,combi,Sitting,Sitting
2025-01-17 17:52:44.500000+00:00,combi,Sitting,Sitting
2025-01-17 17:53:44.500000+00:00,combi,Sitting,Sitting
2025-01-17 17:54:44.500000+00:00,combi,Sitting,Sitting
2025-01-17 17:55:44.500000+00:00,combi,Sitting,Sitting
2025-01-17 17:56:44.500000+00:00,combi,Sitting,Sitting
2025-01-17 17:57:44.500000+00:00,combi,Sitting,Sitting
2025-01-17 17:58:44.500000+00:00,combi,Sitting,Sitting
2025-01-17 17:59:44.500000+00:00,combi,Lying,Lying
2025-01-17 18:00:44.500000+00:00,combi,Lying,Lying
2025-01-17 18:01:44.500000+00:00,combi,Lying,Lying
2025-01-17 18:02:44.500000+00:00,combi,Lying,Dynamic
2025-01-17 18:03:44.500000+00:00,combi,Standing,Dynamic
2025-01-17 18:04:44.500000+00:00,combi,Standing,Dynamic
2025-01-17 18:05:44.500000+00:00,combi,Standing,Dynamic
2025-01-17 18:06:44.500000+00:00,combi,Lying,Dynamic
2025-01-17 18:07:44.500000+00:00,combi,Standing,Dynamic
2025-01-17 18:08:44.500000+00:00,combi,Standing,Standing
2025-01-17 18:09:44.500000+00:00,combi,Standing,Dynamic
2025-01-17 18:10:44.500000+00:00,combi,Sitting,Sitting
2025-01-17 18:11:44.500000+00:00,combi,Standing,Standing
2025-01-17 18:12:44.500000+00:00,combi,Sitting,Sitting
2025-01-17 18:13:44.500000+00:00,combi,Sitting,Sitting
2025-01-17 18:14:44.500000+00:00,combi,Sitting,Sitting
2025-01-17 18:15:44.500000+00:00,combi,Standing,Standing
2025-01-17 18:16:44.500000+00:00,combi,Standing,Standing
2025-01-17 18:17:44.500000+00:00,combi,Standing,Dynamic
2025-01-17 18:18:44.500000+00:00,combi,Standing,Standing
2025-01-17 18:19:44.500000+00:00,combi,Standing,Sitting
2025-01-17 18:20:44.500000+00:00,combi,Standing,Standing
2025-01-17 18:21:44.500000+00:00,combi,Standing,Standing
2025-01-17 18:22:44.500000+00:00,combi,Sitting,Sitting
2025-01-17 18:23:44.500000+00:00,combi,Standing,Standing
2025-01-17 18:24:44.500000+00:00,combi,Standing,Dynamic
2025-01-17 18:25:44.500000+00:00,combi,Sitting,Dynamic
2025-01-17 18:26:44.500000+00:00,combi,Standing,Sitting
2025-01-17 18:27:44.500000+00:00,combi,Standing,Dynamic
2025-01-17 18:28:44.500000+00:00,combi,Standing,Dynamic
2025-01-17 18:29:44.500000+00:00,combi,Standing,Standing
2025-01-17 18:30:44.500000+00:00,combi,Standing,Sitting
2025-01-17 18:31:44.500000+00:00,combi,Sitting,Sitting
2025-01-17 18:32:44.500000+00:00,combi,Standing,Standing
2025-01-17 18:33:44.500000+00:00,combi,Standing,Sitting
2025-01-17 18:34:44.500000+00:00,combi,Standing,Dynamic
2025-01-17 18:35:44.500000+00:00,combi,Standing,Dynamic
2025-01-17 18:36:44.500000+00:00,combi,Standing,Dynamic
2025-01-17 18:37:44.500000+00:00,combi,Sitting,Dynamic
2025-01-17 18:38:44.500000+00:00,combi,Sitting,Sitting
2025-01-17 18:39:44.500000+00:00,combi,Sitting,Sitting
2025-01-17 18:40:44.500000+00:00,combi,Sitting,Sitting
2025-01-17 18:41:44.500000+00:00,combi,Sitting,Sitting
2025-01-17 18:42:44.500000+00:00,combi,Sitting,Sitting
2025-01-17 18:43:44.500000+00:00,combi,Sitting,Sitting
2025-01-17 18:44:44.500000+00:00,combi,Sitting,Sitting
2025-01-17 18:45:44.500000+00:00,combi,Sitting,Sitting
2025-01-17 18:46:44.500000+00:00,combi,Sitting,Sitting
2025-01-17 18:47:44.500000+00:00,combi,Sitting,Sitting
2025-01-17 18:48:44.500000+00:00,combi,Sitting,Sitting
2025-01-17 18:49:44.500000+00:00,combi,Sitting,Sitting
2025-01-17 18:50:44.500000+00:00,combi,Lying,Lying
2025-01-17 18:51:44.500000+00:00,combi,Lying,Lying
2025-01-17 18:52:44.500000+00:00,combi,Lying,Lying
