Time,Participant,Majority_postures,Majority_including_dynamic
2024-06-24 10:24:40.500000+00:00,combi,Standing,Standing
2024-06-24 10:25:40.500000+00:00,combi,Standing,Standing
2024-06-24 10:26:40.500000+00:00,combi,Standing,Standing
2024-06-24 10:27:40.500000+00:00,combi,Sitting,Sitting
2024-06-24 10:28:40.500000+00:00,combi,Sitting,Sitting
2024-06-24 10:29:40.500000+00:00,combi,Standing,Dynamic
2024-06-24 10:30:40.500000+00:00,combi,Sitting,Sitting
2024-06-24 10:31:40.500000+00:00,combi,Sitting,Sitting
2024-06-24 10:32:40.500000+00:00,combi,Lying,Lying
2024-06-24 10:33:40.500000+00:00,combi,Lying,Lying
2024-06-24 10:34:40.500000+00:00,combi,Lying,Lying
2024-06-24 10:35:40.500000+00:00,combi,Lying,Lying
2024-06-24 10:36:40.500000+00:00,combi,Sitting,Sitting
2024-06-24 10:37:40.500000+00:00,combi,Standing,Standing
2024-06-24 10:38:40.500000+00:00,combi,Standing,Standing
2024-06-24 10:39:40.500000+00:00,combi,Standing,Dynamic
2024-06-24 10:40:40.500000+00:00,combi,Standing,Standing
2024-06-24 10:41:40.500000+00:00,combi,Standing,Standing
2024-06-24 10:42:40.500000+00:00,combi,Standing,Dynamic
2024-06-24 10:43:40.500000+00:00,combi,Lying,Lying
2024-06-24 10:44:40.500000+00:00,combi,Lying,Lying
2024-06-24 10:45:40.500000+00:00,combi,Lying,Lying
2024-06-24 10:46:40.500000+00:00,combi,Lying,Lying
2024-06-24 10:47:40.500000+00:00,combi,Lying,Lying
2024-06-24 10:48:40.500000+00:00,combi,Lying,Lying
2024-06-24 10:49:40.500000+00:00,combi,Lying,Lying
2024-06-24 10:50:40.500000+00:00,combi,Lying,Lying
2024-06-24 10:51:40.500000+00:00,combi,Lying,Lying
2024-06-24 10:52:40.500000+00:00,combi,Lying,Dynamic
2024-06-24 10:53:40.500000+00:00,combi,Sitting,Sitting
2024-06-24 10:54:40.500000+00:00,combi,Sitting,Sitting
2024-06-24 10:55:40.500000+00:00,combi,Sitting,Sitting
2024-06-24 10:56:40.500000+00:00,combi,Sitting,Sitting
2024-06-24 10:57:40.500000+00:00,combi,Sitting,Sitting
2024-06-24 10:58:40.500000+00:00,combi,Sitting,Sitting
2024-06-24 10:59:40.500000+00:00,combi,Sitting,Sitting
2024-06-24 11:00:40.500000+00:00,combi,Sitting,Sitting
2024-06-24 11:01:40.500000+00:00,combi,Sitting,Sitting
2024-06-24 11:02:40.500000+00:00,combi,Sitting,Sitting
2024-06-24 11:03:40.500000+00:00,combi,Sitting,Sitting
2024-06-24 11:04:40.500000+00:00,combi,Standing,Standing
2024-06-24 11:05:40.500000+00:00,combi,Standing,Standing
2024-06-24 11:06:40.500000+00:00,combi,Standing,Standing
2024-06-24 11:07:40.500000+00:00,combi,Standing,Standing
2024-06-24 11:08:40.500000+00:00,combi,Standing,Standing
2024-06-24 11:09:40.500000+00:00,combi,Standing,Standing
2024-06-24 11:10:40.500000+00:00,combi,Standing,Standing
2024-06-24 11:11:40.500000+00:00,combi,Standing,Standing
2024-06-24 11:12:40.500000+00:00,combi,Standing,Standing
2024-06-24 11:13:40.500000+00:00,combi,Standing,Standing
2024-06-24 11:14:40.500000+00:00,combi,Sitting,Sitting
2024-06-24 11:15:40.500000+00:00,combi,Sitting,Sitting
2024-06-24 11:16:40.500000+00:00,combi,Sitting,Sitting
2024-06-24 11:17:40.500000+00:00,combi,Sitting,Sitting
2024-06-24 11:18:40.500000+00:00,combi,Sitting,Sitting
2024-06-24 11:19:40.500000+00:00,combi,Sitting,Sitting
2024-06-24 11:20:40.500000+00:00,combi,Sitting,Sitting
2024-06-24 11:21:40.500000+00:00,combi,Sitting,Sitting
2024-06-24 11:22:40.500000+00:00,combi,Sitting,Sitting
2024-06-24 11:23:40.500000+00:00,combi,Sitting,Sitting
2024-06-24 11:24:40.500000+00:00,combi,Sitting,Sitting
2024-06-24 11:25:40.500000+00:00,combi,Sitting,Sitting
2024-06-24 11:26:40.500000+00:00,combi,Sitting,Sitting
2024-06-24 11:27:40.500000+00:00,combi,Sitting,Sitting
2024-06-24 11:28:40.500000+00:00,combi,Sitting,Sitting
2024-06-24 11:29:40.500000+00:00,combi,Sitting,Sitting
2024-06-24 11:30:40.500000+00:00,combi,Sitting,Sitting
2024-06-24 11:31:40.500000+00:00,combi,Sitting,Sitting
2024-06-24 11:32:40.500000+00:00,combi,Sitting,Sitting
2024-06-24 11:33:40.500000+00:00,combi,Sitting,Sitting
2024-06-24 11:34:40.500000+00:00,combi,Sitting,Sitting
2024-06-24 11:35:40.500000+00:00,combi,Sitting,Sitting
2024-06-24 11:36:40.500000+00:00,combi,Sitting,Sitting
2024-06-24 11:37:40.500000+00:00,combi,Sitting,Sitting
2024-06-24 11:38:40.500000+00:00,combi,Sitting,Sitting
2024-06-24 11:39:40.500000+00:00,combi,Sitting,Sitting
2024-06-24 11:40:40.500000+00:00,combi,Sitting,Sitting
2024-06-24 11:41:40.500000+00:00,combi,Sitting,Sitting
2024-06-24 11:42:40.500000+00:00,combi,Sitting,Sitting
2024-06-24 11:43:40.500000+00:00,combi,Sitting,Sitting
2024-06-24 11:44:40.500000+00:00,combi,Sitting,Sitting
2024-06-24 11:45:40.500000+00:00,combi,Sitting,Sitting
2024-06-24 11:46:40.500000+00:00,combi,Sitting,Sitting
2024-06-24 11:47:40.500000+00:00,combi,Sitting,Sitting
2024-06-24 11:48:40.500000+00:00,combi,Sitting,Sitting
2024-06-24 11:49:40.500000+00:00,combi,Standing,Standing
2024-06-24 11:50:40.500000+00:00,combi,Standing,Standing
2024-06-24 11:51:40.500000+00:00,combi,Standing,Standing
2024-06-24 11:52:40.500000+00:00,combi,Sitting,Sitting
2024-06-24 11:53:40.500000+00:00,combi,Sitting,Sitting
2024-06-24 11:54:40.500000+00:00,combi,Sitting,Sitting
2024-06-24 11:55:40.500000+00:00,combi,Sitting,Sitting
2024-06-24 11:56:40.500000+00:00,combi,Sitting,Sitting
2024-06-24 11:57:40.500000+00:00,combi,Sitting,Sitting
2024-06-24 11:58:40.500000+00:00,combi,Standing,Standing
2024-06-24 11:59:40.500000+00:00,combi,Sitting,Sitting
2024-06-24 12:00:40.500000+00:00,combi,Sitting,Sitting
2024-06-24 12:01:40.500000+00:00,combi,Sitting,Sitting
2024-06-24 12:02:40.500000+00:00,combi,Standing,Standing
2024-06-24 12:03:40.500000+00:00,combi,Standing,Dynamic
2024-06-24 12:04:40.500000+00:00,combi,Standing,Standing
2024-06-24 12:05:40.500000+00:00,combi,Standing,Dynamic
2024-06-24 12:06:40.500000+00:00,combi,Sitting,Dynamic
2024-06-24 12:07:40.500000+00:00,combi,Lying,Lying
2024-06-24 12:08:40.500000+00:00,combi,Sitting,Sitting
2024-06-24 12:09:40.500000+00:00,combi,Sitting,Sitting
2024-06-24 12:10:40.500000+00:00,combi,Standing,Dynamic
2024-06-24 12:11:40.500000+00:00,combi,Standing,Dynamic
2024-06-24 12:12:40.500000+00:00,combi,Lying,Dynamic
2024-06-24 12:13:40.500000+00:00,combi,Lying,Dynamic
2024-06-24 12:14:40.500000+00:00,combi,Sitting,Sitting
2024-06-24 12:15:40.500000+00:00,combi,Sitting,Sitting
2024-06-24 12:16:40.500000+00:00,combi,Sitting,Sitting
2024-06-24 12:17:40.500000+00:00,combi,Sitting,Sitting
2024-06-24 12:18:40.500000+00:00,combi,Sitting,Sitting
2024-06-24 12:19:40.500000+00:00,combi,Sitting,Sitting
2024-06-24 12:20:40.500000+00:00,combi,Sitting,Sitting
2024-06-24 12:21:40.500000+00:00,combi,Sitting,Sitting
2024-06-24 12:22:40.500000+00:00,combi,Sitting,Sitting
2024-06-24 12:23:40.500000+00:00,combi,Sitting,Sitting
2024-06-24 12:24:40.500000+00:00,combi,Sitting,Sitting
2024-06-24 12:25:40.500000+00:00,combi,Sitting,Sitting
2024-06-24 12:26:40.500000+00:00,combi,Sitting,Sitting
2024-06-24 12:27:40.500000+00:00,combi,Sitting,Sitting
2024-06-24 12:28:40.500000+00:00,combi,Sitting,Sitting
2024-06-24 12:29:40.500000+00:00,combi,Sitting,Sitting
2024-06-24 12:30:40.500000+00:00,combi,Sitting,Sitting
2024-06-24 12:31:40.500000+00:00,combi,Sitting,Sitting
2024-06-24 12:32:40.500000+00:00,combi,Sitting,Sitting
2024-06-24 12:33:40.500000+00:00,combi,Sitting,Sitting
2024-06-24 12:34:40.500000+00:00,combi,Sitting,Sitting
2024-06-24 12:35:40.500000+00:00,combi,Sitting,Sitting
2024-06-24 12:36:40.500000+00:00,combi,Sitting,Sitting
2024-06-24 12:37:40.500000+00:00,combi,Sitting,Sitting
2024-06-24 12:38:40.500000+00:00,combi,Sitting,Sitting
2024-06-24 12:39:40.500000+00:00,combi,Sitting,Sitting
2024-06-24 12:40:40.500000+00:00,combi,Lying,Dynamic
2024-06-24 12:41:40.500000+00:00,combi,Lying,Dynamic
2024-06-24 12:42:40.500000+00:00,combi,Sitting,Sitting
2024-06-24 12:43:40.500000+00:00,combi,Sitting,Sitting
2024-06-24 12:44:40.500000+00:00,combi,Sitting,Sitting
2024-06-24 12:45:40.500000+00:00,combi,Sitting,Sitting
2024-06-24 12:46:40.500000+00:00,combi,Sitting,Sitting
2024-06-24 12:47:40.500000+00:00,combi,Sitting,Sitting
2024-06-24 12:48:40.500000+00:00,combi,Sitting,Sitting
2024-06-24 12:49:40.500000+00:00,combi,Sitting,Sitting
2024-06-24 12:50:40.500000+00:00,combi,Sitting,Sitting
2024-06-24 12:51:40.500000+00:00,combi,Sitting,Sitting
2024-06-24 12:52:40.500000+00:00,combi,Sitting,Sitting
2024-06-24 12:53:40.500000+00:00,combi,Sitting,Sitting
2024-06-24 12:54:40.500000+00:00,combi,Sitting,Sitting
2024-06-24 12:55:40.500000+00:00,combi,Sitting,Sitting
2024-06-24 12:56:40.500000+00:00,combi,Sitting,Sitting
2024-06-24 12:57:40.500000+00:00,combi,Sitting,Sitting
2024-06-24 12:58:40.500000+00:00,combi,Sitting,Sitting
2024-06-24 12:59:40.500000+00:00,combi,Sitting,Dynamic
2024-06-24 13:00:40.500000+00:00,combi,Sitting,Sitting
2024-06-24 13:01:40.500000+00:00,combi,Sitting,Sitting
2024-06-24 13:02:40.500000+00:00,combi,Sitting,Sitting
2024-06-24 13:03:40.500000+00:00,combi,Sitting,Sitting
2024-06-24 13:04:40.500000+00:00,combi,Sitting,Sitting
2024-06-24 13:05:40.500000+00:00,combi,Sitting,Sitting
2024-06-24 13:06:40.500000+00:00,combi,Sitting,Sitting
2024-06-24 13:07:40.500000+00:00,combi,Sitting,Sitting
2024-06-24 13:08:40.500000+00:00,combi,Sitting,Sitting
2024-06-24 13:09:40.500000+00:00,combi,Sitting,Sitting
2024-06-24 13:10:40.500000+00:00,combi,Sitting,Sitting
2024-06-24 13:11:40.500000+00:00,combi,Sitting,Sitting
2024-06-24 13:12:40.500000+00:00,combi,Sitting,Sitting
2024-06-24 13:13:40.500000+00:00,combi,Sitting,Sitting
2024-06-24 13:14:40.500000+00:00,combi,Sitting,Sitting
2024-06-24 13:15:40.500000+00:00,combi,Sitting,Sitting
2024-06-24 13:16:40.500000+00:00,combi,Sitting,Sitting
2024-06-24 13:17:40.500000+00:00,combi,Sitting,Sitting
2024-06-24 13:18:40.500000+00:00,combi,Sitting,Sitting
2024-06-24 13:19:40.500000+00:00,combi,Sitting,Sitting
2024-06-24 13:20:40.500000+00:00,combi,Sitting,Sitting
2024-06-24 13:21:40.500000+00:00,combi,Sitting,Sitting
2024-06-24 13:22:40.500000+00:00,combi,Sitting,Sitting
2024-06-24 13:23:40.500000+00:00,combi,Sitting,Sitting
2024-06-24 13:24:40.500000+00:00,combi,Sitting,Sitting
2024-06-24 13:25:40.500000+00:00,combi,Sitting,Sitting
2024-06-24 13:26:40.500000+00:00,combi,Sitting,Sitting
2024-06-24 13:27:40.500000+00:00,combi,Lying,Dynamic
2024-06-24 13:28:40.500000+00:00,combi,Lying,Dynamic
2024-06-24 13:29:40.500000+00:00,combi,Standing,Standing
2024-06-24 13:30:40.500000+00:00,combi,Standing,Standing
2024-06-24 13:31:40.500000+00:00,combi,Standing,Standing
2024-06-24 13:32:40.500000+00:00,combi,Standing,Standing
2024-06-24 13:33:40.500000+00:00,combi,Sitting,Dynamic
2024-06-24 13:34:40.500000+00:00,combi,Sitting,Sitting
2024-06-24 13:35:40.500000+00:00,combi,Sitting,Sitting
2024-06-24 13:36:40.500000+00:00,combi,Sitting,Sitting
2024-06-24 13:37:40.500000+00:00,combi,Standing,Sitting
2024-06-24 13:38:40.500000+00:00,combi,Lying,Dynamic
2024-06-24 13:39:40.500000+00:00,combi,Lying,Dynamic
2024-06-24 13:40:40.500000+00:00,combi,Lying,Dynamic
2024-06-24 13:41:40.500000+00:00,combi,Sitting,Dynamic
2024-06-24 13:42:40.500000+00:00,combi,Sitting,Sitting
2024-06-24 13:43:40.500000+00:00,combi,Sitting,Sitting
2024-06-24 13:44:40.500000+00:00,combi,Sitting,Sitting
2024-06-24 13:45:40.500000+00:00,combi,Sitting,Sitting
2024-06-24 13:46:40.500000+00:00,combi,Sitting,Sitting
2024-06-24 13:47:40.500000+00:00,combi,Sitting,Sitting
2024-06-24 13:48:40.500000+00:00,combi,Sitting,Sitting
2024-06-24 13:49:40.500000+00:00,combi,Sitting,Sitting
2024-06-24 13:50:40.500000+00:00,combi,Sitting,Sitting
2024-06-24 13:51:40.500000+00:00,combi,Sitting,Sitting
2024-06-24 13:52:40.500000+00:00,combi,Sitting,Sitting
2024-06-24 13:53:40.500000+00:00,combi,Sitting,Sitting
2024-06-24 13:54:40.500000+00:00,combi,Sitting,Sitting
2024-06-24 13:55:40.500000+00:00,combi,Sitting,Sitting
2024-06-24 13:56:40.500000+00:00,combi,Sitting,Sitting
2024-06-24 13:57:40.500000+00:00,combi,Sitting,Sitting
2024-06-24 13:58:40.500000+00:00,combi,Sitting,Dynamic
2024-06-24 13:59:40.500000+00:00,combi,Lying,Dynamic
2024-06-24 14:00:40.500000+00:00,combi,Lying,Dynamic
2024-06-24 14:01:40.500000+00:00,combi,Standing,Dynamic
2024-06-24 14:02:40.500000+00:00,combi,Standing,Dynamic
2024-06-24 14:03:40.500000+00:00,combi,Standing,Dynamic
2024-06-24 14:04:40.500000+00:00,combi,Lying,Dynamic
2024-06-24 14:05:40.500000+00:00,combi,Sitting,Dynamic
2024-06-24 14:06:40.500000+00:00,combi,Sitting,Dynamic
2024-06-24 14:07:40.500000+00:00,combi,Sitting,Dynamic
2024-06-24 14:08:40.500000+00:00,combi,Sitting,Dynamic
2024-06-24 14:09:40.500000+00:00,combi,Lying,Dynamic
2024-06-24 14:10:40.500000+00:00,combi,Sitting,Dynamic
2024-06-24 14:11:40.500000+00:00,combi,Standing,Dynamic
2024-06-24 14:12:40.500000+00:00,combi,Lying,Dynamic
2024-06-24 14:13:40.500000+00:00,combi,Standing,Dynamic
2024-06-24 14:14:40.500000+00:00,combi,Sitting,Sitting
2024-06-24 14:15:40.500000+00:00,combi,Sitting,Dynamic
2024-06-24 14:16:40.500000+00:00,combi,Standing,Dynamic
2024-06-24 14:17:40.500000+00:00,combi,Standing,Dynamic
2024-06-24 14:18:40.500000+00:00,combi,Standing,Standing
2024-06-24 14:19:40.500000+00:00,combi,Lying,Dynamic
2024-06-24 14:20:40.500000+00:00,combi,Sitting,Dynamic
2024-06-24 14:21:40.500000+00:00,combi,Standing,Standing
2024-06-24 14:22:40.500000+00:00,combi,Sitting,Sitting
2024-06-24 14:23:40.500000+00:00,combi,Sitting,Dynamic
2024-06-24 14:24:40.500000+00:00,combi,Sitting,Dynamic
2024-06-24 14:25:40.500000+00:00,combi,Lying,Dynamic
2024-06-24 14:26:40.500000+00:00,combi,Lying,Lying
2024-06-24 14:27:40.500000+00:00,combi,Lying,Dynamic
2024-06-24 14:28:40.500000+00:00,combi,Standing,Dynamic
2024-06-24 14:29:40.500000+00:00,combi,Lying,Dynamic
2024-06-24 14:30:40.500000+00:00,combi,Lying,Dynamic
2024-06-24 14:31:40.500000+00:00,combi,Lying,Dynamic
2024-06-24 14:32:40.500000+00:00,combi,Lying,Dynamic
2024-06-24 14:33:40.500000+00:00,combi,Lying,Dynamic
2024-06-24 14:34:40.500000+00:00,combi,Lying,Dynamic
2024-06-24 14:35:40.500000+00:00,combi,Sitting,Dynamic
2024-06-24 14:36:40.500000+00:00,combi,Lying,Dynamic
2024-06-24 14:37:40.500000+00:00,combi,Lying,Dynamic
2024-06-24 14:38:40.500000+00:00,combi,Lying,Dynamic
2024-06-24 14:39:40.500000+00:00,combi,Lying,Dynamic
2024-06-24 14:40:40.500000+00:00,combi,Sitting,Sitting
2024-06-24 14:41:40.500000+00:00,combi,Lying,Dynamic
2024-06-24 14:42:40.500000+00:00,combi,Lying,Dynamic
2024-06-24 14:43:40.500000+00:00,combi,Standing,Standing
2024-06-24 14:44:40.500000+00:00,combi,Standing,Standing
2024-06-24 14:45:40.500000+00:00,combi,Standing,Dynamic
2024-06-24 14:46:40.500000+00:00,combi,Lying,Dynamic
2024-06-24 14:47:40.500000+00:00,combi,Lying,Dynamic
2024-06-24 14:48:40.500000+00:00,combi,Lying,Lying
2024-06-24 14:49:40.500000+00:00,combi,Lying,Lying
2024-06-24 14:50:40.500000+00:00,combi,Lying,Lying
2024-06-24 14:51:40.500000+00:00,combi,Lying,Lying
2024-06-24 14:52:40.500000+00:00,combi,Lying,Lying
2024-06-24 14:53:40.500000+00:00,combi,Lying,Lying
2024-06-24 14:54:40.500000+00:00,combi,Lying,Lying
2024-06-24 14:55:40.500000+00:00,combi,Lying,Lying
2024-06-24 14:56:40.500000+00:00,combi,Lying,Lying
2024-06-24 14:57:40.500000+00:00,combi,Lying,Lying
2024-06-24 14:58:40.500000+00:00,combi,Lying,Lying
2024-06-24 14:59:40.500000+00:00,combi,Lying,Lying
2024-06-24 15:00:40.500000+00:00,combi,Lying,Lying
2024-06-24 15:01:40.500000+00:00,combi,Lying,Lying
2024-06-24 15:02:40.500000+00:00,combi,Lying,Lying
2024-06-24 15:03:40.500000+00:00,combi,Lying,Lying
2024-06-24 15:04:40.500000+00:00,combi,Lying,Lying
2024-06-24 15:05:40.500000+00:00,combi,Lying,Lying
2024-06-24 15:06:40.500000+00:00,combi,Lying,Lying
2024-06-24 15:07:40.500000+00:00,combi,Lying,Lying
2024-06-24 15:08:40.500000+00:00,combi,Lying,Lying
2024-06-24 15:09:40.500000+00:00,combi,Lying,Lying
2024-06-24 15:10:40.500000+00:00,combi,Lying,Lying
2024-06-24 15:11:40.500000+00:00,combi,Lying,Lying
2024-06-24 15:12:40.500000+00:00,combi,Lying,Sitting
2024-06-24 15:13:40.500000+00:00,combi,Lying,Lying
2024-06-24 15:14:40.500000+00:00,combi,Lying,Lying
2024-06-24 15:15:40.500000+00:00,combi,Lying,Lying
2024-06-24 15:16:40.500000+00:00,combi,Lying,Lying
2024-06-24 15:17:40.500000+00:00,combi,Lying,Lying
2024-06-24 15:18:40.500000+00:00,combi,Lying,Lying
2024-06-24 15:19:40.500000+00:00,combi,Lying,Lying
2024-06-24 15:20:40.500000+00:00,combi,Lying,Lying
2024-06-24 15:21:40.500000+00:00,combi,Lying,Lying
2024-06-24 15:22:40.500000+00:00,combi,Lying,Lying
2024-06-24 15:23:40.500000+00:00,combi,Lying,Lying
2024-06-24 15:24:40.500000+00:00,combi,Lying,Lying
2024-06-24 15:25:40.500000+00:00,combi,Lying,Lying
2024-06-24 15:26:40.500000+00:00,combi,Lying,Lying
2024-06-24 15:27:40.500000+00:00,combi,Lying,Lying
2024-06-24 15:28:40.500000+00:00,combi,Lying,Lying
2024-06-24 15:29:40.500000+00:00,combi,Lying,Lying
2024-06-24 15:30:40.500000+00:00,combi,Lying,Lying
2024-06-24 15:31:40.500000+00:00,combi,Lying,Lying
2024-06-24 15:32:40.500000+00:00,combi,Lying,Lying
2024-06-24 15:33:40.500000+00:00,combi,Lying,Lying
2024-06-24 15:34:40.500000+00:00,combi,Lying,Lying
2024-06-24 15:35:40.500000+00:00,combi,Lying,Lying
2024-06-24 15:36:40.500000+00:00,combi,Lying,Lying
2024-06-24 15:37:40.500000+00:00,combi,Lying,Lying
2024-06-24 15:38:40.500000+00:00,combi,Lying,Lying
2024-06-24 15:39:40.500000+00:00,combi,Lying,Lying
2024-06-24 15:40:40.500000+00:00,combi,Lying,Lying
2024-06-24 15:41:40.500000+00:00,combi,Lying,Lying
2024-06-24 15:42:40.500000+00:00,combi,Lying,Lying
2024-06-24 15:43:40.500000+00:00,combi,Lying,Lying
2024-06-24 15:44:40.500000+00:00,combi,Lying,Lying
2024-06-24 15:45:40.500000+00:00,combi,Lying,Lying
2024-06-24 15:46:40.500000+00:00,combi,Lying,Lying
2024-06-24 15:47:40.500000+00:00,combi,Lying,Lying
2024-06-24 15:48:40.500000+00:00,combi,Lying,Lying
2024-06-24 15:49:40.500000+00:00,combi,Lying,Lying
2024-06-24 15:50:40.500000+00:00,combi,Lying,Lying
2024-06-24 15:51:40.500000+00:00,combi,Lying,Lying
2024-06-24 15:52:40.500000+00:00,combi,Lying,Lying
2024-06-24 15:53:40.500000+00:00,combi,Lying,Lying
2024-06-24 15:54:40.500000+00:00,combi,Lying,Lying
2024-06-24 15:55:40.500000+00:00,combi,Lying,Lying
2024-06-24 15:56:40.500000+00:00,combi,Lying,Lying
2024-06-24 15:57:40.500000+00:00,combi,Lying,Lying
2024-06-24 15:58:40.500000+00:00,combi,Lying,Lying
2024-06-24 15:59:40.500000+00:00,combi,Lying,Lying
2024-06-24 16:00:40.500000+00:00,combi,Lying,Lying
2024-06-24 16:01:40.500000+00:00,combi,Lying,Lying
2024-06-24 16:02:40.500000+00:00,combi,Lying,Lying
2024-06-24 16:03:40.500000+00:00,combi,Lying,Lying
2024-06-24 16:04:40.500000+00:00,combi,Lying,Lying
2024-06-24 16:05:40.500000+00:00,combi,Lying,Lying
2024-06-24 16:06:40.500000+00:00,combi,Lying,Lying
2024-06-24 16:07:40.500000+00:00,combi,Lying,Lying
2024-06-24 16:08:40.500000+00:00,combi,Lying,Lying
2024-06-24 16:09:40.500000+00:00,combi,Lying,Lying
2024-06-24 16:10:40.500000+00:00,combi,Lying,Lying
2024-06-24 16:11:40.500000+00:00,combi,Lying,Lying
2024-06-24 16:12:40.500000+00:00,combi,Lying,Lying
2024-06-24 16:13:40.500000+00:00,combi,Lying,Lying
2024-06-24 16:14:40.500000+00:00,combi,Lying,Lying
2024-06-24 16:15:40.500000+00:00,combi,Lying,Lying
2024-06-24 16:16:40.500000+00:00,combi,Lying,Lying
2024-06-24 16:17:40.500000+00:00,combi,Lying,Lying
2024-06-24 16:18:40.500000+00:00,combi,Lying,Lying
2024-06-24 16:19:40.500000+00:00,combi,Lying,Lying
2024-06-24 16:20:40.500000+00:00,combi,Lying,Lying
2024-06-24 16:21:40.500000+00:00,combi,Lying,Lying
2024-06-24 16:22:40.500000+00:00,combi,Lying,Lying
2024-06-24 16:23:40.500000+00:00,combi,Lying,Lying
2024-06-24 16:24:40.500000+00:00,combi,Lying,Lying
2024-06-24 16:25:40.500000+00:00,combi,Lying,Lying
2024-06-24 16:26:40.500000+00:00,combi,Lying,Lying
2024-06-24 16:27:40.500000+00:00,combi,Lying,Lying
2024-06-24 16:28:40.500000+00:00,combi,Lying,Lying
2024-06-24 16:29:40.500000+00:00,combi,Sitting,Dynamic
2024-06-24 16:30:40.500000+00:00,combi,Sitting,Sitting
2024-06-24 16:31:40.500000+00:00,combi,Sitting,Sitting
2024-06-24 16:32:40.500000+00:00,combi,Sitting,Sitting
2024-06-24 16:33:40.500000+00:00,combi,Sitting,Sitting
2024-06-24 16:34:40.500000+00:00,combi,Sitting,Sitting
2024-06-24 16:35:40.500000+00:00,combi,Sitting,Sitting
2024-06-24 16:36:40.500000+00:00,combi,Sitting,Sitting
2024-06-24 16:37:40.500000+00:00,combi,Sitting,Sitting
2024-06-24 16:38:40.500000+00:00,combi,Sitting,Sitting
2024-06-24 16:39:40.500000+00:00,combi,Sitting,Sitting
2024-06-24 16:40:40.500000+00:00,combi,Sitting,Sitting
2024-06-24 16:41:40.500000+00:00,combi,Sitting,Sitting
2024-06-24 16:42:40.500000+00:00,combi,Sitting,Sitting
2024-06-24 16:43:40.500000+00:00,combi,Sitting,Sitting
2024-06-24 16:44:40.500000+00:00,combi,Sitting,Sitting
2024-06-24 16:45:40.500000+00:00,combi,Sitting,Sitting
2024-06-24 16:46:40.500000+00:00,combi,Sitting,Sitting
2024-06-24 16:47:40.500000+00:00,combi,Sitting,Sitting
2024-06-24 16:48:40.500000+00:00,combi,Sitting,Sitting
2024-06-24 16:49:40.500000+00:00,combi,Standing,Dynamic
2024-06-24 16:50:40.500000+00:00,combi,Sitting,Sitting
2024-06-24 16:51:40.500000+00:00,combi,Sitting,Sitting
2024-06-24 16:52:40.500000+00:00,combi,Sitting,Sitting
2024-06-24 16:53:40.500000+00:00,combi,Sitting,Dynamic
2024-06-24 16:54:40.500000+00:00,combi,Sitting,Sitting
2024-06-24 16:55:40.500000+00:00,combi,Standing,Standing
2024-06-24 16:56:40.500000+00:00,combi,Sitting,Sitting
2024-06-24 16:57:40.500000+00:00,combi,Sitting,Sitting
2024-06-24 16:58:40.500000+00:00,combi,Sitting,Sitting
2024-06-24 16:59:40.500000+00:00,combi,Sitting,Sitting
2024-06-24 17:00:40.500000+00:00,combi,Sitting,Sitting
2024-06-24 17:01:40.500000+00:00,combi,Sitting,Sitting
2024-06-24 17:02:40.500000+00:00,combi,Sitting,Sitting
2024-06-24 17:03:40.500000+00:00,combi,Sitting,Sitting
2024-06-24 17:04:40.500000+00:00,combi,Sitting,Sitting
2024-06-24 17:05:40.500000+00:00,combi,Sitting,Sitting
2024-06-24 17:06:40.500000+00:00,combi,Sitting,Sitting
2024-06-24 17:07:40.500000+00:00,combi,Sitting,Sitting
2024-06-24 17:08:40.500000+00:00,combi,Sitting,Sitting
2024-06-24 17:09:40.500000+00:00,combi,Sitting,Sitting
2024-06-24 17:10:40.500000+00:00,combi,Sitting,Sitting
2024-06-24 17:11:40.500000+00:00,combi,Sitting,Sitting
2024-06-24 17:12:40.500000+00:00,combi,Sitting,Dynamic
2024-06-24 17:13:40.500000+00:00,combi,Sitting,Standing
2024-06-24 17:14:40.500000+00:00,combi,Sitting,Sitting
2024-06-24 17:15:40.500000+00:00,combi,Sitting,Sitting
2024-06-24 17:16:40.500000+00:00,combi,Sitting,Sitting
2024-06-24 17:17:40.500000+00:00,combi,Sitting,Sitting
2024-06-24 17:18:40.500000+00:00,combi,Sitting,Sitting
2024-06-24 17:19:40.500000+00:00,combi,Sitting,Sitting
2024-06-24 17:20:40.500000+00:00,combi,Sitting,Sitting
2024-06-24 17:21:40.500000+00:00,combi,Sitting,Sitting
2024-06-24 17:22:40.500000+00:00,combi,Sitting,Sitting
2024-06-24 17:23:40.500000+00:00,combi,Sitting,Sitting
2024-06-24 17:24:40.500000+00:00,combi,Sitting,Sitting
2024-06-24 17:25:40.500000+00:00,combi,Sitting,Sitting
2024-06-24 17:26:40.500000+00:00,combi,Sitting,Sitting
2024-06-24 17:27:40.500000+00:00,combi,Sitting,Sitting
2024-06-24 17:28:40.500000+00:00,combi,Lying,Lying
2024-06-24 17:29:40.500000+00:00,combi,Lying,Lying
2024-06-24 17:30:40.500000+00:00,combi,Lying,Lying
2024-06-24 17:31:40.500000+00:00,combi,Lying,Lying
2024-06-24 17:32:40.500000+00:00,combi,Lying,Lying
2024-06-24 17:33:40.500000+00:00,combi,Lying,Lying
2024-06-24 17:34:40.500000+00:00,combi,Lying,Lying
2024-06-24 17:35:40.500000+00:00,combi,Lying,Lying
2024-06-24 17:36:40.500000+00:00,combi,Sitting,Sitting
2024-06-24 17:37:40.500000+00:00,combi,Standing,Standing
2024-06-24 17:38:40.500000+00:00,combi,Sitting,Sitting
2024-06-24 17:39:40.500000+00:00,combi,Sitting,Sitting
2024-06-24 17:40:40.500000+00:00,combi,Sitting,Sitting
2024-06-24 17:41:40.500000+00:00,combi,Sitting,Sitting
2024-06-24 17:42:40.500000+00:00,combi,Sitting,Sitting
2024-06-24 17:43:40.500000+00:00,combi,Sitting,Sitting
2024-06-24 17:44:40.500000+00:00,combi,Sitting,Sitting
2024-06-24 17:45:40.500000+00:00,combi,Sitting,Sitting
2024-06-24 17:46:40.500000+00:00,combi,Sitting,Sitting
2024-06-24 17:47:40.500000+00:00,combi,Sitting,Sitting
2024-06-24 17:48:40.500000+00:00,combi,Sitting,Sitting
2024-06-24 17:49:40.500000+00:00,combi,Sitting,Sitting
2024-06-24 17:50:40.500000+00:00,combi,Sitting,Sitting
2024-06-24 17:51:40.500000+00:00,combi,Sitting,Sitting
2024-06-24 17:52:40.500000+00:00,combi,Sitting,Sitting
2024-06-24 17:53:40.500000+00:00,combi,Sitting,Sitting
2024-06-24 17:54:40.500000+00:00,combi,Sitting,Sitting
2024-06-24 17:55:40.500000+00:00,combi,Sitting,Sitting
2024-06-24 17:56:40.500000+00:00,combi,Sitting,Sitting
2024-06-24 17:57:40.500000+00:00,combi,Sitting,Sitting
2024-06-24 17:58:40.500000+00:00,combi,Sitting,Sitting
2024-06-24 17:59:40.500000+00:00,combi,Sitting,Sitting
2024-06-24 18:00:40.500000+00:00,combi,Sitting,Sitting
2024-06-24 18:01:40.500000+00:00,combi,Sitting,Sitting
2024-06-24 18:02:40.500000+00:00,combi,Sitting,Sitting
2024-06-24 18:03:40.500000+00:00,combi,Sitting,Sitting
2024-06-24 18:04:40.500000+00:00,combi,Sitting,Sitting
2024-06-24 18:05:40.500000+00:00,combi,Sitting,Sitting
2024-06-24 18:06:40.500000+00:00,combi,Sitting,Sitting
2024-06-24 18:07:40.500000+00:00,combi,Sitting,Sitting
2024-06-24 18:08:40.500000+00:00,combi,Sitting,Sitting
2024-06-24 18:09:40.500000+00:00,combi,Sitting,Sitting
2024-06-24 18:10:40.500000+00:00,combi,Sitting,Sitting
2024-06-24 18:11:40.500000+00:00,combi,Sitting,Sitting
2024-06-24 18:12:40.500000+00:00,combi,Sitting,Sitting
2024-06-24 18:13:40.500000+00:00,combi,Sitting,Sitting
2024-06-24 18:14:40.500000+00:00,combi,Sitting,Sitting
2024-06-24 18:15:40.500000+00:00,combi,Sitting,Sitting
2024-06-24 18:16:40.500000+00:00,combi,Sitting,Sitting
2024-06-24 18:17:40.500000+00:00,combi,Sitting,Standing
2024-06-24 18:18:40.500000+00:00,combi,Sitting,Sitting
2024-06-24 18:19:40.500000+00:00,combi,Sitting,Sitting
2024-06-24 18:20:40.500000+00:00,combi,Sitting,Sitting
2024-06-24 18:21:40.500000+00:00,combi,Sitting,Sitting
2024-06-24 18:22:40.500000+00:00,combi,Sitting,Sitting
2024-06-24 18:23:40.500000+00:00,combi,Sitting,Sitting
2024-06-24 18:24:40.500000+00:00,combi,Sitting,Sitting
2024-06-24 18:25:40.500000+00:00,combi,Sitting,Sitting
2024-06-24 18:26:40.500000+00:00,combi,Sitting,Sitting
2024-06-24 18:27:40.500000+00:00,combi,Sitting,Sitting
2024-06-24 18:28:40.500000+00:00,combi,Sitting,Sitting
2024-06-24 18:29:40.500000+00:00,combi,Sitting,Sitting
2024-06-24 18:30:40.500000+00:00,combi,Sitting,Sitting
2024-06-24 18:31:40.500000+00:00,combi,Sitting,Sitting
2024-06-24 18:32:40.500000+00:00,combi,Sitting,Sitting
2024-06-24 18:33:40.500000+00:00,combi,Sitting,Sitting
2024-06-24 18:34:40.500000+00:00,combi,Standing,Standing
2024-06-24 18:35:40.500000+00:00,combi,Sitting,Sitting
2024-06-24 18:36:40.500000+00:00,combi,Standing,Sitting
2024-06-24 18:37:40.500000+00:00,combi,Sitting,Sitting
2024-06-24 18:38:40.500000+00:00,combi,Sitting,Sitting
2024-06-24 18:39:40.500000+00:00,combi,Sitting,Sitting
2024-06-24 18:40:40.500000+00:00,combi,Sitting,Sitting
2024-06-24 18:41:40.500000+00:00,combi,Sitting,Sitting
2024-06-24 18:42:40.500000+00:00,combi,Sitting,Sitting
2024-06-24 18:43:40.500000+00:00,combi,Sitting,Sitting
2024-06-24 18:44:40.500000+00:00,combi,Sitting,Sitting
2024-06-24 18:45:40.500000+00:00,combi,Sitting,Sitting
2024-06-24 18:46:40.500000+00:00,combi,Sitting,Sitting
2024-06-24 18:47:40.500000+00:00,combi,Sitting,Sitting
2024-06-24 18:48:40.500000+00:00,combi,Sitting,Sitting
2024-06-24 18:49:40.500000+00:00,combi,Sitting,Sitting
2024-06-24 18:50:40.500000+00:00,combi,Sitting,Sitting
2024-06-24 18:51:40.500000+00:00,combi,Sitting,Sitting
2024-06-24 18:52:40.500000+00:00,combi,Standing,Standing
2024-06-24 18:53:40.500000+00:00,combi,Standing,Dynamic
2024-06-24 18:54:40.500000+00:00,combi,Standing,Standing
2024-06-24 18:55:40.500000+00:00,combi,Sitting,Sitting
2024-06-24 18:56:40.500000+00:00,combi,Sitting,Sitting
2024-06-24 18:57:40.500000+00:00,combi,Sitting,Sitting
2024-06-24 18:58:40.500000+00:00,combi,Sitting,Sitting
2024-06-24 18:59:40.500000+00:00,combi,Sitting,Sitting
2024-06-24 19:00:40.500000+00:00,combi,Sitting,Sitting
2024-06-24 19:01:40.500000+00:00,combi,Sitting,Sitting
2024-06-24 19:02:40.500000+00:00,combi,Sitting,Sitting
2024-06-24 19:03:40.500000+00:00,combi,Sitting,Sitting
2024-06-24 19:04:40.500000+00:00,combi,Sitting,Sitting
2024-06-24 19:05:40.500000+00:00,combi,Sitting,Sitting
2024-06-24 19:06:40.500000+00:00,combi,Standing,Standing
2024-06-24 19:07:40.500000+00:00,combi,Standing,Standing
2024-06-24 19:08:40.500000+00:00,combi,Sitting,Sitting
2024-06-24 19:09:40.500000+00:00,combi,Lying,Dynamic
2024-06-24 19:10:40.500000+00:00,combi,Lying,Lying
2024-06-24 19:11:40.500000+00:00,combi,Lying,Lying
2024-06-24 19:12:40.500000+00:00,combi,Lying,Lying
2024-06-24 19:13:40.500000+00:00,combi,Lying,Lying
2024-06-24 19:14:40.500000+00:00,combi,Lying,Lying
2024-06-24 19:15:40.500000+00:00,combi,Lying,Lying
2024-06-24 19:16:40.500000+00:00,combi,Lying,Lying
2024-06-24 19:17:40.500000+00:00,combi,Lying,Lying
2024-06-24 19:18:40.500000+00:00,combi,Lying,Lying
2024-06-24 19:19:40.500000+00:00,combi,Lying,Lying
2024-06-24 19:20:40.500000+00:00,combi,Lying,Lying
2024-06-24 19:21:40.500000+00:00,combi,Lying,Lying
2024-06-24 19:22:40.500000+00:00,combi,Lying,Lying
2024-06-24 19:23:40.500000+00:00,combi,Lying,Lying
2024-06-24 19:24:40.500000+00:00,combi,Lying,Lying
2024-06-24 19:25:40.500000+00:00,combi,Lying,Lying
2024-06-24 19:26:40.500000+00:00,combi,Lying,Lying
2024-06-24 19:27:40.500000+00:00,combi,Lying,Lying
2024-06-24 19:28:40.500000+00:00,combi,Lying,Lying
2024-06-24 19:29:40.500000+00:00,combi,Lying,Lying
2024-06-24 19:30:40.500000+00:00,combi,Lying,Lying
2024-06-24 19:31:40.500000+00:00,combi,Lying,Lying
2024-06-24 19:32:40.500000+00:00,combi,Lying,Lying
2024-06-24 19:33:40.500000+00:00,combi,Lying,Lying
2024-06-24 19:34:40.500000+00:00,combi,Lying,Lying
2024-06-24 19:35:40.500000+00:00,combi,Lying,Lying
2024-06-24 19:36:40.500000+00:00,combi,Lying,Lying
2024-06-24 19:37:40.500000+00:00,combi,Lying,Lying
2024-06-24 19:38:40.500000+00:00,combi,Lying,Lying
2024-06-24 19:39:40.500000+00:00,combi,Lying,Lying
2024-06-24 19:40:40.500000+00:00,combi,Lying,Lying
2024-06-24 19:41:40.500000+00:00,combi,Lying,Lying
2024-06-24 19:42:40.500000+00:00,combi,Lying,Lying
2024-06-24 19:43:40.500000+00:00,combi,Lying,Lying
2024-06-24 19:44:40.500000+00:00,combi,Lying,Lying
2024-06-24 19:45:40.500000+00:00,combi,Lying,Lying
2024-06-24 19:46:40.500000+00:00,combi,Lying,Lying
2024-06-24 19:47:40.500000+00:00,combi,Lying,Lying
2024-06-24 19:48:40.500000+00:00,combi,Sitting,Sitting
2024-06-24 19:49:40.500000+00:00,combi,Sitting,Sitting
2024-06-24 19:50:40.500000+00:00,combi,Standing,Dynamic
2024-06-24 19:51:40.500000+00:00,combi,Sitting,Dynamic
2024-06-24 19:52:40.500000+00:00,combi,Sitting,Sitting
2024-06-24 19:53:40.500000+00:00,combi,Sitting,Sitting
2024-06-24 19:54:40.500000+00:00,combi,Sitting,Sitting
2024-06-24 19:55:40.500000+00:00,combi,Sitting,Sitting
2024-06-24 19:56:40.500000+00:00,combi,Sitting,Sitting
2024-06-24 19:57:40.500000+00:00,combi,Sitting,Sitting
2024-06-24 19:58:40.500000+00:00,combi,Sitting,Sitting
2024-06-24 19:59:40.500000+00:00,combi,Sitting,Sitting
2024-06-24 20:00:40.500000+00:00,combi,Sitting,Sitting
2024-06-24 20:01:40.500000+00:00,combi,Sitting,Sitting
2024-06-24 20:02:40.500000+00:00,combi,Sitting,Sitting
2024-06-24 20:03:40.500000+00:00,combi,Sitting,Sitting
2024-06-24 20:04:40.500000+00:00,combi,Sitting,Dynamic
2024-06-24 20:05:40.500000+00:00,combi,Sitting,Sitting
2024-06-24 20:06:40.500000+00:00,combi,Sitting,Sitting
2024-06-24 20:07:40.500000+00:00,combi,Sitting,Sitting
2024-06-24 20:08:40.500000+00:00,combi,Sitting,Sitting
2024-06-24 20:09:40.500000+00:00,combi,Sitting,Sitting
2024-06-24 20:10:40.500000+00:00,combi,Sitting,Sitting
2024-06-24 20:11:40.500000+00:00,combi,Sitting,Sitting
2024-06-24 20:12:40.500000+00:00,combi,Standing,Sitting
2024-06-24 20:13:40.500000+00:00,combi,Sitting,Dynamic
2024-06-24 20:14:40.500000+00:00,combi,Sitting,Sitting
2024-06-24 20:15:40.500000+00:00,combi,Standing,Standing
2024-06-24 20:16:40.500000+00:00,combi,Standing,Standing
2024-06-24 20:17:40.500000+00:00,combi,Sitting,Dynamic
2024-06-24 20:18:40.500000+00:00,combi,Standing,Dynamic
2024-06-24 20:19:40.500000+00:00,combi,Sitting,Sitting
2024-06-24 20:20:40.500000+00:00,combi,Sitting,Sitting
2024-06-24 20:21:40.500000+00:00,combi,Sitting,Sitting
2024-06-24 20:22:40.500000+00:00,combi,Sitting,Dynamic
2024-06-24 20:23:40.500000+00:00,combi,Standing,Sitting
2024-06-24 20:24:40.500000+00:00,combi,Sitting,Sitting
2024-06-24 20:25:40.500000+00:00,combi,Sitting,Sitting
2024-06-24 20:26:40.500000+00:00,combi,Sitting,Sitting
2024-06-24 20:27:40.500000+00:00,combi,Sitting,Sitting
2024-06-24 20:28:40.500000+00:00,combi,Sitting,Sitting
2024-06-24 20:29:40.500000+00:00,combi,Sitting,Sitting
2024-06-24 20:30:40.500000+00:00,combi,Sitting,Sitting
2024-06-24 20:31:40.500000+00:00,combi,Sitting,Sitting
2024-06-24 20:32:40.500000+00:00,combi,Sitting,Sitting
2024-06-24 20:33:40.500000+00:00,combi,Sitting,Sitting
2024-06-24 20:34:40.500000+00:00,combi,Sitting,Sitting
2024-06-24 20:35:40.500000+00:00,combi,Sitting,Sitting
2024-06-24 20:36:40.500000+00:00,combi,Sitting,Sitting
2024-06-24 20:37:40.500000+00:00,combi,Sitting,Sitting
2024-06-24 20:38:40.500000+00:00,combi,Sitting,Sitting
2024-06-24 20:39:40.500000+00:00,combi,Sitting,Sitting
2024-06-24 20:40:40.500000+00:00,combi,Sitting,Dynamic
2024-06-24 20:41:40.500000+00:00,combi,Sitting,Sitting
2024-06-24 20:42:40.500000+00:00,combi,Sitting,Sitting
2024-06-24 20:43:40.500000+00:00,combi,Sitting,Sitting
2024-06-24 20:44:40.500000+00:00,combi,Sitting,Sitting
2024-06-24 20:45:40.500000+00:00,combi,Sitting,Sitting
2024-06-24 20:46:40.500000+00:00,combi,Sitting,Sitting
2024-06-24 20:47:40.500000+00:00,combi,Sitting,Sitting
2024-06-24 20:48:40.500000+00:00,combi,Sitting,Sitting
2024-06-24 20:49:40.500000+00:00,combi,Sitting,Sitting
2024-06-24 20:50:40.500000+00:00,combi,Sitting,Sitting
2024-06-24 20:51:40.500000+00:00,combi,Sitting,Sitting
2024-06-24 20:52:40.500000+00:00,combi,Sitting,Sitting
2024-06-24 20:53:40.500000+00:00,combi,Sitting,Sitting
2024-06-24 20:54:40.500000+00:00,combi,Sitting,Sitting
2024-06-24 20:55:40.500000+00:00,combi,Sitting,Sitting
2024-06-24 20:56:40.500000+00:00,combi,Sitting,Sitting
2024-06-24 20:57:40.500000+00:00,combi,Sitting,Sitting
2024-06-24 20:58:40.500000+00:00,combi,Sitting,Sitting
2024-06-24 20:59:40.500000+00:00,combi,Standing,Dynamic
2024-06-24 21:00:40.500000+00:00,combi,Standing,Sitting
2024-06-24 21:01:40.500000+00:00,combi,Standing,Standing
2024-06-24 21:02:40.500000+00:00,combi,Standing,Sitting
2024-06-24 21:03:40.500000+00:00,combi,Sitting,Sitting
2024-06-24 21:04:40.500000+00:00,combi,Sitting,Sitting
2024-06-24 21:05:40.500000+00:00,combi,Sitting,Sitting
2024-06-24 21:06:40.500000+00:00,combi,Sitting,Sitting
2024-06-24 21:07:40.500000+00:00,combi,Sitting,Sitting
2024-06-24 21:08:40.500000+00:00,combi,Sitting,Sitting
2024-06-24 21:09:40.500000+00:00,combi,Sitting,Sitting
2024-06-24 21:10:40.500000+00:00,combi,Sitting,Sitting
2024-06-24 21:11:40.500000+00:00,combi,Sitting,Sitting
2024-06-24 21:12:40.500000+00:00,combi,Sitting,Sitting
2024-06-24 21:13:40.500000+00:00,combi,Sitting,Sitting
2024-06-24 21:14:40.500000+00:00,combi,Sitting,Sitting
2024-06-24 21:15:40.500000+00:00,combi,Sitting,Sitting
2024-06-24 21:16:40.500000+00:00,combi,Standing,Standing
2024-06-24 21:17:40.500000+00:00,combi,Lying,Dynamic
2024-06-24 21:18:40.500000+00:00,combi,Standing,Dynamic
2024-06-24 21:19:40.500000+00:00,combi,Sitting,Dynamic
2024-06-24 21:20:40.500000+00:00,combi,Sitting,Dynamic
2024-06-24 21:21:40.500000+00:00,combi,Sitting,Sitting
2024-06-24 21:22:40.500000+00:00,combi,Sitting,Sitting
2024-06-24 21:23:40.500000+00:00,combi,Standing,Standing
2024-06-24 21:24:40.500000+00:00,combi,Standing,Standing
2024-06-24 21:25:40.500000+00:00,combi,Sitting,Sitting
2024-06-24 21:26:40.500000+00:00,combi,Sitting,Sitting
2024-06-24 21:27:40.500000+00:00,combi,Sitting,Sitting
2024-06-24 21:28:40.500000+00:00,combi,Sitting,Sitting
2024-06-24 21:29:40.500000+00:00,combi,Standing,Dynamic
2024-06-24 21:30:40.500000+00:00,combi,Sitting,Sitting
2024-06-24 21:31:40.500000+00:00,combi,Sitting,Sitting
2024-06-24 21:32:40.500000+00:00,combi,Sitting,Sitting
2024-06-24 21:33:40.500000+00:00,combi,Standing,Sitting
2024-06-24 21:34:40.500000+00:00,combi,Sitting,Sitting
2024-06-24 21:35:40.500000+00:00,combi,Standing,Standing
2024-06-24 21:36:40.500000+00:00,combi,Sitting,Sitting
2024-06-24 21:37:40.500000+00:00,combi,Sitting,Sitting
2024-06-24 21:38:40.500000+00:00,combi,Sitting,Sitting
2024-06-24 21:39:40.500000+00:00,combi,Sitting,Sitting
2024-06-24 21:40:40.500000+00:00,combi,Sitting,Sitting
2024-06-24 21:41:40.500000+00:00,combi,Sitting,Sitting
2024-06-24 21:42:40.500000+00:00,combi,Sitting,Sitting
2024-06-24 21:43:40.500000+00:00,combi,Sitting,Sitting
2024-06-24 21:44:40.500000+00:00,combi,Sitting,Sitting
2024-06-24 21:45:40.500000+00:00,combi,Sitting,Sitting
2024-06-24 21:46:40.500000+00:00,combi,Standing,Dynamic
2024-06-24 21:47:40.500000+00:00,combi,Sitting,Dynamic
2024-06-24 21:48:40.500000+00:00,combi,Sitting,Sitting
2024-06-24 21:49:40.500000+00:00,combi,Sitting,Sitting
2024-06-24 21:50:40.500000+00:00,combi,Sitting,Sitting
2024-06-24 21:51:40.500000+00:00,combi,Standing,Standing
2024-06-24 21:52:40.500000+00:00,combi,Standing,Standing
2024-06-24 21:53:40.500000+00:00,combi,Sitting,Sitting
2024-06-24 21:54:40.500000+00:00,combi,Sitting,Sitting
2024-06-24 21:55:40.500000+00:00,combi,Sitting,Sitting
2024-06-24 21:56:40.500000+00:00,combi,Sitting,Sitting
2024-06-24 21:57:40.500000+00:00,combi,Sitting,Sitting
2024-06-24 21:58:40.500000+00:00,combi,Sitting,Sitting
2024-06-24 21:59:40.500000+00:00,combi,Sitting,Sitting
2024-06-24 22:00:40.500000+00:00,combi,Sitting,Sitting
2024-06-24 22:01:40.500000+00:00,combi,Sitting,Sitting
2024-06-24 22:02:40.500000+00:00,combi,Sitting,Sitting
2024-06-24 22:03:40.500000+00:00,combi,Sitting,Sitting
2024-06-24 22:04:40.500000+00:00,combi,Sitting,Sitting
2024-06-24 22:05:40.500000+00:00,combi,Sitting,Sitting
2024-06-24 22:06:40.500000+00:00,combi,Sitting,Sitting
2024-06-24 22:07:40.500000+00:00,combi,Sitting,Sitting
2024-06-24 22:08:40.500000+00:00,combi,Sitting,Sitting
2024-06-24 22:09:40.500000+00:00,combi,Sitting,Sitting
2024-06-24 22:10:40.500000+00:00,combi,Sitting,Sitting
2024-06-24 22:11:40.500000+00:00,combi,Sitting,Sitting
2024-06-24 22:12:40.500000+00:00,combi,Sitting,Sitting
2024-06-24 22:13:40.500000+00:00,combi,Sitting,Sitting
2024-06-24 22:14:40.500000+00:00,combi,Sitting,Sitting
2024-06-24 22:15:40.500000+00:00,combi,Sitting,Sitting
2024-06-24 22:16:40.500000+00:00,combi,Sitting,Sitting
2024-06-24 22:17:40.500000+00:00,combi,Sitting,Sitting
2024-06-24 22:18:40.500000+00:00,combi,Sitting,Sitting
2024-06-24 22:19:40.500000+00:00,combi,Sitting,Sitting
2024-06-24 22:20:40.500000+00:00,combi,Sitting,Sitting
2024-06-24 22:21:40.500000+00:00,combi,Standing,Standing
2024-06-24 22:22:40.500000+00:00,combi,Sitting,Sitting
2024-06-24 22:23:40.500000+00:00,combi,Sitting,Sitting
2024-06-24 22:24:40.500000+00:00,combi,Sitting,Sitting
2024-06-24 22:25:40.500000+00:00,combi,Sitting,Sitting
2024-06-24 22:26:40.500000+00:00,combi,Sitting,Sitting
2024-06-24 22:27:40.500000+00:00,combi,Sitting,Sitting
2024-06-24 22:28:40.500000+00:00,combi,Sitting,Sitting
2024-06-24 22:29:40.500000+00:00,combi,Sitting,Sitting
2024-06-24 22:30:40.500000+00:00,combi,Sitting,Sitting
2024-06-24 22:31:40.500000+00:00,combi,Sitting,Sitting
2024-06-24 22:32:40.500000+00:00,combi,Sitting,Sitting
2024-06-24 22:33:40.500000+00:00,combi,Sitting,Sitting
2024-06-24 22:34:40.500000+00:00,combi,Sitting,Sitting
2024-06-24 22:35:40.500000+00:00,combi,Sitting,Sitting
2024-06-24 22:36:40.500000+00:00,combi,Lying,Dynamic
2024-06-24 22:37:40.500000+00:00,combi,Sitting,Dynamic
2024-06-24 22:38:40.500000+00:00,combi,Standing,Dynamic
2024-06-24 22:39:40.500000+00:00,combi,Lying,Lying
2024-06-24 22:40:40.500000+00:00,combi,Lying,Lying
2024-06-24 22:41:40.500000+00:00,combi,Lying,Lying
2024-06-24 22:42:40.500000+00:00,combi,Lying,Lying
2024-06-24 22:43:40.500000+00:00,combi,Lying,Lying
2024-06-24 22:44:40.500000+00:00,combi,Lying,Lying
2024-06-24 22:45:40.500000+00:00,combi,Lying,Lying
2024-06-24 22:46:40.500000+00:00,combi,Lying,Lying
2024-06-24 22:47:40.500000+00:00,combi,Lying,Lying
2024-06-24 22:48:40.500000+00:00,combi,Lying,Lying
2024-06-24 22:49:40.500000+00:00,combi,Lying,Lying
2024-06-24 22:50:40.500000+00:00,combi,Lying,Lying
2024-06-24 22:51:40.500000+00:00,combi,Lying,Lying
2024-06-24 22:52:40.500000+00:00,combi,Lying,Lying
2024-06-24 22:53:40.500000+00:00,combi,Lying,Lying
2024-06-24 22:54:40.500000+00:00,combi,Lying,Lying
2024-06-24 22:55:40.500000+00:00,combi,Lying,Lying
2024-06-24 22:56:40.500000+00:00,combi,Lying,Lying
2024-06-24 22:57:40.500000+00:00,combi,Lying,Lying
2024-06-24 22:58:40.500000+00:00,combi,Lying,Lying
2024-06-24 22:59:40.500000+00:00,combi,Lying,Lying
2024-06-24 23:00:40.500000+00:00,combi,Lying,Dynamic
2024-06-24 23:01:40.500000+00:00,combi,Standing,Standing
2024-06-24 23:02:40.500000+00:00,combi,Standing,Dynamic
2024-06-24 23:03:40.500000+00:00,combi,Lying,Lying
2024-06-24 23:04:40.500000+00:00,combi,Lying,Lying
2024-06-24 23:05:40.500000+00:00,combi,Lying,Lying
2024-06-24 23:06:40.500000+00:00,combi,Lying,Lying
2024-06-24 23:07:40.500000+00:00,combi,Lying,Lying
2024-06-24 23:08:40.500000+00:00,combi,Lying,Lying
2024-06-24 23:09:40.500000+00:00,combi,Lying,Lying
2024-06-24 23:10:40.500000+00:00,combi,Lying,Lying
2024-06-24 23:11:40.500000+00:00,combi,Lying,Lying
2024-06-24 23:12:40.500000+00:00,combi,Lying,Dynamic
2024-06-24 23:13:40.500000+00:00,combi,Standing,Standing
2024-06-24 23:14:40.500000+00:00,combi,Sitting,Standing
2024-06-24 23:15:40.500000+00:00,combi,Lying,Dynamic
2024-06-24 23:16:40.500000+00:00,combi,Lying,Dynamic
2024-06-24 23:17:40.500000+00:00,combi,Lying,Lying
2024-06-24 23:18:40.500000+00:00,combi,Lying,Lying
2024-06-24 23:19:40.500000+00:00,combi,Lying,Lying
2024-06-24 23:20:40.500000+00:00,combi,Lying,Lying
2024-06-24 23:21:40.500000+00:00,combi,Lying,Lying
2024-06-24 23:22:40.500000+00:00,combi,Lying,Lying
2024-06-24 23:23:40.500000+00:00,combi,Lying,Lying
2024-06-24 23:24:40.500000+00:00,combi,Lying,Lying
2024-06-24 23:25:40.500000+00:00,combi,Lying,Lying
2024-06-24 23:26:40.500000+00:00,combi,Lying,Lying
2024-06-24 23:27:40.500000+00:00,combi,Lying,Lying
2024-06-24 23:28:40.500000+00:00,combi,Lying,Lying
2024-06-24 23:29:40.500000+00:00,combi,Lying,Lying
2024-06-24 23:30:40.500000+00:00,combi,Lying,Lying
2024-06-24 23:31:40.500000+00:00,combi,Lying,Lying
2024-06-24 23:32:40.500000+00:00,combi,Lying,Lying
2024-06-24 23:33:40.500000+00:00,combi,Lying,Lying
2024-06-24 23:34:40.500000+00:00,combi,Lying,Lying
2024-06-24 23:35:40.500000+00:00,combi,Lying,Lying
2024-06-24 23:36:40.500000+00:00,combi,Lying,Lying
2024-06-24 23:37:40.500000+00:00,combi,Lying,Lying
2024-06-24 23:38:40.500000+00:00,combi,Lying,Lying
2024-06-24 23:39:40.500000+00:00,combi,Lying,Lying
2024-06-24 23:40:40.500000+00:00,combi,Lying,Lying
2024-06-24 23:41:40.500000+00:00,combi,Lying,Lying
2024-06-24 23:42:40.500000+00:00,combi,Lying,Lying
2024-06-24 23:43:40.500000+00:00,combi,Lying,Lying
2024-06-24 23:44:40.500000+00:00,combi,Lying,Lying
2024-06-24 23:45:40.500000+00:00,combi,Lying,Lying
2024-06-24 23:46:40.500000+00:00,combi,Lying,Lying
2024-06-24 23:47:40.500000+00:00,combi,Lying,Lying
2024-06-24 23:48:40.500000+00:00,combi,Lying,Lying
2024-06-24 23:49:40.500000+00:00,combi,Lying,Lying
2024-06-24 23:50:40.500000+00:00,combi,Lying,Lying
2024-06-24 23:51:40.500000+00:00,combi,Lying,Lying
2024-06-24 23:52:40.500000+00:00,combi,Lying,Lying
2024-06-24 23:53:40.500000+00:00,combi,Lying,Lying
2024-06-24 23:54:40.500000+00:00,combi,Lying,Lying
2024-06-24 23:55:40.500000+00:00,combi,Lying,Lying
2024-06-24 23:56:40.500000+00:00,combi,Lying,Lying
2024-06-24 23:57:40.500000+00:00,combi,Lying,Lying
2024-06-24 23:58:40.500000+00:00,combi,Lying,Lying
2024-06-24 23:59:40.500000+00:00,combi,Lying,Lying
2024-06-25 00:00:40.500000+00:00,combi,Lying,Lying
2024-06-25 00:01:40.500000+00:00,combi,Lying,Lying
2024-06-25 00:02:40.500000+00:00,combi,Lying,Lying
2024-06-25 00:03:40.500000+00:00,combi,Lying,Lying
2024-06-25 00:04:40.500000+00:00,combi,Lying,Lying
2024-06-25 00:05:40.500000+00:00,combi,Lying,Lying
2024-06-25 00:06:40.500000+00:00,combi,Lying,Lying
2024-06-25 00:07:40.500000+00:00,combi,Lying,Lying
2024-06-25 00:08:40.500000+00:00,combi,Lying,Lying
2024-06-25 00:09:40.500000+00:00,combi,Lying,Lying
2024-06-25 00:10:40.500000+00:00,combi,Lying,Lying
2024-06-25 00:11:40.500000+00:00,combi,Lying,Lying
2024-06-25 00:12:40.500000+00:00,combi,Lying,Lying
2024-06-25 00:13:40.500000+00:00,combi,Lying,Lying
2024-06-25 00:14:40.500000+00:00,combi,Lying,Lying
2024-06-25 00:15:40.500000+00:00,combi,Lying,Lying
2024-06-25 00:16:40.500000+00:00,combi,Lying,Lying
2024-06-25 00:17:40.500000+00:00,combi,Lying,Lying
2024-06-25 00:18:40.500000+00:00,combi,Lying,Lying
2024-06-25 00:19:40.500000+00:00,combi,Lying,Lying
2024-06-25 00:20:40.500000+00:00,combi,Lying,Lying
2024-06-25 00:21:40.500000+00:00,combi,Lying,Lying
2024-06-25 00:22:40.500000+00:00,combi,Lying,Lying
2024-06-25 00:23:40.500000+00:00,combi,Lying,Lying
2024-06-25 00:24:40.500000+00:00,combi,Lying,Lying
2024-06-25 00:25:40.500000+00:00,combi,Lying,Lying
2024-06-25 00:26:40.500000+00:00,combi,Lying,Lying
2024-06-25 00:27:40.500000+00:00,combi,Lying,Lying
2024-06-25 00:28:40.500000+00:00,combi,Lying,Lying
2024-06-25 00:29:40.500000+00:00,combi,Lying,Lying
2024-06-25 00:30:40.500000+00:00,combi,Lying,Lying
2024-06-25 00:31:40.500000+00:00,combi,Lying,Lying
2024-06-25 00:32:40.500000+00:00,combi,Lying,Lying
2024-06-25 00:33:40.500000+00:00,combi,Lying,Lying
2024-06-25 00:34:40.500000+00:00,combi,Lying,Lying
2024-06-25 00:35:40.500000+00:00,combi,Lying,Lying
2024-06-25 00:36:40.500000+00:00,combi,Lying,Lying
2024-06-25 00:37:40.500000+00:00,combi,Lying,Lying
2024-06-25 00:38:40.500000+00:00,combi,Lying,Lying
2024-06-25 00:39:40.500000+00:00,combi,Lying,Lying
2024-06-25 00:40:40.500000+00:00,combi,Lying,Lying
2024-06-25 00:41:40.500000+00:00,combi,Lying,Lying
2024-06-25 00:42:40.500000+00:00,combi,Lying,Lying
2024-06-25 00:43:40.500000+00:00,combi,Lying,Lying
2024-06-25 00:44:40.500000+00:00,combi,Lying,Lying
2024-06-25 00:45:40.500000+00:00,combi,Lying,Lying
2024-06-25 00:46:40.500000+00:00,combi,Lying,Lying
2024-06-25 00:47:40.500000+00:00,combi,Lying,Lying
2024-06-25 00:48:40.500000+00:00,combi,Lying,Lying
2024-06-25 00:49:40.500000+00:00,combi,Lying,Lying
2024-06-25 00:50:40.500000+00:00,combi,Lying,Lying
2024-06-25 00:51:40.500000+00:00,combi,Lying,Lying
2024-06-25 00:52:40.500000+00:00,combi,Lying,Lying
2024-06-25 00:53:40.500000+00:00,combi,Lying,Lying
2024-06-25 00:54:40.500000+00:00,combi,Lying,Lying
2024-06-25 00:55:40.500000+00:00,combi,Lying,Lying
2024-06-25 00:56:40.500000+00:00,combi,Lying,Lying
2024-06-25 00:57:40.500000+00:00,combi,Lying,Lying
2024-06-25 00:58:40.500000+00:00,combi,Lying,Lying
2024-06-25 00:59:40.500000+00:00,combi,Lying,Lying
2024-06-25 01:00:40.500000+00:00,combi,Lying,Lying
2024-06-25 01:01:40.500000+00:00,combi,Lying,Lying
2024-06-25 01:02:40.500000+00:00,combi,Lying,Lying
2024-06-25 01:03:40.500000+00:00,combi,Lying,Lying
2024-06-25 01:04:40.500000+00:00,combi,Lying,Lying
2024-06-25 01:05:40.500000+00:00,combi,Lying,Lying
2024-06-25 01:06:40.500000+00:00,combi,Lying,Lying
2024-06-25 01:07:40.500000+00:00,combi,Lying,Lying
2024-06-25 01:08:40.500000+00:00,combi,Lying,Lying
2024-06-25 01:09:40.500000+00:00,combi,Lying,Lying
2024-06-25 01:10:40.500000+00:00,combi,Lying,Lying
2024-06-25 01:11:40.500000+00:00,combi,Lying,Lying
2024-06-25 01:12:40.500000+00:00,combi,Lying,Lying
2024-06-25 01:13:40.500000+00:00,combi,Lying,Lying
2024-06-25 01:14:40.500000+00:00,combi,Lying,Lying
2024-06-25 01:15:40.500000+00:00,combi,Lying,Lying
2024-06-25 01:16:40.500000+00:00,combi,Lying,Lying
2024-06-25 01:17:40.500000+00:00,combi,Lying,Lying
2024-06-25 01:18:40.500000+00:00,combi,Lying,Lying
2024-06-25 01:19:40.500000+00:00,combi,Lying,Lying
2024-06-25 01:20:40.500000+00:00,combi,Lying,Lying
2024-06-25 01:21:40.500000+00:00,combi,Lying,Lying
2024-06-25 01:22:40.500000+00:00,combi,Lying,Lying
2024-06-25 01:23:40.500000+00:00,combi,Lying,Lying
2024-06-25 01:24:40.500000+00:00,combi,Lying,Lying
2024-06-25 01:25:40.500000+00:00,combi,Lying,Lying
2024-06-25 01:26:40.500000+00:00,combi,Standing,Standing
2024-06-25 01:27:40.500000+00:00,combi,Standing,Standing
2024-06-25 01:28:40.500000+00:00,combi,Sitting,Dynamic
2024-06-25 01:29:40.500000+00:00,combi,Sitting,Sitting
2024-06-25 01:30:40.500000+00:00,combi,Sitting,Sitting
2024-06-25 01:31:40.500000+00:00,combi,Sitting,Sitting
2024-06-25 01:32:40.500000+00:00,combi,Sitting,Sitting
2024-06-25 01:33:40.500000+00:00,combi,Sitting,Sitting
2024-06-25 01:34:40.500000+00:00,combi,Sitting,Sitting
2024-06-25 01:35:40.500000+00:00,combi,Sitting,Sitting
2024-06-25 01:36:40.500000+00:00,combi,Sitting,Sitting
2024-06-25 01:37:40.500000+00:00,combi,Sitting,Sitting
2024-06-25 01:38:40.500000+00:00,combi,Sitting,Sitting
2024-06-25 01:39:40.500000+00:00,combi,Lying,Lying
2024-06-25 01:40:40.500000+00:00,combi,Lying,Lying
2024-06-25 01:41:40.500000+00:00,combi,Lying,Lying
2024-06-25 01:42:40.500000+00:00,combi,Lying,Lying
2024-06-25 01:43:40.500000+00:00,combi,Lying,Lying
2024-06-25 01:44:40.500000+00:00,combi,Lying,Lying
2024-06-25 01:45:40.500000+00:00,combi,Lying,Lying
2024-06-25 01:46:40.500000+00:00,combi,Lying,Lying
2024-06-25 01:47:40.500000+00:00,combi,Lying,Lying
2024-06-25 01:48:40.500000+00:00,combi,Lying,Lying
2024-06-25 01:49:40.500000+00:00,combi,Lying,Lying
2024-06-25 01:50:40.500000+00:00,combi,Lying,Lying
2024-06-25 01:51:40.500000+00:00,combi,Standing,Dynamic
2024-06-25 01:52:40.500000+00:00,combi,Sitting,Sitting
2024-06-25 01:53:40.500000+00:00,combi,Sitting,Dynamic
2024-06-25 01:54:40.500000+00:00,combi,Lying,Lying
2024-06-25 01:55:40.500000+00:00,combi,Lying,Lying
2024-06-25 01:56:40.500000+00:00,combi,Sitting,Sitting
2024-06-25 01:57:40.500000+00:00,combi,Sitting,Sitting
2024-06-25 01:58:40.500000+00:00,combi,Sitting,Sitting
2024-06-25 01:59:40.500000+00:00,combi,Sitting,Sitting
2024-06-25 02:00:40.500000+00:00,combi,Sitting,Sitting
2024-06-25 02:01:40.500000+00:00,combi,Sitting,Sitting
2024-06-25 02:02:40.500000+00:00,combi,Sitting,Sitting
2024-06-25 02:03:40.500000+00:00,combi,Sitting,Sitting
2024-06-25 02:04:40.500000+00:00,combi,Sitting,Sitting
2024-06-25 02:05:40.500000+00:00,combi,Sitting,Sitting
2024-06-25 02:06:40.500000+00:00,combi,Sitting,Sitting
2024-06-25 02:07:40.500000+00:00,combi,Sitting,Sitting
2024-06-25 02:08:40.500000+00:00,combi,Sitting,Sitting
2024-06-25 02:09:40.500000+00:00,combi,Lying,Sitting
2024-06-25 02:10:40.500000+00:00,combi,Sitting,Sitting
2024-06-25 02:11:40.500000+00:00,combi,Sitting,Sitting
2024-06-25 02:12:40.500000+00:00,combi,Sitting,Sitting
2024-06-25 02:13:40.500000+00:00,combi,Sitting,Sitting
2024-06-25 02:14:40.500000+00:00,combi,Sitting,Sitting
2024-06-25 02:15:40.500000+00:00,combi,Sitting,Sitting
2024-06-25 02:16:40.500000+00:00,combi,Lying,Lying
2024-06-25 02:17:40.500000+00:00,combi,Lying,Lying
2024-06-25 02:18:40.500000+00:00,combi,Lying,Lying
2024-06-25 02:19:40.500000+00:00,combi,Lying,Lying
2024-06-25 02:20:40.500000+00:00,combi,Lying,Lying
2024-06-25 02:21:40.500000+00:00,combi,Lying,Lying
2024-06-25 02:22:40.500000+00:00,combi,Lying,Lying
2024-06-25 02:23:40.500000+00:00,combi,Lying,Lying
2024-06-25 02:24:40.500000+00:00,combi,Lying,Lying
2024-06-25 02:25:40.500000+00:00,combi,Lying,Lying
2024-06-25 02:26:40.500000+00:00,combi,Lying,Lying
2024-06-25 02:27:40.500000+00:00,combi,Lying,Lying
2024-06-25 02:28:40.500000+00:00,combi,Lying,Lying
2024-06-25 02:29:40.500000+00:00,combi,Lying,Lying
2024-06-25 02:30:40.500000+00:00,combi,Lying,Lying
2024-06-25 02:31:40.500000+00:00,combi,Lying,Lying
2024-06-25 02:32:40.500000+00:00,combi,Lying,Lying
2024-06-25 02:33:40.500000+00:00,combi,Lying,Lying
2024-06-25 02:34:40.500000+00:00,combi,Lying,Lying
2024-06-25 02:35:40.500000+00:00,combi,Lying,Lying
2024-06-25 02:36:40.500000+00:00,combi,Lying,Lying
2024-06-25 02:37:40.500000+00:00,combi,Lying,Lying
2024-06-25 02:38:40.500000+00:00,combi,Lying,Lying
2024-06-25 02:39:40.500000+00:00,combi,Lying,Lying
2024-06-25 02:40:40.500000+00:00,combi,Lying,Lying
2024-06-25 02:41:40.500000+00:00,combi,Lying,Lying
2024-06-25 02:42:40.500000+00:00,combi,Lying,Lying
2024-06-25 02:43:40.500000+00:00,combi,Lying,Lying
2024-06-25 02:44:40.500000+00:00,combi,Lying,Lying
2024-06-25 02:45:40.500000+00:00,combi,Lying,Lying
2024-06-25 02:46:40.500000+00:00,combi,Lying,Lying
2024-06-25 02:47:40.500000+00:00,combi,Lying,Lying
2024-06-25 02:48:40.500000+00:00,combi,Lying,Lying
2024-06-25 02:49:40.500000+00:00,combi,Lying,Lying
2024-06-25 02:50:40.500000+00:00,combi,Lying,Lying
2024-06-25 02:51:40.500000+00:00,combi,Lying,Lying
2024-06-25 02:52:40.500000+00:00,combi,Lying,Lying
2024-06-25 02:53:40.500000+00:00,combi,Lying,Lying
2024-06-25 02:54:40.500000+00:00,combi,Lying,Lying
2024-06-25 02:55:40.500000+00:00,combi,Lying,Lying
2024-06-25 02:56:40.500000+00:00,combi,Lying,Lying
2024-06-25 02:57:40.500000+00:00,combi,Lying,Lying
2024-06-25 02:58:40.500000+00:00,combi,Lying,Lying
2024-06-25 02:59:40.500000+00:00,combi,Lying,Lying
2024-06-25 03:00:40.500000+00:00,combi,Lying,Lying
2024-06-25 03:01:40.500000+00:00,combi,Lying,Lying
2024-06-25 03:02:40.500000+00:00,combi,Lying,Lying
2024-06-25 03:03:40.500000+00:00,combi,Lying,Lying
2024-06-25 03:04:40.500000+00:00,combi,Lying,Lying
2024-06-25 03:05:40.500000+00:00,combi,Lying,Lying
2024-06-25 03:06:40.500000+00:00,combi,Lying,Lying
2024-06-25 03:07:40.500000+00:00,combi,Lying,Lying
2024-06-25 03:08:40.500000+00:00,combi,Lying,Lying
2024-06-25 03:09:40.500000+00:00,combi,Lying,Lying
2024-06-25 03:10:40.500000+00:00,combi,Lying,Lying
2024-06-25 03:11:40.500000+00:00,combi,Lying,Lying
2024-06-25 03:12:40.500000+00:00,combi,Lying,Lying
2024-06-25 03:13:40.500000+00:00,combi,Lying,Lying
2024-06-25 03:14:40.500000+00:00,combi,Lying,Lying
2024-06-25 03:15:40.500000+00:00,combi,Lying,Lying
2024-06-25 03:16:40.500000+00:00,combi,Lying,Lying
2024-06-25 03:17:40.500000+00:00,combi,Lying,Lying
2024-06-25 03:18:40.500000+00:00,combi,Lying,Lying
2024-06-25 03:19:40.500000+00:00,combi,Lying,Lying
2024-06-25 03:20:40.500000+00:00,combi,Lying,Lying
2024-06-25 03:21:40.500000+00:00,combi,Lying,Lying
2024-06-25 03:22:40.500000+00:00,combi,Lying,Lying
2024-06-25 03:23:40.500000+00:00,combi,Lying,Lying
2024-06-25 03:24:40.500000+00:00,combi,Lying,Lying
2024-06-25 03:25:40.500000+00:00,combi,Lying,Lying
2024-06-25 03:26:40.500000+00:00,combi,Lying,Lying
2024-06-25 03:27:40.500000+00:00,combi,Lying,Lying
2024-06-25 03:28:40.500000+00:00,combi,Lying,Lying
2024-06-25 03:29:40.500000+00:00,combi,Lying,Lying
2024-06-25 03:30:40.500000+00:00,combi,Lying,Lying
2024-06-25 03:31:40.500000+00:00,combi,Lying,Lying
2024-06-25 03:32:40.500000+00:00,combi,Lying,Lying
2024-06-25 03:33:40.500000+00:00,combi,Lying,Lying
2024-06-25 03:34:40.500000+00:00,combi,Lying,Lying
2024-06-25 03:35:40.500000+00:00,combi,Lying,Lying
2024-06-25 03:36:40.500000+00:00,combi,Lying,Lying
2024-06-25 03:37:40.500000+00:00,combi,Lying,Lying
2024-06-25 03:38:40.500000+00:00,combi,Lying,Lying
2024-06-25 03:39:40.500000+00:00,combi,Lying,Lying
2024-06-25 03:40:40.500000+00:00,combi,Lying,Lying
2024-06-25 03:41:40.500000+00:00,combi,Lying,Lying
2024-06-25 03:42:40.500000+00:00,combi,Lying,Lying
2024-06-25 03:43:40.500000+00:00,combi,Lying,Lying
2024-06-25 03:44:40.500000+00:00,combi,Lying,Lying
2024-06-25 03:45:40.500000+00:00,combi,Lying,Lying
2024-06-25 03:46:40.500000+00:00,combi,Lying,Lying
2024-06-25 03:47:40.500000+00:00,combi,Lying,Lying
2024-06-25 03:48:40.500000+00:00,combi,Lying,Lying
2024-06-25 03:49:40.500000+00:00,combi,Lying,Lying
2024-06-25 03:50:40.500000+00:00,combi,Lying,Lying
2024-06-25 03:51:40.500000+00:00,combi,Lying,Lying
2024-06-25 03:52:40.500000+00:00,combi,Lying,Lying
2024-06-25 03:53:40.500000+00:00,combi,Lying,Lying
2024-06-25 03:54:40.500000+00:00,combi,Lying,Lying
2024-06-25 03:55:40.500000+00:00,combi,Lying,Lying
2024-06-25 03:56:40.500000+00:00,combi,Lying,Lying
2024-06-25 03:57:40.500000+00:00,combi,Lying,Lying
2024-06-25 03:58:40.500000+00:00,combi,Lying,Lying
2024-06-25 03:59:40.500000+00:00,combi,Lying,Lying
2024-06-25 04:00:40.500000+00:00,combi,Lying,Lying
2024-06-25 04:01:40.500000+00:00,combi,Lying,Lying
2024-06-25 04:02:40.500000+00:00,combi,Lying,Lying
2024-06-25 04:03:40.500000+00:00,combi,Lying,Lying
2024-06-25 04:04:40.500000+00:00,combi,Lying,Lying
2024-06-25 04:05:40.500000+00:00,combi,Sitting,Sitting
2024-06-25 04:06:40.500000+00:00,combi,Sitting,Sitting
2024-06-25 04:07:40.500000+00:00,combi,Sitting,Sitting
2024-06-25 04:08:40.500000+00:00,combi,Sitting,Sitting
2024-06-25 04:09:40.500000+00:00,combi,Sitting,Sitting
2024-06-25 04:10:40.500000+00:00,combi,Sitting,Sitting
2024-06-25 04:11:40.500000+00:00,combi,Sitting,Sitting
2024-06-25 04:12:40.500000+00:00,combi,Lying,Sitting
2024-06-25 04:13:40.500000+00:00,combi,Lying,Lying
2024-06-25 04:14:40.500000+00:00,combi,Lying,Lying
2024-06-25 04:15:40.500000+00:00,combi,Lying,Lying
2024-06-25 04:16:40.500000+00:00,combi,Lying,Lying
2024-06-25 04:17:40.500000+00:00,combi,Sitting,Sitting
2024-06-25 04:18:40.500000+00:00,combi,Sitting,Sitting
2024-06-25 04:19:40.500000+00:00,combi,Sitting,Sitting
2024-06-25 04:20:40.500000+00:00,combi,Lying,Lying
2024-06-25 04:21:40.500000+00:00,combi,Lying,Lying
2024-06-25 04:22:40.500000+00:00,combi,Lying,Lying
2024-06-25 04:23:40.500000+00:00,combi,Lying,Lying
2024-06-25 04:24:40.500000+00:00,combi,Lying,Lying
2024-06-25 04:25:40.500000+00:00,combi,Lying,Lying
2024-06-25 04:26:40.500000+00:00,combi,Lying,Lying
2024-06-25 04:27:40.500000+00:00,combi,Lying,Lying
2024-06-25 04:28:40.500000+00:00,combi,Lying,Lying
2024-06-25 04:29:40.500000+00:00,combi,Lying,Lying
2024-06-25 04:30:40.500000+00:00,combi,Lying,Lying
2024-06-25 04:31:40.500000+00:00,combi,Lying,Lying
2024-06-25 04:32:40.500000+00:00,combi,Lying,Lying
2024-06-25 04:33:40.500000+00:00,combi,Lying,Lying
2024-06-25 04:34:40.500000+00:00,combi,Lying,Lying
2024-06-25 04:35:40.500000+00:00,combi,Lying,Lying
2024-06-25 04:36:40.500000+00:00,combi,Lying,Lying
2024-06-25 04:37:40.500000+00:00,combi,Lying,Lying
2024-06-25 04:38:40.500000+00:00,combi,Lying,Lying
2024-06-25 04:39:40.500000+00:00,combi,Lying,Lying
2024-06-25 04:40:40.500000+00:00,combi,Lying,Lying
2024-06-25 04:41:40.500000+00:00,combi,Lying,Lying
2024-06-25 04:42:40.500000+00:00,combi,Lying,Lying
2024-06-25 04:43:40.500000+00:00,combi,Lying,Lying
2024-06-25 04:44:40.500000+00:00,combi,Lying,Lying
2024-06-25 04:45:40.500000+00:00,combi,Lying,Lying
2024-06-25 04:46:40.500000+00:00,combi,Lying,Lying
2024-06-25 04:47:40.500000+00:00,combi,Lying,Lying
2024-06-25 04:48:40.500000+00:00,combi,Lying,Lying
2024-06-25 04:49:40.500000+00:00,combi,Lying,Lying
2024-06-25 04:50:40.500000+00:00,combi,Lying,Lying
2024-06-25 04:51:40.500000+00:00,combi,Lying,Lying
2024-06-25 04:52:40.500000+00:00,combi,Lying,Lying
2024-06-25 04:53:40.500000+00:00,combi,Lying,Lying
2024-06-25 04:54:40.500000+00:00,combi,Lying,Lying
2024-06-25 04:55:40.500000+00:00,combi,Lying,Lying
2024-06-25 04:56:40.500000+00:00,combi,Lying,Lying
2024-06-25 04:57:40.500000+00:00,combi,Lying,Lying
2024-06-25 04:58:40.500000+00:00,combi,Lying,Lying
2024-06-25 04:59:40.500000+00:00,combi,Lying,Lying
2024-06-25 05:00:40.500000+00:00,combi,Lying,Lying
2024-06-25 05:01:40.500000+00:00,combi,Lying,Lying
2024-06-25 05:02:40.500000+00:00,combi,Sitting,Sitting
2024-06-25 05:03:40.500000+00:00,combi,Lying,Lying
2024-06-25 05:04:40.500000+00:00,combi,Lying,Lying
2024-06-25 05:05:40.500000+00:00,combi,Lying,Lying
2024-06-25 05:06:40.500000+00:00,combi,Lying,Lying
2024-06-25 05:07:40.500000+00:00,combi,Lying,Lying
2024-06-25 05:08:40.500000+00:00,combi,Lying,Lying
2024-06-25 05:09:40.500000+00:00,combi,Lying,Lying
2024-06-25 05:10:40.500000+00:00,combi,Lying,Lying
2024-06-25 05:11:40.500000+00:00,combi,Lying,Lying
2024-06-25 05:12:40.500000+00:00,combi,Lying,Lying
2024-06-25 05:13:40.500000+00:00,combi,Lying,Lying
2024-06-25 05:14:40.500000+00:00,combi,Lying,Lying
2024-06-25 05:15:40.500000+00:00,combi,Lying,Lying
2024-06-25 05:16:40.500000+00:00,combi,Lying,Lying
2024-06-25 05:17:40.500000+00:00,combi,Lying,Lying
2024-06-25 05:18:40.500000+00:00,combi,Lying,Lying
2024-06-25 05:19:40.500000+00:00,combi,Lying,Lying
2024-06-25 05:20:40.500000+00:00,combi,Lying,Lying
2024-06-25 05:21:40.500000+00:00,combi,Lying,Lying
2024-06-25 05:22:40.500000+00:00,combi,Lying,Lying
2024-06-25 05:23:40.500000+00:00,combi,Lying,Lying
2024-06-25 05:24:40.500000+00:00,combi,Lying,Lying
2024-06-25 05:25:40.500000+00:00,combi,Lying,Lying
2024-06-25 05:26:40.500000+00:00,combi,Lying,Lying
2024-06-25 05:27:40.500000+00:00,combi,Lying,Lying
2024-06-25 05:28:40.500000+00:00,combi,Sitting,Sitting
2024-06-25 05:29:40.500000+00:00,combi,Lying,Lying
2024-06-25 05:30:40.500000+00:00,combi,Sitting,Sitting
2024-06-25 05:31:40.500000+00:00,combi,Sitting,Sitting
2024-06-25 05:32:40.500000+00:00,combi,Sitting,Sitting
2024-06-25 05:33:40.500000+00:00,combi,Sitting,Sitting
2024-06-25 05:34:40.500000+00:00,combi,Sitting,Sitting
2024-06-25 05:35:40.500000+00:00,combi,Sitting,Sitting
2024-06-25 05:36:40.500000+00:00,combi,Sitting,Sitting
2024-06-25 05:37:40.500000+00:00,combi,Sitting,Sitting
2024-06-25 05:38:40.500000+00:00,combi,Sitting,Sitting
2024-06-25 05:39:40.500000+00:00,combi,Lying,Lying
2024-06-25 05:40:40.500000+00:00,combi,Lying,Lying
2024-06-25 05:41:40.500000+00:00,combi,Lying,Lying
2024-06-25 05:42:40.500000+00:00,combi,Lying,Lying
2024-06-25 05:43:40.500000+00:00,combi,Lying,Lying
2024-06-25 05:44:40.500000+00:00,combi,Lying,Lying
2024-06-25 05:45:40.500000+00:00,combi,Lying,Lying
2024-06-25 05:46:40.500000+00:00,combi,Lying,Lying
2024-06-25 05:47:40.500000+00:00,combi,Lying,Lying
2024-06-25 05:48:40.500000+00:00,combi,Lying,Lying
2024-06-25 05:49:40.500000+00:00,combi,Lying,Lying
2024-06-25 05:50:40.500000+00:00,combi,Lying,Lying
2024-06-25 05:51:40.500000+00:00,combi,Lying,Lying
2024-06-25 05:52:40.500000+00:00,combi,Lying,Lying
2024-06-25 05:53:40.500000+00:00,combi,Lying,Lying
2024-06-25 05:54:40.500000+00:00,combi,Lying,Lying
2024-06-25 05:55:40.500000+00:00,combi,Lying,Lying
2024-06-25 05:56:40.500000+00:00,combi,Lying,Lying
2024-06-25 05:57:40.500000+00:00,combi,Lying,Lying
2024-06-25 05:58:40.500000+00:00,combi,Lying,Lying
2024-06-25 05:59:40.500000+00:00,combi,Lying,Lying
2024-06-25 06:00:40.500000+00:00,combi,Lying,Lying
2024-06-25 06:01:40.500000+00:00,combi,Lying,Lying
2024-06-25 06:02:40.500000+00:00,combi,Lying,Lying
2024-06-25 06:03:40.500000+00:00,combi,Lying,Lying
2024-06-25 06:04:40.500000+00:00,combi,Lying,Lying
2024-06-25 06:05:40.500000+00:00,combi,Lying,Lying
2024-06-25 06:06:40.500000+00:00,combi,Lying,Lying
2024-06-25 06:07:40.500000+00:00,combi,Lying,Lying
2024-06-25 06:08:40.500000+00:00,combi,Lying,Lying
2024-06-25 06:09:40.500000+00:00,combi,Lying,Lying
2024-06-25 06:10:40.500000+00:00,combi,Lying,Lying
2024-06-25 06:11:40.500000+00:00,combi,Lying,Lying
2024-06-25 06:12:40.500000+00:00,combi,Lying,Lying
2024-06-25 06:13:40.500000+00:00,combi,Lying,Lying
2024-06-25 06:14:40.500000+00:00,combi,Lying,Lying
2024-06-25 06:15:40.500000+00:00,combi,Lying,Lying
2024-06-25 06:16:40.500000+00:00,combi,Lying,Lying
2024-06-25 06:17:40.500000+00:00,combi,Lying,Lying
2024-06-25 06:18:40.500000+00:00,combi,Lying,Lying
2024-06-25 06:19:40.500000+00:00,combi,Lying,Lying
2024-06-25 06:20:40.500000+00:00,combi,Lying,Lying
2024-06-25 06:21:40.500000+00:00,combi,Lying,Lying
2024-06-25 06:22:40.500000+00:00,combi,Lying,Lying
2024-06-25 06:23:40.500000+00:00,combi,Lying,Lying
