Time,Participant,Majority_postures,Majority_including_dynamic
2024-08-09 10:35:52.500000+00:00,combi,Sitting,Sitting
2024-08-09 10:36:52.500000+00:00,combi,Sitting,Sitting
2024-08-09 10:37:52.500000+00:00,combi,Standing,Standing
2024-08-09 10:38:52.500000+00:00,combi,Sitting,Sitting
2024-08-09 10:39:52.500000+00:00,combi,Standing,Standing
2024-08-09 10:40:52.500000+00:00,combi,Standing,Standing
2024-08-09 10:41:52.500000+00:00,combi,Standing,Standing
2024-08-09 10:42:52.500000+00:00,combi,Standing,Standing
2024-08-09 10:43:52.500000+00:00,combi,Sitting,Sitting
2024-08-09 10:44:52.500000+00:00,combi,Standing,Dynamic
2024-08-09 10:45:52.500000+00:00,combi,Sitting,Sitting
2024-08-09 10:46:52.500000+00:00,combi,Sitting,Sitting
2024-08-09 10:47:52.500000+00:00,combi,Standing,Standing
2024-08-09 10:48:52.500000+00:00,combi,Lying,Lying
2024-08-09 10:49:52.500000+00:00,combi,Lying,Lying
2024-08-09 10:50:52.500000+00:00,combi,Lying,Lying
2024-08-09 10:51:52.500000+00:00,combi,Lying,Lying
2024-08-09 10:52:52.500000+00:00,combi,Sitting,Sitting
2024-08-09 10:53:52.500000+00:00,combi,Sitting,Sitting
2024-08-09 10:54:52.500000+00:00,combi,Sitting,Sitting
2024-08-09 10:55:52.500000+00:00,combi,Standing,Standing
2024-08-09 10:56:52.500000+00:00,combi,Standing,Standing
2024-08-09 10:57:52.500000+00:00,combi,Standing,Standing
2024-08-09 10:58:52.500000+00:00,combi,Standing,Standing
2024-08-09 10:59:52.500000+00:00,combi,Lying,Lying
2024-08-09 11:00:52.500000+00:00,combi,Lying,Lying
2024-08-09 11:01:52.500000+00:00,combi,Lying,Lying
2024-08-09 11:02:52.500000+00:00,combi,Lying,Lying
2024-08-09 11:03:52.500000+00:00,combi,Lying,Lying
2024-08-09 11:04:52.500000+00:00,combi,Lying,Lying
2024-08-09 11:05:52.500000+00:00,combi,Lying,Lying
2024-08-09 11:06:52.500000+00:00,combi,Lying,Lying
2024-08-09 11:07:52.500000+00:00,combi,Lying,Lying
2024-08-09 11:08:52.500000+00:00,combi,Lying,Dynamic
2024-08-09 11:09:52.500000+00:00,combi,Standing,Standing
2024-08-09 11:10:52.500000+00:00,combi,Standing,Dynamic
2024-08-09 11:11:52.500000+00:00,combi,Sitting,Sitting
2024-08-09 11:12:52.500000+00:00,combi,Standing,Standing
2024-08-09 11:13:52.500000+00:00,combi,Sitting,Sitting
2024-08-09 11:14:52.500000+00:00,combi,Sitting,Sitting
2024-08-09 11:15:52.500000+00:00,combi,Sitting,Sitting
2024-08-09 11:16:52.500000+00:00,combi,Sitting,Sitting
2024-08-09 11:17:52.500000+00:00,combi,Sitting,Sitting
2024-08-09 11:18:52.500000+00:00,combi,Sitting,Sitting
2024-08-09 11:19:52.500000+00:00,combi,Sitting,Sitting
2024-08-09 11:20:52.500000+00:00,combi,Sitting,Sitting
2024-08-09 11:21:52.500000+00:00,combi,Standing,Standing
2024-08-09 11:22:52.500000+00:00,combi,Standing,Standing
2024-08-09 11:23:52.500000+00:00,combi,Standing,Standing
2024-08-09 11:24:52.500000+00:00,combi,Standing,Standing
2024-08-09 11:25:52.500000+00:00,combi,Standing,Standing
2024-08-09 11:26:52.500000+00:00,combi,Standing,Standing
2024-08-09 11:27:52.500000+00:00,combi,Standing,Standing
2024-08-09 11:28:52.500000+00:00,combi,Standing,Standing
2024-08-09 11:29:52.500000+00:00,combi,Standing,Standing
2024-08-09 11:30:52.500000+00:00,combi,Sitting,Sitting
2024-08-09 11:31:52.500000+00:00,combi,Sitting,Sitting
2024-08-09 11:32:52.500000+00:00,combi,Sitting,Sitting
2024-08-09 11:33:52.500000+00:00,combi,Sitting,Sitting
2024-08-09 11:34:52.500000+00:00,combi,Sitting,Sitting
2024-08-09 11:35:52.500000+00:00,combi,Sitting,Sitting
2024-08-09 11:36:52.500000+00:00,combi,Sitting,Sitting
2024-08-09 11:37:52.500000+00:00,combi,Sitting,Sitting
2024-08-09 11:38:52.500000+00:00,combi,Sitting,Sitting
2024-08-09 11:39:52.500000+00:00,combi,Sitting,Sitting
2024-08-09 11:40:52.500000+00:00,combi,Sitting,Sitting
2024-08-09 11:41:52.500000+00:00,combi,Sitting,Sitting
2024-08-09 11:42:52.500000+00:00,combi,Sitting,Sitting
2024-08-09 11:43:52.500000+00:00,combi,Sitting,Sitting
2024-08-09 11:44:52.500000+00:00,combi,Sitting,Sitting
2024-08-09 11:45:52.500000+00:00,combi,Sitting,Sitting
2024-08-09 11:46:52.500000+00:00,combi,Sitting,Sitting
2024-08-09 11:47:52.500000+00:00,combi,Sitting,Sitting
2024-08-09 11:48:52.500000+00:00,combi,Standing,Standing
2024-08-09 11:49:52.500000+00:00,combi,Sitting,Sitting
2024-08-09 11:50:52.500000+00:00,combi,Sitting,Sitting
2024-08-09 11:51:52.500000+00:00,combi,Standing,Standing
2024-08-09 11:52:52.500000+00:00,combi,Standing,Standing
2024-08-09 11:53:52.500000+00:00,combi,Standing,Standing
2024-08-09 11:54:52.500000+00:00,combi,Standing,Standing
2024-08-09 11:55:52.500000+00:00,combi,Standing,Dynamic
2024-08-09 11:56:52.500000+00:00,combi,Standing,Standing
2024-08-09 11:57:52.500000+00:00,combi,Standing,Standing
2024-08-09 11:58:52.500000+00:00,combi,Standing,Standing
2024-08-09 11:59:52.500000+00:00,combi,Standing,Dynamic
2024-08-09 12:00:52.500000+00:00,combi,Standing,Dynamic
2024-08-09 12:01:52.500000+00:00,combi,Standing,Dynamic
2024-08-09 12:02:52.500000+00:00,combi,Standing,Dynamic
2024-08-09 12:03:52.500000+00:00,combi,Standing,Standing
2024-08-09 12:04:52.500000+00:00,combi,Standing,Standing
2024-08-09 12:05:52.500000+00:00,combi,Standing,Dynamic
2024-08-09 12:06:52.500000+00:00,combi,Standing,Dynamic
2024-08-09 12:07:52.500000+00:00,combi,Sitting,Dynamic
2024-08-09 12:08:52.500000+00:00,combi,Sitting,Dynamic
2024-08-09 12:09:52.500000+00:00,combi,Standing,Dynamic
2024-08-09 12:10:52.500000+00:00,combi,Standing,Dynamic
2024-08-09 12:11:52.500000+00:00,combi,Standing,Dynamic
2024-08-09 12:12:52.500000+00:00,combi,Standing,Dynamic
2024-08-09 12:13:52.500000+00:00,combi,Standing,Dynamic
2024-08-09 12:14:52.500000+00:00,combi,Sitting,Sitting
2024-08-09 12:15:52.500000+00:00,combi,Sitting,Sitting
2024-08-09 12:16:52.500000+00:00,combi,Sitting,Sitting
2024-08-09 12:17:52.500000+00:00,combi,Sitting,Sitting
2024-08-09 12:18:52.500000+00:00,combi,Sitting,Sitting
2024-08-09 12:19:52.500000+00:00,combi,Sitting,Sitting
2024-08-09 12:20:52.500000+00:00,combi,Sitting,Sitting
2024-08-09 12:21:52.500000+00:00,combi,Sitting,Sitting
2024-08-09 12:22:52.500000+00:00,combi,Sitting,Sitting
2024-08-09 12:23:52.500000+00:00,combi,Sitting,Sitting
2024-08-09 12:24:52.500000+00:00,combi,Sitting,Sitting
2024-08-09 12:25:52.500000+00:00,combi,Sitting,Sitting
2024-08-09 12:26:52.500000+00:00,combi,Sitting,Sitting
2024-08-09 12:27:52.500000+00:00,combi,Sitting,Sitting
2024-08-09 12:28:52.500000+00:00,combi,Sitting,Sitting
2024-08-09 12:29:52.500000+00:00,combi,Sitting,Sitting
2024-08-09 12:30:52.500000+00:00,combi,Sitting,Sitting
2024-08-09 12:31:52.500000+00:00,combi,Sitting,Sitting
2024-08-09 12:32:52.500000+00:00,combi,Sitting,Sitting
2024-08-09 12:33:52.500000+00:00,combi,Sitting,Sitting
2024-08-09 12:34:52.500000+00:00,combi,Sitting,Sitting
2024-08-09 12:35:52.500000+00:00,combi,Sitting,Sitting
2024-08-09 12:36:52.500000+00:00,combi,Sitting,Sitting
2024-08-09 12:37:52.500000+00:00,combi,Sitting,Sitting
2024-08-09 12:38:52.500000+00:00,combi,Sitting,Sitting
2024-08-09 12:39:52.500000+00:00,combi,Sitting,Sitting
2024-08-09 12:40:52.500000+00:00,combi,Sitting,Sitting
2024-08-09 12:41:52.500000+00:00,combi,Sitting,Sitting
2024-08-09 12:42:52.500000+00:00,combi,Sitting,Sitting
2024-08-09 12:43:52.500000+00:00,combi,Sitting,Sitting
2024-08-09 12:44:52.500000+00:00,combi,Sitting,Sitting
2024-08-09 12:45:52.500000+00:00,combi,Sitting,Sitting
2024-08-09 12:46:52.500000+00:00,combi,Sitting,Sitting
2024-08-09 12:47:52.500000+00:00,combi,Sitting,Sitting
2024-08-09 12:48:52.500000+00:00,combi,Sitting,Sitting
2024-08-09 12:49:52.500000+00:00,combi,Sitting,Sitting
2024-08-09 12:50:52.500000+00:00,combi,Sitting,Sitting
2024-08-09 12:51:52.500000+00:00,combi,Sitting,Sitting
2024-08-09 12:52:52.500000+00:00,combi,Sitting,Sitting
2024-08-09 12:53:52.500000+00:00,combi,Sitting,Sitting
2024-08-09 12:54:52.500000+00:00,combi,Sitting,Sitting
2024-08-09 12:55:52.500000+00:00,combi,Sitting,Sitting
2024-08-09 12:56:52.500000+00:00,combi,Sitting,Sitting
2024-08-09 12:57:52.500000+00:00,combi,Sitting,Sitting
2024-08-09 12:58:52.500000+00:00,combi,Sitting,Sitting
2024-08-09 12:59:52.500000+00:00,combi,Sitting,Sitting
2024-08-09 13:00:52.500000+00:00,combi,Sitting,Sitting
2024-08-09 13:01:52.500000+00:00,combi,Sitting,Sitting
2024-08-09 13:02:52.500000+00:00,combi,Sitting,Sitting
2024-08-09 13:03:52.500000+00:00,combi,Sitting,Sitting
2024-08-09 13:04:52.500000+00:00,combi,Sitting,Sitting
2024-08-09 13:05:52.500000+00:00,combi,Sitting,Sitting
2024-08-09 13:06:52.500000+00:00,combi,Sitting,Sitting
2024-08-09 13:07:52.500000+00:00,combi,Sitting,Sitting
2024-08-09 13:08:52.500000+00:00,combi,Sitting,Sitting
2024-08-09 13:09:52.500000+00:00,combi,Sitting,Sitting
2024-08-09 13:10:52.500000+00:00,combi,Sitting,Sitting
2024-08-09 13:11:52.500000+00:00,combi,Sitting,Sitting
2024-08-09 13:12:52.500000+00:00,combi,Sitting,Sitting
2024-08-09 13:13:52.500000+00:00,combi,Sitting,Sitting
2024-08-09 13:14:52.500000+00:00,combi,Sitting,Sitting
2024-08-09 13:15:52.500000+00:00,combi,Sitting,Sitting
2024-08-09 13:16:52.500000+00:00,combi,Sitting,Sitting
2024-08-09 13:17:52.500000+00:00,combi,Sitting,Sitting
2024-08-09 13:18:52.500000+00:00,combi,Sitting,Sitting
2024-08-09 13:19:52.500000+00:00,combi,Sitting,Sitting
2024-08-09 13:20:52.500000+00:00,combi,Sitting,Sitting
2024-08-09 13:21:52.500000+00:00,combi,Sitting,Sitting
2024-08-09 13:22:52.500000+00:00,combi,Sitting,Sitting
2024-08-09 13:23:52.500000+00:00,combi,Sitting,Sitting
2024-08-09 13:24:52.500000+00:00,combi,Sitting,Sitting
2024-08-09 13:25:52.500000+00:00,combi,Sitting,Sitting
2024-08-09 13:26:52.500000+00:00,combi,Sitting,Sitting
2024-08-09 13:27:52.500000+00:00,combi,Sitting,Sitting
2024-08-09 13:28:52.500000+00:00,combi,Sitting,Sitting
2024-08-09 13:29:52.500000+00:00,combi,Sitting,Sitting
2024-08-09 13:30:52.500000+00:00,combi,Sitting,Sitting
2024-08-09 13:31:52.500000+00:00,combi,Standing,Dynamic
2024-08-09 13:32:52.500000+00:00,combi,Standing,Dynamic
2024-08-09 13:33:52.500000+00:00,combi,Sitting,Sitting
2024-08-09 13:34:52.500000+00:00,combi,Sitting,Sitting
2024-08-09 13:35:52.500000+00:00,combi,Sitting,Sitting
2024-08-09 13:36:52.500000+00:00,combi,Sitting,Sitting
2024-08-09 13:37:52.500000+00:00,combi,Standing,Sitting
2024-08-09 13:38:52.500000+00:00,combi,Standing,Dynamic
2024-08-09 13:39:52.500000+00:00,combi,Standing,Dynamic
2024-08-09 13:40:52.500000+00:00,combi,Standing,Dynamic
2024-08-09 13:41:52.500000+00:00,combi,Standing,Dynamic
2024-08-09 13:42:52.500000+00:00,combi,Standing,Dynamic
2024-08-09 13:43:52.500000+00:00,combi,Standing,Dynamic
2024-08-09 13:44:52.500000+00:00,combi,Lying,Dynamic
2024-08-09 13:45:52.500000+00:00,combi,Lying,Dynamic
2024-08-09 13:46:52.500000+00:00,combi,Sitting,Dynamic
2024-08-09 13:47:52.500000+00:00,combi,Sitting,Dynamic
2024-08-09 13:48:52.500000+00:00,combi,Sitting,Dynamic
2024-08-09 13:49:52.500000+00:00,combi,Lying,Dynamic
2024-08-09 13:50:52.500000+00:00,combi,Standing,Standing
2024-08-09 13:51:52.500000+00:00,combi,Standing,Standing
2024-08-09 13:52:52.500000+00:00,combi,Standing,Sitting
2024-08-09 13:53:52.500000+00:00,combi,Standing,Standing
2024-08-09 13:54:52.500000+00:00,combi,Standing,Sitting
2024-08-09 13:55:52.500000+00:00,combi,Standing,Dynamic
2024-08-09 13:56:52.500000+00:00,combi,Sitting,Dynamic
2024-08-09 13:57:52.500000+00:00,combi,Standing,Dynamic
2024-08-09 13:58:52.500000+00:00,combi,Sitting,Sitting
2024-08-09 13:59:52.500000+00:00,combi,Sitting,Dynamic
2024-08-09 14:00:52.500000+00:00,combi,Standing,Dynamic
2024-08-09 14:01:52.500000+00:00,combi,Sitting,Dynamic
2024-08-09 14:02:52.500000+00:00,combi,Sitting,Dynamic
2024-08-09 14:03:52.500000+00:00,combi,Sitting,Dynamic
2024-08-09 14:04:52.500000+00:00,combi,Sitting,Dynamic
2024-08-09 14:05:52.500000+00:00,combi,Sitting,Dynamic
2024-08-09 14:06:52.500000+00:00,combi,Sitting,Dynamic
2024-08-09 14:07:52.500000+00:00,combi,Sitting,Dynamic
2024-08-09 14:08:52.500000+00:00,combi,Sitting,Dynamic
2024-08-09 14:09:52.500000+00:00,combi,Sitting,Dynamic
2024-08-09 14:10:52.500000+00:00,combi,Sitting,Dynamic
2024-08-09 14:11:52.500000+00:00,combi,Sitting,Sitting
2024-08-09 14:12:52.500000+00:00,combi,Sitting,Dynamic
2024-08-09 14:13:52.500000+00:00,combi,Sitting,Dynamic
2024-08-09 14:14:52.500000+00:00,combi,Sitting,Dynamic
2024-08-09 14:15:52.500000+00:00,combi,Sitting,Dynamic
2024-08-09 14:16:52.500000+00:00,combi,Standing,Dynamic
2024-08-09 14:17:52.500000+00:00,combi,Standing,Standing
2024-08-09 14:18:52.500000+00:00,combi,Sitting,Dynamic
2024-08-09 14:19:52.500000+00:00,combi,Sitting,Dynamic
2024-08-09 14:20:52.500000+00:00,combi,Sitting,Dynamic
2024-08-09 14:21:52.500000+00:00,combi,Standing,Dynamic
2024-08-09 14:22:52.500000+00:00,combi,Standing,Dynamic
2024-08-09 14:23:52.500000+00:00,combi,Standing,Standing
2024-08-09 14:24:52.500000+00:00,combi,Standing,Dynamic
2024-08-09 14:25:52.500000+00:00,combi,Standing,Standing
2024-08-09 14:26:52.500000+00:00,combi,Sitting,Sitting
2024-08-09 14:27:52.500000+00:00,combi,Sitting,Sitting
2024-08-09 14:28:52.500000+00:00,combi,Lying,Lying
2024-08-09 14:29:52.500000+00:00,combi,Lying,Lying
2024-08-09 14:30:52.500000+00:00,combi,Lying,Lying
2024-08-09 14:31:52.500000+00:00,combi,Lying,Lying
2024-08-09 14:32:52.500000+00:00,combi,Lying,Lying
2024-08-09 14:33:52.500000+00:00,combi,Lying,Lying
2024-08-09 14:34:52.500000+00:00,combi,Lying,Lying
2024-08-09 14:35:52.500000+00:00,combi,Lying,Lying
2024-08-09 14:36:52.500000+00:00,combi,Lying,Lying
2024-08-09 14:37:52.500000+00:00,combi,Lying,Lying
2024-08-09 14:38:52.500000+00:00,combi,Lying,Lying
2024-08-09 14:39:52.500000+00:00,combi,Lying,Lying
2024-08-09 14:40:52.500000+00:00,combi,Lying,Lying
2024-08-09 14:41:52.500000+00:00,combi,Lying,Lying
2024-08-09 14:42:52.500000+00:00,combi,Lying,Lying
2024-08-09 14:43:52.500000+00:00,combi,Standing,Dynamic
2024-08-09 14:44:52.500000+00:00,combi,Standing,Dynamic
2024-08-09 14:45:52.500000+00:00,combi,Standing,Dynamic
2024-08-09 14:46:52.500000+00:00,combi,Lying,Dynamic
2024-08-09 14:47:52.500000+00:00,combi,Standing,Standing
2024-08-09 14:48:52.500000+00:00,combi,Standing,Dynamic
2024-08-09 14:49:52.500000+00:00,combi,Standing,Standing
2024-08-09 14:50:52.500000+00:00,combi,Standing,Standing
2024-08-09 14:51:52.500000+00:00,combi,Standing,Standing
2024-08-09 14:52:52.500000+00:00,combi,Standing,Standing
2024-08-09 14:53:52.500000+00:00,combi,Standing,Standing
2024-08-09 14:54:52.500000+00:00,combi,Standing,Standing
2024-08-09 14:55:52.500000+00:00,combi,Sitting,Sitting
2024-08-09 14:56:52.500000+00:00,combi,Standing,Sitting
2024-08-09 14:57:52.500000+00:00,combi,Sitting,Sitting
2024-08-09 14:58:52.500000+00:00,combi,Standing,Dynamic
2024-08-09 14:59:52.500000+00:00,combi,Sitting,Sitting
2024-08-09 15:00:52.500000+00:00,combi,Sitting,Sitting
2024-08-09 15:01:52.500000+00:00,combi,Sitting,Sitting
2024-08-09 15:02:52.500000+00:00,combi,Sitting,Sitting
2024-08-09 15:03:52.500000+00:00,combi,Sitting,Sitting
2024-08-09 15:04:52.500000+00:00,combi,Sitting,Sitting
2024-08-09 15:05:52.500000+00:00,combi,Sitting,Sitting
2024-08-09 15:06:52.500000+00:00,combi,Sitting,Sitting
2024-08-09 15:07:52.500000+00:00,combi,Sitting,Sitting
2024-08-09 15:08:52.500000+00:00,combi,Sitting,Sitting
2024-08-09 15:09:52.500000+00:00,combi,Sitting,Sitting
2024-08-09 15:10:52.500000+00:00,combi,Sitting,Sitting
2024-08-09 15:11:52.500000+00:00,combi,Sitting,Sitting
2024-08-09 15:12:52.500000+00:00,combi,Sitting,Sitting
2024-08-09 15:13:52.500000+00:00,combi,Sitting,Sitting
2024-08-09 15:14:52.500000+00:00,combi,Sitting,Sitting
2024-08-09 15:15:52.500000+00:00,combi,Sitting,Sitting
2024-08-09 15:16:52.500000+00:00,combi,Sitting,Sitting
2024-08-09 15:17:52.500000+00:00,combi,Sitting,Sitting
2024-08-09 15:18:52.500000+00:00,combi,Sitting,Sitting
2024-08-09 15:19:52.500000+00:00,combi,Sitting,Sitting
2024-08-09 15:20:52.500000+00:00,combi,Sitting,Sitting
2024-08-09 15:21:52.500000+00:00,combi,Standing,Dynamic
2024-08-09 15:22:52.500000+00:00,combi,Standing,Sitting
2024-08-09 15:23:52.500000+00:00,combi,Standing,Standing
2024-08-09 15:24:52.500000+00:00,combi,Standing,Standing
2024-08-09 15:25:52.500000+00:00,combi,Standing,Standing
2024-08-09 15:26:52.500000+00:00,combi,Standing,Standing
2024-08-09 15:27:52.500000+00:00,combi,Standing,Standing
2024-08-09 15:28:52.500000+00:00,combi,Standing,Standing
2024-08-09 15:29:52.500000+00:00,combi,Standing,Standing
2024-08-09 15:30:52.500000+00:00,combi,Standing,Standing
2024-08-09 15:31:52.500000+00:00,combi,Standing,Standing
2024-08-09 15:32:52.500000+00:00,combi,Standing,Standing
2024-08-09 15:33:52.500000+00:00,combi,Sitting,Sitting
2024-08-09 15:34:52.500000+00:00,combi,Sitting,Sitting
2024-08-09 15:35:52.500000+00:00,combi,Sitting,Sitting
2024-08-09 15:36:52.500000+00:00,combi,Sitting,Sitting
2024-08-09 15:37:52.500000+00:00,combi,Sitting,Sitting
2024-08-09 15:38:52.500000+00:00,combi,Sitting,Sitting
2024-08-09 15:39:52.500000+00:00,combi,Sitting,Sitting
2024-08-09 15:40:52.500000+00:00,combi,Standing,Dynamic
2024-08-09 15:41:52.500000+00:00,combi,Standing,Dynamic
2024-08-09 15:42:52.500000+00:00,combi,Standing,Dynamic
2024-08-09 15:43:52.500000+00:00,combi,Standing,Standing
2024-08-09 15:44:52.500000+00:00,combi,Sitting,Sitting
2024-08-09 15:45:52.500000+00:00,combi,Sitting,Sitting
2024-08-09 15:46:52.500000+00:00,combi,Sitting,Dynamic
2024-08-09 15:47:52.500000+00:00,combi,Sitting,Sitting
2024-08-09 15:48:52.500000+00:00,combi,Sitting,Sitting
2024-08-09 15:49:52.500000+00:00,combi,Sitting,Sitting
2024-08-09 15:50:52.500000+00:00,combi,Lying,Lying
2024-08-09 15:51:52.500000+00:00,combi,Lying,Lying
2024-08-09 15:52:52.500000+00:00,combi,Lying,Lying
2024-08-09 15:53:52.500000+00:00,combi,Lying,Lying
2024-08-09 15:54:52.500000+00:00,combi,Lying,Lying
2024-08-09 15:55:52.500000+00:00,combi,Lying,Lying
2024-08-09 15:56:52.500000+00:00,combi,Lying,Lying
2024-08-09 15:57:52.500000+00:00,combi,Lying,Lying
2024-08-09 15:58:52.500000+00:00,combi,Lying,Lying
2024-08-09 15:59:52.500000+00:00,combi,Lying,Lying
2024-08-09 16:00:52.500000+00:00,combi,Lying,Lying
2024-08-09 16:01:52.500000+00:00,combi,Lying,Lying
2024-08-09 16:02:52.500000+00:00,combi,Lying,Lying
2024-08-09 16:03:52.500000+00:00,combi,Lying,Lying
2024-08-09 16:04:52.500000+00:00,combi,Lying,Lying
2024-08-09 16:05:52.500000+00:00,combi,Lying,Lying
2024-08-09 16:06:52.500000+00:00,combi,Lying,Lying
2024-08-09 16:07:52.500000+00:00,combi,Lying,Lying
2024-08-09 16:08:52.500000+00:00,combi,Lying,Lying
2024-08-09 16:09:52.500000+00:00,combi,Lying,Lying
2024-08-09 16:10:52.500000+00:00,combi,Lying,Lying
2024-08-09 16:11:52.500000+00:00,combi,Lying,Lying
2024-08-09 16:12:52.500000+00:00,combi,Lying,Lying
2024-08-09 16:13:52.500000+00:00,combi,Lying,Lying
2024-08-09 16:14:52.500000+00:00,combi,Lying,Lying
2024-08-09 16:15:52.500000+00:00,combi,Lying,Lying
2024-08-09 16:16:52.500000+00:00,combi,Lying,Lying
2024-08-09 16:17:52.500000+00:00,combi,Lying,Lying
2024-08-09 16:18:52.500000+00:00,combi,Lying,Lying
2024-08-09 16:19:52.500000+00:00,combi,Lying,Lying
2024-08-09 16:20:52.500000+00:00,combi,Lying,Lying
2024-08-09 16:21:52.500000+00:00,combi,Lying,Lying
2024-08-09 16:22:52.500000+00:00,combi,Lying,Lying
2024-08-09 16:23:52.500000+00:00,combi,Lying,Lying
2024-08-09 16:24:52.500000+00:00,combi,Lying,Lying
2024-08-09 16:25:52.500000+00:00,combi,Lying,Lying
2024-08-09 16:26:52.500000+00:00,combi,Lying,Lying
2024-08-09 16:27:52.500000+00:00,combi,Lying,Lying
2024-08-09 16:28:52.500000+00:00,combi,Lying,Lying
2024-08-09 16:29:52.500000+00:00,combi,Lying,Lying
2024-08-09 16:30:52.500000+00:00,combi,Lying,Lying
2024-08-09 16:31:52.500000+00:00,combi,Lying,Lying
2024-08-09 16:32:52.500000+00:00,combi,Lying,Lying
2024-08-09 16:33:52.500000+00:00,combi,Lying,Lying
