Time,Participant,Majority_postures,Majority_including_dynamic
2024-12-06 06:40:45.500000+00:00,combi,Lying,Lying
2024-12-06 06:41:45.500000+00:00,combi,Lying,Lying
2024-12-06 06:42:45.500000+00:00,combi,Lying,Lying
2024-12-06 06:43:45.500000+00:00,combi,Lying,Lying
2024-12-06 06:44:45.500000+00:00,combi,Lying,Lying
2024-12-06 06:45:45.500000+00:00,combi,Lying,Lying
2024-12-06 06:46:45.500000+00:00,combi,Lying,Lying
2024-12-06 06:47:45.500000+00:00,combi,Lying,Lying
2024-12-06 06:48:45.500000+00:00,combi,Lying,Lying
2024-12-06 06:49:45.500000+00:00,combi,Lying,Lying
2024-12-06 06:50:45.500000+00:00,combi,Lying,Lying
2024-12-06 06:51:45.500000+00:00,combi,Lying,Lying
2024-12-06 06:52:45.500000+00:00,combi,Lying,Lying
2024-12-06 06:53:45.500000+00:00,combi,Lying,Lying
2024-12-06 06:54:45.500000+00:00,combi,Lying,Dynamic
2024-12-06 06:55:45.500000+00:00,combi,Lying,Lying
2024-12-06 06:56:45.500000+00:00,combi,Sitting,Sitting
2024-12-06 06:57:45.500000+00:00,combi,Sitting,Sitting
2024-12-06 06:58:45.500000+00:00,combi,Sitting,Sitting
2024-12-06 06:59:45.500000+00:00,combi,Sitting,Sitting
2024-12-06 07:00:45.500000+00:00,combi,Sitting,Sitting
2024-12-06 07:01:45.500000+00:00,combi,Sitting,Sitting
2024-12-06 07:02:45.500000+00:00,combi,Sitting,Sitting
2024-12-06 07:03:45.500000+00:00,combi,Sitting,Sitting
2024-12-06 07:04:45.500000+00:00,combi,Sitting,Sitting
2024-12-06 07:05:45.500000+00:00,combi,Sitting,Sitting
2024-12-06 07:06:45.500000+00:00,combi,Sitting,Sitting
2024-12-06 07:07:45.500000+00:00,combi,Sitting,Sitting
2024-12-06 07:08:45.500000+00:00,combi,Sitting,Sitting
2024-12-06 07:09:45.500000+00:00,combi,Lying,Lying
2024-12-06 07:10:45.500000+00:00,combi,Lying,Lying
2024-12-06 07:11:45.500000+00:00,combi,Lying,Lying
2024-12-06 07:12:45.500000+00:00,combi,Lying,Lying
2024-12-06 07:13:45.500000+00:00,combi,Lying,Lying
2024-12-06 07:14:45.500000+00:00,combi,Lying,Lying
2024-12-06 07:15:45.500000+00:00,combi,Lying,Lying
2024-12-06 07:16:45.500000+00:00,combi,Lying,Lying
2024-12-06 07:17:45.500000+00:00,combi,Lying,Lying
2024-12-06 07:18:45.500000+00:00,combi,Lying,Lying
2024-12-06 07:19:45.500000+00:00,combi,Lying,Lying
2024-12-06 07:20:45.500000+00:00,combi,Lying,Lying
2024-12-06 07:21:45.500000+00:00,combi,Lying,Lying
2024-12-06 07:22:45.500000+00:00,combi,Lying,Lying
2024-12-06 07:23:45.500000+00:00,combi,Lying,Lying
2024-12-06 07:24:45.500000+00:00,combi,Lying,Lying
2024-12-06 07:25:45.500000+00:00,combi,Lying,Lying
2024-12-06 07:26:45.500000+00:00,combi,Lying,Lying
2024-12-06 07:27:45.500000+00:00,combi,Lying,Lying
2024-12-06 07:28:45.500000+00:00,combi,Lying,Lying
2024-12-06 07:29:45.500000+00:00,combi,Lying,Lying
2024-12-06 07:30:45.500000+00:00,combi,Lying,Lying
2024-12-06 07:31:45.500000+00:00,combi,Lying,Lying
2024-12-06 07:32:45.500000+00:00,combi,Lying,Lying
2024-12-06 07:33:45.500000+00:00,combi,Lying,Lying
2024-12-06 07:34:45.500000+00:00,combi,Lying,Lying
2024-12-06 07:35:45.500000+00:00,combi,Lying,Lying
2024-12-06 07:36:45.500000+00:00,combi,Lying,Lying
2024-12-06 07:37:45.500000+00:00,combi,Lying,Sitting
2024-12-06 07:38:45.500000+00:00,combi,Lying,Lying
2024-12-06 07:39:45.500000+00:00,combi,Lying,Lying
2024-12-06 07:40:45.500000+00:00,combi,Lying,Lying
2024-12-06 07:41:45.500000+00:00,combi,Lying,Lying
2024-12-06 07:42:45.500000+00:00,combi,Sitting,Sitting
2024-12-06 07:43:45.500000+00:00,combi,Sitting,Sitting
2024-12-06 07:44:45.500000+00:00,combi,Sitting,Sitting
2024-12-06 07:45:45.500000+00:00,combi,Sitting,Sitting
2024-12-06 07:46:45.500000+00:00,combi,Sitting,Sitting
2024-12-06 07:47:45.500000+00:00,combi,Lying,Lying
2024-12-06 07:48:45.500000+00:00,combi,Lying,Lying
2024-12-06 07:49:45.500000+00:00,combi,Lying,Lying
2024-12-06 07:50:45.500000+00:00,combi,Lying,Lying
2024-12-06 07:51:45.500000+00:00,combi,Lying,Lying
2024-12-06 07:52:45.500000+00:00,combi,Lying,Lying
2024-12-06 07:53:45.500000+00:00,combi,Lying,Lying
2024-12-06 07:54:45.500000+00:00,combi,Lying,Lying
2024-12-06 07:55:45.500000+00:00,combi,Lying,Lying
2024-12-06 07:56:45.500000+00:00,combi,Lying,Lying
2024-12-06 07:57:45.500000+00:00,combi,Lying,Lying
2024-12-06 07:58:45.500000+00:00,combi,Lying,Lying
2024-12-06 07:59:45.500000+00:00,combi,Lying,Lying
2024-12-06 08:00:45.500000+00:00,combi,Lying,Lying
2024-12-06 08:01:45.500000+00:00,combi,Lying,Lying
2024-12-06 08:02:45.500000+00:00,combi,Lying,Lying
2024-12-06 08:03:45.500000+00:00,combi,Lying,Lying
2024-12-06 08:04:45.500000+00:00,combi,Lying,Lying
2024-12-06 08:05:45.500000+00:00,combi,Lying,Lying
2024-12-06 08:06:45.500000+00:00,combi,Lying,Lying
2024-12-06 08:07:45.500000+00:00,combi,Sitting,Sitting
2024-12-06 08:08:45.500000+00:00,combi,Lying,Lying
2024-12-06 08:09:45.500000+00:00,combi,Sitting,Sitting
2024-12-06 08:10:45.500000+00:00,combi,Sitting,Sitting
2024-12-06 08:11:45.500000+00:00,combi,Lying,Lying
2024-12-06 08:12:45.500000+00:00,combi,Lying,Lying
2024-12-06 08:13:45.500000+00:00,combi,Lying,Lying
2024-12-06 08:14:45.500000+00:00,combi,Sitting,Sitting
2024-12-06 08:15:45.500000+00:00,combi,Lying,Lying
2024-12-06 08:16:45.500000+00:00,combi,Sitting,Sitting
2024-12-06 08:17:45.500000+00:00,combi,Sitting,Sitting
2024-12-06 08:18:45.500000+00:00,combi,Sitting,Sitting
2024-12-06 08:19:45.500000+00:00,combi,Sitting,Sitting
2024-12-06 08:20:45.500000+00:00,combi,Lying,Lying
2024-12-06 08:21:45.500000+00:00,combi,Lying,Lying
2024-12-06 08:22:45.500000+00:00,combi,Lying,Lying
2024-12-06 08:23:45.500000+00:00,combi,Lying,Lying
2024-12-06 08:24:45.500000+00:00,combi,Lying,Lying
2024-12-06 08:25:45.500000+00:00,combi,Lying,Lying
2024-12-06 08:26:45.500000+00:00,combi,Lying,Lying
2024-12-06 08:27:45.500000+00:00,combi,Lying,Lying
2024-12-06 08:28:45.500000+00:00,combi,Lying,Lying
2024-12-06 08:29:45.500000+00:00,combi,Lying,Lying
2024-12-06 08:30:45.500000+00:00,combi,Lying,Lying
2024-12-06 08:31:45.500000+00:00,combi,Lying,Lying
2024-12-06 08:32:45.500000+00:00,combi,Lying,Lying
2024-12-06 08:33:45.500000+00:00,combi,Lying,Lying
2024-12-06 08:34:45.500000+00:00,combi,Lying,Lying
2024-12-06 08:35:45.500000+00:00,combi,Lying,Lying
2024-12-06 08:36:45.500000+00:00,combi,Lying,Lying
2024-12-06 08:37:45.500000+00:00,combi,Lying,Lying
2024-12-06 08:38:45.500000+00:00,combi,Lying,Lying
2024-12-06 08:39:45.500000+00:00,combi,Lying,Lying
2024-12-06 08:40:45.500000+00:00,combi,Lying,Lying
2024-12-06 08:41:45.500000+00:00,combi,Lying,Lying
2024-12-06 08:42:45.500000+00:00,combi,Sitting,Sitting
2024-12-06 08:43:45.500000+00:00,combi,Sitting,Sitting
2024-12-06 08:44:45.500000+00:00,combi,Sitting,Sitting
2024-12-06 08:45:45.500000+00:00,combi,Sitting,Sitting
2024-12-06 08:46:45.500000+00:00,combi,Sitting,Sitting
2024-12-06 08:47:45.500000+00:00,combi,Sitting,Sitting
2024-12-06 08:48:45.500000+00:00,combi,Sitting,Sitting
2024-12-06 08:49:45.500000+00:00,combi,Sitting,Sitting
2024-12-06 08:50:45.500000+00:00,combi,Sitting,Sitting
2024-12-06 08:51:45.500000+00:00,combi,Sitting,Sitting
2024-12-06 08:52:45.500000+00:00,combi,Sitting,Sitting
2024-12-06 08:53:45.500000+00:00,combi,Sitting,Sitting
2024-12-06 08:54:45.500000+00:00,combi,Sitting,Sitting
2024-12-06 08:55:45.500000+00:00,combi,Sitting,Sitting
2024-12-06 08:56:45.500000+00:00,combi,Sitting,Sitting
2024-12-06 08:57:45.500000+00:00,combi,Sitting,Sitting
2024-12-06 08:58:45.500000+00:00,combi,Sitting,Sitting
2024-12-06 08:59:45.500000+00:00,combi,Sitting,Sitting
2024-12-06 09:00:45.500000+00:00,combi,Sitting,Sitting
2024-12-06 09:01:45.500000+00:00,combi,Sitting,Sitting
2024-12-06 09:02:45.500000+00:00,combi,Sitting,Sitting
2024-12-06 09:03:45.500000+00:00,combi,Sitting,Sitting
2024-12-06 09:04:45.500000+00:00,combi,Sitting,Sitting
2024-12-06 09:05:45.500000+00:00,combi,Sitting,Sitting
2024-12-06 09:06:45.500000+00:00,combi,Sitting,Sitting
2024-12-06 09:07:45.500000+00:00,combi,Sitting,Sitting
2024-12-06 09:08:45.500000+00:00,combi,Sitting,Sitting
2024-12-06 09:09:45.500000+00:00,combi,Sitting,Sitting
2024-12-06 09:10:45.500000+00:00,combi,Sitting,Sitting
2024-12-06 09:11:45.500000+00:00,combi,Sitting,Sitting
2024-12-06 09:12:45.500000+00:00,combi,Sitting,Sitting
2024-12-06 09:13:45.500000+00:00,combi,Sitting,Sitting
2024-12-06 09:14:45.500000+00:00,combi,Sitting,Sitting
2024-12-06 09:15:45.500000+00:00,combi,Sitting,Sitting
2024-12-06 09:16:45.500000+00:00,combi,Sitting,Sitting
2024-12-06 09:17:45.500000+00:00,combi,Sitting,Sitting
2024-12-06 09:18:45.500000+00:00,combi,Sitting,Sitting
2024-12-06 09:19:45.500000+00:00,combi,Sitting,Sitting
2024-12-06 09:20:45.500000+00:00,combi,Sitting,Sitting
2024-12-06 09:21:45.500000+00:00,combi,Sitting,Sitting
2024-12-06 09:22:45.500000+00:00,combi,Sitting,Sitting
2024-12-06 09:23:45.500000+00:00,combi,Lying,Lying
2024-12-06 09:24:45.500000+00:00,combi,Lying,Lying
2024-12-06 09:25:45.500000+00:00,combi,Lying,Lying
2024-12-06 09:26:45.500000+00:00,combi,Sitting,Sitting
2024-12-06 09:27:45.500000+00:00,combi,Sitting,Sitting
2024-12-06 09:28:45.500000+00:00,combi,Sitting,Sitting
2024-12-06 09:29:45.500000+00:00,combi,Sitting,Sitting
2024-12-06 09:30:45.500000+00:00,combi,Sitting,Sitting
2024-12-06 09:31:45.500000+00:00,combi,Sitting,Sitting
2024-12-06 09:32:45.500000+00:00,combi,Sitting,Sitting
2024-12-06 09:33:45.500000+00:00,combi,Lying,Lying
2024-12-06 09:34:45.500000+00:00,combi,Lying,Lying
2024-12-06 09:35:45.500000+00:00,combi,Lying,Lying
2024-12-06 09:36:45.500000+00:00,combi,Lying,Lying
2024-12-06 09:37:45.500000+00:00,combi,Lying,Lying
2024-12-06 09:38:45.500000+00:00,combi,Sitting,Sitting
2024-12-06 09:39:45.500000+00:00,combi,Sitting,Sitting
2024-12-06 09:40:45.500000+00:00,combi,Sitting,Sitting
2024-12-06 09:41:45.500000+00:00,combi,Sitting,Sitting
2024-12-06 09:42:45.500000+00:00,combi,Sitting,Sitting
2024-12-06 09:43:45.500000+00:00,combi,Lying,Lying
2024-12-06 09:44:45.500000+00:00,combi,Lying,Lying
2024-12-06 09:45:45.500000+00:00,combi,Lying,Lying
2024-12-06 09:46:45.500000+00:00,combi,Lying,Lying
2024-12-06 09:47:45.500000+00:00,combi,Lying,Lying
2024-12-06 09:48:45.500000+00:00,combi,Lying,Lying
2024-12-06 09:49:45.500000+00:00,combi,Lying,Lying
2024-12-06 09:50:45.500000+00:00,combi,Lying,Lying
2024-12-06 09:51:45.500000+00:00,combi,Lying,Lying
2024-12-06 09:52:45.500000+00:00,combi,Lying,Lying
2024-12-06 09:53:45.500000+00:00,combi,Lying,Lying
2024-12-06 09:54:45.500000+00:00,combi,Lying,Lying
2024-12-06 09:55:45.500000+00:00,combi,Lying,Lying
2024-12-06 09:56:45.500000+00:00,combi,Lying,Lying
2024-12-06 09:57:45.500000+00:00,combi,Lying,Lying
2024-12-06 09:58:45.500000+00:00,combi,Lying,Lying
2024-12-06 09:59:45.500000+00:00,combi,Lying,Lying
2024-12-06 10:00:45.500000+00:00,combi,Sitting,Sitting
2024-12-06 10:01:45.500000+00:00,combi,Sitting,Sitting
2024-12-06 10:02:45.500000+00:00,combi,Sitting,Sitting
2024-12-06 10:03:45.500000+00:00,combi,Sitting,Sitting
2024-12-06 10:04:45.500000+00:00,combi,Sitting,Sitting
2024-12-06 10:05:45.500000+00:00,combi,Sitting,Sitting
2024-12-06 10:06:45.500000+00:00,combi,Sitting,Sitting
2024-12-06 10:07:45.500000+00:00,combi,Sitting,Sitting
2024-12-06 10:08:45.500000+00:00,combi,Sitting,Sitting
2024-12-06 10:09:45.500000+00:00,combi,Sitting,Sitting
2024-12-06 10:10:45.500000+00:00,combi,Sitting,Sitting
2024-12-06 10:11:45.500000+00:00,combi,Sitting,Sitting
2024-12-06 10:12:45.500000+00:00,combi,Sitting,Sitting
2024-12-06 10:13:45.500000+00:00,combi,Sitting,Sitting
2024-12-06 10:14:45.500000+00:00,combi,Sitting,Sitting
2024-12-06 10:15:45.500000+00:00,combi,Sitting,Sitting
2024-12-06 10:16:45.500000+00:00,combi,Sitting,Sitting
2024-12-06 10:17:45.500000+00:00,combi,Sitting,Sitting
2024-12-06 10:18:45.500000+00:00,combi,Sitting,Sitting
2024-12-06 10:19:45.500000+00:00,combi,Lying,Lying
2024-12-06 10:20:45.500000+00:00,combi,Sitting,Sitting
2024-12-06 10:21:45.500000+00:00,combi,Lying,Lying
2024-12-06 10:22:45.500000+00:00,combi,Lying,Lying
2024-12-06 10:23:45.500000+00:00,combi,Lying,Lying
2024-12-06 10:24:45.500000+00:00,combi,Lying,Lying
2024-12-06 10:25:45.500000+00:00,combi,Lying,Lying
2024-12-06 10:26:45.500000+00:00,combi,Lying,Lying
2024-12-06 10:27:45.500000+00:00,combi,Lying,Lying
2024-12-06 10:28:45.500000+00:00,combi,Lying,Lying
2024-12-06 10:29:45.500000+00:00,combi,Lying,Lying
2024-12-06 10:30:45.500000+00:00,combi,Lying,Lying
2024-12-06 10:31:45.500000+00:00,combi,Lying,Lying
2024-12-06 10:32:45.500000+00:00,combi,Lying,Lying
2024-12-06 10:33:45.500000+00:00,combi,Lying,Lying
2024-12-06 10:34:45.500000+00:00,combi,Lying,Lying
2024-12-06 10:35:45.500000+00:00,combi,Lying,Lying
2024-12-06 10:36:45.500000+00:00,combi,Lying,Lying
2024-12-06 10:37:45.500000+00:00,combi,Lying,Lying
2024-12-06 10:38:45.500000+00:00,combi,Lying,Lying
2024-12-06 10:39:45.500000+00:00,combi,Lying,Sitting
2024-12-06 10:40:45.500000+00:00,combi,Lying,Lying
2024-12-06 10:41:45.500000+00:00,combi,Lying,Lying
2024-12-06 10:42:45.500000+00:00,combi,Lying,Lying
2024-12-06 10:43:45.500000+00:00,combi,Lying,Lying
2024-12-06 10:44:45.500000+00:00,combi,Lying,Lying
2024-12-06 10:45:45.500000+00:00,combi,Lying,Lying
2024-12-06 10:46:45.500000+00:00,combi,Lying,Lying
2024-12-06 10:47:45.500000+00:00,combi,Lying,Lying
2024-12-06 10:48:45.500000+00:00,combi,Lying,Lying
2024-12-06 10:49:45.500000+00:00,combi,Lying,Lying
2024-12-06 10:50:45.500000+00:00,combi,Lying,Lying
2024-12-06 10:51:45.500000+00:00,combi,Lying,Lying
2024-12-06 10:52:45.500000+00:00,combi,Lying,Lying
2024-12-06 10:53:45.500000+00:00,combi,Lying,Lying
2024-12-06 10:54:45.500000+00:00,combi,Lying,Lying
2024-12-06 10:55:45.500000+00:00,combi,Lying,Lying
2024-12-06 10:56:45.500000+00:00,combi,Lying,Lying
2024-12-06 10:57:45.500000+00:00,combi,Lying,Lying
2024-12-06 10:58:45.500000+00:00,combi,Lying,Sitting
2024-12-06 10:59:45.500000+00:00,combi,Lying,Lying
2024-12-06 11:00:45.500000+00:00,combi,Lying,Lying
2024-12-06 11:01:45.500000+00:00,combi,Lying,Lying
2024-12-06 11:02:45.500000+00:00,combi,Lying,Lying
2024-12-06 11:03:45.500000+00:00,combi,Lying,Lying
2024-12-06 11:04:45.500000+00:00,combi,Lying,Lying
2024-12-06 11:05:45.500000+00:00,combi,Lying,Lying
2024-12-06 11:06:45.500000+00:00,combi,Lying,Lying
2024-12-06 11:07:45.500000+00:00,combi,Lying,Sitting
2024-12-06 11:08:45.500000+00:00,combi,Lying,Lying
2024-12-06 11:09:45.500000+00:00,combi,Sitting,Sitting
2024-12-06 11:10:45.500000+00:00,combi,Lying,Lying
2024-12-06 11:11:45.500000+00:00,combi,Lying,Lying
2024-12-06 11:12:45.500000+00:00,combi,Sitting,Sitting
2024-12-06 11:13:45.500000+00:00,combi,Lying,Sitting
2024-12-06 11:14:45.500000+00:00,combi,Lying,Sitting
2024-12-06 11:15:45.500000+00:00,combi,Lying,Lying
2024-12-06 11:16:45.500000+00:00,combi,Sitting,Sitting
2024-12-06 11:17:45.500000+00:00,combi,Lying,Lying
2024-12-06 11:18:45.500000+00:00,combi,Sitting,Sitting
2024-12-06 11:19:45.500000+00:00,combi,Sitting,Sitting
2024-12-06 11:20:45.500000+00:00,combi,Sitting,Sitting
2024-12-06 11:21:45.500000+00:00,combi,Lying,Lying
2024-12-06 11:22:45.500000+00:00,combi,Lying,Lying
2024-12-06 11:23:45.500000+00:00,combi,Sitting,Sitting
2024-12-06 11:24:45.500000+00:00,combi,Lying,Lying
2024-12-06 11:25:45.500000+00:00,combi,Lying,Lying
2024-12-06 11:26:45.500000+00:00,combi,Lying,Lying
2024-12-06 11:27:45.500000+00:00,combi,Standing,Dynamic
2024-12-06 11:28:45.500000+00:00,combi,Standing,Dynamic
2024-12-06 11:29:45.500000+00:00,combi,Sitting,Sitting
2024-12-06 11:30:45.500000+00:00,combi,Sitting,Sitting
2024-12-06 11:31:45.500000+00:00,combi,Sitting,Dynamic
2024-12-06 11:32:45.500000+00:00,combi,Sitting,Dynamic
2024-12-06 11:33:45.500000+00:00,combi,Sitting,Sitting
2024-12-06 11:34:45.500000+00:00,combi,Sitting,Sitting
2024-12-06 11:35:45.500000+00:00,combi,Sitting,Sitting
2024-12-06 11:36:45.500000+00:00,combi,Sitting,Sitting
2024-12-06 11:37:45.500000+00:00,combi,Sitting,Dynamic
2024-12-06 11:38:45.500000+00:00,combi,Standing,Dynamic
2024-12-06 11:39:45.500000+00:00,combi,Standing,Standing
2024-12-06 11:40:45.500000+00:00,combi,Standing,Dynamic
2024-12-06 11:41:45.500000+00:00,combi,Standing,Standing
2024-12-06 11:42:45.500000+00:00,combi,Standing,Sitting
2024-12-06 11:43:45.500000+00:00,combi,Standing,Dynamic
2024-12-06 11:44:45.500000+00:00,combi,Standing,Dynamic
2024-12-06 11:45:45.500000+00:00,combi,Standing,Dynamic
2024-12-06 11:46:45.500000+00:00,combi,Standing,Dynamic
2024-12-06 11:47:45.500000+00:00,combi,Sitting,Dynamic
2024-12-06 11:48:45.500000+00:00,combi,Sitting,Dynamic
2024-12-06 11:49:45.500000+00:00,combi,Sitting,Dynamic
2024-12-06 11:50:45.500000+00:00,combi,Standing,Dynamic
2024-12-06 11:51:45.500000+00:00,combi,Sitting,Sitting
2024-12-06 11:52:45.500000+00:00,combi,Sitting,Sitting
2024-12-06 11:53:45.500000+00:00,combi,Sitting,Sitting
2024-12-06 11:54:45.500000+00:00,combi,Sitting,Sitting
2024-12-06 11:55:45.500000+00:00,combi,Sitting,Sitting
2024-12-06 11:56:45.500000+00:00,combi,Standing,Dynamic
2024-12-06 11:57:45.500000+00:00,combi,Standing,Standing
2024-12-06 11:58:45.500000+00:00,combi,Standing,Standing
2024-12-06 11:59:45.500000+00:00,combi,Standing,Dynamic
2024-12-06 12:00:45.500000+00:00,combi,Sitting,Sitting
2024-12-06 12:01:45.500000+00:00,combi,Sitting,Sitting
2024-12-06 12:02:45.500000+00:00,combi,Sitting,Sitting
2024-12-06 12:03:45.500000+00:00,combi,Sitting,Sitting
2024-12-06 12:04:45.500000+00:00,combi,Sitting,Sitting
2024-12-06 12:05:45.500000+00:00,combi,Sitting,Sitting
2024-12-06 12:06:45.500000+00:00,combi,Sitting,Sitting
2024-12-06 12:07:45.500000+00:00,combi,Standing,Dynamic
2024-12-06 12:08:45.500000+00:00,combi,Sitting,Sitting
2024-12-06 12:09:45.500000+00:00,combi,Sitting,Sitting
2024-12-06 12:10:45.500000+00:00,combi,Sitting,Sitting
2024-12-06 12:11:45.500000+00:00,combi,Sitting,Sitting
2024-12-06 12:12:45.500000+00:00,combi,Sitting,Sitting
2024-12-06 12:13:45.500000+00:00,combi,Sitting,Sitting
2024-12-06 12:14:45.500000+00:00,combi,Sitting,Sitting
2024-12-06 12:15:45.500000+00:00,combi,Standing,Sitting
2024-12-06 12:16:45.500000+00:00,combi,Standing,Dynamic
2024-12-06 12:17:45.500000+00:00,combi,Standing,Dynamic
2024-12-06 12:18:45.500000+00:00,combi,Sitting,Dynamic
2024-12-06 12:19:45.500000+00:00,combi,Standing,Standing
2024-12-06 12:20:45.500000+00:00,combi,Sitting,Sitting
2024-12-06 12:21:45.500000+00:00,combi,Sitting,Sitting
2024-12-06 12:22:45.500000+00:00,combi,Sitting,Sitting
2024-12-06 12:23:45.500000+00:00,combi,Sitting,Sitting
2024-12-06 12:24:45.500000+00:00,combi,Sitting,Sitting
2024-12-06 12:25:45.500000+00:00,combi,Sitting,Sitting
2024-12-06 12:26:45.500000+00:00,combi,Sitting,Sitting
2024-12-06 12:27:45.500000+00:00,combi,Sitting,Sitting
2024-12-06 12:28:45.500000+00:00,combi,Sitting,Sitting
2024-12-06 12:29:45.500000+00:00,combi,Standing,Standing
2024-12-06 12:30:45.500000+00:00,combi,Sitting,Sitting
2024-12-06 12:31:45.500000+00:00,combi,Sitting,Sitting
2024-12-06 12:32:45.500000+00:00,combi,Sitting,Sitting
2024-12-06 12:33:45.500000+00:00,combi,Standing,Sitting
2024-12-06 12:34:45.500000+00:00,combi,Sitting,Sitting
2024-12-06 12:35:45.500000+00:00,combi,Standing,Standing
2024-12-06 12:36:45.500000+00:00,combi,Sitting,Sitting
2024-12-06 12:37:45.500000+00:00,combi,Sitting,Sitting
2024-12-06 12:38:45.500000+00:00,combi,Sitting,Sitting
2024-12-06 12:39:45.500000+00:00,combi,Sitting,Sitting
2024-12-06 12:40:45.500000+00:00,combi,Sitting,Sitting
2024-12-06 12:41:45.500000+00:00,combi,Sitting,Sitting
2024-12-06 12:42:45.500000+00:00,combi,Sitting,Sitting
2024-12-06 12:43:45.500000+00:00,combi,Sitting,Sitting
2024-12-06 12:44:45.500000+00:00,combi,Sitting,Sitting
2024-12-06 12:45:45.500000+00:00,combi,Sitting,Sitting
2024-12-06 12:46:45.500000+00:00,combi,Sitting,Sitting
2024-12-06 12:47:45.500000+00:00,combi,Sitting,Sitting
2024-12-06 12:48:45.500000+00:00,combi,Sitting,Sitting
2024-12-06 12:49:45.500000+00:00,combi,Sitting,Sitting
2024-12-06 12:50:45.500000+00:00,combi,Sitting,Sitting
2024-12-06 12:51:45.500000+00:00,combi,Sitting,Sitting
2024-12-06 12:52:45.500000+00:00,combi,Sitting,Sitting
2024-12-06 12:53:45.500000+00:00,combi,Sitting,Sitting
2024-12-06 12:54:45.500000+00:00,combi,Sitting,Sitting
2024-12-06 12:55:45.500000+00:00,combi,Sitting,Sitting
2024-12-06 12:56:45.500000+00:00,combi,Sitting,Sitting
2024-12-06 12:57:45.500000+00:00,combi,Sitting,Sitting
2024-12-06 12:58:45.500000+00:00,combi,Sitting,Sitting
2024-12-06 12:59:45.500000+00:00,combi,Sitting,Sitting
2024-12-06 13:00:45.500000+00:00,combi,Sitting,Dynamic
2024-12-06 13:01:45.500000+00:00,combi,Sitting,Dynamic
2024-12-06 13:02:45.500000+00:00,combi,Standing,Dynamic
2024-12-06 13:03:45.500000+00:00,combi,Standing,Dynamic
2024-12-06 13:04:45.500000+00:00,combi,Standing,Dynamic
2024-12-06 13:05:45.500000+00:00,combi,Standing,Dynamic
2024-12-06 13:06:45.500000+00:00,combi,Standing,Standing
2024-12-06 13:07:45.500000+00:00,combi,Standing,Dynamic
2024-12-06 13:08:45.500000+00:00,combi,Sitting,Sitting
2024-12-06 13:09:45.500000+00:00,combi,Standing,Dynamic
2024-12-06 13:10:45.500000+00:00,combi,Standing,Dynamic
2024-12-06 13:11:45.500000+00:00,combi,Sitting,Sitting
2024-12-06 13:12:45.500000+00:00,combi,Sitting,Sitting
2024-12-06 13:13:45.500000+00:00,combi,Sitting,Sitting
2024-12-06 13:14:45.500000+00:00,combi,Sitting,Sitting
2024-12-06 13:15:45.500000+00:00,combi,Sitting,Dynamic
2024-12-06 13:16:45.500000+00:00,combi,Sitting,Sitting
2024-12-06 13:17:45.500000+00:00,combi,Standing,Sitting
2024-12-06 13:18:45.500000+00:00,combi,Sitting,Sitting
2024-12-06 13:19:45.500000+00:00,combi,Standing,Standing
2024-12-06 13:20:45.500000+00:00,combi,Standing,Standing
2024-12-06 13:21:45.500000+00:00,combi,Standing,Standing
2024-12-06 13:22:45.500000+00:00,combi,Standing,Standing
2024-12-06 13:23:45.500000+00:00,combi,Sitting,Sitting
2024-12-06 13:24:45.500000+00:00,combi,Standing,Standing
2024-12-06 13:25:45.500000+00:00,combi,Standing,Standing
2024-12-06 13:26:45.500000+00:00,combi,Standing,Standing
2024-12-06 13:27:45.500000+00:00,combi,Standing,Dynamic
2024-12-06 13:28:45.500000+00:00,combi,Standing,Standing
2024-12-06 13:29:45.500000+00:00,combi,Sitting,Standing
2024-12-06 13:30:45.500000+00:00,combi,Standing,Dynamic
2024-12-06 13:31:45.500000+00:00,combi,Standing,Dynamic
2024-12-06 13:32:45.500000+00:00,combi,Sitting,Sitting
2024-12-06 13:33:45.500000+00:00,combi,Standing,Standing
2024-12-06 13:34:45.500000+00:00,combi,Sitting,Sitting
2024-12-06 13:35:45.500000+00:00,combi,Sitting,Sitting
2024-12-06 13:36:45.500000+00:00,combi,Sitting,Sitting
2024-12-06 13:37:45.500000+00:00,combi,Sitting,Sitting
2024-12-06 13:38:45.500000+00:00,combi,Sitting,Sitting
2024-12-06 13:39:45.500000+00:00,combi,Sitting,Sitting
2024-12-06 13:40:45.500000+00:00,combi,Sitting,Sitting
2024-12-06 13:41:45.500000+00:00,combi,Standing,Standing
2024-12-06 13:42:45.500000+00:00,combi,Sitting,Sitting
2024-12-06 13:43:45.500000+00:00,combi,Sitting,Sitting
2024-12-06 13:44:45.500000+00:00,combi,Standing,Standing
2024-12-06 13:45:45.500000+00:00,combi,Sitting,Sitting
2024-12-06 13:46:45.500000+00:00,combi,Standing,Standing
2024-12-06 13:47:45.500000+00:00,combi,Sitting,Sitting
2024-12-06 13:48:45.500000+00:00,combi,Sitting,Sitting
2024-12-06 13:49:45.500000+00:00,combi,Sitting,Sitting
2024-12-06 13:50:45.500000+00:00,combi,Standing,Standing
2024-12-06 13:51:45.500000+00:00,combi,Sitting,Sitting
2024-12-06 13:52:45.500000+00:00,combi,Sitting,Sitting
2024-12-06 13:53:45.500000+00:00,combi,Sitting,Sitting
2024-12-06 13:54:45.500000+00:00,combi,Sitting,Sitting
2024-12-06 13:55:45.500000+00:00,combi,Sitting,Sitting
2024-12-06 13:56:45.500000+00:00,combi,Sitting,Sitting
2024-12-06 13:57:45.500000+00:00,combi,Sitting,Sitting
2024-12-06 13:58:45.500000+00:00,combi,Sitting,Sitting
2024-12-06 13:59:45.500000+00:00,combi,Sitting,Sitting
2024-12-06 14:00:45.500000+00:00,combi,Sitting,Sitting
2024-12-06 14:01:45.500000+00:00,combi,Sitting,Sitting
2024-12-06 14:02:45.500000+00:00,combi,Standing,Standing
2024-12-06 14:03:45.500000+00:00,combi,Standing,Standing
2024-12-06 14:04:45.500000+00:00,combi,Standing,Standing
2024-12-06 14:05:45.500000+00:00,combi,Standing,Standing
2024-12-06 14:06:45.500000+00:00,combi,Sitting,Sitting
2024-12-06 14:07:45.500000+00:00,combi,Standing,Standing
2024-12-06 14:08:45.500000+00:00,combi,Standing,Dynamic
2024-12-06 14:09:45.500000+00:00,combi,Sitting,Dynamic
2024-12-06 14:10:45.500000+00:00,combi,Standing,Dynamic
2024-12-06 14:11:45.500000+00:00,combi,Standing,Dynamic
2024-12-06 14:12:45.500000+00:00,combi,Standing,Dynamic
2024-12-06 14:13:45.500000+00:00,combi,Standing,Dynamic
2024-12-06 14:14:45.500000+00:00,combi,Standing,Standing
2024-12-06 14:15:45.500000+00:00,combi,Standing,Standing
2024-12-06 14:16:45.500000+00:00,combi,Standing,Standing
2024-12-06 14:17:45.500000+00:00,combi,Standing,Standing
2024-12-06 14:18:45.500000+00:00,combi,Standing,Standing
2024-12-06 14:19:45.500000+00:00,combi,Sitting,Dynamic
2024-12-06 14:20:45.500000+00:00,combi,Sitting,Sitting
2024-12-06 14:21:45.500000+00:00,combi,Sitting,Sitting
2024-12-06 14:22:45.500000+00:00,combi,Sitting,Sitting
2024-12-06 14:23:45.500000+00:00,combi,Sitting,Sitting
2024-12-06 14:24:45.500000+00:00,combi,Sitting,Sitting
2024-12-06 14:25:45.500000+00:00,combi,Sitting,Sitting
2024-12-06 14:26:45.500000+00:00,combi,Standing,Sitting
2024-12-06 14:27:45.500000+00:00,combi,Standing,Sitting
2024-12-06 14:28:45.500000+00:00,combi,Standing,Standing
2024-12-06 14:29:45.500000+00:00,combi,Sitting,Sitting
2024-12-06 14:30:45.500000+00:00,combi,Standing,Standing
2024-12-06 14:31:45.500000+00:00,combi,Standing,Standing
2024-12-06 14:32:45.500000+00:00,combi,Sitting,Sitting
2024-12-06 14:33:45.500000+00:00,combi,Standing,Standing
2024-12-06 14:34:45.500000+00:00,combi,Standing,Standing
2024-12-06 14:35:45.500000+00:00,combi,Sitting,Sitting
2024-12-06 14:36:45.500000+00:00,combi,Sitting,Sitting
2024-12-06 14:37:45.500000+00:00,combi,Sitting,Sitting
2024-12-06 14:38:45.500000+00:00,combi,Sitting,Sitting
2024-12-06 14:39:45.500000+00:00,combi,Standing,Standing
2024-12-06 14:40:45.500000+00:00,combi,Sitting,Sitting
2024-12-06 14:41:45.500000+00:00,combi,Standing,Standing
2024-12-06 14:42:45.500000+00:00,combi,Sitting,Sitting
2024-12-06 14:43:45.500000+00:00,combi,Sitting,Sitting
2024-12-06 14:44:45.500000+00:00,combi,Sitting,Sitting
2024-12-06 14:45:45.500000+00:00,combi,Standing,Dynamic
2024-12-06 14:46:45.500000+00:00,combi,Standing,Dynamic
2024-12-06 14:47:45.500000+00:00,combi,Standing,Standing
2024-12-06 14:48:45.500000+00:00,combi,Standing,Dynamic
2024-12-06 14:49:45.500000+00:00,combi,Sitting,Sitting
2024-12-06 14:50:45.500000+00:00,combi,Sitting,Sitting
2024-12-06 14:51:45.500000+00:00,combi,Standing,Standing
2024-12-06 14:52:45.500000+00:00,combi,Standing,Standing
2024-12-06 14:53:45.500000+00:00,combi,Sitting,Sitting
2024-12-06 14:54:45.500000+00:00,combi,Sitting,Sitting
2024-12-06 14:55:45.500000+00:00,combi,Sitting,Sitting
2024-12-06 14:56:45.500000+00:00,combi,Sitting,Sitting
2024-12-06 14:57:45.500000+00:00,combi,Sitting,Sitting
2024-12-06 14:58:45.500000+00:00,combi,Standing,Standing
2024-12-06 14:59:45.500000+00:00,combi,Sitting,Sitting
2024-12-06 15:00:45.500000+00:00,combi,Sitting,Sitting
2024-12-06 15:01:45.500000+00:00,combi,Sitting,Sitting
2024-12-06 15:02:45.500000+00:00,combi,Sitting,Sitting
2024-12-06 15:03:45.500000+00:00,combi,Sitting,Sitting
2024-12-06 15:04:45.500000+00:00,combi,Sitting,Sitting
2024-12-06 15:05:45.500000+00:00,combi,Standing,Standing
2024-12-06 15:06:45.500000+00:00,combi,Standing,Standing
2024-12-06 15:07:45.500000+00:00,combi,Standing,Standing
2024-12-06 15:08:45.500000+00:00,combi,Sitting,Sitting
2024-12-06 15:09:45.500000+00:00,combi,Standing,Standing
2024-12-06 15:10:45.500000+00:00,combi,Sitting,Sitting
2024-12-06 15:11:45.500000+00:00,combi,Sitting,Sitting
2024-12-06 15:12:45.500000+00:00,combi,Sitting,Sitting
2024-12-06 15:13:45.500000+00:00,combi,Sitting,Sitting
2024-12-06 15:14:45.500000+00:00,combi,Sitting,Sitting
2024-12-06 15:15:45.500000+00:00,combi,Sitting,Sitting
2024-12-06 15:16:45.500000+00:00,combi,Sitting,Sitting
2024-12-06 15:17:45.500000+00:00,combi,Sitting,Sitting
2024-12-06 15:18:45.500000+00:00,combi,Sitting,Sitting
2024-12-06 15:19:45.500000+00:00,combi,Sitting,Sitting
2024-12-06 15:20:45.500000+00:00,combi,Standing,Standing
2024-12-06 15:21:45.500000+00:00,combi,Sitting,Sitting
2024-12-06 15:22:45.500000+00:00,combi,Sitting,Sitting
2024-12-06 15:23:45.500000+00:00,combi,Sitting,Sitting
2024-12-06 15:24:45.500000+00:00,combi,Standing,Sitting
2024-12-06 15:25:45.500000+00:00,combi,Sitting,Sitting
2024-12-06 15:26:45.500000+00:00,combi,Sitting,Sitting
2024-12-06 15:27:45.500000+00:00,combi,Sitting,Sitting
2024-12-06 15:28:45.500000+00:00,combi,Sitting,Sitting
2024-12-06 15:29:45.500000+00:00,combi,Sitting,Sitting
2024-12-06 15:30:45.500000+00:00,combi,Sitting,Sitting
2024-12-06 15:31:45.500000+00:00,combi,Sitting,Sitting
2024-12-06 15:32:45.500000+00:00,combi,Sitting,Sitting
2024-12-06 15:33:45.500000+00:00,combi,Sitting,Sitting
2024-12-06 15:34:45.500000+00:00,combi,Standing,Standing
2024-12-06 15:35:45.500000+00:00,combi,Sitting,Sitting
2024-12-06 15:36:45.500000+00:00,combi,Sitting,Sitting
2024-12-06 15:37:45.500000+00:00,combi,Sitting,Sitting
2024-12-06 15:38:45.500000+00:00,combi,Standing,Standing
2024-12-06 15:39:45.500000+00:00,combi,Sitting,Sitting
2024-12-06 15:40:45.500000+00:00,combi,Sitting,Sitting
2024-12-06 15:41:45.500000+00:00,combi,Sitting,Sitting
2024-12-06 15:42:45.500000+00:00,combi,Sitting,Sitting
2024-12-06 15:43:45.500000+00:00,combi,Sitting,Dynamic
2024-12-06 15:44:45.500000+00:00,combi,Sitting,Dynamic
2024-12-06 15:45:45.500000+00:00,combi,Sitting,Sitting
2024-12-06 15:46:45.500000+00:00,combi,Sitting,Sitting
2024-12-06 15:47:45.500000+00:00,combi,Sitting,Sitting
2024-12-06 15:48:45.500000+00:00,combi,Sitting,Sitting
2024-12-06 15:49:45.500000+00:00,combi,Sitting,Sitting
2024-12-06 15:50:45.500000+00:00,combi,Sitting,Sitting
2024-12-06 15:51:45.500000+00:00,combi,Sitting,Sitting
2024-12-06 15:52:45.500000+00:00,combi,Sitting,Sitting
2024-12-06 15:53:45.500000+00:00,combi,Sitting,Sitting
2024-12-06 15:54:45.500000+00:00,combi,Sitting,Sitting
2024-12-06 15:55:45.500000+00:00,combi,Sitting,Sitting
2024-12-06 15:56:45.500000+00:00,combi,Sitting,Sitting
2024-12-06 15:57:45.500000+00:00,combi,Sitting,Sitting
2024-12-06 15:58:45.500000+00:00,combi,Sitting,Sitting
2024-12-06 15:59:45.500000+00:00,combi,Sitting,Sitting
2024-12-06 16:00:45.500000+00:00,combi,Standing,Standing
2024-12-06 16:01:45.500000+00:00,combi,Standing,Standing
2024-12-06 16:02:45.500000+00:00,combi,Sitting,Sitting
2024-12-06 16:03:45.500000+00:00,combi,Sitting,Sitting
2024-12-06 16:04:45.500000+00:00,combi,Sitting,Sitting
2024-12-06 16:05:45.500000+00:00,combi,Sitting,Sitting
2024-12-06 16:06:45.500000+00:00,combi,Sitting,Sitting
2024-12-06 16:07:45.500000+00:00,combi,Sitting,Sitting
2024-12-06 16:08:45.500000+00:00,combi,Sitting,Sitting
2024-12-06 16:09:45.500000+00:00,combi,Sitting,Sitting
2024-12-06 16:10:45.500000+00:00,combi,Sitting,Sitting
2024-12-06 16:11:45.500000+00:00,combi,Sitting,Sitting
2024-12-06 16:12:45.500000+00:00,combi,Sitting,Sitting
2024-12-06 16:13:45.500000+00:00,combi,Sitting,Sitting
2024-12-06 16:14:45.500000+00:00,combi,Sitting,Sitting
2024-12-06 16:15:45.500000+00:00,combi,Sitting,Sitting
2024-12-06 16:16:45.500000+00:00,combi,Sitting,Sitting
2024-12-06 16:17:45.500000+00:00,combi,Sitting,Sitting
2024-12-06 16:18:45.500000+00:00,combi,Sitting,Sitting
2024-12-06 16:19:45.500000+00:00,combi,Sitting,Sitting
2024-12-06 16:20:45.500000+00:00,combi,Sitting,Sitting
2024-12-06 16:21:45.500000+00:00,combi,Sitting,Sitting
2024-12-06 16:22:45.500000+00:00,combi,Sitting,Sitting
2024-12-06 16:23:45.500000+00:00,combi,Sitting,Sitting
2024-12-06 16:24:45.500000+00:00,combi,Sitting,Sitting
2024-12-06 16:25:45.500000+00:00,combi,Standing,Dynamic
2024-12-06 16:26:45.500000+00:00,combi,Sitting,Sitting
2024-12-06 16:27:45.500000+00:00,combi,Sitting,Sitting
2024-12-06 16:28:45.500000+00:00,combi,Sitting,Sitting
2024-12-06 16:29:45.500000+00:00,combi,Sitting,Sitting
2024-12-06 16:30:45.500000+00:00,combi,Sitting,Sitting
2024-12-06 16:31:45.500000+00:00,combi,Sitting,Sitting
2024-12-06 16:32:45.500000+00:00,combi,Sitting,Sitting
2024-12-06 16:33:45.500000+00:00,combi,Sitting,Sitting
2024-12-06 16:34:45.500000+00:00,combi,Sitting,Sitting
2024-12-06 16:35:45.500000+00:00,combi,Sitting,Sitting
2024-12-06 16:36:45.500000+00:00,combi,Sitting,Sitting
2024-12-06 16:37:45.500000+00:00,combi,Standing,Dynamic
2024-12-06 16:38:45.500000+00:00,combi,Sitting,Sitting
2024-12-06 16:39:45.500000+00:00,combi,Sitting,Sitting
2024-12-06 16:40:45.500000+00:00,combi,Sitting,Sitting
2024-12-06 16:41:45.500000+00:00,combi,Sitting,Sitting
2024-12-06 16:42:45.500000+00:00,combi,Sitting,Sitting
2024-12-06 16:43:45.500000+00:00,combi,Sitting,Dynamic
2024-12-06 16:44:45.500000+00:00,combi,Standing,Dynamic
2024-12-06 16:45:45.500000+00:00,combi,Standing,Dynamic
2024-12-06 16:46:45.500000+00:00,combi,Standing,Dynamic
2024-12-06 16:47:45.500000+00:00,combi,Standing,Dynamic
2024-12-06 16:48:45.500000+00:00,combi,Standing,Dynamic
2024-12-06 16:49:45.500000+00:00,combi,Sitting,Dynamic
2024-12-06 16:50:45.500000+00:00,combi,Standing,Dynamic
2024-12-06 16:51:45.500000+00:00,combi,Sitting,Sitting
2024-12-06 16:52:45.500000+00:00,combi,Standing,Dynamic
2024-12-06 16:53:45.500000+00:00,combi,Sitting,Sitting
2024-12-06 16:54:45.500000+00:00,combi,Sitting,Sitting
2024-12-06 16:55:45.500000+00:00,combi,Sitting,Sitting
2024-12-06 16:56:45.500000+00:00,combi,Sitting,Sitting
2024-12-06 16:57:45.500000+00:00,combi,Sitting,Sitting
2024-12-06 16:58:45.500000+00:00,combi,Sitting,Sitting
2024-12-06 16:59:45.500000+00:00,combi,Sitting,Sitting
2024-12-06 17:00:45.500000+00:00,combi,Sitting,Sitting
2024-12-06 17:01:45.500000+00:00,combi,Sitting,Sitting
2024-12-06 17:02:45.500000+00:00,combi,Sitting,Sitting
2024-12-06 17:03:45.500000+00:00,combi,Sitting,Sitting
2024-12-06 17:04:45.500000+00:00,combi,Sitting,Sitting
2024-12-06 17:05:45.500000+00:00,combi,Sitting,Sitting
2024-12-06 17:06:45.500000+00:00,combi,Sitting,Sitting
2024-12-06 17:07:45.500000+00:00,combi,Sitting,Sitting
2024-12-06 17:08:45.500000+00:00,combi,Sitting,Sitting
2024-12-06 17:09:45.500000+00:00,combi,Sitting,Sitting
2024-12-06 17:10:45.500000+00:00,combi,Standing,Standing
2024-12-06 17:11:45.500000+00:00,combi,Sitting,Sitting
2024-12-06 17:12:45.500000+00:00,combi,Sitting,Sitting
2024-12-06 17:13:45.500000+00:00,combi,Sitting,Sitting
2024-12-06 17:14:45.500000+00:00,combi,Sitting,Sitting
2024-12-06 17:15:45.500000+00:00,combi,Sitting,Sitting
2024-12-06 17:16:45.500000+00:00,combi,Standing,Dynamic
2024-12-06 17:17:45.500000+00:00,combi,Sitting,Sitting
2024-12-06 17:18:45.500000+00:00,combi,Sitting,Sitting
2024-12-06 17:19:45.500000+00:00,combi,Sitting,Sitting
2024-12-06 17:20:45.500000+00:00,combi,Sitting,Sitting
2024-12-06 17:21:45.500000+00:00,combi,Sitting,Sitting
2024-12-06 17:22:45.500000+00:00,combi,Sitting,Sitting
2024-12-06 17:23:45.500000+00:00,combi,Sitting,Sitting
2024-12-06 17:24:45.500000+00:00,combi,Sitting,Sitting
2024-12-06 17:25:45.500000+00:00,combi,Sitting,Sitting
2024-12-06 17:26:45.500000+00:00,combi,Sitting,Sitting
2024-12-06 17:27:45.500000+00:00,combi,Standing,Sitting
2024-12-06 17:28:45.500000+00:00,combi,Standing,Dynamic
2024-12-06 17:29:45.500000+00:00,combi,Standing,Dynamic
2024-12-06 17:30:45.500000+00:00,combi,Standing,Dynamic
2024-12-06 17:31:45.500000+00:00,combi,Sitting,Sitting
2024-12-06 17:32:45.500000+00:00,combi,Sitting,Sitting
2024-12-06 17:33:45.500000+00:00,combi,Sitting,Sitting
2024-12-06 17:34:45.500000+00:00,combi,Sitting,Sitting
2024-12-06 17:35:45.500000+00:00,combi,Standing,Standing
2024-12-06 17:36:45.500000+00:00,combi,Sitting,Sitting
2024-12-06 17:37:45.500000+00:00,combi,Sitting,Sitting
2024-12-06 17:38:45.500000+00:00,combi,Sitting,Sitting
2024-12-06 17:39:45.500000+00:00,combi,Sitting,Sitting
2024-12-06 17:40:45.500000+00:00,combi,Sitting,Sitting
2024-12-06 17:41:45.500000+00:00,combi,Sitting,Sitting
2024-12-06 17:42:45.500000+00:00,combi,Standing,Standing
2024-12-06 17:43:45.500000+00:00,combi,Sitting,Sitting
2024-12-06 17:44:45.500000+00:00,combi,Sitting,Sitting
2024-12-06 17:45:45.500000+00:00,combi,Sitting,Sitting
2024-12-06 17:46:45.500000+00:00,combi,Sitting,Sitting
2024-12-06 17:47:45.500000+00:00,combi,Sitting,Sitting
2024-12-06 17:48:45.500000+00:00,combi,Sitting,Sitting
2024-12-06 17:49:45.500000+00:00,combi,Sitting,Sitting
2024-12-06 17:50:45.500000+00:00,combi,Sitting,Sitting
2024-12-06 17:51:45.500000+00:00,combi,Sitting,Sitting
2024-12-06 17:52:45.500000+00:00,combi,Sitting,Sitting
2024-12-06 17:53:45.500000+00:00,combi,Sitting,Sitting
2024-12-06 17:54:45.500000+00:00,combi,Sitting,Sitting
2024-12-06 17:55:45.500000+00:00,combi,Sitting,Sitting
2024-12-06 17:56:45.500000+00:00,combi,Sitting,Sitting
2024-12-06 17:57:45.500000+00:00,combi,Sitting,Sitting
2024-12-06 17:58:45.500000+00:00,combi,Sitting,Sitting
2024-12-06 17:59:45.500000+00:00,combi,Sitting,Sitting
2024-12-06 18:00:45.500000+00:00,combi,Sitting,Sitting
2024-12-06 18:01:45.500000+00:00,combi,Sitting,Sitting
2024-12-06 18:02:45.500000+00:00,combi,Sitting,Sitting
2024-12-06 18:03:45.500000+00:00,combi,Sitting,Sitting
2024-12-06 18:04:45.500000+00:00,combi,Sitting,Sitting
2024-12-06 18:05:45.500000+00:00,combi,Sitting,Sitting
2024-12-06 18:06:45.500000+00:00,combi,Sitting,Sitting
2024-12-06 18:07:45.500000+00:00,combi,Sitting,Sitting
2024-12-06 18:08:45.500000+00:00,combi,Sitting,Sitting
2024-12-06 18:09:45.500000+00:00,combi,Sitting,Sitting
2024-12-06 18:10:45.500000+00:00,combi,Sitting,Sitting
2024-12-06 18:11:45.500000+00:00,combi,Sitting,Sitting
2024-12-06 18:12:45.500000+00:00,combi,Sitting,Sitting
2024-12-06 18:13:45.500000+00:00,combi,Sitting,Sitting
2024-12-06 18:14:45.500000+00:00,combi,Sitting,Sitting
2024-12-06 18:15:45.500000+00:00,combi,Sitting,Sitting
2024-12-06 18:16:45.500000+00:00,combi,Sitting,Sitting
2024-12-06 18:17:45.500000+00:00,combi,Sitting,Sitting
2024-12-06 18:18:45.500000+00:00,combi,Sitting,Sitting
2024-12-06 18:19:45.500000+00:00,combi,Sitting,Sitting
2024-12-06 18:20:45.500000+00:00,combi,Sitting,Sitting
2024-12-06 18:21:45.500000+00:00,combi,Sitting,Sitting
2024-12-06 18:22:45.500000+00:00,combi,Sitting,Sitting
2024-12-06 18:23:45.500000+00:00,combi,Sitting,Sitting
2024-12-06 18:24:45.500000+00:00,combi,Sitting,Sitting
2024-12-06 18:25:45.500000+00:00,combi,Sitting,Sitting
2024-12-06 18:26:45.500000+00:00,combi,Standing,Standing
2024-12-06 18:27:45.500000+00:00,combi,Sitting,Dynamic
2024-12-06 18:28:45.500000+00:00,combi,Standing,Dynamic
2024-12-06 18:29:45.500000+00:00,combi,Standing,Dynamic
2024-12-06 18:30:45.500000+00:00,combi,Sitting,Standing
2024-12-06 18:31:45.500000+00:00,combi,Sitting,Sitting
2024-12-06 18:32:45.500000+00:00,combi,Sitting,Sitting
2024-12-06 18:33:45.500000+00:00,combi,Sitting,Sitting
2024-12-06 18:34:45.500000+00:00,combi,Sitting,Sitting
2024-12-06 18:35:45.500000+00:00,combi,Sitting,Sitting
2024-12-06 18:36:45.500000+00:00,combi,Standing,Standing
2024-12-06 18:37:45.500000+00:00,combi,Sitting,Sitting
2024-12-06 18:38:45.500000+00:00,combi,Sitting,Sitting
2024-12-06 18:39:45.500000+00:00,combi,Sitting,Sitting
2024-12-06 18:40:45.500000+00:00,combi,Sitting,Sitting
2024-12-06 18:41:45.500000+00:00,combi,Sitting,Sitting
2024-12-06 18:42:45.500000+00:00,combi,Sitting,Sitting
2024-12-06 18:43:45.500000+00:00,combi,Sitting,Sitting
2024-12-06 18:44:45.500000+00:00,combi,Sitting,Sitting
2024-12-06 18:45:45.500000+00:00,combi,Sitting,Sitting
2024-12-06 18:46:45.500000+00:00,combi,Sitting,Sitting
2024-12-06 18:47:45.500000+00:00,combi,Standing,Standing
2024-12-06 18:48:45.500000+00:00,combi,Sitting,Sitting
2024-12-06 18:49:45.500000+00:00,combi,Sitting,Sitting
2024-12-06 18:50:45.500000+00:00,combi,Sitting,Sitting
2024-12-06 18:51:45.500000+00:00,combi,Sitting,Sitting
2024-12-06 18:52:45.500000+00:00,combi,Sitting,Sitting
2024-12-06 18:53:45.500000+00:00,combi,Sitting,Sitting
2024-12-06 18:54:45.500000+00:00,combi,Sitting,Sitting
2024-12-06 18:55:45.500000+00:00,combi,Sitting,Sitting
2024-12-06 18:56:45.500000+00:00,combi,Sitting,Sitting
2024-12-06 18:57:45.500000+00:00,combi,Sitting,Sitting
2024-12-06 18:58:45.500000+00:00,combi,Sitting,Sitting
2024-12-06 18:59:45.500000+00:00,combi,Sitting,Sitting
2024-12-06 19:00:45.500000+00:00,combi,Sitting,Sitting
2024-12-06 19:01:45.500000+00:00,combi,Sitting,Sitting
2024-12-06 19:02:45.500000+00:00,combi,Standing,Standing
2024-12-06 19:03:45.500000+00:00,combi,Sitting,Sitting
2024-12-06 19:04:45.500000+00:00,combi,Sitting,Sitting
2024-12-06 19:05:45.500000+00:00,combi,Sitting,Sitting
2024-12-06 19:06:45.500000+00:00,combi,Sitting,Sitting
2024-12-06 19:07:45.500000+00:00,combi,Sitting,Sitting
2024-12-06 19:08:45.500000+00:00,combi,Sitting,Sitting
2024-12-06 19:09:45.500000+00:00,combi,Sitting,Sitting
2024-12-06 19:10:45.500000+00:00,combi,Sitting,Sitting
2024-12-06 19:11:45.500000+00:00,combi,Sitting,Sitting
2024-12-06 19:12:45.500000+00:00,combi,Sitting,Sitting
2024-12-06 19:13:45.500000+00:00,combi,Sitting,Sitting
2024-12-06 19:14:45.500000+00:00,combi,Sitting,Sitting
2024-12-06 19:15:45.500000+00:00,combi,Sitting,Sitting
2024-12-06 19:16:45.500000+00:00,combi,Sitting,Sitting
2024-12-06 19:17:45.500000+00:00,combi,Sitting,Sitting
2024-12-06 19:18:45.500000+00:00,combi,Standing,Dynamic
2024-12-06 19:19:45.500000+00:00,combi,Standing,Sitting
2024-12-06 19:20:45.500000+00:00,combi,Standing,Sitting
2024-12-06 19:21:45.500000+00:00,combi,Sitting,Sitting
2024-12-06 19:22:45.500000+00:00,combi,Sitting,Sitting
2024-12-06 19:23:45.500000+00:00,combi,Standing,Standing
2024-12-06 19:24:45.500000+00:00,combi,Sitting,Sitting
2024-12-06 19:25:45.500000+00:00,combi,Sitting,Sitting
2024-12-06 19:26:45.500000+00:00,combi,Sitting,Sitting
2024-12-06 19:27:45.500000+00:00,combi,Sitting,Sitting
2024-12-06 19:28:45.500000+00:00,combi,Sitting,Sitting
2024-12-06 19:29:45.500000+00:00,combi,Sitting,Sitting
2024-12-06 19:30:45.500000+00:00,combi,Sitting,Sitting
2024-12-06 19:31:45.500000+00:00,combi,Sitting,Sitting
2024-12-06 19:32:45.500000+00:00,combi,Sitting,Sitting
2024-12-06 19:33:45.500000+00:00,combi,Sitting,Sitting
2024-12-06 19:34:45.500000+00:00,combi,Sitting,Sitting
2024-12-06 19:35:45.500000+00:00,combi,Sitting,Sitting
2024-12-06 19:36:45.500000+00:00,combi,Sitting,Sitting
2024-12-06 19:37:45.500000+00:00,combi,Sitting,Sitting
2024-12-06 19:38:45.500000+00:00,combi,Sitting,Sitting
2024-12-06 19:39:45.500000+00:00,combi,Sitting,Sitting
2024-12-06 19:40:45.500000+00:00,combi,Sitting,Sitting
2024-12-06 19:41:45.500000+00:00,combi,Sitting,Sitting
2024-12-06 19:42:45.500000+00:00,combi,Sitting,Sitting
2024-12-06 19:43:45.500000+00:00,combi,Sitting,Sitting
2024-12-06 19:44:45.500000+00:00,combi,Sitting,Sitting
2024-12-06 19:45:45.500000+00:00,combi,Sitting,Sitting
2024-12-06 19:46:45.500000+00:00,combi,Sitting,Sitting
2024-12-06 19:47:45.500000+00:00,combi,Sitting,Sitting
2024-12-06 19:48:45.500000+00:00,combi,Standing,Dynamic
2024-12-06 19:49:45.500000+00:00,combi,Standing,Standing
2024-12-06 19:50:45.500000+00:00,combi,Standing,Standing
2024-12-06 19:51:45.500000+00:00,combi,Sitting,Sitting
2024-12-06 19:52:45.500000+00:00,combi,Standing,Dynamic
2024-12-06 19:53:45.500000+00:00,combi,Standing,Dynamic
2024-12-06 19:54:45.500000+00:00,combi,Sitting,Sitting
2024-12-06 19:55:45.500000+00:00,combi,Sitting,Sitting
2024-12-06 19:56:45.500000+00:00,combi,Sitting,Sitting
2024-12-06 19:57:45.500000+00:00,combi,Sitting,Sitting
2024-12-06 19:58:45.500000+00:00,combi,Sitting,Sitting
2024-12-06 19:59:45.500000+00:00,combi,Sitting,Sitting
2024-12-06 20:00:45.500000+00:00,combi,Sitting,Sitting
2024-12-06 20:01:45.500000+00:00,combi,Standing,Sitting
2024-12-06 20:02:45.500000+00:00,combi,Standing,Dynamic
2024-12-06 20:03:45.500000+00:00,combi,Sitting,Sitting
2024-12-06 20:04:45.500000+00:00,combi,Sitting,Sitting
2024-12-06 20:05:45.500000+00:00,combi,Sitting,Sitting
2024-12-06 20:06:45.500000+00:00,combi,Sitting,Sitting
2024-12-06 20:07:45.500000+00:00,combi,Sitting,Sitting
2024-12-06 20:08:45.500000+00:00,combi,Sitting,Sitting
2024-12-06 20:09:45.500000+00:00,combi,Sitting,Sitting
2024-12-06 20:10:45.500000+00:00,combi,Sitting,Sitting
2024-12-06 20:11:45.500000+00:00,combi,Sitting,Sitting
2024-12-06 20:12:45.500000+00:00,combi,Standing,Standing
2024-12-06 20:13:45.500000+00:00,combi,Sitting,Sitting
2024-12-06 20:14:45.500000+00:00,combi,Sitting,Sitting
2024-12-06 20:15:45.500000+00:00,combi,Sitting,Sitting
2024-12-06 20:16:45.500000+00:00,combi,Sitting,Sitting
2024-12-06 20:17:45.500000+00:00,combi,Sitting,Sitting
2024-12-06 20:18:45.500000+00:00,combi,Sitting,Sitting
2024-12-06 20:19:45.500000+00:00,combi,Standing,Standing
2024-12-06 20:20:45.500000+00:00,combi,Sitting,Sitting
2024-12-06 20:21:45.500000+00:00,combi,Sitting,Sitting
2024-12-06 20:22:45.500000+00:00,combi,Sitting,Sitting
2024-12-06 20:23:45.500000+00:00,combi,Sitting,Sitting
2024-12-06 20:24:45.500000+00:00,combi,Sitting,Sitting
2024-12-06 20:25:45.500000+00:00,combi,Sitting,Sitting
2024-12-06 20:26:45.500000+00:00,combi,Sitting,Sitting
2024-12-06 20:27:45.500000+00:00,combi,Sitting,Sitting
2024-12-06 20:28:45.500000+00:00,combi,Sitting,Sitting
2024-12-06 20:29:45.500000+00:00,combi,Sitting,Sitting
2024-12-06 20:30:45.500000+00:00,combi,Sitting,Sitting
2024-12-06 20:31:45.500000+00:00,combi,Sitting,Sitting
2024-12-06 20:32:45.500000+00:00,combi,Standing,Dynamic
2024-12-06 20:33:45.500000+00:00,combi,Standing,Standing
2024-12-06 20:34:45.500000+00:00,combi,Standing,Standing
2024-12-06 20:35:45.500000+00:00,combi,Sitting,Sitting
2024-12-06 20:36:45.500000+00:00,combi,Sitting,Sitting
2024-12-06 20:37:45.500000+00:00,combi,Sitting,Sitting
2024-12-06 20:38:45.500000+00:00,combi,Sitting,Sitting
2024-12-06 20:39:45.500000+00:00,combi,Standing,Standing
2024-12-06 20:40:45.500000+00:00,combi,Sitting,Sitting
2024-12-06 20:41:45.500000+00:00,combi,Sitting,Sitting
2024-12-06 20:42:45.500000+00:00,combi,Sitting,Sitting
2024-12-06 20:43:45.500000+00:00,combi,Sitting,Sitting
2024-12-06 20:44:45.500000+00:00,combi,Sitting,Sitting
2024-12-06 20:45:45.500000+00:00,combi,Sitting,Sitting
2024-12-06 20:46:45.500000+00:00,combi,Sitting,Sitting
2024-12-06 20:47:45.500000+00:00,combi,Sitting,Sitting
2024-12-06 20:48:45.500000+00:00,combi,Sitting,Sitting
2024-12-06 20:49:45.500000+00:00,combi,Sitting,Sitting
2024-12-06 20:50:45.500000+00:00,combi,Sitting,Sitting
2024-12-06 20:51:45.500000+00:00,combi,Sitting,Sitting
2024-12-06 20:52:45.500000+00:00,combi,Sitting,Sitting
2024-12-06 20:53:45.500000+00:00,combi,Sitting,Sitting
2024-12-06 20:54:45.500000+00:00,combi,Sitting,Sitting
2024-12-06 20:55:45.500000+00:00,combi,Sitting,Sitting
2024-12-06 20:56:45.500000+00:00,combi,Sitting,Sitting
2024-12-06 20:57:45.500000+00:00,combi,Sitting,Sitting
2024-12-06 20:58:45.500000+00:00,combi,Sitting,Sitting
2024-12-06 20:59:45.500000+00:00,combi,Sitting,Sitting
2024-12-06 21:00:45.500000+00:00,combi,Sitting,Sitting
2024-12-06 21:01:45.500000+00:00,combi,Sitting,Sitting
2024-12-06 21:02:45.500000+00:00,combi,Sitting,Sitting
2024-12-06 21:03:45.500000+00:00,combi,Sitting,Sitting
2024-12-06 21:04:45.500000+00:00,combi,Sitting,Sitting
2024-12-06 21:05:45.500000+00:00,combi,Sitting,Sitting
2024-12-06 21:06:45.500000+00:00,combi,Sitting,Sitting
2024-12-06 21:07:45.500000+00:00,combi,Sitting,Sitting
2024-12-06 21:08:45.500000+00:00,combi,Sitting,Sitting
2024-12-06 21:09:45.500000+00:00,combi,Sitting,Sitting
2024-12-06 21:10:45.500000+00:00,combi,Sitting,Sitting
2024-12-06 21:11:45.500000+00:00,combi,Sitting,Sitting
2024-12-06 21:12:45.500000+00:00,combi,Sitting,Sitting
2024-12-06 21:13:45.500000+00:00,combi,Sitting,Sitting
2024-12-06 21:14:45.500000+00:00,combi,Sitting,Sitting
2024-12-06 21:15:45.500000+00:00,combi,Sitting,Sitting
2024-12-06 21:16:45.500000+00:00,combi,Sitting,Sitting
2024-12-06 21:17:45.500000+00:00,combi,Sitting,Sitting
2024-12-06 21:18:45.500000+00:00,combi,Sitting,Sitting
2024-12-06 21:19:45.500000+00:00,combi,Sitting,Sitting
2024-12-06 21:20:45.500000+00:00,combi,Sitting,Sitting
2024-12-06 21:21:45.500000+00:00,combi,Sitting,Sitting
2024-12-06 21:22:45.500000+00:00,combi,Sitting,Sitting
2024-12-06 21:23:45.500000+00:00,combi,Sitting,Sitting
2024-12-06 21:24:45.500000+00:00,combi,Sitting,Sitting
2024-12-06 21:25:45.500000+00:00,combi,Sitting,Sitting
2024-12-06 21:26:45.500000+00:00,combi,Sitting,Sitting
2024-12-06 21:27:45.500000+00:00,combi,Sitting,Sitting
2024-12-06 21:28:45.500000+00:00,combi,Sitting,Sitting
2024-12-06 21:29:45.500000+00:00,combi,Sitting,Sitting
2024-12-06 21:30:45.500000+00:00,combi,Sitting,Sitting
2024-12-06 21:31:45.500000+00:00,combi,Sitting,Sitting
2024-12-06 21:32:45.500000+00:00,combi,Sitting,Sitting
2024-12-06 21:33:45.500000+00:00,combi,Sitting,Sitting
2024-12-06 21:34:45.500000+00:00,combi,Sitting,Sitting
2024-12-06 21:35:45.500000+00:00,combi,Sitting,Dynamic
2024-12-06 21:36:45.500000+00:00,combi,Sitting,Sitting
2024-12-06 21:37:45.500000+00:00,combi,Sitting,Sitting
2024-12-06 21:38:45.500000+00:00,combi,Sitting,Sitting
2024-12-06 21:39:45.500000+00:00,combi,Sitting,Sitting
2024-12-06 21:40:45.500000+00:00,combi,Sitting,Standing
2024-12-06 21:41:45.500000+00:00,combi,Standing,Standing
2024-12-06 21:42:45.500000+00:00,combi,Standing,Standing
2024-12-06 21:43:45.500000+00:00,combi,Standing,Standing
2024-12-06 21:44:45.500000+00:00,combi,Sitting,Dynamic
2024-12-06 21:45:45.500000+00:00,combi,Standing,Dynamic
2024-12-06 21:46:45.500000+00:00,combi,Standing,Dynamic
2024-12-06 21:47:45.500000+00:00,combi,Standing,Sitting
2024-12-06 21:48:45.500000+00:00,combi,Sitting,Sitting
2024-12-06 21:49:45.500000+00:00,combi,Sitting,Sitting
2024-12-06 21:50:45.500000+00:00,combi,Sitting,Sitting
2024-12-06 21:51:45.500000+00:00,combi,Sitting,Sitting
2024-12-06 21:52:45.500000+00:00,combi,Sitting,Sitting
2024-12-06 21:53:45.500000+00:00,combi,Sitting,Sitting
2024-12-06 21:54:45.500000+00:00,combi,Standing,Dynamic
2024-12-06 21:55:45.500000+00:00,combi,Standing,Dynamic
2024-12-06 21:56:45.500000+00:00,combi,Standing,Dynamic
2024-12-06 21:57:45.500000+00:00,combi,Standing,Dynamic
2024-12-06 21:58:45.500000+00:00,combi,Sitting,Dynamic
2024-12-06 21:59:45.500000+00:00,combi,Sitting,Sitting
2024-12-06 22:00:45.500000+00:00,combi,Sitting,Sitting
2024-12-06 22:01:45.500000+00:00,combi,Sitting,Sitting
2024-12-06 22:02:45.500000+00:00,combi,Sitting,Sitting
2024-12-06 22:03:45.500000+00:00,combi,Sitting,Sitting
2024-12-06 22:04:45.500000+00:00,combi,Sitting,Sitting
2024-12-06 22:05:45.500000+00:00,combi,Sitting,Sitting
2024-12-06 22:06:45.500000+00:00,combi,Sitting,Sitting
2024-12-06 22:07:45.500000+00:00,combi,Sitting,Sitting
2024-12-06 22:08:45.500000+00:00,combi,Sitting,Sitting
2024-12-06 22:09:45.500000+00:00,combi,Sitting,Sitting
2024-12-06 22:10:45.500000+00:00,combi,Sitting,Sitting
2024-12-06 22:11:45.500000+00:00,combi,Sitting,Sitting
2024-12-06 22:12:45.500000+00:00,combi,Sitting,Sitting
2024-12-06 22:13:45.500000+00:00,combi,Sitting,Sitting
2024-12-06 22:14:45.500000+00:00,combi,Standing,Sitting
2024-12-06 22:15:45.500000+00:00,combi,Sitting,Sitting
2024-12-06 22:16:45.500000+00:00,combi,Sitting,Sitting
2024-12-06 22:17:45.500000+00:00,combi,Sitting,Sitting
2024-12-06 22:18:45.500000+00:00,combi,Sitting,Sitting
2024-12-06 22:19:45.500000+00:00,combi,Sitting,Sitting
2024-12-06 22:20:45.500000+00:00,combi,Sitting,Sitting
2024-12-06 22:21:45.500000+00:00,combi,Standing,Sitting
2024-12-06 22:22:45.500000+00:00,combi,Sitting,Sitting
2024-12-06 22:23:45.500000+00:00,combi,Sitting,Sitting
2024-12-06 22:24:45.500000+00:00,combi,Sitting,Sitting
2024-12-06 22:25:45.500000+00:00,combi,Sitting,Sitting
2024-12-06 22:26:45.500000+00:00,combi,Sitting,Sitting
2024-12-06 22:27:45.500000+00:00,combi,Sitting,Sitting
2024-12-06 22:28:45.500000+00:00,combi,Sitting,Sitting
2024-12-06 22:29:45.500000+00:00,combi,Sitting,Sitting
2024-12-06 22:30:45.500000+00:00,combi,Sitting,Sitting
2024-12-06 22:31:45.500000+00:00,combi,Sitting,Sitting
2024-12-06 22:32:45.500000+00:00,combi,Sitting,Sitting
2024-12-06 22:33:45.500000+00:00,combi,Standing,Sitting
2024-12-06 22:34:45.500000+00:00,combi,Standing,Sitting
2024-12-06 22:35:45.500000+00:00,combi,Standing,Standing
2024-12-06 22:36:45.500000+00:00,combi,Standing,Standing
2024-12-06 22:37:45.500000+00:00,combi,Standing,Standing
2024-12-06 22:38:45.500000+00:00,combi,Sitting,Sitting
2024-12-06 22:39:45.500000+00:00,combi,Standing,Standing
2024-12-06 22:40:45.500000+00:00,combi,Sitting,Sitting
2024-12-06 22:41:45.500000+00:00,combi,Standing,Sitting
2024-12-06 22:42:45.500000+00:00,combi,Sitting,Sitting
2024-12-06 22:43:45.500000+00:00,combi,Sitting,Sitting
2024-12-06 22:44:45.500000+00:00,combi,Sitting,Sitting
2024-12-06 22:45:45.500000+00:00,combi,Standing,Sitting
2024-12-06 22:46:45.500000+00:00,combi,Sitting,Sitting
2024-12-06 22:47:45.500000+00:00,combi,Standing,Standing
2024-12-06 22:48:45.500000+00:00,combi,Sitting,Sitting
