Time,Participant,Majority_postures,Majority_including_dynamic
2024-09-11 10:31:02.500000+00:00,combi,Sitting,Sitting
2024-09-11 10:32:02.500000+00:00,combi,Standing,Dynamic
2024-09-11 10:33:02.500000+00:00,combi,Sitting,Sitting
2024-09-11 10:34:02.500000+00:00,combi,Standing,Standing
2024-09-11 10:35:02.500000+00:00,combi,Standing,Standing
2024-09-11 10:36:02.500000+00:00,combi,Standing,Standing
2024-09-11 10:37:02.500000+00:00,combi,Standing,Standing
2024-09-11 10:38:02.500000+00:00,combi,Standing,Standing
2024-09-11 10:39:02.500000+00:00,combi,Standing,Dynamic
2024-09-11 10:40:02.500000+00:00,combi,Standing,Dynamic
2024-09-11 10:41:02.500000+00:00,combi,Standing,Dynamic
2024-09-11 10:42:02.500000+00:00,combi,Standing,Standing
2024-09-11 10:43:02.500000+00:00,combi,Sitting,Sitting
2024-09-11 10:44:02.500000+00:00,combi,Standing,Standing
2024-09-11 10:45:02.500000+00:00,combi,Standing,Standing
2024-09-11 10:46:02.500000+00:00,combi,Standing,Dynamic
2024-09-11 10:47:02.500000+00:00,combi,Lying,Lying
2024-09-11 10:48:02.500000+00:00,combi,Lying,Lying
2024-09-11 10:49:02.500000+00:00,combi,Lying,Lying
2024-09-11 10:50:02.500000+00:00,combi,Lying,Lying
2024-09-11 10:51:02.500000+00:00,combi,Sitting,Sitting
2024-09-11 10:52:02.500000+00:00,combi,Sitting,Sitting
2024-09-11 10:53:02.500000+00:00,combi,Sitting,Sitting
2024-09-11 10:54:02.500000+00:00,combi,Sitting,Sitting
2024-09-11 10:55:02.500000+00:00,combi,Standing,Standing
2024-09-11 10:56:02.500000+00:00,combi,Standing,Standing
2024-09-11 10:57:02.500000+00:00,combi,Standing,Standing
2024-09-11 10:58:02.500000+00:00,combi,Standing,Standing
2024-09-11 10:59:02.500000+00:00,combi,Standing,Standing
2024-09-11 11:00:02.500000+00:00,combi,Standing,Standing
2024-09-11 11:01:02.500000+00:00,combi,Lying,Lying
2024-09-11 11:02:02.500000+00:00,combi,Lying,Lying
2024-09-11 11:03:02.500000+00:00,combi,Lying,Lying
2024-09-11 11:04:02.500000+00:00,combi,Lying,Lying
2024-09-11 11:05:02.500000+00:00,combi,Lying,Lying
2024-09-11 11:06:02.500000+00:00,combi,Lying,Lying
2024-09-11 11:07:02.500000+00:00,combi,Lying,Lying
2024-09-11 11:08:02.500000+00:00,combi,Lying,Lying
2024-09-11 11:09:02.500000+00:00,combi,Lying,Lying
2024-09-11 11:10:02.500000+00:00,combi,Standing,Standing
2024-09-11 11:11:02.500000+00:00,combi,Standing,Standing
2024-09-11 11:12:02.500000+00:00,combi,Standing,Standing
2024-09-11 11:13:02.500000+00:00,combi,Standing,Standing
2024-09-11 11:14:02.500000+00:00,combi,Sitting,Sitting
2024-09-11 11:15:02.500000+00:00,combi,Sitting,Sitting
2024-09-11 11:16:02.500000+00:00,combi,Standing,Dynamic
2024-09-11 11:17:02.500000+00:00,combi,Sitting,Sitting
2024-09-11 11:18:02.500000+00:00,combi,Sitting,Sitting
2024-09-11 11:19:02.500000+00:00,combi,Standing,Sitting
2024-09-11 11:20:02.500000+00:00,combi,Standing,Standing
2024-09-11 11:21:02.500000+00:00,combi,Standing,Standing
2024-09-11 11:22:02.500000+00:00,combi,Standing,Standing
2024-09-11 11:23:02.500000+00:00,combi,Standing,Standing
2024-09-11 11:24:02.500000+00:00,combi,Standing,Standing
2024-09-11 11:25:02.500000+00:00,combi,Standing,Standing
2024-09-11 11:26:02.500000+00:00,combi,Standing,Standing
2024-09-11 11:27:02.500000+00:00,combi,Standing,Standing
2024-09-11 11:28:02.500000+00:00,combi,Standing,Standing
2024-09-11 11:29:02.500000+00:00,combi,Sitting,Sitting
2024-09-11 11:30:02.500000+00:00,combi,Sitting,Sitting
2024-09-11 11:31:02.500000+00:00,combi,Sitting,Sitting
2024-09-11 11:32:02.500000+00:00,combi,Sitting,Sitting
2024-09-11 11:33:02.500000+00:00,combi,Sitting,Sitting
2024-09-11 11:34:02.500000+00:00,combi,Sitting,Sitting
2024-09-11 11:35:02.500000+00:00,combi,Sitting,Sitting
2024-09-11 11:36:02.500000+00:00,combi,Sitting,Sitting
2024-09-11 11:37:02.500000+00:00,combi,Sitting,Sitting
2024-09-11 11:38:02.500000+00:00,combi,Sitting,Sitting
2024-09-11 11:39:02.500000+00:00,combi,Sitting,Sitting
2024-09-11 11:40:02.500000+00:00,combi,Sitting,Sitting
2024-09-11 11:41:02.500000+00:00,combi,Sitting,Sitting
2024-09-11 11:42:02.500000+00:00,combi,Sitting,Sitting
2024-09-11 11:43:02.500000+00:00,combi,Sitting,Sitting
2024-09-11 11:44:02.500000+00:00,combi,Sitting,Sitting
2024-09-11 11:45:02.500000+00:00,combi,Sitting,Sitting
2024-09-11 11:46:02.500000+00:00,combi,Sitting,Sitting
2024-09-11 11:47:02.500000+00:00,combi,Sitting,Sitting
2024-09-11 11:48:02.500000+00:00,combi,Sitting,Sitting
2024-09-11 11:49:02.500000+00:00,combi,Sitting,Sitting
2024-09-11 11:50:02.500000+00:00,combi,Sitting,Sitting
2024-09-11 11:51:02.500000+00:00,combi,Sitting,Sitting
2024-09-11 11:52:02.500000+00:00,combi,Sitting,Sitting
2024-09-11 11:53:02.500000+00:00,combi,Sitting,Sitting
2024-09-11 11:54:02.500000+00:00,combi,Sitting,Sitting
2024-09-11 11:55:02.500000+00:00,combi,Sitting,Sitting
2024-09-11 11:56:02.500000+00:00,combi,Standing,Standing
2024-09-11 11:57:02.500000+00:00,combi,Standing,Standing
2024-09-11 11:58:02.500000+00:00,combi,Standing,Standing
2024-09-11 11:59:02.500000+00:00,combi,Standing,Standing
2024-09-11 12:00:02.500000+00:00,combi,Standing,Standing
2024-09-11 12:01:02.500000+00:00,combi,Standing,Standing
2024-09-11 12:02:02.500000+00:00,combi,Standing,Standing
2024-09-11 12:03:02.500000+00:00,combi,Standing,Standing
2024-09-11 12:04:02.500000+00:00,combi,Standing,Standing
2024-09-11 12:05:02.500000+00:00,combi,Standing,Standing
2024-09-11 12:06:02.500000+00:00,combi,Standing,Standing
2024-09-11 12:07:02.500000+00:00,combi,Standing,Dynamic
2024-09-11 12:08:02.500000+00:00,combi,Standing,Dynamic
2024-09-11 12:09:02.500000+00:00,combi,Standing,Dynamic
2024-09-11 12:10:02.500000+00:00,combi,Standing,Dynamic
2024-09-11 12:11:02.500000+00:00,combi,Sitting,Dynamic
2024-09-11 12:12:02.500000+00:00,combi,Sitting,Sitting
2024-09-11 12:13:02.500000+00:00,combi,Sitting,Sitting
2024-09-11 12:14:02.500000+00:00,combi,Standing,Standing
2024-09-11 12:15:02.500000+00:00,combi,Sitting,Sitting
2024-09-11 12:16:02.500000+00:00,combi,Sitting,Sitting
2024-09-11 12:17:02.500000+00:00,combi,Sitting,Sitting
2024-09-11 12:18:02.500000+00:00,combi,Sitting,Sitting
2024-09-11 12:19:02.500000+00:00,combi,Sitting,Sitting
2024-09-11 12:20:02.500000+00:00,combi,Sitting,Sitting
2024-09-11 12:21:02.500000+00:00,combi,Sitting,Sitting
2024-09-11 12:22:02.500000+00:00,combi,Sitting,Sitting
2024-09-11 12:23:02.500000+00:00,combi,Sitting,Sitting
2024-09-11 12:24:02.500000+00:00,combi,Sitting,Sitting
2024-09-11 12:25:02.500000+00:00,combi,Sitting,Sitting
2024-09-11 12:26:02.500000+00:00,combi,Standing,Sitting
2024-09-11 12:27:02.500000+00:00,combi,Sitting,Sitting
2024-09-11 12:28:02.500000+00:00,combi,Sitting,Sitting
2024-09-11 12:29:02.500000+00:00,combi,Sitting,Sitting
2024-09-11 12:30:02.500000+00:00,combi,Sitting,Sitting
2024-09-11 12:31:02.500000+00:00,combi,Sitting,Sitting
2024-09-11 12:32:02.500000+00:00,combi,Sitting,Sitting
2024-09-11 12:33:02.500000+00:00,combi,Sitting,Sitting
2024-09-11 12:34:02.500000+00:00,combi,Sitting,Sitting
2024-09-11 12:35:02.500000+00:00,combi,Sitting,Sitting
2024-09-11 12:36:02.500000+00:00,combi,Sitting,Sitting
2024-09-11 12:37:02.500000+00:00,combi,Sitting,Sitting
2024-09-11 12:38:02.500000+00:00,combi,Sitting,Sitting
2024-09-11 12:39:02.500000+00:00,combi,Sitting,Sitting
2024-09-11 12:40:02.500000+00:00,combi,Sitting,Sitting
2024-09-11 12:41:02.500000+00:00,combi,Sitting,Sitting
2024-09-11 12:42:02.500000+00:00,combi,Sitting,Sitting
2024-09-11 12:43:02.500000+00:00,combi,Sitting,Sitting
2024-09-11 12:44:02.500000+00:00,combi,Sitting,Sitting
2024-09-11 12:45:02.500000+00:00,combi,Sitting,Sitting
2024-09-11 12:46:02.500000+00:00,combi,Sitting,Sitting
2024-09-11 12:47:02.500000+00:00,combi,Sitting,Sitting
2024-09-11 12:48:02.500000+00:00,combi,Sitting,Sitting
2024-09-11 12:49:02.500000+00:00,combi,Standing,Dynamic
2024-09-11 12:50:02.500000+00:00,combi,Standing,Dynamic
2024-09-11 12:51:02.500000+00:00,combi,Sitting,Sitting
2024-09-11 12:52:02.500000+00:00,combi,Standing,Dynamic
2024-09-11 12:53:02.500000+00:00,combi,Standing,Dynamic
2024-09-11 12:54:02.500000+00:00,combi,Sitting,Sitting
2024-09-11 12:55:02.500000+00:00,combi,Standing,Standing
2024-09-11 12:56:02.500000+00:00,combi,Sitting,Sitting
2024-09-11 12:57:02.500000+00:00,combi,Sitting,Sitting
2024-09-11 12:58:02.500000+00:00,combi,Sitting,Sitting
2024-09-11 12:59:02.500000+00:00,combi,Sitting,Sitting
2024-09-11 13:00:02.500000+00:00,combi,Sitting,Sitting
2024-09-11 13:01:02.500000+00:00,combi,Sitting,Sitting
2024-09-11 13:02:02.500000+00:00,combi,Sitting,Sitting
2024-09-11 13:03:02.500000+00:00,combi,Sitting,Sitting
2024-09-11 13:04:02.500000+00:00,combi,Sitting,Sitting
2024-09-11 13:05:02.500000+00:00,combi,Standing,Standing
2024-09-11 13:06:02.500000+00:00,combi,Standing,Standing
2024-09-11 13:07:02.500000+00:00,combi,Sitting,Sitting
2024-09-11 13:08:02.500000+00:00,combi,Sitting,Sitting
2024-09-11 13:09:02.500000+00:00,combi,Standing,Dynamic
2024-09-11 13:10:02.500000+00:00,combi,Standing,Sitting
2024-09-11 13:11:02.500000+00:00,combi,Sitting,Sitting
2024-09-11 13:12:02.500000+00:00,combi,Sitting,Sitting
2024-09-11 13:13:02.500000+00:00,combi,Standing,Standing
2024-09-11 13:14:02.500000+00:00,combi,Sitting,Sitting
2024-09-11 13:15:02.500000+00:00,combi,Sitting,Sitting
2024-09-11 13:16:02.500000+00:00,combi,Sitting,Sitting
2024-09-11 13:17:02.500000+00:00,combi,Standing,Standing
2024-09-11 13:18:02.500000+00:00,combi,Sitting,Sitting
2024-09-11 13:19:02.500000+00:00,combi,Standing,Standing
2024-09-11 13:20:02.500000+00:00,combi,Standing,Standing
2024-09-11 13:21:02.500000+00:00,combi,Standing,Standing
2024-09-11 13:22:02.500000+00:00,combi,Standing,Sitting
2024-09-11 13:23:02.500000+00:00,combi,Standing,Standing
2024-09-11 13:24:02.500000+00:00,combi,Sitting,Sitting
2024-09-11 13:25:02.500000+00:00,combi,Standing,Standing
2024-09-11 13:26:02.500000+00:00,combi,Sitting,Sitting
2024-09-11 13:27:02.500000+00:00,combi,Sitting,Sitting
2024-09-11 13:28:02.500000+00:00,combi,Standing,Standing
2024-09-11 13:29:02.500000+00:00,combi,Standing,Standing
2024-09-11 13:30:02.500000+00:00,combi,Standing,Sitting
2024-09-11 13:31:02.500000+00:00,combi,Sitting,Sitting
2024-09-11 13:32:02.500000+00:00,combi,Sitting,Sitting
2024-09-11 13:33:02.500000+00:00,combi,Standing,Standing
2024-09-11 13:34:02.500000+00:00,combi,Sitting,Sitting
2024-09-11 13:35:02.500000+00:00,combi,Sitting,Sitting
2024-09-11 13:36:02.500000+00:00,combi,Standing,Standing
2024-09-11 13:37:02.500000+00:00,combi,Standing,Standing
2024-09-11 13:38:02.500000+00:00,combi,Sitting,Sitting
2024-09-11 13:39:02.500000+00:00,combi,Standing,Standing
2024-09-11 13:40:02.500000+00:00,combi,Standing,Standing
2024-09-11 13:41:02.500000+00:00,combi,Sitting,Sitting
2024-09-11 13:42:02.500000+00:00,combi,Sitting,Sitting
2024-09-11 13:43:02.500000+00:00,combi,Sitting,Sitting
2024-09-11 13:44:02.500000+00:00,combi,Sitting,Sitting
2024-09-11 13:45:02.500000+00:00,combi,Sitting,Sitting
2024-09-11 13:46:02.500000+00:00,combi,Sitting,Sitting
2024-09-11 13:47:02.500000+00:00,combi,Sitting,Sitting
2024-09-11 13:48:02.500000+00:00,combi,Sitting,Sitting
2024-09-11 13:49:02.500000+00:00,combi,Sitting,Sitting
2024-09-11 13:50:02.500000+00:00,combi,Sitting,Sitting
2024-09-11 13:51:02.500000+00:00,combi,Sitting,Sitting
2024-09-11 13:52:02.500000+00:00,combi,Sitting,Sitting
2024-09-11 13:53:02.500000+00:00,combi,Sitting,Sitting
2024-09-11 13:54:02.500000+00:00,combi,Sitting,Sitting
2024-09-11 13:55:02.500000+00:00,combi,Sitting,Sitting
2024-09-11 13:56:02.500000+00:00,combi,Sitting,Sitting
2024-09-11 13:57:02.500000+00:00,combi,Sitting,Sitting
2024-09-11 13:58:02.500000+00:00,combi,Sitting,Sitting
2024-09-11 13:59:02.500000+00:00,combi,Sitting,Sitting
2024-09-11 14:00:02.500000+00:00,combi,Sitting,Sitting
2024-09-11 14:01:02.500000+00:00,combi,Sitting,Sitting
2024-09-11 14:02:02.500000+00:00,combi,Sitting,Sitting
2024-09-11 14:03:02.500000+00:00,combi,Sitting,Sitting
2024-09-11 14:04:02.500000+00:00,combi,Sitting,Sitting
2024-09-11 14:05:02.500000+00:00,combi,Sitting,Sitting
2024-09-11 14:06:02.500000+00:00,combi,Sitting,Sitting
2024-09-11 14:07:02.500000+00:00,combi,Sitting,Sitting
2024-09-11 14:08:02.500000+00:00,combi,Standing,Standing
2024-09-11 14:09:02.500000+00:00,combi,Sitting,Sitting
2024-09-11 14:10:02.500000+00:00,combi,Sitting,Sitting
2024-09-11 14:11:02.500000+00:00,combi,Sitting,Sitting
2024-09-11 14:12:02.500000+00:00,combi,Sitting,Sitting
2024-09-11 14:13:02.500000+00:00,combi,Sitting,Sitting
2024-09-11 14:14:02.500000+00:00,combi,Sitting,Sitting
2024-09-11 14:15:02.500000+00:00,combi,Sitting,Sitting
2024-09-11 14:16:02.500000+00:00,combi,Sitting,Sitting
2024-09-11 14:17:02.500000+00:00,combi,Standing,Sitting
2024-09-11 14:18:02.500000+00:00,combi,Sitting,Sitting
2024-09-11 14:19:02.500000+00:00,combi,Sitting,Sitting
2024-09-11 14:20:02.500000+00:00,combi,Sitting,Sitting
2024-09-11 14:21:02.500000+00:00,combi,Sitting,Sitting
2024-09-11 14:22:02.500000+00:00,combi,Sitting,Sitting
2024-09-11 14:23:02.500000+00:00,combi,Sitting,Sitting
2024-09-11 14:24:02.500000+00:00,combi,Sitting,Sitting
2024-09-11 14:25:02.500000+00:00,combi,Sitting,Sitting
2024-09-11 14:26:02.500000+00:00,combi,Sitting,Sitting
2024-09-11 14:27:02.500000+00:00,combi,Sitting,Sitting
2024-09-11 14:28:02.500000+00:00,combi,Sitting,Sitting
2024-09-11 14:29:02.500000+00:00,combi,Sitting,Sitting
2024-09-11 14:30:02.500000+00:00,combi,Sitting,Sitting
2024-09-11 14:31:02.500000+00:00,combi,Sitting,Sitting
2024-09-11 14:32:02.500000+00:00,combi,Sitting,Sitting
2024-09-11 14:33:02.500000+00:00,combi,Sitting,Sitting
2024-09-11 14:34:02.500000+00:00,combi,Standing,Standing
2024-09-11 14:35:02.500000+00:00,combi,Sitting,Sitting
2024-09-11 14:36:02.500000+00:00,combi,Sitting,Sitting
2024-09-11 14:37:02.500000+00:00,combi,Sitting,Sitting
2024-09-11 14:38:02.500000+00:00,combi,Sitting,Sitting
2024-09-11 14:39:02.500000+00:00,combi,Sitting,Sitting
2024-09-11 14:40:02.500000+00:00,combi,Sitting,Sitting
2024-09-11 14:41:02.500000+00:00,combi,Sitting,Sitting
2024-09-11 14:42:02.500000+00:00,combi,Standing,Standing
2024-09-11 14:43:02.500000+00:00,combi,Sitting,Sitting
2024-09-11 14:44:02.500000+00:00,combi,Sitting,Sitting
2024-09-11 14:45:02.500000+00:00,combi,Sitting,Sitting
2024-09-11 14:46:02.500000+00:00,combi,Standing,Sitting
2024-09-11 14:47:02.500000+00:00,combi,Sitting,Sitting
2024-09-11 14:48:02.500000+00:00,combi,Sitting,Sitting
2024-09-11 14:49:02.500000+00:00,combi,Sitting,Sitting
2024-09-11 14:50:02.500000+00:00,combi,Sitting,Sitting
2024-09-11 14:51:02.500000+00:00,combi,Sitting,Sitting
2024-09-11 14:52:02.500000+00:00,combi,Sitting,Sitting
2024-09-11 14:53:02.500000+00:00,combi,Sitting,Sitting
2024-09-11 14:54:02.500000+00:00,combi,Sitting,Sitting
2024-09-11 14:55:02.500000+00:00,combi,Sitting,Sitting
2024-09-11 14:56:02.500000+00:00,combi,Sitting,Sitting
2024-09-11 14:57:02.500000+00:00,combi,Sitting,Sitting
2024-09-11 14:58:02.500000+00:00,combi,Sitting,Sitting
2024-09-11 14:59:02.500000+00:00,combi,Sitting,Sitting
2024-09-11 15:00:02.500000+00:00,combi,Sitting,Sitting
2024-09-11 15:01:02.500000+00:00,combi,Sitting,Sitting
2024-09-11 15:02:02.500000+00:00,combi,Sitting,Sitting
2024-09-11 15:03:02.500000+00:00,combi,Sitting,Sitting
2024-09-11 15:04:02.500000+00:00,combi,Sitting,Sitting
2024-09-11 15:05:02.500000+00:00,combi,Standing,Standing
2024-09-11 15:06:02.500000+00:00,combi,Sitting,Sitting
2024-09-11 15:07:02.500000+00:00,combi,Sitting,Sitting
2024-09-11 15:08:02.500000+00:00,combi,Sitting,Sitting
2024-09-11 15:09:02.500000+00:00,combi,Sitting,Sitting
2024-09-11 15:10:02.500000+00:00,combi,Sitting,Sitting
2024-09-11 15:11:02.500000+00:00,combi,Sitting,Sitting
2024-09-11 15:12:02.500000+00:00,combi,Sitting,Sitting
2024-09-11 15:13:02.500000+00:00,combi,Sitting,Sitting
2024-09-11 15:14:02.500000+00:00,combi,Sitting,Sitting
2024-09-11 15:15:02.500000+00:00,combi,Sitting,Sitting
2024-09-11 15:16:02.500000+00:00,combi,Sitting,Sitting
2024-09-11 15:17:02.500000+00:00,combi,Sitting,Sitting
2024-09-11 15:18:02.500000+00:00,combi,Sitting,Sitting
2024-09-11 15:19:02.500000+00:00,combi,Sitting,Sitting
2024-09-11 15:20:02.500000+00:00,combi,Sitting,Sitting
2024-09-11 15:21:02.500000+00:00,combi,Sitting,Sitting
2024-09-11 15:22:02.500000+00:00,combi,Sitting,Sitting
2024-09-11 15:23:02.500000+00:00,combi,Sitting,Sitting
2024-09-11 15:24:02.500000+00:00,combi,Sitting,Sitting
2024-09-11 15:25:02.500000+00:00,combi,Sitting,Sitting
2024-09-11 15:26:02.500000+00:00,combi,Sitting,Sitting
2024-09-11 15:27:02.500000+00:00,combi,Sitting,Sitting
2024-09-11 15:28:02.500000+00:00,combi,Sitting,Sitting
2024-09-11 15:29:02.500000+00:00,combi,Sitting,Sitting
2024-09-11 15:30:02.500000+00:00,combi,Sitting,Sitting
2024-09-11 15:31:02.500000+00:00,combi,Sitting,Sitting
2024-09-11 15:32:02.500000+00:00,combi,Sitting,Sitting
2024-09-11 15:33:02.500000+00:00,combi,Standing,Standing
2024-09-11 15:34:02.500000+00:00,combi,Sitting,Sitting
2024-09-11 15:35:02.500000+00:00,combi,Sitting,Sitting
2024-09-11 15:36:02.500000+00:00,combi,Standing,Standing
2024-09-11 15:37:02.500000+00:00,combi,Standing,Dynamic
2024-09-11 15:38:02.500000+00:00,combi,Standing,Dynamic
2024-09-11 15:39:02.500000+00:00,combi,Standing,Standing
2024-09-11 15:40:02.500000+00:00,combi,Sitting,Sitting
2024-09-11 15:41:02.500000+00:00,combi,Sitting,Sitting
2024-09-11 15:42:02.500000+00:00,combi,Sitting,Sitting
2024-09-11 15:43:02.500000+00:00,combi,Sitting,Sitting
2024-09-11 15:44:02.500000+00:00,combi,Sitting,Sitting
2024-09-11 15:45:02.500000+00:00,combi,Standing,Standing
2024-09-11 15:46:02.500000+00:00,combi,Sitting,Sitting
2024-09-11 15:47:02.500000+00:00,combi,Sitting,Sitting
2024-09-11 15:48:02.500000+00:00,combi,Sitting,Sitting
2024-09-11 15:49:02.500000+00:00,combi,Sitting,Sitting
2024-09-11 15:50:02.500000+00:00,combi,Standing,Standing
2024-09-11 15:51:02.500000+00:00,combi,Sitting,Sitting
2024-09-11 15:52:02.500000+00:00,combi,Sitting,Sitting
2024-09-11 15:53:02.500000+00:00,combi,Sitting,Sitting
2024-09-11 15:54:02.500000+00:00,combi,Sitting,Sitting
2024-09-11 15:55:02.500000+00:00,combi,Sitting,Sitting
2024-09-11 15:56:02.500000+00:00,combi,Standing,Standing
2024-09-11 15:57:02.500000+00:00,combi,Sitting,Sitting
2024-09-11 15:58:02.500000+00:00,combi,Sitting,Sitting
2024-09-11 15:59:02.500000+00:00,combi,Sitting,Sitting
2024-09-11 16:00:02.500000+00:00,combi,Standing,Dynamic
2024-09-11 16:01:02.500000+00:00,combi,Standing,Dynamic
2024-09-11 16:02:02.500000+00:00,combi,Standing,Dynamic
2024-09-11 16:03:02.500000+00:00,combi,Sitting,Sitting
2024-09-11 16:04:02.500000+00:00,combi,Standing,Standing
2024-09-11 16:05:02.500000+00:00,combi,Sitting,Sitting
2024-09-11 16:06:02.500000+00:00,combi,Sitting,Sitting
2024-09-11 16:07:02.500000+00:00,combi,Sitting,Sitting
2024-09-11 16:08:02.500000+00:00,combi,Sitting,Sitting
2024-09-11 16:09:02.500000+00:00,combi,Sitting,Sitting
2024-09-11 16:10:02.500000+00:00,combi,Sitting,Sitting
2024-09-11 16:11:02.500000+00:00,combi,Sitting,Sitting
2024-09-11 16:12:02.500000+00:00,combi,Sitting,Sitting
2024-09-11 16:13:02.500000+00:00,combi,Sitting,Sitting
2024-09-11 16:14:02.500000+00:00,combi,Sitting,Sitting
2024-09-11 16:15:02.500000+00:00,combi,Sitting,Sitting
2024-09-11 16:16:02.500000+00:00,combi,Sitting,Sitting
2024-09-11 16:17:02.500000+00:00,combi,Sitting,Sitting
2024-09-11 16:18:02.500000+00:00,combi,Sitting,Sitting
2024-09-11 16:19:02.500000+00:00,combi,Sitting,Sitting
2024-09-11 16:20:02.500000+00:00,combi,Sitting,Sitting
2024-09-11 16:21:02.500000+00:00,combi,Sitting,Sitting
2024-09-11 16:22:02.500000+00:00,combi,Sitting,Sitting
2024-09-11 16:23:02.500000+00:00,combi,Sitting,Sitting
2024-09-11 16:24:02.500000+00:00,combi,Sitting,Sitting
2024-09-11 16:25:02.500000+00:00,combi,Sitting,Sitting
2024-09-11 16:26:02.500000+00:00,combi,Standing,Standing
2024-09-11 16:27:02.500000+00:00,combi,Sitting,Sitting
2024-09-11 16:28:02.500000+00:00,combi,Sitting,Sitting
2024-09-11 16:29:02.500000+00:00,combi,Sitting,Sitting
2024-09-11 16:30:02.500000+00:00,combi,Sitting,Sitting
2024-09-11 16:31:02.500000+00:00,combi,Sitting,Sitting
2024-09-11 16:32:02.500000+00:00,combi,Sitting,Sitting
2024-09-11 16:33:02.500000+00:00,combi,Sitting,Sitting
2024-09-11 16:34:02.500000+00:00,combi,Sitting,Sitting
2024-09-11 16:35:02.500000+00:00,combi,Sitting,Sitting
2024-09-11 16:36:02.500000+00:00,combi,Sitting,Sitting
2024-09-11 16:37:02.500000+00:00,combi,Sitting,Sitting
2024-09-11 16:38:02.500000+00:00,combi,Sitting,Sitting
2024-09-11 16:39:02.500000+00:00,combi,Sitting,Sitting
2024-09-11 16:40:02.500000+00:00,combi,Sitting,Sitting
2024-09-11 16:41:02.500000+00:00,combi,Sitting,Sitting
2024-09-11 16:42:02.500000+00:00,combi,Sitting,Sitting
2024-09-11 16:43:02.500000+00:00,combi,Sitting,Sitting
2024-09-11 16:44:02.500000+00:00,combi,Sitting,Sitting
2024-09-11 16:45:02.500000+00:00,combi,Sitting,Sitting
2024-09-11 16:46:02.500000+00:00,combi,Sitting,Sitting
2024-09-11 16:47:02.500000+00:00,combi,Sitting,Sitting
2024-09-11 16:48:02.500000+00:00,combi,Sitting,Sitting
2024-09-11 16:49:02.500000+00:00,combi,Sitting,Sitting
2024-09-11 16:50:02.500000+00:00,combi,Sitting,Sitting
2024-09-11 16:51:02.500000+00:00,combi,Sitting,Sitting
2024-09-11 16:52:02.500000+00:00,combi,Sitting,Sitting
2024-09-11 16:53:02.500000+00:00,combi,Standing,Dynamic
2024-09-11 16:54:02.500000+00:00,combi,Standing,Dynamic
2024-09-11 16:55:02.500000+00:00,combi,Standing,Standing
2024-09-11 16:56:02.500000+00:00,combi,Standing,Standing
2024-09-11 16:57:02.500000+00:00,combi,Standing,Dynamic
2024-09-11 16:58:02.500000+00:00,combi,Standing,Dynamic
2024-09-11 16:59:02.500000+00:00,combi,Standing,Standing
2024-09-11 17:00:02.500000+00:00,combi,Standing,Standing
2024-09-11 17:01:02.500000+00:00,combi,Standing,Standing
2024-09-11 17:02:02.500000+00:00,combi,Standing,Standing
2024-09-11 17:03:02.500000+00:00,combi,Standing,Standing
2024-09-11 17:04:02.500000+00:00,combi,Standing,Dynamic
2024-09-11 17:05:02.500000+00:00,combi,Standing,Dynamic
2024-09-11 17:06:02.500000+00:00,combi,Lying,Dynamic
2024-09-11 17:07:02.500000+00:00,combi,Standing,Dynamic
2024-09-11 17:08:02.500000+00:00,combi,Standing,Dynamic
2024-09-11 17:09:02.500000+00:00,combi,Standing,Dynamic
2024-09-11 17:10:02.500000+00:00,combi,Standing,Dynamic
2024-09-11 17:11:02.500000+00:00,combi,Sitting,Dynamic
2024-09-11 17:12:02.500000+00:00,combi,Sitting,Dynamic
2024-09-11 17:13:02.500000+00:00,combi,Sitting,Dynamic
2024-09-11 17:14:02.500000+00:00,combi,Standing,Dynamic
2024-09-11 17:15:02.500000+00:00,combi,Sitting,Dynamic
2024-09-11 17:16:02.500000+00:00,combi,Sitting,Dynamic
2024-09-11 17:17:02.500000+00:00,combi,Standing,Dynamic
2024-09-11 17:18:02.500000+00:00,combi,Standing,Dynamic
2024-09-11 17:19:02.500000+00:00,combi,Sitting,Dynamic
2024-09-11 17:20:02.500000+00:00,combi,Standing,Dynamic
2024-09-11 17:21:02.500000+00:00,combi,Standing,Dynamic
2024-09-11 17:22:02.500000+00:00,combi,Sitting,Dynamic
2024-09-11 17:23:02.500000+00:00,combi,Sitting,Dynamic
2024-09-11 17:24:02.500000+00:00,combi,Sitting,Dynamic
2024-09-11 17:25:02.500000+00:00,combi,Sitting,Dynamic
2024-09-11 17:26:02.500000+00:00,combi,Sitting,Dynamic
2024-09-11 17:27:02.500000+00:00,combi,Standing,Dynamic
2024-09-11 17:28:02.500000+00:00,combi,Sitting,Dynamic
2024-09-11 17:29:02.500000+00:00,combi,Standing,Dynamic
2024-09-11 17:30:02.500000+00:00,combi,Standing,Standing
2024-09-11 17:31:02.500000+00:00,combi,Standing,Standing
2024-09-11 17:32:02.500000+00:00,combi,Standing,Standing
2024-09-11 17:33:02.500000+00:00,combi,Standing,Standing
2024-09-11 17:34:02.500000+00:00,combi,Standing,Dynamic
2024-09-11 17:35:02.500000+00:00,combi,Sitting,Standing
2024-09-11 17:36:02.500000+00:00,combi,Standing,Dynamic
2024-09-11 17:37:02.500000+00:00,combi,Sitting,Dynamic
2024-09-11 17:38:02.500000+00:00,combi,Sitting,Dynamic
2024-09-11 17:39:02.500000+00:00,combi,Sitting,Dynamic
2024-09-11 17:40:02.500000+00:00,combi,Standing,Dynamic
2024-09-11 17:41:02.500000+00:00,combi,Sitting,Dynamic
2024-09-11 17:42:02.500000+00:00,combi,Standing,Dynamic
2024-09-11 17:43:02.500000+00:00,combi,Standing,Dynamic
2024-09-11 17:44:02.500000+00:00,combi,Standing,Dynamic
2024-09-11 17:45:02.500000+00:00,combi,Standing,Dynamic
2024-09-11 17:46:02.500000+00:00,combi,Standing,Dynamic
2024-09-11 17:47:02.500000+00:00,combi,Standing,Dynamic
2024-09-11 17:48:02.500000+00:00,combi,Sitting,Dynamic
2024-09-11 17:49:02.500000+00:00,combi,Standing,Dynamic
2024-09-11 17:50:02.500000+00:00,combi,Standing,Dynamic
2024-09-11 17:51:02.500000+00:00,combi,Standing,Dynamic
2024-09-11 17:52:02.500000+00:00,combi,Standing,Standing
2024-09-11 17:53:02.500000+00:00,combi,Standing,Standing
2024-09-11 17:54:02.500000+00:00,combi,Standing,Dynamic
2024-09-11 17:55:02.500000+00:00,combi,Standing,Dynamic
2024-09-11 17:56:02.500000+00:00,combi,Standing,Dynamic
2024-09-11 17:57:02.500000+00:00,combi,Standing,Dynamic
2024-09-11 17:58:02.500000+00:00,combi,Standing,Dynamic
2024-09-11 17:59:02.500000+00:00,combi,Standing,Dynamic
2024-09-11 18:00:02.500000+00:00,combi,Standing,Standing
2024-09-11 18:01:02.500000+00:00,combi,Standing,Standing
2024-09-11 18:02:02.500000+00:00,combi,Standing,Dynamic
2024-09-11 18:03:02.500000+00:00,combi,Standing,Standing
2024-09-11 18:04:02.500000+00:00,combi,Sitting,Sitting
2024-09-11 18:05:02.500000+00:00,combi,Sitting,Dynamic
2024-09-11 18:06:02.500000+00:00,combi,Sitting,Dynamic
2024-09-11 18:07:02.500000+00:00,combi,Sitting,Dynamic
2024-09-11 18:08:02.500000+00:00,combi,Sitting,Dynamic
2024-09-11 18:09:02.500000+00:00,combi,Sitting,Dynamic
2024-09-11 18:10:02.500000+00:00,combi,Sitting,Dynamic
2024-09-11 18:11:02.500000+00:00,combi,Sitting,Dynamic
2024-09-11 18:12:02.500000+00:00,combi,Sitting,Dynamic
2024-09-11 18:13:02.500000+00:00,combi,Sitting,Dynamic
2024-09-11 18:14:02.500000+00:00,combi,Sitting,Dynamic
2024-09-11 18:15:02.500000+00:00,combi,Sitting,Dynamic
2024-09-11 18:16:02.500000+00:00,combi,Sitting,Dynamic
2024-09-11 18:17:02.500000+00:00,combi,Sitting,Dynamic
2024-09-11 18:18:02.500000+00:00,combi,Sitting,Dynamic
2024-09-11 18:19:02.500000+00:00,combi,Sitting,Dynamic
2024-09-11 18:20:02.500000+00:00,combi,Sitting,Dynamic
2024-09-11 18:21:02.500000+00:00,combi,Sitting,Dynamic
2024-09-11 18:22:02.500000+00:00,combi,Sitting,Dynamic
2024-09-11 18:23:02.500000+00:00,combi,Sitting,Dynamic
2024-09-11 18:24:02.500000+00:00,combi,Standing,Dynamic
2024-09-11 18:25:02.500000+00:00,combi,Sitting,Dynamic
2024-09-11 18:26:02.500000+00:00,combi,Lying,Dynamic
2024-09-11 18:27:02.500000+00:00,combi,Standing,Standing
2024-09-11 18:28:02.500000+00:00,combi,Standing,Standing
2024-09-11 18:29:02.500000+00:00,combi,Standing,Standing
2024-09-11 18:30:02.500000+00:00,combi,Standing,Dynamic
2024-09-11 18:31:02.500000+00:00,combi,Standing,Dynamic
2024-09-11 18:32:02.500000+00:00,combi,Standing,Dynamic
2024-09-11 18:33:02.500000+00:00,combi,Standing,Standing
2024-09-11 18:34:02.500000+00:00,combi,Standing,Dynamic
2024-09-11 18:35:02.500000+00:00,combi,Standing,Dynamic
2024-09-11 18:36:02.500000+00:00,combi,Standing,Dynamic
2024-09-11 18:37:02.500000+00:00,combi,Sitting,Sitting
2024-09-11 18:38:02.500000+00:00,combi,Sitting,Sitting
2024-09-11 18:39:02.500000+00:00,combi,Sitting,Sitting
2024-09-11 18:40:02.500000+00:00,combi,Sitting,Sitting
2024-09-11 18:41:02.500000+00:00,combi,Sitting,Sitting
2024-09-11 18:42:02.500000+00:00,combi,Sitting,Sitting
2024-09-11 18:43:02.500000+00:00,combi,Standing,Standing
2024-09-11 18:44:02.500000+00:00,combi,Sitting,Sitting
2024-09-11 18:45:02.500000+00:00,combi,Sitting,Sitting
2024-09-11 18:46:02.500000+00:00,combi,Sitting,Sitting
2024-09-11 18:47:02.500000+00:00,combi,Sitting,Sitting
2024-09-11 18:48:02.500000+00:00,combi,Sitting,Sitting
2024-09-11 18:49:02.500000+00:00,combi,Sitting,Sitting
2024-09-11 18:50:02.500000+00:00,combi,Sitting,Sitting
2024-09-11 18:51:02.500000+00:00,combi,Sitting,Sitting
2024-09-11 18:52:02.500000+00:00,combi,Sitting,Sitting
2024-09-11 18:53:02.500000+00:00,combi,Sitting,Sitting
2024-09-11 18:54:02.500000+00:00,combi,Sitting,Sitting
2024-09-11 18:55:02.500000+00:00,combi,Sitting,Sitting
2024-09-11 18:56:02.500000+00:00,combi,Sitting,Sitting
2024-09-11 18:57:02.500000+00:00,combi,Sitting,Sitting
2024-09-11 18:58:02.500000+00:00,combi,Sitting,Sitting
2024-09-11 18:59:02.500000+00:00,combi,Sitting,Sitting
2024-09-11 19:00:02.500000+00:00,combi,Standing,Dynamic
2024-09-11 19:01:02.500000+00:00,combi,Standing,Dynamic
2024-09-11 19:02:02.500000+00:00,combi,Standing,Dynamic
2024-09-11 19:03:02.500000+00:00,combi,Standing,Standing
2024-09-11 19:04:02.500000+00:00,combi,Standing,Dynamic
2024-09-11 19:05:02.500000+00:00,combi,Standing,Dynamic
2024-09-11 19:06:02.500000+00:00,combi,Standing,Dynamic
2024-09-11 19:07:02.500000+00:00,combi,Standing,Standing
2024-09-11 19:08:02.500000+00:00,combi,Standing,Standing
2024-09-11 19:09:02.500000+00:00,combi,Standing,Standing
2024-09-11 19:10:02.500000+00:00,combi,Standing,Sitting
2024-09-11 19:11:02.500000+00:00,combi,Standing,Dynamic
2024-09-11 19:12:02.500000+00:00,combi,Standing,Dynamic
2024-09-11 19:13:02.500000+00:00,combi,Standing,Standing
2024-09-11 19:14:02.500000+00:00,combi,Standing,Standing
2024-09-11 19:15:02.500000+00:00,combi,Standing,Dynamic
2024-09-11 19:16:02.500000+00:00,combi,Standing,Dynamic
2024-09-11 19:17:02.500000+00:00,combi,Standing,Standing
2024-09-11 19:18:02.500000+00:00,combi,Standing,Dynamic
2024-09-11 19:19:02.500000+00:00,combi,Standing,Dynamic
2024-09-11 19:20:02.500000+00:00,combi,Standing,Standing
2024-09-11 19:21:02.500000+00:00,combi,Standing,Standing
2024-09-11 19:22:02.500000+00:00,combi,Standing,Standing
2024-09-11 19:23:02.500000+00:00,combi,Standing,Standing
2024-09-11 19:24:02.500000+00:00,combi,Standing,Standing
2024-09-11 19:25:02.500000+00:00,combi,Standing,Dynamic
2024-09-11 19:26:02.500000+00:00,combi,Standing,Dynamic
2024-09-11 19:27:02.500000+00:00,combi,Standing,Dynamic
2024-09-11 19:28:02.500000+00:00,combi,Lying,Dynamic
2024-09-11 19:29:02.500000+00:00,combi,Sitting,Dynamic
2024-09-11 19:30:02.500000+00:00,combi,Standing,Dynamic
2024-09-11 19:31:02.500000+00:00,combi,Standing,Standing
2024-09-11 19:32:02.500000+00:00,combi,Standing,Standing
2024-09-11 19:33:02.500000+00:00,combi,Standing,Dynamic
2024-09-11 19:34:02.500000+00:00,combi,Standing,Standing
2024-09-11 19:35:02.500000+00:00,combi,Standing,Dynamic
2024-09-11 19:36:02.500000+00:00,combi,Standing,Standing
2024-09-11 19:37:02.500000+00:00,combi,Sitting,Sitting
2024-09-11 19:38:02.500000+00:00,combi,Lying,Lying
2024-09-11 19:39:02.500000+00:00,combi,Lying,Lying
2024-09-11 19:40:02.500000+00:00,combi,Lying,Lying
2024-09-11 19:41:02.500000+00:00,combi,Lying,Lying
2024-09-11 19:42:02.500000+00:00,combi,Lying,Lying
2024-09-11 19:43:02.500000+00:00,combi,Lying,Lying
2024-09-11 19:44:02.500000+00:00,combi,Lying,Lying
2024-09-11 19:45:02.500000+00:00,combi,Lying,Lying
2024-09-11 19:46:02.500000+00:00,combi,Lying,Lying
2024-09-11 19:47:02.500000+00:00,combi,Lying,Lying
2024-09-11 19:48:02.500000+00:00,combi,Lying,Lying
2024-09-11 19:49:02.500000+00:00,combi,Lying,Lying
2024-09-11 19:50:02.500000+00:00,combi,Lying,Lying
2024-09-11 19:51:02.500000+00:00,combi,Lying,Lying
2024-09-11 19:52:02.500000+00:00,combi,Lying,Lying
2024-09-11 19:53:02.500000+00:00,combi,Lying,Lying
2024-09-11 19:54:02.500000+00:00,combi,Lying,Lying
2024-09-11 19:55:02.500000+00:00,combi,Lying,Lying
2024-09-11 19:56:02.500000+00:00,combi,Lying,Lying
2024-09-11 19:57:02.500000+00:00,combi,Lying,Lying
2024-09-11 19:58:02.500000+00:00,combi,Standing,Standing
2024-09-11 19:59:02.500000+00:00,combi,Standing,Standing
2024-09-11 20:00:02.500000+00:00,combi,Sitting,Sitting
2024-09-11 20:01:02.500000+00:00,combi,Standing,Standing
2024-09-11 20:02:02.500000+00:00,combi,Sitting,Sitting
2024-09-11 20:03:02.500000+00:00,combi,Standing,Standing
2024-09-11 20:04:02.500000+00:00,combi,Standing,Standing
2024-09-11 20:05:02.500000+00:00,combi,Standing,Sitting
2024-09-11 20:06:02.500000+00:00,combi,Standing,Standing
2024-09-11 20:07:02.500000+00:00,combi,Standing,Standing
2024-09-11 20:08:02.500000+00:00,combi,Standing,Sitting
2024-09-11 20:09:02.500000+00:00,combi,Standing,Standing
2024-09-11 20:10:02.500000+00:00,combi,Standing,Dynamic
2024-09-11 20:11:02.500000+00:00,combi,Sitting,Sitting
2024-09-11 20:12:02.500000+00:00,combi,Standing,Dynamic
2024-09-11 20:13:02.500000+00:00,combi,Standing,Dynamic
2024-09-11 20:14:02.500000+00:00,combi,Standing,Standing
2024-09-11 20:15:02.500000+00:00,combi,Standing,Dynamic
2024-09-11 20:16:02.500000+00:00,combi,Lying,Dynamic
2024-09-11 20:17:02.500000+00:00,combi,Standing,Dynamic
2024-09-11 20:18:02.500000+00:00,combi,Standing,Dynamic
2024-09-11 20:19:02.500000+00:00,combi,Standing,Standing
2024-09-11 20:20:02.500000+00:00,combi,Standing,Standing
2024-09-11 20:21:02.500000+00:00,combi,Standing,Dynamic
2024-09-11 20:22:02.500000+00:00,combi,Standing,Dynamic
2024-09-11 20:23:02.500000+00:00,combi,Standing,Standing
2024-09-11 20:24:02.500000+00:00,combi,Standing,Standing
2024-09-11 20:25:02.500000+00:00,combi,Standing,Dynamic
2024-09-11 20:26:02.500000+00:00,combi,Sitting,Sitting
2024-09-11 20:27:02.500000+00:00,combi,Sitting,Sitting
2024-09-11 20:28:02.500000+00:00,combi,Sitting,Sitting
2024-09-11 20:29:02.500000+00:00,combi,Standing,Standing
2024-09-11 20:30:02.500000+00:00,combi,Standing,Standing
2024-09-11 20:31:02.500000+00:00,combi,Standing,Standing
2024-09-11 20:32:02.500000+00:00,combi,Standing,Standing
2024-09-11 20:33:02.500000+00:00,combi,Sitting,Sitting
2024-09-11 20:34:02.500000+00:00,combi,Sitting,Sitting
2024-09-11 20:35:02.500000+00:00,combi,Sitting,Sitting
2024-09-11 20:36:02.500000+00:00,combi,Standing,Sitting
2024-09-11 20:37:02.500000+00:00,combi,Sitting,Sitting
2024-09-11 20:38:02.500000+00:00,combi,Sitting,Sitting
2024-09-11 20:39:02.500000+00:00,combi,Sitting,Sitting
2024-09-11 20:40:02.500000+00:00,combi,Standing,Standing
2024-09-11 20:41:02.500000+00:00,combi,Standing,Standing
2024-09-11 20:42:02.500000+00:00,combi,Sitting,Dynamic
2024-09-11 20:43:02.500000+00:00,combi,Sitting,Sitting
2024-09-11 20:44:02.500000+00:00,combi,Sitting,Sitting
2024-09-11 20:45:02.500000+00:00,combi,Sitting,Sitting
2024-09-11 20:46:02.500000+00:00,combi,Sitting,Sitting
2024-09-11 20:47:02.500000+00:00,combi,Sitting,Sitting
2024-09-11 20:48:02.500000+00:00,combi,Sitting,Sitting
2024-09-11 20:49:02.500000+00:00,combi,Sitting,Sitting
2024-09-11 20:50:02.500000+00:00,combi,Sitting,Sitting
2024-09-11 20:51:02.500000+00:00,combi,Sitting,Sitting
2024-09-11 20:52:02.500000+00:00,combi,Sitting,Sitting
2024-09-11 20:53:02.500000+00:00,combi,Sitting,Sitting
2024-09-11 20:54:02.500000+00:00,combi,Sitting,Sitting
2024-09-11 20:55:02.500000+00:00,combi,Sitting,Sitting
2024-09-11 20:56:02.500000+00:00,combi,Sitting,Sitting
2024-09-11 20:57:02.500000+00:00,combi,Sitting,Sitting
2024-09-11 20:58:02.500000+00:00,combi,Sitting,Sitting
2024-09-11 20:59:02.500000+00:00,combi,Sitting,Sitting
2024-09-11 21:00:02.500000+00:00,combi,Sitting,Sitting
2024-09-11 21:01:02.500000+00:00,combi,Sitting,Sitting
2024-09-11 21:02:02.500000+00:00,combi,Sitting,Sitting
2024-09-11 21:03:02.500000+00:00,combi,Sitting,Sitting
2024-09-11 21:04:02.500000+00:00,combi,Sitting,Sitting
2024-09-11 21:05:02.500000+00:00,combi,Sitting,Sitting
2024-09-11 21:06:02.500000+00:00,combi,Sitting,Sitting
2024-09-11 21:07:02.500000+00:00,combi,Standing,Standing
2024-09-11 21:08:02.500000+00:00,combi,Standing,Standing
2024-09-11 21:09:02.500000+00:00,combi,Standing,Standing
2024-09-11 21:10:02.500000+00:00,combi,Standing,Standing
2024-09-11 21:11:02.500000+00:00,combi,Sitting,Sitting
2024-09-11 21:12:02.500000+00:00,combi,Sitting,Sitting
2024-09-11 21:13:02.500000+00:00,combi,Sitting,Sitting
2024-09-11 21:14:02.500000+00:00,combi,Standing,Standing
2024-09-11 21:15:02.500000+00:00,combi,Standing,Standing
2024-09-11 21:16:02.500000+00:00,combi,Standing,Standing
2024-09-11 21:17:02.500000+00:00,combi,Standing,Standing
2024-09-11 21:18:02.500000+00:00,combi,Lying,Dynamic
2024-09-11 21:19:02.500000+00:00,combi,Lying,Lying
2024-09-11 21:20:02.500000+00:00,combi,Lying,Lying
2024-09-11 21:21:02.500000+00:00,combi,Lying,Lying
2024-09-11 21:22:02.500000+00:00,combi,Lying,Lying
2024-09-11 21:23:02.500000+00:00,combi,Sitting,Sitting
2024-09-11 21:24:02.500000+00:00,combi,Sitting,Sitting
2024-09-11 21:25:02.500000+00:00,combi,Sitting,Sitting
2024-09-11 21:26:02.500000+00:00,combi,Sitting,Sitting
2024-09-11 21:27:02.500000+00:00,combi,Sitting,Sitting
2024-09-11 21:28:02.500000+00:00,combi,Sitting,Sitting
2024-09-11 21:29:02.500000+00:00,combi,Sitting,Sitting
2024-09-11 21:30:02.500000+00:00,combi,Sitting,Sitting
2024-09-11 21:31:02.500000+00:00,combi,Sitting,Sitting
2024-09-11 21:32:02.500000+00:00,combi,Sitting,Sitting
2024-09-11 21:33:02.500000+00:00,combi,Sitting,Sitting
2024-09-11 21:34:02.500000+00:00,combi,Sitting,Sitting
2024-09-11 21:35:02.500000+00:00,combi,Sitting,Sitting
2024-09-11 21:36:02.500000+00:00,combi,Sitting,Sitting
2024-09-11 21:37:02.500000+00:00,combi,Sitting,Sitting
2024-09-11 21:38:02.500000+00:00,combi,Sitting,Sitting
2024-09-11 21:39:02.500000+00:00,combi,Sitting,Sitting
2024-09-11 21:40:02.500000+00:00,combi,Sitting,Sitting
2024-09-11 21:41:02.500000+00:00,combi,Sitting,Sitting
2024-09-11 21:42:02.500000+00:00,combi,Sitting,Sitting
2024-09-11 21:43:02.500000+00:00,combi,Sitting,Sitting
2024-09-11 21:44:02.500000+00:00,combi,Sitting,Sitting
2024-09-11 21:45:02.500000+00:00,combi,Sitting,Sitting
2024-09-11 21:46:02.500000+00:00,combi,Sitting,Sitting
2024-09-11 21:47:02.500000+00:00,combi,Sitting,Sitting
2024-09-11 21:48:02.500000+00:00,combi,Sitting,Sitting
2024-09-11 21:49:02.500000+00:00,combi,Sitting,Sitting
2024-09-11 21:50:02.500000+00:00,combi,Sitting,Sitting
2024-09-11 21:51:02.500000+00:00,combi,Sitting,Sitting
2024-09-11 21:52:02.500000+00:00,combi,Sitting,Sitting
2024-09-11 21:53:02.500000+00:00,combi,Sitting,Sitting
2024-09-11 21:54:02.500000+00:00,combi,Sitting,Sitting
2024-09-11 21:55:02.500000+00:00,combi,Sitting,Sitting
2024-09-11 21:56:02.500000+00:00,combi,Sitting,Sitting
2024-09-11 21:57:02.500000+00:00,combi,Sitting,Sitting
2024-09-11 21:58:02.500000+00:00,combi,Sitting,Sitting
2024-09-11 21:59:02.500000+00:00,combi,Sitting,Sitting
2024-09-11 22:00:02.500000+00:00,combi,Sitting,Sitting
2024-09-11 22:01:02.500000+00:00,combi,Sitting,Sitting
2024-09-11 22:02:02.500000+00:00,combi,Sitting,Sitting
2024-09-11 22:03:02.500000+00:00,combi,Sitting,Sitting
2024-09-11 22:04:02.500000+00:00,combi,Sitting,Sitting
2024-09-11 22:05:02.500000+00:00,combi,Sitting,Sitting
2024-09-11 22:06:02.500000+00:00,combi,Sitting,Sitting
2024-09-11 22:07:02.500000+00:00,combi,Sitting,Sitting
2024-09-11 22:08:02.500000+00:00,combi,Sitting,Sitting
2024-09-11 22:09:02.500000+00:00,combi,Sitting,Sitting
2024-09-11 22:10:02.500000+00:00,combi,Sitting,Sitting
2024-09-11 22:11:02.500000+00:00,combi,Sitting,Sitting
2024-09-11 22:12:02.500000+00:00,combi,Sitting,Sitting
2024-09-11 22:13:02.500000+00:00,combi,Sitting,Sitting
2024-09-11 22:14:02.500000+00:00,combi,Sitting,Sitting
2024-09-11 22:15:02.500000+00:00,combi,Sitting,Sitting
2024-09-11 22:16:02.500000+00:00,combi,Sitting,Sitting
2024-09-11 22:17:02.500000+00:00,combi,Sitting,Sitting
2024-09-11 22:18:02.500000+00:00,combi,Sitting,Sitting
2024-09-11 22:19:02.500000+00:00,combi,Sitting,Sitting
2024-09-11 22:20:02.500000+00:00,combi,Sitting,Sitting
2024-09-11 22:21:02.500000+00:00,combi,Sitting,Sitting
2024-09-11 22:22:02.500000+00:00,combi,Sitting,Sitting
2024-09-11 22:23:02.500000+00:00,combi,Sitting,Sitting
2024-09-11 22:24:02.500000+00:00,combi,Sitting,Sitting
2024-09-11 22:25:02.500000+00:00,combi,Sitting,Sitting
2024-09-11 22:26:02.500000+00:00,combi,Sitting,Sitting
2024-09-11 22:27:02.500000+00:00,combi,Sitting,Sitting
2024-09-11 22:28:02.500000+00:00,combi,Sitting,Sitting
2024-09-11 22:29:02.500000+00:00,combi,Lying,Lying
2024-09-11 22:30:02.500000+00:00,combi,Lying,Lying
2024-09-11 22:31:02.500000+00:00,combi,Lying,Lying
2024-09-11 22:32:02.500000+00:00,combi,Lying,Lying
2024-09-11 22:33:02.500000+00:00,combi,Lying,Sitting
2024-09-11 22:34:02.500000+00:00,combi,Lying,Lying
2024-09-11 22:35:02.500000+00:00,combi,Lying,Lying
2024-09-11 22:36:02.500000+00:00,combi,Lying,Lying
2024-09-11 22:37:02.500000+00:00,combi,Lying,Lying
2024-09-11 22:38:02.500000+00:00,combi,Lying,Lying
2024-09-11 22:39:02.500000+00:00,combi,Lying,Lying
2024-09-11 22:40:02.500000+00:00,combi,Lying,Lying
2024-09-11 22:41:02.500000+00:00,combi,Lying,Lying
2024-09-11 22:42:02.500000+00:00,combi,Lying,Lying
2024-09-11 22:43:02.500000+00:00,combi,Lying,Lying
2024-09-11 22:44:02.500000+00:00,combi,Lying,Lying
2024-09-11 22:45:02.500000+00:00,combi,Lying,Lying
2024-09-11 22:46:02.500000+00:00,combi,Lying,Lying
2024-09-11 22:47:02.500000+00:00,combi,Lying,Lying
2024-09-11 22:48:02.500000+00:00,combi,Lying,Lying
2024-09-11 22:49:02.500000+00:00,combi,Lying,Lying
2024-09-11 22:50:02.500000+00:00,combi,Lying,Lying
2024-09-11 22:51:02.500000+00:00,combi,Lying,Lying
2024-09-11 22:52:02.500000+00:00,combi,Lying,Lying
2024-09-11 22:53:02.500000+00:00,combi,Lying,Lying
2024-09-11 22:54:02.500000+00:00,combi,Lying,Lying
2024-09-11 22:55:02.500000+00:00,combi,Lying,Lying
2024-09-11 22:56:02.500000+00:00,combi,Lying,Lying
2024-09-11 22:57:02.500000+00:00,combi,Lying,Lying
2024-09-11 22:58:02.500000+00:00,combi,Lying,Lying
2024-09-11 22:59:02.500000+00:00,combi,Lying,Lying
2024-09-11 23:00:02.500000+00:00,combi,Lying,Lying
2024-09-11 23:01:02.500000+00:00,combi,Lying,Lying
2024-09-11 23:02:02.500000+00:00,combi,Lying,Lying
2024-09-11 23:03:02.500000+00:00,combi,Lying,Lying
2024-09-11 23:04:02.500000+00:00,combi,Lying,Lying
2024-09-11 23:05:02.500000+00:00,combi,Lying,Lying
2024-09-11 23:06:02.500000+00:00,combi,Lying,Lying
2024-09-11 23:07:02.500000+00:00,combi,Lying,Lying
2024-09-11 23:08:02.500000+00:00,combi,Lying,Lying
2024-09-11 23:09:02.500000+00:00,combi,Lying,Lying
2024-09-11 23:10:02.500000+00:00,combi,Lying,Lying
2024-09-11 23:11:02.500000+00:00,combi,Lying,Lying
2024-09-11 23:12:02.500000+00:00,combi,Lying,Lying
2024-09-11 23:13:02.500000+00:00,combi,Lying,Lying
2024-09-11 23:14:02.500000+00:00,combi,Lying,Lying
2024-09-11 23:15:02.500000+00:00,combi,Lying,Lying
2024-09-11 23:16:02.500000+00:00,combi,Lying,Lying
2024-09-11 23:17:02.500000+00:00,combi,Lying,Lying
2024-09-11 23:18:02.500000+00:00,combi,Lying,Lying
2024-09-11 23:19:02.500000+00:00,combi,Lying,Lying
2024-09-11 23:20:02.500000+00:00,combi,Lying,Lying
2024-09-11 23:21:02.500000+00:00,combi,Lying,Lying
2024-09-11 23:22:02.500000+00:00,combi,Lying,Lying
2024-09-11 23:23:02.500000+00:00,combi,Lying,Lying
2024-09-11 23:24:02.500000+00:00,combi,Lying,Dynamic
2024-09-11 23:25:02.500000+00:00,combi,Standing,Dynamic
2024-09-11 23:26:02.500000+00:00,combi,Standing,Standing
2024-09-11 23:27:02.500000+00:00,combi,Standing,Standing
2024-09-11 23:28:02.500000+00:00,combi,Standing,Dynamic
2024-09-11 23:29:02.500000+00:00,combi,Sitting,Sitting
2024-09-11 23:30:02.500000+00:00,combi,Sitting,Sitting
2024-09-11 23:31:02.500000+00:00,combi,Standing,Dynamic
2024-09-11 23:32:02.500000+00:00,combi,Lying,Lying
2024-09-11 23:33:02.500000+00:00,combi,Lying,Lying
2024-09-11 23:34:02.500000+00:00,combi,Lying,Sitting
2024-09-11 23:35:02.500000+00:00,combi,Lying,Lying
2024-09-11 23:36:02.500000+00:00,combi,Lying,Lying
2024-09-11 23:37:02.500000+00:00,combi,Lying,Sitting
2024-09-11 23:38:02.500000+00:00,combi,Lying,Lying
2024-09-11 23:39:02.500000+00:00,combi,Lying,Lying
2024-09-11 23:40:02.500000+00:00,combi,Lying,Lying
2024-09-11 23:41:02.500000+00:00,combi,Lying,Sitting
2024-09-11 23:42:02.500000+00:00,combi,Lying,Lying
2024-09-11 23:43:02.500000+00:00,combi,Lying,Lying
2024-09-11 23:44:02.500000+00:00,combi,Lying,Lying
2024-09-11 23:45:02.500000+00:00,combi,Lying,Lying
2024-09-11 23:46:02.500000+00:00,combi,Lying,Lying
2024-09-11 23:47:02.500000+00:00,combi,Lying,Lying
2024-09-11 23:48:02.500000+00:00,combi,Lying,Lying
2024-09-11 23:49:02.500000+00:00,combi,Lying,Lying
2024-09-11 23:50:02.500000+00:00,combi,Lying,Lying
2024-09-11 23:51:02.500000+00:00,combi,Lying,Lying
2024-09-11 23:52:02.500000+00:00,combi,Lying,Lying
2024-09-11 23:53:02.500000+00:00,combi,Lying,Lying
2024-09-11 23:54:02.500000+00:00,combi,Lying,Lying
2024-09-11 23:55:02.500000+00:00,combi,Lying,Lying
2024-09-11 23:56:02.500000+00:00,combi,Lying,Lying
2024-09-11 23:57:02.500000+00:00,combi,Lying,Lying
2024-09-11 23:58:02.500000+00:00,combi,Lying,Lying
2024-09-11 23:59:02.500000+00:00,combi,Lying,Lying
2024-09-12 00:00:02.500000+00:00,combi,Lying,Lying
2024-09-12 00:01:02.500000+00:00,combi,Lying,Lying
2024-09-12 00:02:02.500000+00:00,combi,Sitting,Sitting
2024-09-12 00:03:02.500000+00:00,combi,Sitting,Sitting
2024-09-12 00:04:02.500000+00:00,combi,Sitting,Sitting
2024-09-12 00:05:02.500000+00:00,combi,Sitting,Sitting
2024-09-12 00:06:02.500000+00:00,combi,Sitting,Sitting
2024-09-12 00:07:02.500000+00:00,combi,Sitting,Sitting
2024-09-12 00:08:02.500000+00:00,combi,Sitting,Sitting
2024-09-12 00:09:02.500000+00:00,combi,Sitting,Sitting
2024-09-12 00:10:02.500000+00:00,combi,Sitting,Sitting
2024-09-12 00:11:02.500000+00:00,combi,Sitting,Sitting
2024-09-12 00:12:02.500000+00:00,combi,Sitting,Sitting
2024-09-12 00:13:02.500000+00:00,combi,Sitting,Sitting
2024-09-12 00:14:02.500000+00:00,combi,Sitting,Sitting
2024-09-12 00:15:02.500000+00:00,combi,Sitting,Sitting
2024-09-12 00:16:02.500000+00:00,combi,Sitting,Sitting
2024-09-12 00:17:02.500000+00:00,combi,Sitting,Sitting
2024-09-12 00:18:02.500000+00:00,combi,Sitting,Sitting
2024-09-12 00:19:02.500000+00:00,combi,Sitting,Sitting
2024-09-12 00:20:02.500000+00:00,combi,Sitting,Sitting
2024-09-12 00:21:02.500000+00:00,combi,Sitting,Sitting
2024-09-12 00:22:02.500000+00:00,combi,Sitting,Sitting
2024-09-12 00:23:02.500000+00:00,combi,Sitting,Sitting
2024-09-12 00:24:02.500000+00:00,combi,Sitting,Sitting
2024-09-12 00:25:02.500000+00:00,combi,Sitting,Sitting
2024-09-12 00:26:02.500000+00:00,combi,Sitting,Sitting
2024-09-12 00:27:02.500000+00:00,combi,Sitting,Sitting
2024-09-12 00:28:02.500000+00:00,combi,Sitting,Sitting
2024-09-12 00:29:02.500000+00:00,combi,Sitting,Sitting
2024-09-12 00:30:02.500000+00:00,combi,Sitting,Sitting
2024-09-12 00:31:02.500000+00:00,combi,Sitting,Sitting
2024-09-12 00:32:02.500000+00:00,combi,Sitting,Sitting
2024-09-12 00:33:02.500000+00:00,combi,Sitting,Sitting
2024-09-12 00:34:02.500000+00:00,combi,Lying,Sitting
2024-09-12 00:35:02.500000+00:00,combi,Lying,Lying
2024-09-12 00:36:02.500000+00:00,combi,Lying,Lying
2024-09-12 00:37:02.500000+00:00,combi,Lying,Lying
2024-09-12 00:38:02.500000+00:00,combi,Lying,Lying
2024-09-12 00:39:02.500000+00:00,combi,Lying,Lying
2024-09-12 00:40:02.500000+00:00,combi,Lying,Lying
2024-09-12 00:41:02.500000+00:00,combi,Lying,Lying
2024-09-12 00:42:02.500000+00:00,combi,Lying,Lying
2024-09-12 00:43:02.500000+00:00,combi,Lying,Lying
2024-09-12 00:44:02.500000+00:00,combi,Lying,Lying
2024-09-12 00:45:02.500000+00:00,combi,Lying,Lying
2024-09-12 00:46:02.500000+00:00,combi,Lying,Lying
2024-09-12 00:47:02.500000+00:00,combi,Lying,Lying
2024-09-12 00:48:02.500000+00:00,combi,Lying,Lying
2024-09-12 00:49:02.500000+00:00,combi,Lying,Lying
2024-09-12 00:50:02.500000+00:00,combi,Lying,Lying
2024-09-12 00:51:02.500000+00:00,combi,Lying,Lying
2024-09-12 00:52:02.500000+00:00,combi,Lying,Lying
2024-09-12 00:53:02.500000+00:00,combi,Lying,Lying
2024-09-12 00:54:02.500000+00:00,combi,Lying,Lying
2024-09-12 00:55:02.500000+00:00,combi,Lying,Lying
2024-09-12 00:56:02.500000+00:00,combi,Lying,Lying
2024-09-12 00:57:02.500000+00:00,combi,Lying,Lying
2024-09-12 00:58:02.500000+00:00,combi,Lying,Lying
2024-09-12 00:59:02.500000+00:00,combi,Lying,Lying
2024-09-12 01:00:02.500000+00:00,combi,Lying,Lying
2024-09-12 01:01:02.500000+00:00,combi,Lying,Lying
2024-09-12 01:02:02.500000+00:00,combi,Lying,Lying
2024-09-12 01:03:02.500000+00:00,combi,Lying,Lying
2024-09-12 01:04:02.500000+00:00,combi,Lying,Lying
2024-09-12 01:05:02.500000+00:00,combi,Lying,Lying
2024-09-12 01:06:02.500000+00:00,combi,Lying,Lying
2024-09-12 01:07:02.500000+00:00,combi,Lying,Lying
2024-09-12 01:08:02.500000+00:00,combi,Lying,Lying
2024-09-12 01:09:02.500000+00:00,combi,Lying,Lying
2024-09-12 01:10:02.500000+00:00,combi,Lying,Lying
2024-09-12 01:11:02.500000+00:00,combi,Lying,Lying
2024-09-12 01:12:02.500000+00:00,combi,Lying,Lying
2024-09-12 01:13:02.500000+00:00,combi,Lying,Lying
2024-09-12 01:14:02.500000+00:00,combi,Lying,Lying
2024-09-12 01:15:02.500000+00:00,combi,Lying,Lying
2024-09-12 01:16:02.500000+00:00,combi,Lying,Lying
2024-09-12 01:17:02.500000+00:00,combi,Lying,Lying
2024-09-12 01:18:02.500000+00:00,combi,Lying,Lying
2024-09-12 01:19:02.500000+00:00,combi,Lying,Lying
2024-09-12 01:20:02.500000+00:00,combi,Lying,Lying
2024-09-12 01:21:02.500000+00:00,combi,Lying,Lying
2024-09-12 01:22:02.500000+00:00,combi,Lying,Lying
2024-09-12 01:23:02.500000+00:00,combi,Lying,Lying
2024-09-12 01:24:02.500000+00:00,combi,Lying,Lying
2024-09-12 01:25:02.500000+00:00,combi,Lying,Lying
2024-09-12 01:26:02.500000+00:00,combi,Lying,Lying
2024-09-12 01:27:02.500000+00:00,combi,Lying,Lying
2024-09-12 01:28:02.500000+00:00,combi,Lying,Lying
2024-09-12 01:29:02.500000+00:00,combi,Lying,Lying
2024-09-12 01:30:02.500000+00:00,combi,Lying,Lying
2024-09-12 01:31:02.500000+00:00,combi,Lying,Lying
2024-09-12 01:32:02.500000+00:00,combi,Lying,Lying
2024-09-12 01:33:02.500000+00:00,combi,Lying,Lying
2024-09-12 01:34:02.500000+00:00,combi,Lying,Lying
2024-09-12 01:35:02.500000+00:00,combi,Lying,Lying
2024-09-12 01:36:02.500000+00:00,combi,Lying,Lying
2024-09-12 01:37:02.500000+00:00,combi,Lying,Lying
2024-09-12 01:38:02.500000+00:00,combi,Lying,Lying
2024-09-12 01:39:02.500000+00:00,combi,Lying,Lying
2024-09-12 01:40:02.500000+00:00,combi,Lying,Lying
2024-09-12 01:41:02.500000+00:00,combi,Lying,Lying
2024-09-12 01:42:02.500000+00:00,combi,Lying,Lying
2024-09-12 01:43:02.500000+00:00,combi,Lying,Lying
2024-09-12 01:44:02.500000+00:00,combi,Lying,Lying
2024-09-12 01:45:02.500000+00:00,combi,Lying,Lying
2024-09-12 01:46:02.500000+00:00,combi,Lying,Lying
2024-09-12 01:47:02.500000+00:00,combi,Lying,Lying
2024-09-12 01:48:02.500000+00:00,combi,Lying,Lying
2024-09-12 01:49:02.500000+00:00,combi,Lying,Lying
2024-09-12 01:50:02.500000+00:00,combi,Lying,Lying
2024-09-12 01:51:02.500000+00:00,combi,Lying,Lying
2024-09-12 01:52:02.500000+00:00,combi,Lying,Lying
2024-09-12 01:53:02.500000+00:00,combi,Lying,Lying
2024-09-12 01:54:02.500000+00:00,combi,Lying,Lying
2024-09-12 01:55:02.500000+00:00,combi,Lying,Lying
2024-09-12 01:56:02.500000+00:00,combi,Lying,Lying
2024-09-12 01:57:02.500000+00:00,combi,Lying,Lying
2024-09-12 01:58:02.500000+00:00,combi,Lying,Lying
2024-09-12 01:59:02.500000+00:00,combi,Lying,Lying
2024-09-12 02:00:02.500000+00:00,combi,Lying,Lying
2024-09-12 02:01:02.500000+00:00,combi,Lying,Lying
2024-09-12 02:02:02.500000+00:00,combi,Lying,Lying
2024-09-12 02:03:02.500000+00:00,combi,Lying,Lying
2024-09-12 02:04:02.500000+00:00,combi,Lying,Lying
2024-09-12 02:05:02.500000+00:00,combi,Lying,Lying
2024-09-12 02:06:02.500000+00:00,combi,Lying,Lying
2024-09-12 02:07:02.500000+00:00,combi,Lying,Lying
2024-09-12 02:08:02.500000+00:00,combi,Lying,Lying
2024-09-12 02:09:02.500000+00:00,combi,Lying,Lying
2024-09-12 02:10:02.500000+00:00,combi,Lying,Lying
2024-09-12 02:11:02.500000+00:00,combi,Lying,Lying
2024-09-12 02:12:02.500000+00:00,combi,Lying,Lying
2024-09-12 02:13:02.500000+00:00,combi,Lying,Lying
2024-09-12 02:14:02.500000+00:00,combi,Lying,Lying
2024-09-12 02:15:02.500000+00:00,combi,Lying,Lying
2024-09-12 02:16:02.500000+00:00,combi,Lying,Lying
2024-09-12 02:17:02.500000+00:00,combi,Lying,Lying
2024-09-12 02:18:02.500000+00:00,combi,Lying,Lying
2024-09-12 02:19:02.500000+00:00,combi,Lying,Lying
2024-09-12 02:20:02.500000+00:00,combi,Lying,Lying
2024-09-12 02:21:02.500000+00:00,combi,Lying,Lying
2024-09-12 02:22:02.500000+00:00,combi,Lying,Lying
2024-09-12 02:23:02.500000+00:00,combi,Lying,Lying
2024-09-12 02:24:02.500000+00:00,combi,Lying,Lying
2024-09-12 02:25:02.500000+00:00,combi,Sitting,Sitting
2024-09-12 02:26:02.500000+00:00,combi,Sitting,Sitting
2024-09-12 02:27:02.500000+00:00,combi,Sitting,Sitting
2024-09-12 02:28:02.500000+00:00,combi,Sitting,Sitting
2024-09-12 02:29:02.500000+00:00,combi,Sitting,Sitting
2024-09-12 02:30:02.500000+00:00,combi,Sitting,Sitting
2024-09-12 02:31:02.500000+00:00,combi,Sitting,Sitting
2024-09-12 02:32:02.500000+00:00,combi,Sitting,Sitting
2024-09-12 02:33:02.500000+00:00,combi,Sitting,Sitting
2024-09-12 02:34:02.500000+00:00,combi,Sitting,Sitting
2024-09-12 02:35:02.500000+00:00,combi,Sitting,Sitting
2024-09-12 02:36:02.500000+00:00,combi,Sitting,Sitting
2024-09-12 02:37:02.500000+00:00,combi,Sitting,Sitting
2024-09-12 02:38:02.500000+00:00,combi,Sitting,Sitting
2024-09-12 02:39:02.500000+00:00,combi,Sitting,Sitting
2024-09-12 02:40:02.500000+00:00,combi,Sitting,Sitting
2024-09-12 02:41:02.500000+00:00,combi,Sitting,Sitting
2024-09-12 02:42:02.500000+00:00,combi,Sitting,Sitting
2024-09-12 02:43:02.500000+00:00,combi,Lying,Lying
2024-09-12 02:44:02.500000+00:00,combi,Lying,Lying
2024-09-12 02:45:02.500000+00:00,combi,Lying,Lying
2024-09-12 02:46:02.500000+00:00,combi,Lying,Lying
2024-09-12 02:47:02.500000+00:00,combi,Lying,Lying
2024-09-12 02:48:02.500000+00:00,combi,Lying,Lying
2024-09-12 02:49:02.500000+00:00,combi,Lying,Lying
2024-09-12 02:50:02.500000+00:00,combi,Lying,Lying
2024-09-12 02:51:02.500000+00:00,combi,Lying,Lying
2024-09-12 02:52:02.500000+00:00,combi,Lying,Lying
2024-09-12 02:53:02.500000+00:00,combi,Lying,Lying
2024-09-12 02:54:02.500000+00:00,combi,Lying,Lying
2024-09-12 02:55:02.500000+00:00,combi,Lying,Lying
2024-09-12 02:56:02.500000+00:00,combi,Lying,Lying
2024-09-12 02:57:02.500000+00:00,combi,Lying,Lying
2024-09-12 02:58:02.500000+00:00,combi,Lying,Lying
2024-09-12 02:59:02.500000+00:00,combi,Lying,Lying
2024-09-12 03:00:02.500000+00:00,combi,Lying,Lying
2024-09-12 03:01:02.500000+00:00,combi,Lying,Lying
2024-09-12 03:02:02.500000+00:00,combi,Lying,Lying
2024-09-12 03:03:02.500000+00:00,combi,Lying,Lying
2024-09-12 03:04:02.500000+00:00,combi,Lying,Lying
2024-09-12 03:05:02.500000+00:00,combi,Lying,Lying
2024-09-12 03:06:02.500000+00:00,combi,Lying,Lying
2024-09-12 03:07:02.500000+00:00,combi,Lying,Lying
2024-09-12 03:08:02.500000+00:00,combi,Lying,Lying
2024-09-12 03:09:02.500000+00:00,combi,Lying,Lying
2024-09-12 03:10:02.500000+00:00,combi,Lying,Lying
2024-09-12 03:11:02.500000+00:00,combi,Lying,Lying
2024-09-12 03:12:02.500000+00:00,combi,Lying,Lying
2024-09-12 03:13:02.500000+00:00,combi,Lying,Lying
2024-09-12 03:14:02.500000+00:00,combi,Lying,Lying
2024-09-12 03:15:02.500000+00:00,combi,Lying,Lying
2024-09-12 03:16:02.500000+00:00,combi,Lying,Lying
2024-09-12 03:17:02.500000+00:00,combi,Lying,Lying
2024-09-12 03:18:02.500000+00:00,combi,Lying,Lying
2024-09-12 03:19:02.500000+00:00,combi,Lying,Lying
2024-09-12 03:20:02.500000+00:00,combi,Lying,Lying
2024-09-12 03:21:02.500000+00:00,combi,Lying,Lying
2024-09-12 03:22:02.500000+00:00,combi,Lying,Lying
2024-09-12 03:23:02.500000+00:00,combi,Lying,Lying
2024-09-12 03:24:02.500000+00:00,combi,Lying,Lying
2024-09-12 03:25:02.500000+00:00,combi,Lying,Lying
2024-09-12 03:26:02.500000+00:00,combi,Lying,Lying
2024-09-12 03:27:02.500000+00:00,combi,Lying,Lying
2024-09-12 03:28:02.500000+00:00,combi,Lying,Lying
2024-09-12 03:29:02.500000+00:00,combi,Lying,Lying
2024-09-12 03:30:02.500000+00:00,combi,Lying,Lying
2024-09-12 03:31:02.500000+00:00,combi,Lying,Lying
2024-09-12 03:32:02.500000+00:00,combi,Lying,Lying
2024-09-12 03:33:02.500000+00:00,combi,Lying,Lying
2024-09-12 03:34:02.500000+00:00,combi,Lying,Lying
2024-09-12 03:35:02.500000+00:00,combi,Lying,Lying
2024-09-12 03:36:02.500000+00:00,combi,Lying,Lying
2024-09-12 03:37:02.500000+00:00,combi,Lying,Lying
2024-09-12 03:38:02.500000+00:00,combi,Lying,Lying
2024-09-12 03:39:02.500000+00:00,combi,Lying,Lying
2024-09-12 03:40:02.500000+00:00,combi,Lying,Lying
2024-09-12 03:41:02.500000+00:00,combi,Lying,Lying
2024-09-12 03:42:02.500000+00:00,combi,Lying,Lying
2024-09-12 03:43:02.500000+00:00,combi,Lying,Lying
2024-09-12 03:44:02.500000+00:00,combi,Lying,Lying
2024-09-12 03:45:02.500000+00:00,combi,Lying,Lying
2024-09-12 03:46:02.500000+00:00,combi,Lying,Lying
2024-09-12 03:47:02.500000+00:00,combi,Lying,Lying
2024-09-12 03:48:02.500000+00:00,combi,Lying,Lying
2024-09-12 03:49:02.500000+00:00,combi,Lying,Lying
2024-09-12 03:50:02.500000+00:00,combi,Lying,Lying
2024-09-12 03:51:02.500000+00:00,combi,Lying,Lying
2024-09-12 03:52:02.500000+00:00,combi,Lying,Lying
2024-09-12 03:53:02.500000+00:00,combi,Lying,Lying
2024-09-12 03:54:02.500000+00:00,combi,Lying,Lying
2024-09-12 03:55:02.500000+00:00,combi,Lying,Lying
2024-09-12 03:56:02.500000+00:00,combi,Lying,Lying
2024-09-12 03:57:02.500000+00:00,combi,Lying,Lying
2024-09-12 03:58:02.500000+00:00,combi,Lying,Lying
2024-09-12 03:59:02.500000+00:00,combi,Lying,Lying
2024-09-12 04:00:02.500000+00:00,combi,Lying,Lying
2024-09-12 04:01:02.500000+00:00,combi,Lying,Lying
2024-09-12 04:02:02.500000+00:00,combi,Lying,Lying
2024-09-12 04:03:02.500000+00:00,combi,Lying,Lying
2024-09-12 04:04:02.500000+00:00,combi,Lying,Lying
2024-09-12 04:05:02.500000+00:00,combi,Lying,Lying
2024-09-12 04:06:02.500000+00:00,combi,Lying,Lying
2024-09-12 04:07:02.500000+00:00,combi,Lying,Lying
2024-09-12 04:08:02.500000+00:00,combi,Lying,Lying
2024-09-12 04:09:02.500000+00:00,combi,Lying,Lying
2024-09-12 04:10:02.500000+00:00,combi,Lying,Lying
2024-09-12 04:11:02.500000+00:00,combi,Lying,Lying
2024-09-12 04:12:02.500000+00:00,combi,Lying,Lying
2024-09-12 04:13:02.500000+00:00,combi,Lying,Lying
2024-09-12 04:14:02.500000+00:00,combi,Sitting,Sitting
2024-09-12 04:15:02.500000+00:00,combi,Sitting,Sitting
2024-09-12 04:16:02.500000+00:00,combi,Sitting,Sitting
2024-09-12 04:17:02.500000+00:00,combi,Sitting,Sitting
2024-09-12 04:18:02.500000+00:00,combi,Sitting,Sitting
2024-09-12 04:19:02.500000+00:00,combi,Sitting,Sitting
2024-09-12 04:20:02.500000+00:00,combi,Sitting,Sitting
2024-09-12 04:21:02.500000+00:00,combi,Sitting,Sitting
2024-09-12 04:22:02.500000+00:00,combi,Sitting,Sitting
2024-09-12 04:23:02.500000+00:00,combi,Lying,Lying
2024-09-12 04:24:02.500000+00:00,combi,Lying,Lying
2024-09-12 04:25:02.500000+00:00,combi,Lying,Lying
2024-09-12 04:26:02.500000+00:00,combi,Lying,Lying
2024-09-12 04:27:02.500000+00:00,combi,Lying,Lying
2024-09-12 04:28:02.500000+00:00,combi,Lying,Lying
2024-09-12 04:29:02.500000+00:00,combi,Lying,Lying
2024-09-12 04:30:02.500000+00:00,combi,Lying,Lying
