Time,Participant,Majority_postures,Majority_including_dynamic
2024-11-13 10:41:17.500000+00:00,combi,Standing,Standing
2024-11-13 10:42:17.500000+00:00,combi,Standing,Standing
2024-11-13 10:43:17.500000+00:00,combi,Standing,Standing
2024-11-13 10:44:17.500000+00:00,combi,Standing,Standing
2024-11-13 10:45:17.500000+00:00,combi,Standing,Standing
2024-11-13 10:46:17.500000+00:00,combi,Standing,Standing
2024-11-13 10:47:17.500000+00:00,combi,Sitting,Dynamic
2024-11-13 10:48:17.500000+00:00,combi,Sitting,Sitting
2024-11-13 10:49:17.500000+00:00,combi,Standing,Standing
2024-11-13 10:50:17.500000+00:00,combi,Standing,Standing
2024-11-13 10:51:17.500000+00:00,combi,Lying,Lying
2024-11-13 10:52:17.500000+00:00,combi,Lying,Lying
2024-11-13 10:53:17.500000+00:00,combi,Lying,Lying
2024-11-13 10:54:17.500000+00:00,combi,Lying,Lying
2024-11-13 10:55:17.500000+00:00,combi,Lying,Lying
2024-11-13 10:56:17.500000+00:00,combi,Sitting,Sitting
2024-11-13 10:57:17.500000+00:00,combi,Sitting,Sitting
2024-11-13 10:58:17.500000+00:00,combi,Sitting,Sitting
2024-11-13 10:59:17.500000+00:00,combi,Sitting,Sitting
2024-11-13 11:00:17.500000+00:00,combi,Sitting,Sitting
2024-11-13 11:01:17.500000+00:00,combi,Standing,Standing
2024-11-13 11:02:17.500000+00:00,combi,Standing,Standing
2024-11-13 11:03:17.500000+00:00,combi,Standing,Standing
2024-11-13 11:04:17.500000+00:00,combi,Standing,Standing
2024-11-13 11:05:17.500000+00:00,combi,Standing,Dynamic
2024-11-13 11:06:17.500000+00:00,combi,Standing,Standing
2024-11-13 11:07:17.500000+00:00,combi,Sitting,Sitting
2024-11-13 11:08:17.500000+00:00,combi,Lying,Lying
2024-11-13 11:09:17.500000+00:00,combi,Lying,Lying
2024-11-13 11:10:17.500000+00:00,combi,Lying,Lying
2024-11-13 11:11:17.500000+00:00,combi,Lying,Lying
2024-11-13 11:12:17.500000+00:00,combi,Lying,Lying
2024-11-13 11:13:17.500000+00:00,combi,Lying,Lying
2024-11-13 11:14:17.500000+00:00,combi,Lying,Lying
2024-11-13 11:15:17.500000+00:00,combi,Lying,Lying
2024-11-13 11:16:17.500000+00:00,combi,Lying,Lying
2024-11-13 11:17:17.500000+00:00,combi,Sitting,Sitting
2024-11-13 11:18:17.500000+00:00,combi,Sitting,Sitting
2024-11-13 11:19:17.500000+00:00,combi,Sitting,Sitting
2024-11-13 11:20:17.500000+00:00,combi,Sitting,Sitting
2024-11-13 11:21:17.500000+00:00,combi,Sitting,Sitting
2024-11-13 11:22:17.500000+00:00,combi,Sitting,Sitting
2024-11-13 11:23:17.500000+00:00,combi,Sitting,Sitting
2024-11-13 11:24:17.500000+00:00,combi,Sitting,Sitting
2024-11-13 11:25:17.500000+00:00,combi,Sitting,Sitting
2024-11-13 11:26:17.500000+00:00,combi,Standing,Standing
2024-11-13 11:27:17.500000+00:00,combi,Standing,Standing
2024-11-13 11:28:17.500000+00:00,combi,Standing,Standing
2024-11-13 11:29:17.500000+00:00,combi,Standing,Standing
2024-11-13 11:30:17.500000+00:00,combi,Standing,Standing
2024-11-13 11:31:17.500000+00:00,combi,Standing,Standing
2024-11-13 11:32:17.500000+00:00,combi,Sitting,Sitting
2024-11-13 11:33:17.500000+00:00,combi,Standing,Standing
2024-11-13 11:34:17.500000+00:00,combi,Standing,Dynamic
2024-11-13 11:35:17.500000+00:00,combi,Sitting,Sitting
2024-11-13 11:36:17.500000+00:00,combi,Sitting,Sitting
2024-11-13 11:37:17.500000+00:00,combi,Sitting,Sitting
2024-11-13 11:38:17.500000+00:00,combi,Sitting,Sitting
2024-11-13 11:39:17.500000+00:00,combi,Sitting,Sitting
2024-11-13 11:40:17.500000+00:00,combi,Sitting,Sitting
2024-11-13 11:41:17.500000+00:00,combi,Sitting,Sitting
2024-11-13 11:42:17.500000+00:00,combi,Sitting,Sitting
2024-11-13 11:43:17.500000+00:00,combi,Sitting,Sitting
2024-11-13 11:44:17.500000+00:00,combi,Sitting,Sitting
2024-11-13 11:45:17.500000+00:00,combi,Sitting,Sitting
2024-11-13 11:46:17.500000+00:00,combi,Sitting,Sitting
2024-11-13 11:47:17.500000+00:00,combi,Sitting,Sitting
2024-11-13 11:48:17.500000+00:00,combi,Sitting,Sitting
2024-11-13 11:49:17.500000+00:00,combi,Sitting,Sitting
2024-11-13 11:50:17.500000+00:00,combi,Sitting,Sitting
2024-11-13 11:51:17.500000+00:00,combi,Sitting,Sitting
2024-11-13 11:52:17.500000+00:00,combi,Sitting,Sitting
2024-11-13 11:53:17.500000+00:00,combi,Sitting,Sitting
2024-11-13 11:54:17.500000+00:00,combi,Sitting,Sitting
2024-11-13 11:55:17.500000+00:00,combi,Sitting,Sitting
2024-11-13 11:56:17.500000+00:00,combi,Sitting,Sitting
2024-11-13 11:57:17.500000+00:00,combi,Standing,Standing
2024-11-13 11:58:17.500000+00:00,combi,Standing,Standing
2024-11-13 11:59:17.500000+00:00,combi,Sitting,Sitting
2024-11-13 12:00:17.500000+00:00,combi,Standing,Standing
2024-11-13 12:01:17.500000+00:00,combi,Standing,Standing
2024-11-13 12:02:17.500000+00:00,combi,Standing,Standing
2024-11-13 12:03:17.500000+00:00,combi,Standing,Standing
2024-11-13 12:04:17.500000+00:00,combi,Standing,Standing
2024-11-13 12:05:17.500000+00:00,combi,Sitting,Sitting
2024-11-13 12:06:17.500000+00:00,combi,Standing,Standing
2024-11-13 12:07:17.500000+00:00,combi,Sitting,Sitting
2024-11-13 12:08:17.500000+00:00,combi,Standing,Standing
2024-11-13 12:09:17.500000+00:00,combi,Standing,Dynamic
2024-11-13 12:10:17.500000+00:00,combi,Standing,Dynamic
2024-11-13 12:11:17.500000+00:00,combi,Standing,Dynamic
2024-11-13 12:12:17.500000+00:00,combi,Standing,Dynamic
2024-11-13 12:13:17.500000+00:00,combi,Sitting,Dynamic
2024-11-13 12:14:17.500000+00:00,combi,Lying,Dynamic
2024-11-13 12:15:17.500000+00:00,combi,Lying,Dynamic
2024-11-13 12:16:17.500000+00:00,combi,Sitting,Dynamic
2024-11-13 12:17:17.500000+00:00,combi,Sitting,Dynamic
2024-11-13 12:18:17.500000+00:00,combi,Sitting,Dynamic
2024-11-13 12:19:17.500000+00:00,combi,Standing,Dynamic
2024-11-13 12:20:17.500000+00:00,combi,Sitting,Dynamic
2024-11-13 12:21:17.500000+00:00,combi,Sitting,Dynamic
2024-11-13 12:22:17.500000+00:00,combi,Sitting,Dynamic
2024-11-13 12:23:17.500000+00:00,combi,Standing,Standing
2024-11-13 12:24:17.500000+00:00,combi,Standing,Dynamic
2024-11-13 12:25:17.500000+00:00,combi,Sitting,Dynamic
2024-11-13 12:26:17.500000+00:00,combi,Lying,Dynamic
2024-11-13 12:27:17.500000+00:00,combi,Lying,Dynamic
2024-11-13 12:28:17.500000+00:00,combi,Lying,Dynamic
2024-11-13 12:29:17.500000+00:00,combi,Lying,Dynamic
2024-11-13 12:30:17.500000+00:00,combi,Lying,Dynamic
2024-11-13 12:31:17.500000+00:00,combi,Sitting,Sitting
2024-11-13 12:32:17.500000+00:00,combi,Sitting,Sitting
2024-11-13 12:33:17.500000+00:00,combi,Sitting,Sitting
2024-11-13 12:34:17.500000+00:00,combi,Sitting,Sitting
2024-11-13 12:35:17.500000+00:00,combi,Sitting,Sitting
2024-11-13 12:36:17.500000+00:00,combi,Sitting,Sitting
2024-11-13 12:37:17.500000+00:00,combi,Sitting,Sitting
2024-11-13 12:38:17.500000+00:00,combi,Sitting,Sitting
2024-11-13 12:39:17.500000+00:00,combi,Sitting,Sitting
2024-11-13 12:40:17.500000+00:00,combi,Sitting,Sitting
2024-11-13 12:41:17.500000+00:00,combi,Sitting,Sitting
2024-11-13 12:42:17.500000+00:00,combi,Sitting,Sitting
2024-11-13 12:43:17.500000+00:00,combi,Sitting,Sitting
2024-11-13 12:44:17.500000+00:00,combi,Sitting,Sitting
2024-11-13 12:45:17.500000+00:00,combi,Sitting,Sitting
2024-11-13 12:46:17.500000+00:00,combi,Sitting,Dynamic
2024-11-13 12:47:17.500000+00:00,combi,Lying,Dynamic
2024-11-13 12:48:17.500000+00:00,combi,Sitting,Sitting
2024-11-13 12:49:17.500000+00:00,combi,Sitting,Sitting
2024-11-13 12:50:17.500000+00:00,combi,Sitting,Sitting
2024-11-13 12:51:17.500000+00:00,combi,Sitting,Sitting
2024-11-13 12:52:17.500000+00:00,combi,Sitting,Sitting
2024-11-13 12:53:17.500000+00:00,combi,Sitting,Sitting
2024-11-13 12:54:17.500000+00:00,combi,Sitting,Sitting
2024-11-13 12:55:17.500000+00:00,combi,Sitting,Sitting
2024-11-13 12:56:17.500000+00:00,combi,Sitting,Sitting
2024-11-13 12:57:17.500000+00:00,combi,Sitting,Sitting
2024-11-13 12:58:17.500000+00:00,combi,Sitting,Sitting
2024-11-13 12:59:17.500000+00:00,combi,Sitting,Sitting
2024-11-13 13:00:17.500000+00:00,combi,Sitting,Sitting
2024-11-13 13:01:17.500000+00:00,combi,Sitting,Sitting
2024-11-13 13:02:17.500000+00:00,combi,Sitting,Sitting
2024-11-13 13:03:17.500000+00:00,combi,Sitting,Dynamic
2024-11-13 13:04:17.500000+00:00,combi,Sitting,Sitting
2024-11-13 13:05:17.500000+00:00,combi,Sitting,Dynamic
2024-11-13 13:06:17.500000+00:00,combi,Sitting,Sitting
2024-11-13 13:07:17.500000+00:00,combi,Sitting,Sitting
2024-11-13 13:08:17.500000+00:00,combi,Sitting,Sitting
2024-11-13 13:09:17.500000+00:00,combi,Sitting,Sitting
2024-11-13 13:10:17.500000+00:00,combi,Sitting,Sitting
2024-11-13 13:11:17.500000+00:00,combi,Standing,Dynamic
2024-11-13 13:12:17.500000+00:00,combi,Sitting,Sitting
2024-11-13 13:13:17.500000+00:00,combi,Sitting,Sitting
2024-11-13 13:14:17.500000+00:00,combi,Sitting,Sitting
2024-11-13 13:15:17.500000+00:00,combi,Sitting,Dynamic
2024-11-13 13:16:17.500000+00:00,combi,Lying,Dynamic
2024-11-13 13:17:17.500000+00:00,combi,Lying,Dynamic
2024-11-13 13:18:17.500000+00:00,combi,Lying,Dynamic
2024-11-13 13:19:17.500000+00:00,combi,Lying,Dynamic
2024-11-13 13:20:17.500000+00:00,combi,Sitting,Dynamic
2024-11-13 13:21:17.500000+00:00,combi,Standing,Dynamic
2024-11-13 13:22:17.500000+00:00,combi,Standing,Dynamic
2024-11-13 13:23:17.500000+00:00,combi,Standing,Standing
2024-11-13 13:24:17.500000+00:00,combi,Standing,Dynamic
2024-11-13 13:25:17.500000+00:00,combi,Standing,Standing
2024-11-13 13:26:17.500000+00:00,combi,Sitting,Sitting
2024-11-13 13:27:17.500000+00:00,combi,Standing,Dynamic
2024-11-13 13:28:17.500000+00:00,combi,Standing,Dynamic
2024-11-13 13:29:17.500000+00:00,combi,Standing,Dynamic
2024-11-13 13:30:17.500000+00:00,combi,Lying,Lying
2024-11-13 13:31:17.500000+00:00,combi,Lying,Lying
2024-11-13 13:32:17.500000+00:00,combi,Sitting,Lying
2024-11-13 13:33:17.500000+00:00,combi,Standing,Dynamic
2024-11-13 13:34:17.500000+00:00,combi,Standing,Dynamic
2024-11-13 13:35:17.500000+00:00,combi,Standing,Standing
2024-11-13 13:36:17.500000+00:00,combi,Standing,Standing
2024-11-13 13:37:17.500000+00:00,combi,Standing,Standing
2024-11-13 13:38:17.500000+00:00,combi,Sitting,Sitting
2024-11-13 13:39:17.500000+00:00,combi,Sitting,Sitting
2024-11-13 13:40:17.500000+00:00,combi,Standing,Standing
2024-11-13 13:41:17.500000+00:00,combi,Sitting,Sitting
2024-11-13 13:42:17.500000+00:00,combi,Sitting,Sitting
2024-11-13 13:43:17.500000+00:00,combi,Sitting,Dynamic
2024-11-13 13:44:17.500000+00:00,combi,Sitting,Sitting
2024-11-13 13:45:17.500000+00:00,combi,Sitting,Sitting
2024-11-13 13:46:17.500000+00:00,combi,Sitting,Sitting
2024-11-13 13:47:17.500000+00:00,combi,Sitting,Sitting
2024-11-13 13:48:17.500000+00:00,combi,Sitting,Dynamic
2024-11-13 13:49:17.500000+00:00,combi,Sitting,Dynamic
2024-11-13 13:50:17.500000+00:00,combi,Sitting,Dynamic
2024-11-13 13:51:17.500000+00:00,combi,Standing,Dynamic
2024-11-13 13:52:17.500000+00:00,combi,Sitting,Sitting
2024-11-13 13:53:17.500000+00:00,combi,Standing,Dynamic
2024-11-13 13:54:17.500000+00:00,combi,Standing,Dynamic
2024-11-13 13:55:17.500000+00:00,combi,Sitting,Dynamic
2024-11-13 13:56:17.500000+00:00,combi,Sitting,Dynamic
2024-11-13 13:57:17.500000+00:00,combi,Sitting,Dynamic
2024-11-13 13:58:17.500000+00:00,combi,Sitting,Dynamic
2024-11-13 13:59:17.500000+00:00,combi,Standing,Dynamic
2024-11-13 14:00:17.500000+00:00,combi,Sitting,Sitting
2024-11-13 14:01:17.500000+00:00,combi,Sitting,Sitting
2024-11-13 14:02:17.500000+00:00,combi,Sitting,Sitting
2024-11-13 14:03:17.500000+00:00,combi,Sitting,Sitting
2024-11-13 14:04:17.500000+00:00,combi,Sitting,Sitting
2024-11-13 14:05:17.500000+00:00,combi,Standing,Dynamic
2024-11-13 14:06:17.500000+00:00,combi,Sitting,Sitting
2024-11-13 14:07:17.500000+00:00,combi,Sitting,Sitting
2024-11-13 14:08:17.500000+00:00,combi,Sitting,Sitting
2024-11-13 14:09:17.500000+00:00,combi,Standing,Sitting
2024-11-13 14:10:17.500000+00:00,combi,Sitting,Sitting
2024-11-13 14:11:17.500000+00:00,combi,Sitting,Sitting
2024-11-13 14:12:17.500000+00:00,combi,Sitting,Sitting
2024-11-13 14:13:17.500000+00:00,combi,Sitting,Sitting
2024-11-13 14:14:17.500000+00:00,combi,Sitting,Sitting
2024-11-13 14:15:17.500000+00:00,combi,Sitting,Sitting
2024-11-13 14:16:17.500000+00:00,combi,Sitting,Sitting
2024-11-13 14:17:17.500000+00:00,combi,Sitting,Sitting
2024-11-13 14:18:17.500000+00:00,combi,Sitting,Sitting
2024-11-13 14:19:17.500000+00:00,combi,Sitting,Sitting
2024-11-13 14:20:17.500000+00:00,combi,Sitting,Sitting
2024-11-13 14:21:17.500000+00:00,combi,Sitting,Sitting
2024-11-13 14:22:17.500000+00:00,combi,Sitting,Sitting
2024-11-13 14:23:17.500000+00:00,combi,Sitting,Sitting
2024-11-13 14:24:17.500000+00:00,combi,Sitting,Sitting
2024-11-13 14:25:17.500000+00:00,combi,Sitting,Sitting
2024-11-13 14:26:17.500000+00:00,combi,Sitting,Sitting
2024-11-13 14:27:17.500000+00:00,combi,Sitting,Dynamic
2024-11-13 14:28:17.500000+00:00,combi,Lying,Dynamic
2024-11-13 14:29:17.500000+00:00,combi,Lying,Dynamic
2024-11-13 14:30:17.500000+00:00,combi,Sitting,Dynamic
2024-11-13 14:31:17.500000+00:00,combi,Lying,Dynamic
2024-11-13 14:32:17.500000+00:00,combi,Sitting,Dynamic
2024-11-13 14:33:17.500000+00:00,combi,Standing,Dynamic
2024-11-13 14:34:17.500000+00:00,combi,Sitting,Sitting
2024-11-13 14:35:17.500000+00:00,combi,Standing,Dynamic
2024-11-13 14:36:17.500000+00:00,combi,Sitting,Sitting
2024-11-13 14:37:17.500000+00:00,combi,Sitting,Sitting
2024-11-13 14:38:17.500000+00:00,combi,Sitting,Sitting
2024-11-13 14:39:17.500000+00:00,combi,Sitting,Sitting
2024-11-13 14:40:17.500000+00:00,combi,Sitting,Sitting
2024-11-13 14:41:17.500000+00:00,combi,Sitting,Sitting
2024-11-13 14:42:17.500000+00:00,combi,Sitting,Sitting
2024-11-13 14:43:17.500000+00:00,combi,Sitting,Sitting
2024-11-13 14:44:17.500000+00:00,combi,Sitting,Sitting
2024-11-13 14:45:17.500000+00:00,combi,Standing,Dynamic
2024-11-13 14:46:17.500000+00:00,combi,Sitting,Sitting
2024-11-13 14:47:17.500000+00:00,combi,Sitting,Sitting
2024-11-13 14:48:17.500000+00:00,combi,Sitting,Sitting
2024-11-13 14:49:17.500000+00:00,combi,Sitting,Sitting
2024-11-13 14:50:17.500000+00:00,combi,Sitting,Sitting
2024-11-13 14:51:17.500000+00:00,combi,Sitting,Sitting
2024-11-13 14:52:17.500000+00:00,combi,Sitting,Sitting
2024-11-13 14:53:17.500000+00:00,combi,Sitting,Sitting
2024-11-13 14:54:17.500000+00:00,combi,Sitting,Sitting
2024-11-13 14:55:17.500000+00:00,combi,Sitting,Sitting
2024-11-13 14:56:17.500000+00:00,combi,Sitting,Sitting
2024-11-13 14:57:17.500000+00:00,combi,Sitting,Sitting
2024-11-13 14:58:17.500000+00:00,combi,Sitting,Sitting
2024-11-13 14:59:17.500000+00:00,combi,Sitting,Sitting
2024-11-13 15:00:17.500000+00:00,combi,Sitting,Sitting
2024-11-13 15:01:17.500000+00:00,combi,Sitting,Sitting
2024-11-13 15:02:17.500000+00:00,combi,Sitting,Sitting
2024-11-13 15:03:17.500000+00:00,combi,Sitting,Sitting
2024-11-13 15:04:17.500000+00:00,combi,Sitting,Sitting
2024-11-13 15:05:17.500000+00:00,combi,Sitting,Sitting
2024-11-13 15:06:17.500000+00:00,combi,Sitting,Sitting
2024-11-13 15:07:17.500000+00:00,combi,Sitting,Sitting
2024-11-13 15:08:17.500000+00:00,combi,Sitting,Sitting
2024-11-13 15:09:17.500000+00:00,combi,Sitting,Sitting
2024-11-13 15:10:17.500000+00:00,combi,Sitting,Sitting
2024-11-13 15:11:17.500000+00:00,combi,Sitting,Sitting
2024-11-13 15:12:17.500000+00:00,combi,Sitting,Sitting
2024-11-13 15:13:17.500000+00:00,combi,Sitting,Sitting
2024-11-13 15:14:17.500000+00:00,combi,Sitting,Sitting
2024-11-13 15:15:17.500000+00:00,combi,Sitting,Sitting
2024-11-13 15:16:17.500000+00:00,combi,Sitting,Sitting
2024-11-13 15:17:17.500000+00:00,combi,Sitting,Sitting
2024-11-13 15:18:17.500000+00:00,combi,Sitting,Sitting
2024-11-13 15:19:17.500000+00:00,combi,Sitting,Sitting
2024-11-13 15:20:17.500000+00:00,combi,Sitting,Sitting
2024-11-13 15:21:17.500000+00:00,combi,Standing,Dynamic
2024-11-13 15:22:17.500000+00:00,combi,Sitting,Dynamic
2024-11-13 15:23:17.500000+00:00,combi,Standing,Dynamic
2024-11-13 15:24:17.500000+00:00,combi,Sitting,Sitting
2024-11-13 15:25:17.500000+00:00,combi,Standing,Standing
2024-11-13 15:26:17.500000+00:00,combi,Standing,Standing
2024-11-13 15:27:17.500000+00:00,combi,Sitting,Dynamic
2024-11-13 15:28:17.500000+00:00,combi,Sitting,Sitting
2024-11-13 15:29:17.500000+00:00,combi,Sitting,Sitting
2024-11-13 15:30:17.500000+00:00,combi,Sitting,Sitting
2024-11-13 15:31:17.500000+00:00,combi,Sitting,Sitting
2024-11-13 15:32:17.500000+00:00,combi,Sitting,Sitting
2024-11-13 15:33:17.500000+00:00,combi,Sitting,Sitting
2024-11-13 15:34:17.500000+00:00,combi,Sitting,Dynamic
2024-11-13 15:35:17.500000+00:00,combi,Sitting,Sitting
2024-11-13 15:36:17.500000+00:00,combi,Sitting,Sitting
2024-11-13 15:37:17.500000+00:00,combi,Sitting,Sitting
2024-11-13 15:38:17.500000+00:00,combi,Sitting,Sitting
2024-11-13 15:39:17.500000+00:00,combi,Sitting,Sitting
2024-11-13 15:40:17.500000+00:00,combi,Sitting,Sitting
2024-11-13 15:41:17.500000+00:00,combi,Sitting,Sitting
2024-11-13 15:42:17.500000+00:00,combi,Sitting,Sitting
2024-11-13 15:43:17.500000+00:00,combi,Sitting,Sitting
2024-11-13 15:44:17.500000+00:00,combi,Sitting,Sitting
2024-11-13 15:45:17.500000+00:00,combi,Sitting,Sitting
2024-11-13 15:46:17.500000+00:00,combi,Sitting,Sitting
2024-11-13 15:47:17.500000+00:00,combi,Sitting,Sitting
2024-11-13 15:48:17.500000+00:00,combi,Sitting,Sitting
2024-11-13 15:49:17.500000+00:00,combi,Sitting,Sitting
2024-11-13 15:50:17.500000+00:00,combi,Sitting,Sitting
2024-11-13 15:51:17.500000+00:00,combi,Sitting,Sitting
2024-11-13 15:52:17.500000+00:00,combi,Sitting,Sitting
2024-11-13 15:53:17.500000+00:00,combi,Sitting,Sitting
2024-11-13 15:54:17.500000+00:00,combi,Sitting,Sitting
2024-11-13 15:55:17.500000+00:00,combi,Sitting,Sitting
2024-11-13 15:56:17.500000+00:00,combi,Sitting,Sitting
2024-11-13 15:57:17.500000+00:00,combi,Sitting,Sitting
2024-11-13 15:58:17.500000+00:00,combi,Sitting,Sitting
2024-11-13 15:59:17.500000+00:00,combi,Sitting,Sitting
2024-11-13 16:00:17.500000+00:00,combi,Sitting,Sitting
2024-11-13 16:01:17.500000+00:00,combi,Sitting,Sitting
2024-11-13 16:02:17.500000+00:00,combi,Sitting,Sitting
2024-11-13 16:03:17.500000+00:00,combi,Sitting,Sitting
2024-11-13 16:04:17.500000+00:00,combi,Sitting,Sitting
2024-11-13 16:05:17.500000+00:00,combi,Sitting,Sitting
2024-11-13 16:06:17.500000+00:00,combi,Sitting,Sitting
2024-11-13 16:07:17.500000+00:00,combi,Sitting,Sitting
2024-11-13 16:08:17.500000+00:00,combi,Sitting,Sitting
2024-11-13 16:09:17.500000+00:00,combi,Sitting,Sitting
2024-11-13 16:10:17.500000+00:00,combi,Sitting,Sitting
2024-11-13 16:11:17.500000+00:00,combi,Sitting,Standing
2024-11-13 16:12:17.500000+00:00,combi,Sitting,Sitting
2024-11-13 16:13:17.500000+00:00,combi,Sitting,Sitting
2024-11-13 16:14:17.500000+00:00,combi,Sitting,Sitting
2024-11-13 16:15:17.500000+00:00,combi,Sitting,Sitting
2024-11-13 16:16:17.500000+00:00,combi,Sitting,Sitting
2024-11-13 16:17:17.500000+00:00,combi,Sitting,Sitting
2024-11-13 16:18:17.500000+00:00,combi,Sitting,Sitting
2024-11-13 16:19:17.500000+00:00,combi,Sitting,Sitting
2024-11-13 16:20:17.500000+00:00,combi,Sitting,Sitting
2024-11-13 16:21:17.500000+00:00,combi,Sitting,Sitting
2024-11-13 16:22:17.500000+00:00,combi,Sitting,Sitting
2024-11-13 16:23:17.500000+00:00,combi,Sitting,Sitting
2024-11-13 16:24:17.500000+00:00,combi,Sitting,Sitting
2024-11-13 16:25:17.500000+00:00,combi,Sitting,Sitting
2024-11-13 16:26:17.500000+00:00,combi,Sitting,Sitting
2024-11-13 16:27:17.500000+00:00,combi,Sitting,Sitting
2024-11-13 16:28:17.500000+00:00,combi,Sitting,Sitting
2024-11-13 16:29:17.500000+00:00,combi,Sitting,Sitting
2024-11-13 16:30:17.500000+00:00,combi,Sitting,Sitting
2024-11-13 16:31:17.500000+00:00,combi,Sitting,Sitting
2024-11-13 16:32:17.500000+00:00,combi,Sitting,Sitting
2024-11-13 16:33:17.500000+00:00,combi,Sitting,Sitting
2024-11-13 16:34:17.500000+00:00,combi,Sitting,Sitting
2024-11-13 16:35:17.500000+00:00,combi,Sitting,Sitting
2024-11-13 16:36:17.500000+00:00,combi,Sitting,Sitting
2024-11-13 16:37:17.500000+00:00,combi,Sitting,Sitting
2024-11-13 16:38:17.500000+00:00,combi,Sitting,Sitting
2024-11-13 16:39:17.500000+00:00,combi,Sitting,Sitting
2024-11-13 16:40:17.500000+00:00,combi,Sitting,Sitting
2024-11-13 16:41:17.500000+00:00,combi,Standing,Standing
2024-11-13 16:42:17.500000+00:00,combi,Sitting,Sitting
2024-11-13 16:43:17.500000+00:00,combi,Sitting,Sitting
2024-11-13 16:44:17.500000+00:00,combi,Sitting,Sitting
2024-11-13 16:45:17.500000+00:00,combi,Sitting,Sitting
2024-11-13 16:46:17.500000+00:00,combi,Sitting,Sitting
2024-11-13 16:47:17.500000+00:00,combi,Sitting,Sitting
2024-11-13 16:48:17.500000+00:00,combi,Sitting,Sitting
2024-11-13 16:49:17.500000+00:00,combi,Standing,Dynamic
2024-11-13 16:50:17.500000+00:00,combi,Sitting,Sitting
2024-11-13 16:51:17.500000+00:00,combi,Standing,Dynamic
2024-11-13 16:52:17.500000+00:00,combi,Standing,Dynamic
2024-11-13 16:53:17.500000+00:00,combi,Sitting,Sitting
2024-11-13 16:54:17.500000+00:00,combi,Sitting,Sitting
2024-11-13 16:55:17.500000+00:00,combi,Standing,Dynamic
2024-11-13 16:56:17.500000+00:00,combi,Sitting,Sitting
2024-11-13 16:57:17.500000+00:00,combi,Sitting,Sitting
2024-11-13 16:58:17.500000+00:00,combi,Sitting,Sitting
2024-11-13 16:59:17.500000+00:00,combi,Sitting,Sitting
2024-11-13 17:00:17.500000+00:00,combi,Sitting,Sitting
2024-11-13 17:01:17.500000+00:00,combi,Sitting,Sitting
2024-11-13 17:02:17.500000+00:00,combi,Sitting,Sitting
2024-11-13 17:03:17.500000+00:00,combi,Sitting,Sitting
2024-11-13 17:04:17.500000+00:00,combi,Sitting,Sitting
2024-11-13 17:05:17.500000+00:00,combi,Sitting,Sitting
2024-11-13 17:06:17.500000+00:00,combi,Sitting,Sitting
2024-11-13 17:07:17.500000+00:00,combi,Sitting,Sitting
2024-11-13 17:08:17.500000+00:00,combi,Sitting,Sitting
2024-11-13 17:09:17.500000+00:00,combi,Sitting,Sitting
2024-11-13 17:10:17.500000+00:00,combi,Sitting,Sitting
2024-11-13 17:11:17.500000+00:00,combi,Sitting,Sitting
2024-11-13 17:12:17.500000+00:00,combi,Sitting,Sitting
2024-11-13 17:13:17.500000+00:00,combi,Sitting,Dynamic
2024-11-13 17:14:17.500000+00:00,combi,Standing,Dynamic
2024-11-13 17:15:17.500000+00:00,combi,Standing,Standing
2024-11-13 17:16:17.500000+00:00,combi,Standing,Standing
2024-11-13 17:17:17.500000+00:00,combi,Standing,Standing
2024-11-13 17:18:17.500000+00:00,combi,Standing,Dynamic
2024-11-13 17:19:17.500000+00:00,combi,Sitting,Sitting
2024-11-13 17:20:17.500000+00:00,combi,Sitting,Sitting
2024-11-13 17:21:17.500000+00:00,combi,Sitting,Dynamic
2024-11-13 17:22:17.500000+00:00,combi,Sitting,Sitting
2024-11-13 17:23:17.500000+00:00,combi,Sitting,Sitting
2024-11-13 17:24:17.500000+00:00,combi,Sitting,Sitting
2024-11-13 17:25:17.500000+00:00,combi,Sitting,Sitting
2024-11-13 17:26:17.500000+00:00,combi,Sitting,Sitting
2024-11-13 17:27:17.500000+00:00,combi,Sitting,Sitting
2024-11-13 17:28:17.500000+00:00,combi,Sitting,Sitting
2024-11-13 17:29:17.500000+00:00,combi,Sitting,Sitting
2024-11-13 17:30:17.500000+00:00,combi,Sitting,Sitting
2024-11-13 17:31:17.500000+00:00,combi,Sitting,Sitting
2024-11-13 17:32:17.500000+00:00,combi,Sitting,Sitting
2024-11-13 17:33:17.500000+00:00,combi,Sitting,Sitting
2024-11-13 17:34:17.500000+00:00,combi,Sitting,Sitting
2024-11-13 17:35:17.500000+00:00,combi,Sitting,Sitting
2024-11-13 17:36:17.500000+00:00,combi,Sitting,Sitting
2024-11-13 17:37:17.500000+00:00,combi,Sitting,Sitting
2024-11-13 17:38:17.500000+00:00,combi,Sitting,Sitting
2024-11-13 17:39:17.500000+00:00,combi,Sitting,Sitting
2024-11-13 17:40:17.500000+00:00,combi,Sitting,Sitting
2024-11-13 17:41:17.500000+00:00,combi,Sitting,Sitting
2024-11-13 17:42:17.500000+00:00,combi,Sitting,Sitting
2024-11-13 17:43:17.500000+00:00,combi,Sitting,Sitting
2024-11-13 17:44:17.500000+00:00,combi,Sitting,Sitting
2024-11-13 17:45:17.500000+00:00,combi,Sitting,Sitting
2024-11-13 17:46:17.500000+00:00,combi,Sitting,Sitting
2024-11-13 17:47:17.500000+00:00,combi,Sitting,Sitting
2024-11-13 17:48:17.500000+00:00,combi,Sitting,Sitting
2024-11-13 17:49:17.500000+00:00,combi,Sitting,Sitting
2024-11-13 17:50:17.500000+00:00,combi,Sitting,Sitting
2024-11-13 17:51:17.500000+00:00,combi,Sitting,Sitting
2024-11-13 17:52:17.500000+00:00,combi,Sitting,Sitting
2024-11-13 17:53:17.500000+00:00,combi,Sitting,Sitting
2024-11-13 17:54:17.500000+00:00,combi,Sitting,Sitting
2024-11-13 17:55:17.500000+00:00,combi,Sitting,Sitting
2024-11-13 17:56:17.500000+00:00,combi,Sitting,Sitting
2024-11-13 17:57:17.500000+00:00,combi,Sitting,Sitting
2024-11-13 17:58:17.500000+00:00,combi,Sitting,Sitting
2024-11-13 17:59:17.500000+00:00,combi,Sitting,Sitting
2024-11-13 18:00:17.500000+00:00,combi,Standing,Standing
2024-11-13 18:01:17.500000+00:00,combi,Sitting,Sitting
2024-11-13 18:02:17.500000+00:00,combi,Sitting,Sitting
2024-11-13 18:03:17.500000+00:00,combi,Sitting,Dynamic
2024-11-13 18:04:17.500000+00:00,combi,Sitting,Sitting
2024-11-13 18:05:17.500000+00:00,combi,Sitting,Sitting
2024-11-13 18:06:17.500000+00:00,combi,Sitting,Sitting
2024-11-13 18:07:17.500000+00:00,combi,Sitting,Sitting
2024-11-13 18:08:17.500000+00:00,combi,Sitting,Sitting
2024-11-13 18:09:17.500000+00:00,combi,Sitting,Sitting
2024-11-13 18:10:17.500000+00:00,combi,Sitting,Sitting
2024-11-13 18:11:17.500000+00:00,combi,Sitting,Sitting
2024-11-13 18:12:17.500000+00:00,combi,Sitting,Sitting
2024-11-13 18:13:17.500000+00:00,combi,Sitting,Sitting
2024-11-13 18:14:17.500000+00:00,combi,Sitting,Dynamic
2024-11-13 18:15:17.500000+00:00,combi,Standing,Standing
2024-11-13 18:16:17.500000+00:00,combi,Sitting,Sitting
2024-11-13 18:17:17.500000+00:00,combi,Sitting,Sitting
2024-11-13 18:18:17.500000+00:00,combi,Sitting,Sitting
2024-11-13 18:19:17.500000+00:00,combi,Sitting,Sitting
2024-11-13 18:20:17.500000+00:00,combi,Sitting,Sitting
2024-11-13 18:21:17.500000+00:00,combi,Sitting,Sitting
2024-11-13 18:22:17.500000+00:00,combi,Sitting,Sitting
2024-11-13 18:23:17.500000+00:00,combi,Sitting,Sitting
2024-11-13 18:24:17.500000+00:00,combi,Sitting,Sitting
2024-11-13 18:25:17.500000+00:00,combi,Sitting,Sitting
2024-11-13 18:26:17.500000+00:00,combi,Sitting,Sitting
2024-11-13 18:27:17.500000+00:00,combi,Sitting,Sitting
2024-11-13 18:28:17.500000+00:00,combi,Sitting,Dynamic
2024-11-13 18:29:17.500000+00:00,combi,Sitting,Sitting
2024-11-13 18:30:17.500000+00:00,combi,Sitting,Sitting
2024-11-13 18:31:17.500000+00:00,combi,Sitting,Sitting
2024-11-13 18:32:17.500000+00:00,combi,Sitting,Sitting
2024-11-13 18:33:17.500000+00:00,combi,Sitting,Sitting
2024-11-13 18:34:17.500000+00:00,combi,Standing,Standing
2024-11-13 18:35:17.500000+00:00,combi,Sitting,Sitting
2024-11-13 18:36:17.500000+00:00,combi,Sitting,Sitting
2024-11-13 18:37:17.500000+00:00,combi,Sitting,Sitting
2024-11-13 18:38:17.500000+00:00,combi,Sitting,Sitting
2024-11-13 18:39:17.500000+00:00,combi,Sitting,Sitting
2024-11-13 18:40:17.500000+00:00,combi,Standing,Dynamic
2024-11-13 18:41:17.500000+00:00,combi,Standing,Dynamic
2024-11-13 18:42:17.500000+00:00,combi,Standing,Dynamic
2024-11-13 18:43:17.500000+00:00,combi,Sitting,Sitting
2024-11-13 18:44:17.500000+00:00,combi,Sitting,Sitting
2024-11-13 18:45:17.500000+00:00,combi,Sitting,Sitting
2024-11-13 18:46:17.500000+00:00,combi,Standing,Dynamic
2024-11-13 18:47:17.500000+00:00,combi,Sitting,Sitting
2024-11-13 18:48:17.500000+00:00,combi,Sitting,Sitting
2024-11-13 18:49:17.500000+00:00,combi,Sitting,Sitting
2024-11-13 18:50:17.500000+00:00,combi,Sitting,Sitting
2024-11-13 18:51:17.500000+00:00,combi,Sitting,Sitting
2024-11-13 18:52:17.500000+00:00,combi,Sitting,Sitting
2024-11-13 18:53:17.500000+00:00,combi,Sitting,Sitting
2024-11-13 18:54:17.500000+00:00,combi,Sitting,Sitting
2024-11-13 18:55:17.500000+00:00,combi,Sitting,Sitting
2024-11-13 18:56:17.500000+00:00,combi,Sitting,Sitting
2024-11-13 18:57:17.500000+00:00,combi,Sitting,Sitting
2024-11-13 18:58:17.500000+00:00,combi,Sitting,Sitting
2024-11-13 18:59:17.500000+00:00,combi,Sitting,Sitting
2024-11-13 19:00:17.500000+00:00,combi,Sitting,Sitting
2024-11-13 19:01:17.500000+00:00,combi,Sitting,Sitting
2024-11-13 19:02:17.500000+00:00,combi,Sitting,Sitting
2024-11-13 19:03:17.500000+00:00,combi,Sitting,Sitting
2024-11-13 19:04:17.500000+00:00,combi,Sitting,Sitting
2024-11-13 19:05:17.500000+00:00,combi,Sitting,Sitting
2024-11-13 19:06:17.500000+00:00,combi,Sitting,Sitting
2024-11-13 19:07:17.500000+00:00,combi,Sitting,Sitting
2024-11-13 19:08:17.500000+00:00,combi,Sitting,Sitting
2024-11-13 19:09:17.500000+00:00,combi,Sitting,Sitting
2024-11-13 19:10:17.500000+00:00,combi,Sitting,Sitting
2024-11-13 19:11:17.500000+00:00,combi,Sitting,Sitting
2024-11-13 19:12:17.500000+00:00,combi,Sitting,Sitting
2024-11-13 19:13:17.500000+00:00,combi,Sitting,Sitting
2024-11-13 19:14:17.500000+00:00,combi,Sitting,Sitting
2024-11-13 19:15:17.500000+00:00,combi,Sitting,Sitting
2024-11-13 19:16:17.500000+00:00,combi,Sitting,Sitting
2024-11-13 19:17:17.500000+00:00,combi,Sitting,Sitting
2024-11-13 19:18:17.500000+00:00,combi,Sitting,Sitting
2024-11-13 19:19:17.500000+00:00,combi,Sitting,Sitting
2024-11-13 19:20:17.500000+00:00,combi,Sitting,Sitting
2024-11-13 19:21:17.500000+00:00,combi,Sitting,Sitting
2024-11-13 19:22:17.500000+00:00,combi,Sitting,Sitting
2024-11-13 19:23:17.500000+00:00,combi,Sitting,Sitting
2024-11-13 19:24:17.500000+00:00,combi,Sitting,Sitting
2024-11-13 19:25:17.500000+00:00,combi,Standing,Dynamic
2024-11-13 19:26:17.500000+00:00,combi,Sitting,Dynamic
2024-11-13 19:27:17.500000+00:00,combi,Standing,Dynamic
2024-11-13 19:28:17.500000+00:00,combi,Standing,Standing
2024-11-13 19:29:17.500000+00:00,combi,Standing,Standing
2024-11-13 19:30:17.500000+00:00,combi,Standing,Standing
2024-11-13 19:31:17.500000+00:00,combi,Standing,Dynamic
2024-11-13 19:32:17.500000+00:00,combi,Sitting,Sitting
2024-11-13 19:33:17.500000+00:00,combi,Sitting,Sitting
2024-11-13 19:34:17.500000+00:00,combi,Sitting,Sitting
2024-11-13 19:35:17.500000+00:00,combi,Sitting,Sitting
2024-11-13 19:36:17.500000+00:00,combi,Sitting,Sitting
2024-11-13 19:37:17.500000+00:00,combi,Sitting,Sitting
2024-11-13 19:38:17.500000+00:00,combi,Sitting,Sitting
2024-11-13 19:39:17.500000+00:00,combi,Sitting,Sitting
2024-11-13 19:40:17.500000+00:00,combi,Sitting,Sitting
2024-11-13 19:41:17.500000+00:00,combi,Sitting,Sitting
2024-11-13 19:42:17.500000+00:00,combi,Sitting,Sitting
2024-11-13 19:43:17.500000+00:00,combi,Sitting,Sitting
2024-11-13 19:44:17.500000+00:00,combi,Sitting,Sitting
2024-11-13 19:45:17.500000+00:00,combi,Sitting,Sitting
2024-11-13 19:46:17.500000+00:00,combi,Sitting,Sitting
2024-11-13 19:47:17.500000+00:00,combi,Sitting,Sitting
2024-11-13 19:48:17.500000+00:00,combi,Sitting,Sitting
2024-11-13 19:49:17.500000+00:00,combi,Sitting,Sitting
2024-11-13 19:50:17.500000+00:00,combi,Sitting,Sitting
2024-11-13 19:51:17.500000+00:00,combi,Sitting,Sitting
2024-11-13 19:52:17.500000+00:00,combi,Sitting,Sitting
2024-11-13 19:53:17.500000+00:00,combi,Sitting,Sitting
2024-11-13 19:54:17.500000+00:00,combi,Sitting,Sitting
2024-11-13 19:55:17.500000+00:00,combi,Sitting,Sitting
2024-11-13 19:56:17.500000+00:00,combi,Sitting,Sitting
2024-11-13 19:57:17.500000+00:00,combi,Sitting,Sitting
2024-11-13 19:58:17.500000+00:00,combi,Sitting,Sitting
2024-11-13 19:59:17.500000+00:00,combi,Sitting,Sitting
2024-11-13 20:00:17.500000+00:00,combi,Sitting,Sitting
2024-11-13 20:01:17.500000+00:00,combi,Sitting,Sitting
2024-11-13 20:02:17.500000+00:00,combi,Sitting,Sitting
2024-11-13 20:03:17.500000+00:00,combi,Sitting,Sitting
2024-11-13 20:04:17.500000+00:00,combi,Sitting,Sitting
2024-11-13 20:05:17.500000+00:00,combi,Sitting,Sitting
2024-11-13 20:06:17.500000+00:00,combi,Sitting,Sitting
2024-11-13 20:07:17.500000+00:00,combi,Sitting,Sitting
2024-11-13 20:08:17.500000+00:00,combi,Sitting,Sitting
2024-11-13 20:09:17.500000+00:00,combi,Sitting,Sitting
2024-11-13 20:10:17.500000+00:00,combi,Sitting,Sitting
2024-11-13 20:11:17.500000+00:00,combi,Sitting,Sitting
2024-11-13 20:12:17.500000+00:00,combi,Sitting,Sitting
2024-11-13 20:13:17.500000+00:00,combi,Sitting,Sitting
2024-11-13 20:14:17.500000+00:00,combi,Sitting,Sitting
2024-11-13 20:15:17.500000+00:00,combi,Sitting,Sitting
2024-11-13 20:16:17.500000+00:00,combi,Sitting,Sitting
2024-11-13 20:17:17.500000+00:00,combi,Sitting,Sitting
2024-11-13 20:18:17.500000+00:00,combi,Sitting,Sitting
2024-11-13 20:19:17.500000+00:00,combi,Sitting,Sitting
2024-11-13 20:20:17.500000+00:00,combi,Sitting,Sitting
2024-11-13 20:21:17.500000+00:00,combi,Sitting,Sitting
2024-11-13 20:22:17.500000+00:00,combi,Sitting,Sitting
2024-11-13 20:23:17.500000+00:00,combi,Sitting,Sitting
2024-11-13 20:24:17.500000+00:00,combi,Sitting,Sitting
2024-11-13 20:25:17.500000+00:00,combi,Sitting,Sitting
2024-11-13 20:26:17.500000+00:00,combi,Sitting,Sitting
2024-11-13 20:27:17.500000+00:00,combi,Sitting,Sitting
2024-11-13 20:28:17.500000+00:00,combi,Sitting,Sitting
2024-11-13 20:29:17.500000+00:00,combi,Sitting,Sitting
2024-11-13 20:30:17.500000+00:00,combi,Sitting,Sitting
2024-11-13 20:31:17.500000+00:00,combi,Sitting,Sitting
2024-11-13 20:32:17.500000+00:00,combi,Sitting,Sitting
2024-11-13 20:33:17.500000+00:00,combi,Sitting,Sitting
2024-11-13 20:34:17.500000+00:00,combi,Sitting,Sitting
2024-11-13 20:35:17.500000+00:00,combi,Sitting,Sitting
2024-11-13 20:36:17.500000+00:00,combi,Sitting,Sitting
2024-11-13 20:37:17.500000+00:00,combi,Sitting,Sitting
2024-11-13 20:38:17.500000+00:00,combi,Sitting,Sitting
2024-11-13 20:39:17.500000+00:00,combi,Sitting,Sitting
2024-11-13 20:40:17.500000+00:00,combi,Sitting,Sitting
2024-11-13 20:41:17.500000+00:00,combi,Sitting,Sitting
2024-11-13 20:42:17.500000+00:00,combi,Sitting,Sitting
2024-11-13 20:43:17.500000+00:00,combi,Sitting,Sitting
2024-11-13 20:44:17.500000+00:00,combi,Sitting,Sitting
2024-11-13 20:45:17.500000+00:00,combi,Sitting,Sitting
2024-11-13 20:46:17.500000+00:00,combi,Sitting,Sitting
2024-11-13 20:47:17.500000+00:00,combi,Sitting,Sitting
2024-11-13 20:48:17.500000+00:00,combi,Sitting,Sitting
2024-11-13 20:49:17.500000+00:00,combi,Sitting,Sitting
2024-11-13 20:50:17.500000+00:00,combi,Sitting,Sitting
2024-11-13 20:51:17.500000+00:00,combi,Sitting,Sitting
2024-11-13 20:52:17.500000+00:00,combi,Sitting,Sitting
2024-11-13 20:53:17.500000+00:00,combi,Sitting,Sitting
2024-11-13 20:54:17.500000+00:00,combi,Sitting,Sitting
2024-11-13 20:55:17.500000+00:00,combi,Sitting,Sitting
2024-11-13 20:56:17.500000+00:00,combi,Sitting,Sitting
2024-11-13 20:57:17.500000+00:00,combi,Sitting,Sitting
2024-11-13 20:58:17.500000+00:00,combi,Sitting,Sitting
2024-11-13 20:59:17.500000+00:00,combi,Sitting,Sitting
2024-11-13 21:00:17.500000+00:00,combi,Sitting,Sitting
2024-11-13 21:01:17.500000+00:00,combi,Sitting,Sitting
2024-11-13 21:02:17.500000+00:00,combi,Sitting,Sitting
2024-11-13 21:03:17.500000+00:00,combi,Sitting,Sitting
2024-11-13 21:04:17.500000+00:00,combi,Sitting,Sitting
2024-11-13 21:05:17.500000+00:00,combi,Sitting,Sitting
2024-11-13 21:06:17.500000+00:00,combi,Sitting,Sitting
2024-11-13 21:07:17.500000+00:00,combi,Sitting,Sitting
2024-11-13 21:08:17.500000+00:00,combi,Sitting,Sitting
2024-11-13 21:09:17.500000+00:00,combi,Sitting,Sitting
2024-11-13 21:10:17.500000+00:00,combi,Sitting,Sitting
2024-11-13 21:11:17.500000+00:00,combi,Sitting,Sitting
2024-11-13 21:12:17.500000+00:00,combi,Sitting,Sitting
2024-11-13 21:13:17.500000+00:00,combi,Sitting,Sitting
2024-11-13 21:14:17.500000+00:00,combi,Standing,Dynamic
2024-11-13 21:15:17.500000+00:00,combi,Sitting,Sitting
2024-11-13 21:16:17.500000+00:00,combi,Sitting,Sitting
2024-11-13 21:17:17.500000+00:00,combi,Lying,Dynamic
2024-11-13 21:18:17.500000+00:00,combi,Sitting,Dynamic
2024-11-13 21:19:17.500000+00:00,combi,Standing,Standing
2024-11-13 21:20:17.500000+00:00,combi,Sitting,Sitting
2024-11-13 21:21:17.500000+00:00,combi,Sitting,Sitting
2024-11-13 21:22:17.500000+00:00,combi,Sitting,Sitting
2024-11-13 21:23:17.500000+00:00,combi,Sitting,Standing
2024-11-13 21:24:17.500000+00:00,combi,Sitting,Sitting
2024-11-13 21:25:17.500000+00:00,combi,Sitting,Sitting
2024-11-13 21:26:17.500000+00:00,combi,Sitting,Dynamic
2024-11-13 21:27:17.500000+00:00,combi,Sitting,Sitting
2024-11-13 21:28:17.500000+00:00,combi,Sitting,Sitting
2024-11-13 21:29:17.500000+00:00,combi,Sitting,Sitting
2024-11-13 21:30:17.500000+00:00,combi,Sitting,Sitting
2024-11-13 21:31:17.500000+00:00,combi,Sitting,Sitting
2024-11-13 21:32:17.500000+00:00,combi,Sitting,Sitting
2024-11-13 21:33:17.500000+00:00,combi,Sitting,Sitting
2024-11-13 21:34:17.500000+00:00,combi,Sitting,Sitting
2024-11-13 21:35:17.500000+00:00,combi,Sitting,Sitting
2024-11-13 21:36:17.500000+00:00,combi,Sitting,Sitting
2024-11-13 21:37:17.500000+00:00,combi,Sitting,Sitting
2024-11-13 21:38:17.500000+00:00,combi,Sitting,Sitting
2024-11-13 21:39:17.500000+00:00,combi,Sitting,Sitting
2024-11-13 21:40:17.500000+00:00,combi,Sitting,Sitting
2024-11-13 21:41:17.500000+00:00,combi,Sitting,Sitting
2024-11-13 21:42:17.500000+00:00,combi,Sitting,Sitting
2024-11-13 21:43:17.500000+00:00,combi,Sitting,Sitting
2024-11-13 21:44:17.500000+00:00,combi,Sitting,Sitting
2024-11-13 21:45:17.500000+00:00,combi,Sitting,Sitting
2024-11-13 21:46:17.500000+00:00,combi,Sitting,Sitting
2024-11-13 21:47:17.500000+00:00,combi,Sitting,Sitting
2024-11-13 21:48:17.500000+00:00,combi,Sitting,Sitting
2024-11-13 21:49:17.500000+00:00,combi,Sitting,Sitting
2024-11-13 21:50:17.500000+00:00,combi,Sitting,Sitting
2024-11-13 21:51:17.500000+00:00,combi,Sitting,Sitting
2024-11-13 21:52:17.500000+00:00,combi,Sitting,Sitting
2024-11-13 21:53:17.500000+00:00,combi,Sitting,Sitting
2024-11-13 21:54:17.500000+00:00,combi,Sitting,Sitting
2024-11-13 21:55:17.500000+00:00,combi,Sitting,Sitting
2024-11-13 21:56:17.500000+00:00,combi,Sitting,Sitting
2024-11-13 21:57:17.500000+00:00,combi,Sitting,Sitting
2024-11-13 21:58:17.500000+00:00,combi,Sitting,Sitting
2024-11-13 21:59:17.500000+00:00,combi,Sitting,Sitting
2024-11-13 22:00:17.500000+00:00,combi,Sitting,Sitting
2024-11-13 22:01:17.500000+00:00,combi,Sitting,Sitting
2024-11-13 22:02:17.500000+00:00,combi,Sitting,Sitting
2024-11-13 22:03:17.500000+00:00,combi,Sitting,Sitting
2024-11-13 22:04:17.500000+00:00,combi,Sitting,Sitting
2024-11-13 22:05:17.500000+00:00,combi,Sitting,Sitting
2024-11-13 22:06:17.500000+00:00,combi,Sitting,Sitting
2024-11-13 22:07:17.500000+00:00,combi,Sitting,Sitting
2024-11-13 22:08:17.500000+00:00,combi,Sitting,Sitting
2024-11-13 22:09:17.500000+00:00,combi,Sitting,Sitting
2024-11-13 22:10:17.500000+00:00,combi,Sitting,Sitting
2024-11-13 22:11:17.500000+00:00,combi,Sitting,Sitting
2024-11-13 22:12:17.500000+00:00,combi,Sitting,Sitting
2024-11-13 22:13:17.500000+00:00,combi,Sitting,Sitting
2024-11-13 22:14:17.500000+00:00,combi,Sitting,Sitting
2024-11-13 22:15:17.500000+00:00,combi,Sitting,Sitting
2024-11-13 22:16:17.500000+00:00,combi,Sitting,Sitting
2024-11-13 22:17:17.500000+00:00,combi,Sitting,Sitting
2024-11-13 22:18:17.500000+00:00,combi,Sitting,Sitting
2024-11-13 22:19:17.500000+00:00,combi,Sitting,Sitting
2024-11-13 22:20:17.500000+00:00,combi,Sitting,Sitting
2024-11-13 22:21:17.500000+00:00,combi,Sitting,Sitting
2024-11-13 22:22:17.500000+00:00,combi,Sitting,Sitting
2024-11-13 22:23:17.500000+00:00,combi,Sitting,Sitting
2024-11-13 22:24:17.500000+00:00,combi,Sitting,Sitting
2024-11-13 22:25:17.500000+00:00,combi,Sitting,Sitting
2024-11-13 22:26:17.500000+00:00,combi,Sitting,Sitting
2024-11-13 22:27:17.500000+00:00,combi,Sitting,Sitting
2024-11-13 22:28:17.500000+00:00,combi,Sitting,Sitting
2024-11-13 22:29:17.500000+00:00,combi,Sitting,Sitting
2024-11-13 22:30:17.500000+00:00,combi,Sitting,Sitting
2024-11-13 22:31:17.500000+00:00,combi,Sitting,Sitting
2024-11-13 22:32:17.500000+00:00,combi,Sitting,Sitting
2024-11-13 22:33:17.500000+00:00,combi,Sitting,Sitting
2024-11-13 22:34:17.500000+00:00,combi,Sitting,Sitting
2024-11-13 22:35:17.500000+00:00,combi,Sitting,Sitting
2024-11-13 22:36:17.500000+00:00,combi,Sitting,Sitting
2024-11-13 22:37:17.500000+00:00,combi,Sitting,Sitting
2024-11-13 22:38:17.500000+00:00,combi,Sitting,Sitting
2024-11-13 22:39:17.500000+00:00,combi,Sitting,Sitting
2024-11-13 22:40:17.500000+00:00,combi,Sitting,Sitting
2024-11-13 22:41:17.500000+00:00,combi,Sitting,Sitting
2024-11-13 22:42:17.500000+00:00,combi,Sitting,Sitting
2024-11-13 22:43:17.500000+00:00,combi,Sitting,Sitting
2024-11-13 22:44:17.500000+00:00,combi,Sitting,Sitting
2024-11-13 22:45:17.500000+00:00,combi,Sitting,Sitting
2024-11-13 22:46:17.500000+00:00,combi,Sitting,Sitting
2024-11-13 22:47:17.500000+00:00,combi,Sitting,Sitting
2024-11-13 22:48:17.500000+00:00,combi,Sitting,Sitting
2024-11-13 22:49:17.500000+00:00,combi,Sitting,Sitting
2024-11-13 22:50:17.500000+00:00,combi,Sitting,Sitting
2024-11-13 22:51:17.500000+00:00,combi,Sitting,Sitting
2024-11-13 22:52:17.500000+00:00,combi,Sitting,Sitting
2024-11-13 22:53:17.500000+00:00,combi,Sitting,Sitting
2024-11-13 22:54:17.500000+00:00,combi,Sitting,Sitting
2024-11-13 22:55:17.500000+00:00,combi,Sitting,Sitting
2024-11-13 22:56:17.500000+00:00,combi,Sitting,Sitting
2024-11-13 22:57:17.500000+00:00,combi,Sitting,Sitting
2024-11-13 22:58:17.500000+00:00,combi,Standing,Dynamic
2024-11-13 22:59:17.500000+00:00,combi,Lying,Dynamic
2024-11-13 23:00:17.500000+00:00,combi,Sitting,Sitting
2024-11-13 23:01:17.500000+00:00,combi,Sitting,Sitting
2024-11-13 23:02:17.500000+00:00,combi,Sitting,Sitting
2024-11-13 23:03:17.500000+00:00,combi,Sitting,Sitting
2024-11-13 23:04:17.500000+00:00,combi,Sitting,Sitting
2024-11-13 23:05:17.500000+00:00,combi,Sitting,Sitting
2024-11-13 23:06:17.500000+00:00,combi,Sitting,Sitting
2024-11-13 23:07:17.500000+00:00,combi,Lying,Lying
2024-11-13 23:08:17.500000+00:00,combi,Lying,Lying
2024-11-13 23:09:17.500000+00:00,combi,Lying,Lying
2024-11-13 23:10:17.500000+00:00,combi,Lying,Lying
2024-11-13 23:11:17.500000+00:00,combi,Lying,Lying
2024-11-13 23:12:17.500000+00:00,combi,Lying,Lying
2024-11-13 23:13:17.500000+00:00,combi,Lying,Lying
2024-11-13 23:14:17.500000+00:00,combi,Lying,Lying
2024-11-13 23:15:17.500000+00:00,combi,Lying,Lying
2024-11-13 23:16:17.500000+00:00,combi,Lying,Lying
2024-11-13 23:17:17.500000+00:00,combi,Lying,Lying
2024-11-13 23:18:17.500000+00:00,combi,Lying,Lying
2024-11-13 23:19:17.500000+00:00,combi,Lying,Lying
2024-11-13 23:20:17.500000+00:00,combi,Lying,Lying
2024-11-13 23:21:17.500000+00:00,combi,Lying,Lying
2024-11-13 23:22:17.500000+00:00,combi,Lying,Lying
2024-11-13 23:23:17.500000+00:00,combi,Lying,Lying
2024-11-13 23:24:17.500000+00:00,combi,Lying,Lying
2024-11-13 23:25:17.500000+00:00,combi,Lying,Lying
2024-11-13 23:26:17.500000+00:00,combi,Lying,Lying
2024-11-13 23:27:17.500000+00:00,combi,Lying,Lying
2024-11-13 23:28:17.500000+00:00,combi,Lying,Lying
2024-11-13 23:29:17.500000+00:00,combi,Lying,Lying
2024-11-13 23:30:17.500000+00:00,combi,Lying,Lying
2024-11-13 23:31:17.500000+00:00,combi,Lying,Lying
2024-11-13 23:32:17.500000+00:00,combi,Lying,Lying
2024-11-13 23:33:17.500000+00:00,combi,Lying,Lying
2024-11-13 23:34:17.500000+00:00,combi,Lying,Lying
2024-11-13 23:35:17.500000+00:00,combi,Lying,Lying
2024-11-13 23:36:17.500000+00:00,combi,Lying,Lying
2024-11-13 23:37:17.500000+00:00,combi,Lying,Lying
2024-11-13 23:38:17.500000+00:00,combi,Lying,Lying
2024-11-13 23:39:17.500000+00:00,combi,Lying,Lying
2024-11-13 23:40:17.500000+00:00,combi,Lying,Lying
2024-11-13 23:41:17.500000+00:00,combi,Lying,Lying
2024-11-13 23:42:17.500000+00:00,combi,Lying,Lying
2024-11-13 23:43:17.500000+00:00,combi,Lying,Lying
2024-11-13 23:44:17.500000+00:00,combi,Lying,Lying
2024-11-13 23:45:17.500000+00:00,combi,Lying,Lying
2024-11-13 23:46:17.500000+00:00,combi,Lying,Lying
2024-11-13 23:47:17.500000+00:00,combi,Lying,Lying
2024-11-13 23:48:17.500000+00:00,combi,Lying,Lying
2024-11-13 23:49:17.500000+00:00,combi,Lying,Lying
2024-11-13 23:50:17.500000+00:00,combi,Lying,Lying
2024-11-13 23:51:17.500000+00:00,combi,Lying,Lying
2024-11-13 23:52:17.500000+00:00,combi,Lying,Lying
2024-11-13 23:53:17.500000+00:00,combi,Lying,Lying
2024-11-13 23:54:17.500000+00:00,combi,Lying,Lying
2024-11-13 23:55:17.500000+00:00,combi,Lying,Lying
2024-11-13 23:56:17.500000+00:00,combi,Lying,Lying
2024-11-13 23:57:17.500000+00:00,combi,Lying,Lying
2024-11-13 23:58:17.500000+00:00,combi,Lying,Lying
2024-11-13 23:59:17.500000+00:00,combi,Lying,Lying
2024-11-14 00:00:17.500000+00:00,combi,Lying,Lying
2024-11-14 00:01:17.500000+00:00,combi,Lying,Lying
2024-11-14 00:02:17.500000+00:00,combi,Lying,Lying
2024-11-14 00:03:17.500000+00:00,combi,Lying,Lying
2024-11-14 00:04:17.500000+00:00,combi,Lying,Lying
2024-11-14 00:05:17.500000+00:00,combi,Lying,Lying
2024-11-14 00:06:17.500000+00:00,combi,Lying,Lying
2024-11-14 00:07:17.500000+00:00,combi,Lying,Lying
2024-11-14 00:08:17.500000+00:00,combi,Lying,Lying
2024-11-14 00:09:17.500000+00:00,combi,Lying,Lying
2024-11-14 00:10:17.500000+00:00,combi,Lying,Lying
2024-11-14 00:11:17.500000+00:00,combi,Lying,Lying
2024-11-14 00:12:17.500000+00:00,combi,Lying,Lying
2024-11-14 00:13:17.500000+00:00,combi,Lying,Lying
2024-11-14 00:14:17.500000+00:00,combi,Lying,Lying
2024-11-14 00:15:17.500000+00:00,combi,Lying,Lying
2024-11-14 00:16:17.500000+00:00,combi,Lying,Lying
2024-11-14 00:17:17.500000+00:00,combi,Lying,Lying
2024-11-14 00:18:17.500000+00:00,combi,Lying,Lying
2024-11-14 00:19:17.500000+00:00,combi,Lying,Lying
2024-11-14 00:20:17.500000+00:00,combi,Lying,Lying
2024-11-14 00:21:17.500000+00:00,combi,Lying,Lying
2024-11-14 00:22:17.500000+00:00,combi,Lying,Lying
2024-11-14 00:23:17.500000+00:00,combi,Lying,Lying
2024-11-14 00:24:17.500000+00:00,combi,Lying,Lying
2024-11-14 00:25:17.500000+00:00,combi,Lying,Lying
2024-11-14 00:26:17.500000+00:00,combi,Lying,Lying
2024-11-14 00:27:17.500000+00:00,combi,Lying,Lying
2024-11-14 00:28:17.500000+00:00,combi,Lying,Lying
2024-11-14 00:29:17.500000+00:00,combi,Lying,Lying
2024-11-14 00:30:17.500000+00:00,combi,Lying,Lying
2024-11-14 00:31:17.500000+00:00,combi,Lying,Lying
2024-11-14 00:32:17.500000+00:00,combi,Lying,Lying
2024-11-14 00:33:17.500000+00:00,combi,Lying,Lying
2024-11-14 00:34:17.500000+00:00,combi,Lying,Lying
2024-11-14 00:35:17.500000+00:00,combi,Lying,Dynamic
2024-11-14 00:36:17.500000+00:00,combi,Sitting,Dynamic
2024-11-14 00:37:17.500000+00:00,combi,Sitting,Sitting
2024-11-14 00:38:17.500000+00:00,combi,Lying,Dynamic
2024-11-14 00:39:17.500000+00:00,combi,Lying,Sitting
2024-11-14 00:40:17.500000+00:00,combi,Sitting,Dynamic
