Time,Participant,Majority_postures,Majority_including_dynamic
2024-10-31 10:37:29.500000+00:00,combi,Standing,Standing
2024-10-31 10:38:29.500000+00:00,combi,Standing,Standing
2024-10-31 10:39:29.500000+00:00,combi,Standing,Standing
2024-10-31 10:40:29.500000+00:00,combi,Standing,Standing
2024-10-31 10:41:29.500000+00:00,combi,Standing,Standing
2024-10-31 10:42:29.500000+00:00,combi,Standing,Standing
2024-10-31 10:43:29.500000+00:00,combi,Standing,Standing
2024-10-31 10:44:29.500000+00:00,combi,Standing,Standing
2024-10-31 10:45:29.500000+00:00,combi,Standing,Standing
2024-10-31 10:46:29.500000+00:00,combi,Standing,Standing
2024-10-31 10:47:29.500000+00:00,combi,Standing,Standing
2024-10-31 10:48:29.500000+00:00,combi,Standing,Standing
2024-10-31 10:49:29.500000+00:00,combi,Standing,Standing
2024-10-31 10:50:29.500000+00:00,combi,Standing,Standing
2024-10-31 10:51:29.500000+00:00,combi,Standing,Standing
2024-10-31 10:52:29.500000+00:00,combi,Standing,Standing
2024-10-31 10:53:29.500000+00:00,combi,Standing,Standing
2024-10-31 10:54:29.500000+00:00,combi,Standing,Standing
2024-10-31 10:55:29.500000+00:00,combi,Lying,Lying
2024-10-31 10:56:29.500000+00:00,combi,Lying,Lying
2024-10-31 10:57:29.500000+00:00,combi,Lying,Lying
2024-10-31 10:58:29.500000+00:00,combi,Standing,Standing
2024-10-31 10:59:29.500000+00:00,combi,Sitting,Sitting
2024-10-31 11:00:29.500000+00:00,combi,Standing,Standing
2024-10-31 11:01:29.500000+00:00,combi,Standing,Standing
2024-10-31 11:02:29.500000+00:00,combi,Standing,Standing
2024-10-31 11:03:29.500000+00:00,combi,Standing,Standing
2024-10-31 11:04:29.500000+00:00,combi,Standing,Standing
2024-10-31 11:05:29.500000+00:00,combi,Standing,Standing
2024-10-31 11:06:29.500000+00:00,combi,Standing,Standing
2024-10-31 11:07:29.500000+00:00,combi,Standing,Standing
2024-10-31 11:08:29.500000+00:00,combi,Standing,Standing
2024-10-31 11:09:29.500000+00:00,combi,Standing,Standing
2024-10-31 11:10:29.500000+00:00,combi,Standing,Standing
2024-10-31 11:11:29.500000+00:00,combi,Standing,Standing
2024-10-31 11:12:29.500000+00:00,combi,Standing,Standing
2024-10-31 11:13:29.500000+00:00,combi,Standing,Standing
2024-10-31 11:14:29.500000+00:00,combi,Standing,Standing
2024-10-31 11:15:29.500000+00:00,combi,Standing,Standing
2024-10-31 11:16:29.500000+00:00,combi,Standing,Standing
2024-10-31 11:17:29.500000+00:00,combi,Standing,Standing
2024-10-31 11:18:29.500000+00:00,combi,Lying,Lying
2024-10-31 11:19:29.500000+00:00,combi,Lying,Lying
2024-10-31 11:20:29.500000+00:00,combi,Lying,Lying
2024-10-31 11:21:29.500000+00:00,combi,Lying,Lying
2024-10-31 11:22:29.500000+00:00,combi,Lying,Lying
2024-10-31 11:23:29.500000+00:00,combi,Lying,Lying
2024-10-31 11:24:29.500000+00:00,combi,Lying,Lying
2024-10-31 11:25:29.500000+00:00,combi,Lying,Lying
2024-10-31 11:26:29.500000+00:00,combi,Lying,Lying
2024-10-31 11:27:29.500000+00:00,combi,Sitting,Sitting
2024-10-31 11:28:29.500000+00:00,combi,Sitting,Sitting
2024-10-31 11:29:29.500000+00:00,combi,Sitting,Sitting
2024-10-31 11:30:29.500000+00:00,combi,Sitting,Sitting
2024-10-31 11:31:29.500000+00:00,combi,Sitting,Sitting
2024-10-31 11:32:29.500000+00:00,combi,Sitting,Sitting
2024-10-31 11:33:29.500000+00:00,combi,Sitting,Sitting
2024-10-31 11:34:29.500000+00:00,combi,Sitting,Sitting
2024-10-31 11:35:29.500000+00:00,combi,Sitting,Sitting
2024-10-31 11:36:29.500000+00:00,combi,Sitting,Sitting
2024-10-31 11:37:29.500000+00:00,combi,Sitting,Sitting
2024-10-31 11:38:29.500000+00:00,combi,Sitting,Sitting
2024-10-31 11:39:29.500000+00:00,combi,Sitting,Sitting
2024-10-31 11:40:29.500000+00:00,combi,Sitting,Sitting
2024-10-31 11:41:29.500000+00:00,combi,Sitting,Sitting
2024-10-31 11:42:29.500000+00:00,combi,Sitting,Sitting
2024-10-31 11:43:29.500000+00:00,combi,Sitting,Sitting
2024-10-31 11:44:29.500000+00:00,combi,Sitting,Sitting
2024-10-31 11:45:29.500000+00:00,combi,Standing,Standing
2024-10-31 11:46:29.500000+00:00,combi,Sitting,Sitting
2024-10-31 11:47:29.500000+00:00,combi,Standing,Standing
2024-10-31 11:48:29.500000+00:00,combi,Standing,Standing
2024-10-31 11:49:29.500000+00:00,combi,Standing,Standing
2024-10-31 11:50:29.500000+00:00,combi,Standing,Standing
2024-10-31 11:51:29.500000+00:00,combi,Standing,Standing
2024-10-31 11:52:29.500000+00:00,combi,Standing,Standing
2024-10-31 11:53:29.500000+00:00,combi,Standing,Standing
2024-10-31 11:54:29.500000+00:00,combi,Standing,Standing
2024-10-31 11:55:29.500000+00:00,combi,Standing,Sitting
2024-10-31 11:56:29.500000+00:00,combi,Standing,Dynamic
2024-10-31 11:57:29.500000+00:00,combi,Standing,Standing
2024-10-31 11:58:29.500000+00:00,combi,Standing,Dynamic
2024-10-31 11:59:29.500000+00:00,combi,Standing,Dynamic
2024-10-31 12:00:29.500000+00:00,combi,Standing,Dynamic
2024-10-31 12:01:29.500000+00:00,combi,Standing,Standing
2024-10-31 12:02:29.500000+00:00,combi,Standing,Dynamic
2024-10-31 12:03:29.500000+00:00,combi,Lying,Dynamic
2024-10-31 12:04:29.500000+00:00,combi,Standing,Dynamic
2024-10-31 12:05:29.500000+00:00,combi,Lying,Dynamic
2024-10-31 12:06:29.500000+00:00,combi,Lying,Dynamic
2024-10-31 12:07:29.500000+00:00,combi,Lying,Dynamic
2024-10-31 12:08:29.500000+00:00,combi,Lying,Dynamic
2024-10-31 12:09:29.500000+00:00,combi,Standing,Standing
2024-10-31 12:10:29.500000+00:00,combi,Lying,Dynamic
2024-10-31 12:11:29.500000+00:00,combi,Lying,Dynamic
2024-10-31 12:12:29.500000+00:00,combi,Standing,Dynamic
2024-10-31 12:13:29.500000+00:00,combi,Standing,Dynamic
2024-10-31 12:14:29.500000+00:00,combi,Standing,Standing
2024-10-31 12:15:29.500000+00:00,combi,Standing,Standing
2024-10-31 12:16:29.500000+00:00,combi,Standing,Standing
2024-10-31 12:17:29.500000+00:00,combi,Standing,Dynamic
2024-10-31 12:18:29.500000+00:00,combi,Sitting,Sitting
2024-10-31 12:19:29.500000+00:00,combi,Sitting,Sitting
2024-10-31 12:20:29.500000+00:00,combi,Standing,Dynamic
2024-10-31 12:21:29.500000+00:00,combi,Standing,Standing
2024-10-31 12:22:29.500000+00:00,combi,Standing,Dynamic
2024-10-31 12:23:29.500000+00:00,combi,Standing,Standing
2024-10-31 12:24:29.500000+00:00,combi,Standing,Standing
2024-10-31 12:25:29.500000+00:00,combi,Standing,Standing
2024-10-31 12:26:29.500000+00:00,combi,Standing,Standing
2024-10-31 12:27:29.500000+00:00,combi,Standing,Standing
2024-10-31 12:28:29.500000+00:00,combi,Standing,Standing
2024-10-31 12:29:29.500000+00:00,combi,Standing,Standing
2024-10-31 12:30:29.500000+00:00,combi,Standing,Dynamic
2024-10-31 12:31:29.500000+00:00,combi,Standing,Standing
2024-10-31 12:32:29.500000+00:00,combi,Standing,Standing
2024-10-31 12:33:29.500000+00:00,combi,Standing,Standing
2024-10-31 12:34:29.500000+00:00,combi,Standing,Standing
2024-10-31 12:35:29.500000+00:00,combi,Standing,Standing
2024-10-31 12:36:29.500000+00:00,combi,Sitting,Sitting
2024-10-31 12:37:29.500000+00:00,combi,Sitting,Sitting
2024-10-31 12:38:29.500000+00:00,combi,Sitting,Sitting
2024-10-31 12:39:29.500000+00:00,combi,Sitting,Sitting
2024-10-31 12:40:29.500000+00:00,combi,Sitting,Sitting
2024-10-31 12:41:29.500000+00:00,combi,Sitting,Sitting
2024-10-31 12:42:29.500000+00:00,combi,Sitting,Sitting
2024-10-31 12:43:29.500000+00:00,combi,Sitting,Sitting
2024-10-31 12:44:29.500000+00:00,combi,Sitting,Sitting
2024-10-31 12:45:29.500000+00:00,combi,Sitting,Sitting
2024-10-31 12:46:29.500000+00:00,combi,Sitting,Sitting
2024-10-31 12:47:29.500000+00:00,combi,Sitting,Sitting
2024-10-31 12:48:29.500000+00:00,combi,Sitting,Sitting
2024-10-31 12:49:29.500000+00:00,combi,Sitting,Sitting
2024-10-31 12:50:29.500000+00:00,combi,Sitting,Sitting
2024-10-31 12:51:29.500000+00:00,combi,Sitting,Sitting
2024-10-31 12:52:29.500000+00:00,combi,Sitting,Sitting
2024-10-31 12:53:29.500000+00:00,combi,Sitting,Sitting
2024-10-31 12:54:29.500000+00:00,combi,Sitting,Sitting
2024-10-31 12:55:29.500000+00:00,combi,Sitting,Sitting
2024-10-31 12:56:29.500000+00:00,combi,Sitting,Sitting
2024-10-31 12:57:29.500000+00:00,combi,Standing,Dynamic
2024-10-31 12:58:29.500000+00:00,combi,Standing,Standing
2024-10-31 12:59:29.500000+00:00,combi,Standing,Standing
2024-10-31 13:00:29.500000+00:00,combi,Standing,Standing
2024-10-31 13:01:29.500000+00:00,combi,Standing,Standing
2024-10-31 13:02:29.500000+00:00,combi,Standing,Standing
2024-10-31 13:03:29.500000+00:00,combi,Standing,Standing
2024-10-31 13:04:29.500000+00:00,combi,Standing,Standing
2024-10-31 13:05:29.500000+00:00,combi,Standing,Dynamic
2024-10-31 13:06:29.500000+00:00,combi,Standing,Standing
2024-10-31 13:07:29.500000+00:00,combi,Standing,Standing
2024-10-31 13:08:29.500000+00:00,combi,Standing,Standing
2024-10-31 13:09:29.500000+00:00,combi,Standing,Standing
2024-10-31 13:10:29.500000+00:00,combi,Standing,Standing
2024-10-31 13:11:29.500000+00:00,combi,Standing,Standing
2024-10-31 13:12:29.500000+00:00,combi,Standing,Standing
2024-10-31 13:13:29.500000+00:00,combi,Standing,Standing
2024-10-31 13:14:29.500000+00:00,combi,Standing,Dynamic
2024-10-31 13:15:29.500000+00:00,combi,Standing,Dynamic
2024-10-31 13:16:29.500000+00:00,combi,Standing,Standing
2024-10-31 13:17:29.500000+00:00,combi,Standing,Standing
2024-10-31 13:18:29.500000+00:00,combi,Standing,Standing
2024-10-31 13:19:29.500000+00:00,combi,Sitting,Dynamic
2024-10-31 13:20:29.500000+00:00,combi,Standing,Dynamic
2024-10-31 13:21:29.500000+00:00,combi,Standing,Dynamic
2024-10-31 13:22:29.500000+00:00,combi,Sitting,Dynamic
2024-10-31 13:23:29.500000+00:00,combi,Sitting,Sitting
2024-10-31 13:24:29.500000+00:00,combi,Sitting,Sitting
2024-10-31 13:25:29.500000+00:00,combi,Sitting,Sitting
2024-10-31 13:26:29.500000+00:00,combi,Sitting,Sitting
2024-10-31 13:27:29.500000+00:00,combi,Sitting,Sitting
2024-10-31 13:28:29.500000+00:00,combi,Sitting,Sitting
2024-10-31 13:29:29.500000+00:00,combi,Sitting,Sitting
2024-10-31 13:30:29.500000+00:00,combi,Sitting,Sitting
2024-10-31 13:31:29.500000+00:00,combi,Sitting,Sitting
2024-10-31 13:32:29.500000+00:00,combi,Sitting,Sitting
2024-10-31 13:33:29.500000+00:00,combi,Sitting,Sitting
2024-10-31 13:34:29.500000+00:00,combi,Sitting,Sitting
2024-10-31 13:35:29.500000+00:00,combi,Sitting,Sitting
2024-10-31 13:36:29.500000+00:00,combi,Sitting,Sitting
2024-10-31 13:37:29.500000+00:00,combi,Sitting,Sitting
2024-10-31 13:38:29.500000+00:00,combi,Sitting,Sitting
2024-10-31 13:39:29.500000+00:00,combi,Sitting,Sitting
2024-10-31 13:40:29.500000+00:00,combi,Sitting,Sitting
2024-10-31 13:41:29.500000+00:00,combi,Sitting,Sitting
2024-10-31 13:42:29.500000+00:00,combi,Sitting,Sitting
2024-10-31 13:43:29.500000+00:00,combi,Sitting,Sitting
2024-10-31 13:44:29.500000+00:00,combi,Sitting,Sitting
2024-10-31 13:45:29.500000+00:00,combi,Sitting,Sitting
2024-10-31 13:46:29.500000+00:00,combi,Sitting,Sitting
2024-10-31 13:47:29.500000+00:00,combi,Sitting,Sitting
2024-10-31 13:48:29.500000+00:00,combi,Sitting,Sitting
2024-10-31 13:49:29.500000+00:00,combi,Sitting,Sitting
2024-10-31 13:50:29.500000+00:00,combi,Sitting,Sitting
2024-10-31 13:51:29.500000+00:00,combi,Sitting,Sitting
2024-10-31 13:52:29.500000+00:00,combi,Sitting,Sitting
2024-10-31 13:53:29.500000+00:00,combi,Standing,Standing
2024-10-31 13:54:29.500000+00:00,combi,Sitting,Sitting
2024-10-31 13:55:29.500000+00:00,combi,Sitting,Sitting
2024-10-31 13:56:29.500000+00:00,combi,Sitting,Sitting
2024-10-31 13:57:29.500000+00:00,combi,Sitting,Sitting
2024-10-31 13:58:29.500000+00:00,combi,Sitting,Sitting
2024-10-31 13:59:29.500000+00:00,combi,Sitting,Sitting
2024-10-31 14:00:29.500000+00:00,combi,Sitting,Sitting
2024-10-31 14:01:29.500000+00:00,combi,Sitting,Sitting
2024-10-31 14:02:29.500000+00:00,combi,Sitting,Sitting
2024-10-31 14:03:29.500000+00:00,combi,Sitting,Sitting
2024-10-31 14:04:29.500000+00:00,combi,Sitting,Sitting
2024-10-31 14:05:29.500000+00:00,combi,Standing,Standing
2024-10-31 14:06:29.500000+00:00,combi,Standing,Standing
2024-10-31 14:07:29.500000+00:00,combi,Sitting,Sitting
2024-10-31 14:08:29.500000+00:00,combi,Sitting,Sitting
2024-10-31 14:09:29.500000+00:00,combi,Sitting,Sitting
2024-10-31 14:10:29.500000+00:00,combi,Sitting,Sitting
2024-10-31 14:11:29.500000+00:00,combi,Sitting,Sitting
2024-10-31 14:12:29.500000+00:00,combi,Sitting,Sitting
2024-10-31 14:13:29.500000+00:00,combi,Sitting,Sitting
2024-10-31 14:14:29.500000+00:00,combi,Sitting,Sitting
2024-10-31 14:15:29.500000+00:00,combi,Sitting,Sitting
2024-10-31 14:16:29.500000+00:00,combi,Sitting,Sitting
2024-10-31 14:17:29.500000+00:00,combi,Sitting,Sitting
2024-10-31 14:18:29.500000+00:00,combi,Sitting,Sitting
2024-10-31 14:19:29.500000+00:00,combi,Sitting,Sitting
2024-10-31 14:20:29.500000+00:00,combi,Sitting,Sitting
2024-10-31 14:21:29.500000+00:00,combi,Sitting,Sitting
2024-10-31 14:22:29.500000+00:00,combi,Sitting,Sitting
2024-10-31 14:23:29.500000+00:00,combi,Sitting,Sitting
2024-10-31 14:24:29.500000+00:00,combi,Sitting,Sitting
2024-10-31 14:25:29.500000+00:00,combi,Sitting,Sitting
2024-10-31 14:26:29.500000+00:00,combi,Sitting,Sitting
2024-10-31 14:27:29.500000+00:00,combi,Sitting,Sitting
2024-10-31 14:28:29.500000+00:00,combi,Sitting,Sitting
2024-10-31 14:29:29.500000+00:00,combi,Sitting,Sitting
2024-10-31 14:30:29.500000+00:00,combi,Sitting,Sitting
2024-10-31 14:31:29.500000+00:00,combi,Sitting,Sitting
2024-10-31 14:32:29.500000+00:00,combi,Standing,Standing
2024-10-31 14:33:29.500000+00:00,combi,Sitting,Sitting
2024-10-31 14:34:29.500000+00:00,combi,Sitting,Sitting
2024-10-31 14:35:29.500000+00:00,combi,Standing,Sitting
2024-10-31 14:36:29.500000+00:00,combi,Standing,Standing
2024-10-31 14:37:29.500000+00:00,combi,Sitting,Sitting
2024-10-31 14:38:29.500000+00:00,combi,Standing,Standing
2024-10-31 14:39:29.500000+00:00,combi,Sitting,Sitting
2024-10-31 14:40:29.500000+00:00,combi,Standing,Dynamic
2024-10-31 14:41:29.500000+00:00,combi,Standing,Standing
2024-10-31 14:42:29.500000+00:00,combi,Standing,Sitting
2024-10-31 14:43:29.500000+00:00,combi,Standing,Standing
2024-10-31 14:44:29.500000+00:00,combi,Standing,Dynamic
2024-10-31 14:45:29.500000+00:00,combi,Standing,Dynamic
2024-10-31 14:46:29.500000+00:00,combi,Standing,Dynamic
2024-10-31 14:47:29.500000+00:00,combi,Standing,Dynamic
2024-10-31 14:48:29.500000+00:00,combi,Standing,Standing
2024-10-31 14:49:29.500000+00:00,combi,Standing,Standing
2024-10-31 14:50:29.500000+00:00,combi,Standing,Standing
2024-10-31 14:51:29.500000+00:00,combi,Standing,Standing
2024-10-31 14:52:29.500000+00:00,combi,Standing,Standing
2024-10-31 14:53:29.500000+00:00,combi,Standing,Standing
2024-10-31 14:54:29.500000+00:00,combi,Standing,Standing
2024-10-31 14:55:29.500000+00:00,combi,Lying,Lying
2024-10-31 14:56:29.500000+00:00,combi,Lying,Lying
2024-10-31 14:57:29.500000+00:00,combi,Lying,Lying
2024-10-31 14:58:29.500000+00:00,combi,Lying,Lying
2024-10-31 14:59:29.500000+00:00,combi,Standing,Standing
2024-10-31 15:00:29.500000+00:00,combi,Standing,Standing
2024-10-31 15:01:29.500000+00:00,combi,Standing,Sitting
2024-10-31 15:02:29.500000+00:00,combi,Sitting,Sitting
2024-10-31 15:03:29.500000+00:00,combi,Sitting,Dynamic
2024-10-31 15:04:29.500000+00:00,combi,Standing,Standing
2024-10-31 15:05:29.500000+00:00,combi,Standing,Standing
2024-10-31 15:06:29.500000+00:00,combi,Standing,Standing
2024-10-31 15:07:29.500000+00:00,combi,Sitting,Sitting
2024-10-31 15:08:29.500000+00:00,combi,Sitting,Sitting
2024-10-31 15:09:29.500000+00:00,combi,Sitting,Dynamic
2024-10-31 15:10:29.500000+00:00,combi,Sitting,Dynamic
2024-10-31 15:11:29.500000+00:00,combi,Sitting,Sitting
2024-10-31 15:12:29.500000+00:00,combi,Standing,Sitting
2024-10-31 15:13:29.500000+00:00,combi,Standing,Standing
2024-10-31 15:14:29.500000+00:00,combi,Standing,Standing
2024-10-31 15:15:29.500000+00:00,combi,Standing,Standing
2024-10-31 15:16:29.500000+00:00,combi,Sitting,Sitting
2024-10-31 15:17:29.500000+00:00,combi,Standing,Dynamic
2024-10-31 15:18:29.500000+00:00,combi,Standing,Dynamic
2024-10-31 15:19:29.500000+00:00,combi,Sitting,Standing
2024-10-31 15:20:29.500000+00:00,combi,Standing,Dynamic
2024-10-31 15:21:29.500000+00:00,combi,Lying,Dynamic
2024-10-31 15:22:29.500000+00:00,combi,Standing,Standing
2024-10-31 15:23:29.500000+00:00,combi,Lying,Dynamic
2024-10-31 15:24:29.500000+00:00,combi,Lying,Dynamic
2024-10-31 15:25:29.500000+00:00,combi,Lying,Dynamic
2024-10-31 15:26:29.500000+00:00,combi,Lying,Dynamic
2024-10-31 15:27:29.500000+00:00,combi,Lying,Dynamic
2024-10-31 15:28:29.500000+00:00,combi,Sitting,Dynamic
2024-10-31 15:29:29.500000+00:00,combi,Standing,Dynamic
2024-10-31 15:30:29.500000+00:00,combi,Sitting,Sitting
2024-10-31 15:31:29.500000+00:00,combi,Sitting,Sitting
2024-10-31 15:32:29.500000+00:00,combi,Sitting,Sitting
2024-10-31 15:33:29.500000+00:00,combi,Sitting,Sitting
2024-10-31 15:34:29.500000+00:00,combi,Sitting,Sitting
2024-10-31 15:35:29.500000+00:00,combi,Sitting,Sitting
2024-10-31 15:36:29.500000+00:00,combi,Sitting,Sitting
2024-10-31 15:37:29.500000+00:00,combi,Sitting,Sitting
2024-10-31 15:38:29.500000+00:00,combi,Sitting,Sitting
2024-10-31 15:39:29.500000+00:00,combi,Sitting,Sitting
2024-10-31 15:40:29.500000+00:00,combi,Sitting,Sitting
2024-10-31 15:41:29.500000+00:00,combi,Sitting,Sitting
2024-10-31 15:42:29.500000+00:00,combi,Sitting,Sitting
2024-10-31 15:43:29.500000+00:00,combi,Sitting,Sitting
2024-10-31 15:44:29.500000+00:00,combi,Sitting,Sitting
2024-10-31 15:45:29.500000+00:00,combi,Sitting,Sitting
2024-10-31 15:46:29.500000+00:00,combi,Sitting,Sitting
2024-10-31 15:47:29.500000+00:00,combi,Sitting,Sitting
2024-10-31 15:48:29.500000+00:00,combi,Sitting,Sitting
2024-10-31 15:49:29.500000+00:00,combi,Sitting,Sitting
2024-10-31 15:50:29.500000+00:00,combi,Sitting,Sitting
2024-10-31 15:51:29.500000+00:00,combi,Sitting,Sitting
2024-10-31 15:52:29.500000+00:00,combi,Sitting,Sitting
2024-10-31 15:53:29.500000+00:00,combi,Sitting,Sitting
2024-10-31 15:54:29.500000+00:00,combi,Sitting,Sitting
2024-10-31 15:55:29.500000+00:00,combi,Sitting,Sitting
2024-10-31 15:56:29.500000+00:00,combi,Sitting,Sitting
2024-10-31 15:57:29.500000+00:00,combi,Sitting,Sitting
2024-10-31 15:58:29.500000+00:00,combi,Sitting,Sitting
2024-10-31 15:59:29.500000+00:00,combi,Sitting,Sitting
2024-10-31 16:00:29.500000+00:00,combi,Sitting,Sitting
2024-10-31 16:01:29.500000+00:00,combi,Sitting,Sitting
2024-10-31 16:02:29.500000+00:00,combi,Sitting,Sitting
2024-10-31 16:03:29.500000+00:00,combi,Sitting,Sitting
2024-10-31 16:04:29.500000+00:00,combi,Sitting,Sitting
2024-10-31 16:05:29.500000+00:00,combi,Sitting,Sitting
2024-10-31 16:06:29.500000+00:00,combi,Sitting,Sitting
2024-10-31 16:07:29.500000+00:00,combi,Sitting,Sitting
2024-10-31 16:08:29.500000+00:00,combi,Sitting,Sitting
2024-10-31 16:09:29.500000+00:00,combi,Sitting,Sitting
2024-10-31 16:10:29.500000+00:00,combi,Sitting,Sitting
2024-10-31 16:11:29.500000+00:00,combi,Sitting,Sitting
2024-10-31 16:12:29.500000+00:00,combi,Sitting,Sitting
2024-10-31 16:13:29.500000+00:00,combi,Sitting,Sitting
2024-10-31 16:14:29.500000+00:00,combi,Sitting,Sitting
2024-10-31 16:15:29.500000+00:00,combi,Sitting,Sitting
2024-10-31 16:16:29.500000+00:00,combi,Sitting,Sitting
2024-10-31 16:17:29.500000+00:00,combi,Sitting,Sitting
2024-10-31 16:18:29.500000+00:00,combi,Sitting,Sitting
2024-10-31 16:19:29.500000+00:00,combi,Sitting,Sitting
2024-10-31 16:20:29.500000+00:00,combi,Sitting,Sitting
2024-10-31 16:21:29.500000+00:00,combi,Sitting,Sitting
2024-10-31 16:22:29.500000+00:00,combi,Sitting,Sitting
2024-10-31 16:23:29.500000+00:00,combi,Sitting,Sitting
2024-10-31 16:24:29.500000+00:00,combi,Sitting,Sitting
2024-10-31 16:25:29.500000+00:00,combi,Sitting,Sitting
2024-10-31 16:26:29.500000+00:00,combi,Sitting,Sitting
2024-10-31 16:27:29.500000+00:00,combi,Sitting,Sitting
2024-10-31 16:28:29.500000+00:00,combi,Sitting,Sitting
2024-10-31 16:29:29.500000+00:00,combi,Sitting,Sitting
2024-10-31 16:30:29.500000+00:00,combi,Lying,Dynamic
2024-10-31 16:31:29.500000+00:00,combi,Standing,Dynamic
2024-10-31 16:32:29.500000+00:00,combi,Lying,Dynamic
2024-10-31 16:33:29.500000+00:00,combi,Lying,Dynamic
2024-10-31 16:34:29.500000+00:00,combi,Lying,Dynamic
2024-10-31 16:35:29.500000+00:00,combi,Lying,Dynamic
2024-10-31 16:36:29.500000+00:00,combi,Standing,Dynamic
2024-10-31 16:37:29.500000+00:00,combi,Standing,Dynamic
2024-10-31 16:38:29.500000+00:00,combi,Standing,Standing
2024-10-31 16:39:29.500000+00:00,combi,Standing,Standing
2024-10-31 16:40:29.500000+00:00,combi,Standing,Standing
2024-10-31 16:41:29.500000+00:00,combi,Standing,Standing
2024-10-31 16:42:29.500000+00:00,combi,Standing,Standing
2024-10-31 16:43:29.500000+00:00,combi,Standing,Standing
2024-10-31 16:44:29.500000+00:00,combi,Standing,Standing
2024-10-31 16:45:29.500000+00:00,combi,Standing,Standing
2024-10-31 16:46:29.500000+00:00,combi,Sitting,Dynamic
2024-10-31 16:47:29.500000+00:00,combi,Lying,Dynamic
2024-10-31 16:48:29.500000+00:00,combi,Lying,Dynamic
2024-10-31 16:49:29.500000+00:00,combi,Lying,Dynamic
2024-10-31 16:50:29.500000+00:00,combi,Lying,Dynamic
2024-10-31 16:51:29.500000+00:00,combi,Lying,Dynamic
2024-10-31 16:52:29.500000+00:00,combi,Lying,Dynamic
2024-10-31 16:53:29.500000+00:00,combi,Standing,Standing
2024-10-31 16:54:29.500000+00:00,combi,Lying,Dynamic
2024-10-31 16:55:29.500000+00:00,combi,Lying,Dynamic
2024-10-31 16:56:29.500000+00:00,combi,Standing,Dynamic
2024-10-31 16:57:29.500000+00:00,combi,Standing,Dynamic
2024-10-31 16:58:29.500000+00:00,combi,Standing,Sitting
2024-10-31 16:59:29.500000+00:00,combi,Standing,Dynamic
2024-10-31 17:00:29.500000+00:00,combi,Sitting,Sitting
2024-10-31 17:01:29.500000+00:00,combi,Sitting,Sitting
2024-10-31 17:02:29.500000+00:00,combi,Standing,Standing
2024-10-31 17:03:29.500000+00:00,combi,Standing,Standing
2024-10-31 17:04:29.500000+00:00,combi,Sitting,Sitting
2024-10-31 17:05:29.500000+00:00,combi,Standing,Sitting
2024-10-31 17:06:29.500000+00:00,combi,Sitting,Sitting
2024-10-31 17:07:29.500000+00:00,combi,Sitting,Sitting
2024-10-31 17:08:29.500000+00:00,combi,Standing,Standing
2024-10-31 17:09:29.500000+00:00,combi,Sitting,Sitting
2024-10-31 17:10:29.500000+00:00,combi,Standing,Standing
2024-10-31 17:11:29.500000+00:00,combi,Sitting,Sitting
2024-10-31 17:12:29.500000+00:00,combi,Sitting,Sitting
2024-10-31 17:13:29.500000+00:00,combi,Sitting,Sitting
2024-10-31 17:14:29.500000+00:00,combi,Sitting,Sitting
2024-10-31 17:15:29.500000+00:00,combi,Standing,Standing
2024-10-31 17:16:29.500000+00:00,combi,Sitting,Sitting
2024-10-31 17:17:29.500000+00:00,combi,Sitting,Sitting
2024-10-31 17:18:29.500000+00:00,combi,Sitting,Sitting
2024-10-31 17:19:29.500000+00:00,combi,Sitting,Sitting
2024-10-31 17:20:29.500000+00:00,combi,Sitting,Sitting
2024-10-31 17:21:29.500000+00:00,combi,Sitting,Sitting
2024-10-31 17:22:29.500000+00:00,combi,Sitting,Sitting
2024-10-31 17:23:29.500000+00:00,combi,Sitting,Sitting
2024-10-31 17:24:29.500000+00:00,combi,Sitting,Sitting
2024-10-31 17:25:29.500000+00:00,combi,Sitting,Sitting
2024-10-31 17:26:29.500000+00:00,combi,Sitting,Sitting
2024-10-31 17:27:29.500000+00:00,combi,Sitting,Sitting
2024-10-31 17:28:29.500000+00:00,combi,Sitting,Sitting
2024-10-31 17:29:29.500000+00:00,combi,Sitting,Sitting
2024-10-31 17:30:29.500000+00:00,combi,Sitting,Sitting
2024-10-31 17:31:29.500000+00:00,combi,Sitting,Sitting
2024-10-31 17:32:29.500000+00:00,combi,Sitting,Sitting
2024-10-31 17:33:29.500000+00:00,combi,Sitting,Sitting
2024-10-31 17:34:29.500000+00:00,combi,Sitting,Sitting
2024-10-31 17:35:29.500000+00:00,combi,Sitting,Sitting
2024-10-31 17:36:29.500000+00:00,combi,Sitting,Sitting
2024-10-31 17:37:29.500000+00:00,combi,Sitting,Sitting
2024-10-31 17:38:29.500000+00:00,combi,Sitting,Sitting
2024-10-31 17:39:29.500000+00:00,combi,Sitting,Sitting
2024-10-31 17:40:29.500000+00:00,combi,Sitting,Sitting
2024-10-31 17:41:29.500000+00:00,combi,Sitting,Sitting
2024-10-31 17:42:29.500000+00:00,combi,Standing,Dynamic
2024-10-31 17:43:29.500000+00:00,combi,Standing,Dynamic
2024-10-31 17:44:29.500000+00:00,combi,Sitting,Sitting
2024-10-31 17:45:29.500000+00:00,combi,Sitting,Sitting
2024-10-31 17:46:29.500000+00:00,combi,Sitting,Sitting
2024-10-31 17:47:29.500000+00:00,combi,Sitting,Sitting
2024-10-31 17:48:29.500000+00:00,combi,Sitting,Sitting
2024-10-31 17:49:29.500000+00:00,combi,Sitting,Sitting
2024-10-31 17:50:29.500000+00:00,combi,Sitting,Sitting
2024-10-31 17:51:29.500000+00:00,combi,Standing,Sitting
2024-10-31 17:52:29.500000+00:00,combi,Sitting,Sitting
2024-10-31 17:53:29.500000+00:00,combi,Sitting,Sitting
2024-10-31 17:54:29.500000+00:00,combi,Standing,Standing
2024-10-31 17:55:29.500000+00:00,combi,Sitting,Sitting
2024-10-31 17:56:29.500000+00:00,combi,Sitting,Sitting
2024-10-31 17:57:29.500000+00:00,combi,Sitting,Sitting
2024-10-31 17:58:29.500000+00:00,combi,Standing,Standing
2024-10-31 17:59:29.500000+00:00,combi,Sitting,Sitting
2024-10-31 18:00:29.500000+00:00,combi,Sitting,Sitting
2024-10-31 18:01:29.500000+00:00,combi,Sitting,Sitting
2024-10-31 18:02:29.500000+00:00,combi,Sitting,Sitting
2024-10-31 18:03:29.500000+00:00,combi,Sitting,Sitting
2024-10-31 18:04:29.500000+00:00,combi,Sitting,Sitting
2024-10-31 18:05:29.500000+00:00,combi,Sitting,Sitting
2024-10-31 18:06:29.500000+00:00,combi,Sitting,Sitting
2024-10-31 18:07:29.500000+00:00,combi,Sitting,Sitting
2024-10-31 18:08:29.500000+00:00,combi,Sitting,Sitting
2024-10-31 18:09:29.500000+00:00,combi,Sitting,Sitting
2024-10-31 18:10:29.500000+00:00,combi,Sitting,Sitting
2024-10-31 18:11:29.500000+00:00,combi,Sitting,Sitting
2024-10-31 18:12:29.500000+00:00,combi,Sitting,Sitting
2024-10-31 18:13:29.500000+00:00,combi,Sitting,Sitting
2024-10-31 18:14:29.500000+00:00,combi,Sitting,Sitting
2024-10-31 18:15:29.500000+00:00,combi,Standing,Sitting
2024-10-31 18:16:29.500000+00:00,combi,Sitting,Sitting
2024-10-31 18:17:29.500000+00:00,combi,Sitting,Sitting
2024-10-31 18:18:29.500000+00:00,combi,Standing,Standing
2024-10-31 18:19:29.500000+00:00,combi,Standing,Standing
2024-10-31 18:20:29.500000+00:00,combi,Sitting,Sitting
2024-10-31 18:21:29.500000+00:00,combi,Sitting,Sitting
2024-10-31 18:22:29.500000+00:00,combi,Standing,Standing
2024-10-31 18:23:29.500000+00:00,combi,Sitting,Sitting
2024-10-31 18:24:29.500000+00:00,combi,Standing,Dynamic
2024-10-31 18:25:29.500000+00:00,combi,Standing,Dynamic
2024-10-31 18:26:29.500000+00:00,combi,Standing,Standing
2024-10-31 18:27:29.500000+00:00,combi,Sitting,Sitting
2024-10-31 18:28:29.500000+00:00,combi,Sitting,Sitting
2024-10-31 18:29:29.500000+00:00,combi,Sitting,Dynamic
2024-10-31 18:30:29.500000+00:00,combi,Standing,Dynamic
2024-10-31 18:31:29.500000+00:00,combi,Standing,Dynamic
2024-10-31 18:32:29.500000+00:00,combi,Standing,Dynamic
2024-10-31 18:33:29.500000+00:00,combi,Sitting,Dynamic
2024-10-31 18:34:29.500000+00:00,combi,Sitting,Dynamic
2024-10-31 18:35:29.500000+00:00,combi,Standing,Dynamic
2024-10-31 18:36:29.500000+00:00,combi,Standing,Dynamic
2024-10-31 18:37:29.500000+00:00,combi,Standing,Dynamic
2024-10-31 18:38:29.500000+00:00,combi,Standing,Standing
2024-10-31 18:39:29.500000+00:00,combi,Standing,Standing
2024-10-31 18:40:29.500000+00:00,combi,Sitting,Sitting
2024-10-31 18:41:29.500000+00:00,combi,Sitting,Sitting
2024-10-31 18:42:29.500000+00:00,combi,Sitting,Sitting
2024-10-31 18:43:29.500000+00:00,combi,Sitting,Sitting
2024-10-31 18:44:29.500000+00:00,combi,Sitting,Dynamic
2024-10-31 18:45:29.500000+00:00,combi,Standing,Dynamic
2024-10-31 18:46:29.500000+00:00,combi,Standing,Standing
2024-10-31 18:47:29.500000+00:00,combi,Standing,Standing
2024-10-31 18:48:29.500000+00:00,combi,Standing,Standing
2024-10-31 18:49:29.500000+00:00,combi,Sitting,Sitting
2024-10-31 18:50:29.500000+00:00,combi,Standing,Dynamic
2024-10-31 18:51:29.500000+00:00,combi,Standing,Dynamic
2024-10-31 18:52:29.500000+00:00,combi,Sitting,Dynamic
2024-10-31 18:53:29.500000+00:00,combi,Standing,Standing
2024-10-31 18:54:29.500000+00:00,combi,Standing,Standing
2024-10-31 18:55:29.500000+00:00,combi,Standing,Standing
2024-10-31 18:56:29.500000+00:00,combi,Sitting,Dynamic
2024-10-31 18:57:29.500000+00:00,combi,Standing,Standing
2024-10-31 18:58:29.500000+00:00,combi,Sitting,Sitting
2024-10-31 18:59:29.500000+00:00,combi,Sitting,Dynamic
2024-10-31 19:00:29.500000+00:00,combi,Sitting,Dynamic
2024-10-31 19:01:29.500000+00:00,combi,Standing,Standing
2024-10-31 19:02:29.500000+00:00,combi,Standing,Dynamic
2024-10-31 19:03:29.500000+00:00,combi,Sitting,Dynamic
2024-10-31 19:04:29.500000+00:00,combi,Standing,Dynamic
2024-10-31 19:05:29.500000+00:00,combi,Standing,Standing
2024-10-31 19:06:29.500000+00:00,combi,Standing,Dynamic
2024-10-31 19:07:29.500000+00:00,combi,Standing,Dynamic
2024-10-31 19:08:29.500000+00:00,combi,Standing,Dynamic
2024-10-31 19:09:29.500000+00:00,combi,Standing,Dynamic
2024-10-31 19:10:29.500000+00:00,combi,Standing,Dynamic
2024-10-31 19:11:29.500000+00:00,combi,Lying,Dynamic
2024-10-31 19:12:29.500000+00:00,combi,Lying,Dynamic
2024-10-31 19:13:29.500000+00:00,combi,Lying,Dynamic
2024-10-31 19:14:29.500000+00:00,combi,Lying,Dynamic
2024-10-31 19:15:29.500000+00:00,combi,Lying,Dynamic
2024-10-31 19:16:29.500000+00:00,combi,Standing,Standing
2024-10-31 19:17:29.500000+00:00,combi,Standing,Standing
2024-10-31 19:18:29.500000+00:00,combi,Standing,Standing
2024-10-31 19:19:29.500000+00:00,combi,Standing,Dynamic
2024-10-31 19:20:29.500000+00:00,combi,Standing,Standing
2024-10-31 19:21:29.500000+00:00,combi,Standing,Standing
2024-10-31 19:22:29.500000+00:00,combi,Standing,Standing
2024-10-31 19:23:29.500000+00:00,combi,Standing,Dynamic
2024-10-31 19:24:29.500000+00:00,combi,Standing,Standing
2024-10-31 19:25:29.500000+00:00,combi,Lying,Dynamic
2024-10-31 19:26:29.500000+00:00,combi,Sitting,Dynamic
2024-10-31 19:27:29.500000+00:00,combi,Lying,Dynamic
2024-10-31 19:28:29.500000+00:00,combi,Lying,Dynamic
2024-10-31 19:29:29.500000+00:00,combi,Lying,Dynamic
2024-10-31 19:30:29.500000+00:00,combi,Standing,Standing
2024-10-31 19:31:29.500000+00:00,combi,Standing,Standing
2024-10-31 19:32:29.500000+00:00,combi,Lying,Dynamic
2024-10-31 19:33:29.500000+00:00,combi,Standing,Dynamic
2024-10-31 19:34:29.500000+00:00,combi,Standing,Standing
2024-10-31 19:35:29.500000+00:00,combi,Standing,Standing
2024-10-31 19:36:29.500000+00:00,combi,Sitting,Sitting
2024-10-31 19:37:29.500000+00:00,combi,Sitting,Sitting
2024-10-31 19:38:29.500000+00:00,combi,Sitting,Sitting
2024-10-31 19:39:29.500000+00:00,combi,Standing,Dynamic
2024-10-31 19:40:29.500000+00:00,combi,Standing,Dynamic
2024-10-31 19:41:29.500000+00:00,combi,Standing,Dynamic
2024-10-31 19:42:29.500000+00:00,combi,Lying,Dynamic
2024-10-31 19:43:29.500000+00:00,combi,Lying,Dynamic
2024-10-31 19:44:29.500000+00:00,combi,Lying,Dynamic
2024-10-31 19:45:29.500000+00:00,combi,Lying,Dynamic
2024-10-31 19:46:29.500000+00:00,combi,Standing,Standing
2024-10-31 19:47:29.500000+00:00,combi,Standing,Dynamic
2024-10-31 19:48:29.500000+00:00,combi,Sitting,Sitting
2024-10-31 19:49:29.500000+00:00,combi,Standing,Standing
2024-10-31 19:50:29.500000+00:00,combi,Standing,Standing
2024-10-31 19:51:29.500000+00:00,combi,Standing,Dynamic
2024-10-31 19:52:29.500000+00:00,combi,Standing,Standing
2024-10-31 19:53:29.500000+00:00,combi,Standing,Standing
2024-10-31 19:54:29.500000+00:00,combi,Standing,Dynamic
2024-10-31 19:55:29.500000+00:00,combi,Lying,Dynamic
2024-10-31 19:56:29.500000+00:00,combi,Lying,Dynamic
2024-10-31 19:57:29.500000+00:00,combi,Lying,Dynamic
2024-10-31 19:58:29.500000+00:00,combi,Lying,Dynamic
2024-10-31 19:59:29.500000+00:00,combi,Standing,Dynamic
2024-10-31 20:00:29.500000+00:00,combi,Standing,Dynamic
2024-10-31 20:01:29.500000+00:00,combi,Standing,Dynamic
2024-10-31 20:02:29.500000+00:00,combi,Standing,Standing
2024-10-31 20:03:29.500000+00:00,combi,Standing,Standing
2024-10-31 20:04:29.500000+00:00,combi,Standing,Dynamic
2024-10-31 20:05:29.500000+00:00,combi,Sitting,Sitting
2024-10-31 20:06:29.500000+00:00,combi,Sitting,Sitting
2024-10-31 20:07:29.500000+00:00,combi,Sitting,Sitting
2024-10-31 20:08:29.500000+00:00,combi,Sitting,Sitting
2024-10-31 20:09:29.500000+00:00,combi,Sitting,Sitting
2024-10-31 20:10:29.500000+00:00,combi,Sitting,Sitting
2024-10-31 20:11:29.500000+00:00,combi,Sitting,Sitting
2024-10-31 20:12:29.500000+00:00,combi,Sitting,Sitting
2024-10-31 20:13:29.500000+00:00,combi,Sitting,Sitting
2024-10-31 20:14:29.500000+00:00,combi,Sitting,Sitting
2024-10-31 20:15:29.500000+00:00,combi,Sitting,Sitting
2024-10-31 20:16:29.500000+00:00,combi,Sitting,Sitting
2024-10-31 20:17:29.500000+00:00,combi,Sitting,Dynamic
2024-10-31 20:18:29.500000+00:00,combi,Standing,Sitting
2024-10-31 20:19:29.500000+00:00,combi,Standing,Dynamic
2024-10-31 20:20:29.500000+00:00,combi,Standing,Dynamic
2024-10-31 20:21:29.500000+00:00,combi,Standing,Standing
2024-10-31 20:22:29.500000+00:00,combi,Standing,Dynamic
2024-10-31 20:23:29.500000+00:00,combi,Standing,Dynamic
2024-10-31 20:24:29.500000+00:00,combi,Sitting,Sitting
2024-10-31 20:25:29.500000+00:00,combi,Standing,Standing
2024-10-31 20:26:29.500000+00:00,combi,Standing,Dynamic
2024-10-31 20:27:29.500000+00:00,combi,Standing,Standing
2024-10-31 20:28:29.500000+00:00,combi,Standing,Standing
2024-10-31 20:29:29.500000+00:00,combi,Sitting,Sitting
2024-10-31 20:30:29.500000+00:00,combi,Sitting,Sitting
2024-10-31 20:31:29.500000+00:00,combi,Sitting,Sitting
2024-10-31 20:32:29.500000+00:00,combi,Standing,Standing
2024-10-31 20:33:29.500000+00:00,combi,Standing,Standing
2024-10-31 20:34:29.500000+00:00,combi,Standing,Standing
2024-10-31 20:35:29.500000+00:00,combi,Standing,Dynamic
2024-10-31 20:36:29.500000+00:00,combi,Standing,Standing
2024-10-31 20:37:29.500000+00:00,combi,Standing,Standing
2024-10-31 20:38:29.500000+00:00,combi,Standing,Standing
2024-10-31 20:39:29.500000+00:00,combi,Standing,Dynamic
2024-10-31 20:40:29.500000+00:00,combi,Standing,Standing
2024-10-31 20:41:29.500000+00:00,combi,Standing,Dynamic
2024-10-31 20:42:29.500000+00:00,combi,Standing,Dynamic
2024-10-31 20:43:29.500000+00:00,combi,Sitting,Sitting
2024-10-31 20:44:29.500000+00:00,combi,Standing,Dynamic
2024-10-31 20:45:29.500000+00:00,combi,Sitting,Sitting
2024-10-31 20:46:29.500000+00:00,combi,Sitting,Sitting
2024-10-31 20:47:29.500000+00:00,combi,Sitting,Sitting
2024-10-31 20:48:29.500000+00:00,combi,Sitting,Sitting
2024-10-31 20:49:29.500000+00:00,combi,Sitting,Sitting
2024-10-31 20:50:29.500000+00:00,combi,Sitting,Sitting
2024-10-31 20:51:29.500000+00:00,combi,Sitting,Sitting
2024-10-31 20:52:29.500000+00:00,combi,Sitting,Sitting
2024-10-31 20:53:29.500000+00:00,combi,Sitting,Sitting
2024-10-31 20:54:29.500000+00:00,combi,Sitting,Sitting
2024-10-31 20:55:29.500000+00:00,combi,Standing,Dynamic
2024-10-31 20:56:29.500000+00:00,combi,Standing,Dynamic
2024-10-31 20:57:29.500000+00:00,combi,Standing,Standing
2024-10-31 20:58:29.500000+00:00,combi,Standing,Dynamic
2024-10-31 20:59:29.500000+00:00,combi,Standing,Dynamic
2024-10-31 21:00:29.500000+00:00,combi,Standing,Standing
2024-10-31 21:01:29.500000+00:00,combi,Sitting,Dynamic
2024-10-31 21:02:29.500000+00:00,combi,Sitting,Dynamic
2024-10-31 21:03:29.500000+00:00,combi,Standing,Standing
2024-10-31 21:04:29.500000+00:00,combi,Standing,Standing
2024-10-31 21:05:29.500000+00:00,combi,Standing,Dynamic
2024-10-31 21:06:29.500000+00:00,combi,Standing,Dynamic
2024-10-31 21:07:29.500000+00:00,combi,Standing,Standing
2024-10-31 21:08:29.500000+00:00,combi,Standing,Standing
2024-10-31 21:09:29.500000+00:00,combi,Standing,Dynamic
2024-10-31 21:10:29.500000+00:00,combi,Standing,Dynamic
2024-10-31 21:11:29.500000+00:00,combi,Sitting,Sitting
2024-10-31 21:12:29.500000+00:00,combi,Sitting,Sitting
2024-10-31 21:13:29.500000+00:00,combi,Standing,Dynamic
2024-10-31 21:14:29.500000+00:00,combi,Standing,Dynamic
2024-10-31 21:15:29.500000+00:00,combi,Sitting,Sitting
2024-10-31 21:16:29.500000+00:00,combi,Sitting,Sitting
2024-10-31 21:17:29.500000+00:00,combi,Sitting,Sitting
2024-10-31 21:18:29.500000+00:00,combi,Standing,Dynamic
2024-10-31 21:19:29.500000+00:00,combi,Sitting,Sitting
2024-10-31 21:20:29.500000+00:00,combi,Standing,Dynamic
2024-10-31 21:21:29.500000+00:00,combi,Standing,Dynamic
2024-10-31 21:22:29.500000+00:00,combi,Standing,Standing
2024-10-31 21:23:29.500000+00:00,combi,Sitting,Sitting
2024-10-31 21:24:29.500000+00:00,combi,Sitting,Dynamic
2024-10-31 21:25:29.500000+00:00,combi,Sitting,Sitting
2024-10-31 21:26:29.500000+00:00,combi,Standing,Sitting
2024-10-31 21:27:29.500000+00:00,combi,Sitting,Sitting
2024-10-31 21:28:29.500000+00:00,combi,Sitting,Sitting
2024-10-31 21:29:29.500000+00:00,combi,Standing,Standing
2024-10-31 21:30:29.500000+00:00,combi,Standing,Standing
2024-10-31 21:31:29.500000+00:00,combi,Standing,Dynamic
2024-10-31 21:32:29.500000+00:00,combi,Standing,Dynamic
2024-10-31 21:33:29.500000+00:00,combi,Standing,Dynamic
2024-10-31 21:34:29.500000+00:00,combi,Standing,Dynamic
2024-10-31 21:35:29.500000+00:00,combi,Standing,Standing
2024-10-31 21:36:29.500000+00:00,combi,Standing,Dynamic
2024-10-31 21:37:29.500000+00:00,combi,Standing,Dynamic
2024-10-31 21:38:29.500000+00:00,combi,Standing,Standing
2024-10-31 21:39:29.500000+00:00,combi,Standing,Standing
2024-10-31 21:40:29.500000+00:00,combi,Standing,Dynamic
2024-10-31 21:41:29.500000+00:00,combi,Standing,Sitting
2024-10-31 21:42:29.500000+00:00,combi,Standing,Dynamic
2024-10-31 21:43:29.500000+00:00,combi,Standing,Dynamic
2024-10-31 21:44:29.500000+00:00,combi,Standing,Dynamic
2024-10-31 21:45:29.500000+00:00,combi,Standing,Dynamic
2024-10-31 21:46:29.500000+00:00,combi,Standing,Standing
2024-10-31 21:47:29.500000+00:00,combi,Standing,Standing
2024-10-31 21:48:29.500000+00:00,combi,Standing,Dynamic
2024-10-31 21:49:29.500000+00:00,combi,Standing,Dynamic
2024-10-31 21:50:29.500000+00:00,combi,Standing,Dynamic
2024-10-31 21:51:29.500000+00:00,combi,Standing,Sitting
2024-10-31 21:52:29.500000+00:00,combi,Standing,Standing
2024-10-31 21:53:29.500000+00:00,combi,Standing,Dynamic
2024-10-31 21:54:29.500000+00:00,combi,Standing,Dynamic
2024-10-31 21:55:29.500000+00:00,combi,Standing,Standing
2024-10-31 21:56:29.500000+00:00,combi,Sitting,Sitting
2024-10-31 21:57:29.500000+00:00,combi,Sitting,Dynamic
2024-10-31 21:58:29.500000+00:00,combi,Lying,Dynamic
2024-10-31 21:59:29.500000+00:00,combi,Lying,Lying
2024-10-31 22:00:29.500000+00:00,combi,Lying,Lying
2024-10-31 22:01:29.500000+00:00,combi,Lying,Lying
2024-10-31 22:02:29.500000+00:00,combi,Lying,Lying
2024-10-31 22:03:29.500000+00:00,combi,Lying,Lying
2024-10-31 22:04:29.500000+00:00,combi,Lying,Lying
2024-10-31 22:05:29.500000+00:00,combi,Lying,Lying
2024-10-31 22:06:29.500000+00:00,combi,Lying,Lying
2024-10-31 22:07:29.500000+00:00,combi,Lying,Lying
2024-10-31 22:08:29.500000+00:00,combi,Lying,Lying
2024-10-31 22:09:29.500000+00:00,combi,Lying,Lying
2024-10-31 22:10:29.500000+00:00,combi,Lying,Lying
2024-10-31 22:11:29.500000+00:00,combi,Lying,Lying
2024-10-31 22:12:29.500000+00:00,combi,Lying,Lying
2024-10-31 22:13:29.500000+00:00,combi,Lying,Lying
2024-10-31 22:14:29.500000+00:00,combi,Lying,Lying
2024-10-31 22:15:29.500000+00:00,combi,Lying,Lying
2024-10-31 22:16:29.500000+00:00,combi,Lying,Lying
2024-10-31 22:17:29.500000+00:00,combi,Lying,Lying
2024-10-31 22:18:29.500000+00:00,combi,Lying,Lying
2024-10-31 22:19:29.500000+00:00,combi,Lying,Lying
2024-10-31 22:20:29.500000+00:00,combi,Lying,Lying
2024-10-31 22:21:29.500000+00:00,combi,Lying,Lying
2024-10-31 22:22:29.500000+00:00,combi,Lying,Lying
2024-10-31 22:23:29.500000+00:00,combi,Lying,Lying
2024-10-31 22:24:29.500000+00:00,combi,Lying,Lying
2024-10-31 22:25:29.500000+00:00,combi,Lying,Lying
2024-10-31 22:26:29.500000+00:00,combi,Lying,Lying
2024-10-31 22:27:29.500000+00:00,combi,Lying,Lying
2024-10-31 22:28:29.500000+00:00,combi,Lying,Lying
2024-10-31 22:29:29.500000+00:00,combi,Lying,Lying
2024-10-31 22:30:29.500000+00:00,combi,Lying,Lying
2024-10-31 22:31:29.500000+00:00,combi,Lying,Lying
2024-10-31 22:32:29.500000+00:00,combi,Lying,Lying
2024-10-31 22:33:29.500000+00:00,combi,Lying,Lying
2024-10-31 22:34:29.500000+00:00,combi,Lying,Lying
2024-10-31 22:35:29.500000+00:00,combi,Lying,Lying
2024-10-31 22:36:29.500000+00:00,combi,Lying,Lying
2024-10-31 22:37:29.500000+00:00,combi,Lying,Lying
2024-10-31 22:38:29.500000+00:00,combi,Lying,Lying
2024-10-31 22:39:29.500000+00:00,combi,Lying,Lying
2024-10-31 22:40:29.500000+00:00,combi,Lying,Lying
2024-10-31 22:41:29.500000+00:00,combi,Lying,Lying
2024-10-31 22:42:29.500000+00:00,combi,Lying,Lying
2024-10-31 22:43:29.500000+00:00,combi,Lying,Lying
2024-10-31 22:44:29.500000+00:00,combi,Lying,Lying
2024-10-31 22:45:29.500000+00:00,combi,Lying,Lying
2024-10-31 22:46:29.500000+00:00,combi,Lying,Lying
2024-10-31 22:47:29.500000+00:00,combi,Lying,Lying
2024-10-31 22:48:29.500000+00:00,combi,Lying,Lying
2024-10-31 22:49:29.500000+00:00,combi,Lying,Lying
2024-10-31 22:50:29.500000+00:00,combi,Lying,Lying
2024-10-31 22:51:29.500000+00:00,combi,Lying,Lying
2024-10-31 22:52:29.500000+00:00,combi,Lying,Lying
2024-10-31 22:53:29.500000+00:00,combi,Lying,Lying
2024-10-31 22:54:29.500000+00:00,combi,Lying,Lying
2024-10-31 22:55:29.500000+00:00,combi,Lying,Lying
2024-10-31 22:56:29.500000+00:00,combi,Lying,Lying
2024-10-31 22:57:29.500000+00:00,combi,Lying,Lying
2024-10-31 22:58:29.500000+00:00,combi,Lying,Lying
2024-10-31 22:59:29.500000+00:00,combi,Lying,Lying
2024-10-31 23:00:29.500000+00:00,combi,Lying,Lying
2024-10-31 23:01:29.500000+00:00,combi,Lying,Lying
2024-10-31 23:02:29.500000+00:00,combi,Lying,Lying
2024-10-31 23:03:29.500000+00:00,combi,Lying,Lying
2024-10-31 23:04:29.500000+00:00,combi,Lying,Lying
2024-10-31 23:05:29.500000+00:00,combi,Lying,Lying
2024-10-31 23:06:29.500000+00:00,combi,Lying,Lying
2024-10-31 23:07:29.500000+00:00,combi,Lying,Lying
2024-10-31 23:08:29.500000+00:00,combi,Lying,Lying
2024-10-31 23:09:29.500000+00:00,combi,Lying,Lying
2024-10-31 23:10:29.500000+00:00,combi,Lying,Lying
2024-10-31 23:11:29.500000+00:00,combi,Lying,Lying
2024-10-31 23:12:29.500000+00:00,combi,Lying,Lying
2024-10-31 23:13:29.500000+00:00,combi,Lying,Lying
2024-10-31 23:14:29.500000+00:00,combi,Lying,Lying
2024-10-31 23:15:29.500000+00:00,combi,Lying,Lying
2024-10-31 23:16:29.500000+00:00,combi,Lying,Lying
2024-10-31 23:17:29.500000+00:00,combi,Lying,Lying
2024-10-31 23:18:29.500000+00:00,combi,Lying,Lying
2024-10-31 23:19:29.500000+00:00,combi,Lying,Lying
2024-10-31 23:20:29.500000+00:00,combi,Lying,Lying
2024-10-31 23:21:29.500000+00:00,combi,Lying,Lying
2024-10-31 23:22:29.500000+00:00,combi,Lying,Lying
2024-10-31 23:23:29.500000+00:00,combi,Lying,Lying
2024-10-31 23:24:29.500000+00:00,combi,Lying,Lying
2024-10-31 23:25:29.500000+00:00,combi,Lying,Lying
2024-10-31 23:26:29.500000+00:00,combi,Lying,Lying
2024-10-31 23:27:29.500000+00:00,combi,Lying,Lying
2024-10-31 23:28:29.500000+00:00,combi,Lying,Lying
2024-10-31 23:29:29.500000+00:00,combi,Lying,Lying
2024-10-31 23:30:29.500000+00:00,combi,Lying,Lying
2024-10-31 23:31:29.500000+00:00,combi,Lying,Lying
2024-10-31 23:32:29.500000+00:00,combi,Lying,Lying
2024-10-31 23:33:29.500000+00:00,combi,Lying,Lying
2024-10-31 23:34:29.500000+00:00,combi,Lying,Lying
2024-10-31 23:35:29.500000+00:00,combi,Lying,Lying
2024-10-31 23:36:29.500000+00:00,combi,Lying,Lying
2024-10-31 23:37:29.500000+00:00,combi,Lying,Lying
2024-10-31 23:38:29.500000+00:00,combi,Lying,Lying
2024-10-31 23:39:29.500000+00:00,combi,Lying,Lying
2024-10-31 23:40:29.500000+00:00,combi,Lying,Lying
2024-10-31 23:41:29.500000+00:00,combi,Lying,Lying
2024-10-31 23:42:29.500000+00:00,combi,Lying,Lying
2024-10-31 23:43:29.500000+00:00,combi,Lying,Lying
2024-10-31 23:44:29.500000+00:00,combi,Lying,Lying
2024-10-31 23:45:29.500000+00:00,combi,Lying,Lying
2024-10-31 23:46:29.500000+00:00,combi,Lying,Lying
2024-10-31 23:47:29.500000+00:00,combi,Lying,Lying
2024-10-31 23:48:29.500000+00:00,combi,Lying,Lying
2024-10-31 23:49:29.500000+00:00,combi,Lying,Lying
2024-10-31 23:50:29.500000+00:00,combi,Lying,Lying
2024-10-31 23:51:29.500000+00:00,combi,Lying,Lying
2024-10-31 23:52:29.500000+00:00,combi,Lying,Lying
2024-10-31 23:53:29.500000+00:00,combi,Lying,Lying
2024-10-31 23:54:29.500000+00:00,combi,Lying,Lying
2024-10-31 23:55:29.500000+00:00,combi,Lying,Lying
2024-10-31 23:56:29.500000+00:00,combi,Lying,Lying
2024-10-31 23:57:29.500000+00:00,combi,Lying,Lying
2024-10-31 23:58:29.500000+00:00,combi,Lying,Lying
2024-10-31 23:59:29.500000+00:00,combi,Lying,Lying
2024-11-01 00:00:29.500000+00:00,combi,Lying,Lying
2024-11-01 00:01:29.500000+00:00,combi,Lying,Lying
2024-11-01 00:02:29.500000+00:00,combi,Lying,Lying
2024-11-01 00:03:29.500000+00:00,combi,Lying,Lying
2024-11-01 00:04:29.500000+00:00,combi,Lying,Lying
2024-11-01 00:05:29.500000+00:00,combi,Lying,Lying
2024-11-01 00:06:29.500000+00:00,combi,Lying,Lying
2024-11-01 00:07:29.500000+00:00,combi,Lying,Lying
2024-11-01 00:08:29.500000+00:00,combi,Lying,Lying
2024-11-01 00:09:29.500000+00:00,combi,Lying,Lying
2024-11-01 00:10:29.500000+00:00,combi,Lying,Lying
2024-11-01 00:11:29.500000+00:00,combi,Lying,Lying
2024-11-01 00:12:29.500000+00:00,combi,Lying,Lying
2024-11-01 00:13:29.500000+00:00,combi,Lying,Lying
2024-11-01 00:14:29.500000+00:00,combi,Lying,Lying
2024-11-01 00:15:29.500000+00:00,combi,Lying,Lying
2024-11-01 00:16:29.500000+00:00,combi,Lying,Lying
2024-11-01 00:17:29.500000+00:00,combi,Lying,Lying
2024-11-01 00:18:29.500000+00:00,combi,Lying,Lying
2024-11-01 00:19:29.500000+00:00,combi,Lying,Lying
2024-11-01 00:20:29.500000+00:00,combi,Lying,Lying
2024-11-01 00:21:29.500000+00:00,combi,Lying,Lying
2024-11-01 00:22:29.500000+00:00,combi,Lying,Lying
2024-11-01 00:23:29.500000+00:00,combi,Lying,Lying
2024-11-01 00:24:29.500000+00:00,combi,Lying,Lying
2024-11-01 00:25:29.500000+00:00,combi,Lying,Lying
2024-11-01 00:26:29.500000+00:00,combi,Lying,Lying
2024-11-01 00:27:29.500000+00:00,combi,Lying,Lying
2024-11-01 00:28:29.500000+00:00,combi,Lying,Lying
2024-11-01 00:29:29.500000+00:00,combi,Lying,Lying
2024-11-01 00:30:29.500000+00:00,combi,Lying,Lying
2024-11-01 00:31:29.500000+00:00,combi,Lying,Lying
2024-11-01 00:32:29.500000+00:00,combi,Lying,Lying
2024-11-01 00:33:29.500000+00:00,combi,Lying,Lying
2024-11-01 00:34:29.500000+00:00,combi,Lying,Lying
2024-11-01 00:35:29.500000+00:00,combi,Lying,Lying
2024-11-01 00:36:29.500000+00:00,combi,Lying,Lying
2024-11-01 00:37:29.500000+00:00,combi,Lying,Lying
2024-11-01 00:38:29.500000+00:00,combi,Lying,Lying
2024-11-01 00:39:29.500000+00:00,combi,Lying,Lying
2024-11-01 00:40:29.500000+00:00,combi,Lying,Lying
2024-11-01 00:41:29.500000+00:00,combi,Lying,Lying
2024-11-01 00:42:29.500000+00:00,combi,Lying,Lying
2024-11-01 00:43:29.500000+00:00,combi,Lying,Lying
2024-11-01 00:44:29.500000+00:00,combi,Lying,Lying
2024-11-01 00:45:29.500000+00:00,combi,Lying,Lying
2024-11-01 00:46:29.500000+00:00,combi,Lying,Lying
2024-11-01 00:47:29.500000+00:00,combi,Lying,Lying
2024-11-01 00:48:29.500000+00:00,combi,Lying,Lying
2024-11-01 00:49:29.500000+00:00,combi,Lying,Lying
2024-11-01 00:50:29.500000+00:00,combi,Lying,Lying
2024-11-01 00:51:29.500000+00:00,combi,Lying,Lying
2024-11-01 00:52:29.500000+00:00,combi,Lying,Lying
2024-11-01 00:53:29.500000+00:00,combi,Lying,Lying
2024-11-01 00:54:29.500000+00:00,combi,Lying,Lying
2024-11-01 00:55:29.500000+00:00,combi,Lying,Lying
2024-11-01 00:56:29.500000+00:00,combi,Lying,Lying
2024-11-01 00:57:29.500000+00:00,combi,Lying,Lying
2024-11-01 00:58:29.500000+00:00,combi,Lying,Lying
2024-11-01 00:59:29.500000+00:00,combi,Lying,Lying
2024-11-01 01:00:29.500000+00:00,combi,Lying,Lying
2024-11-01 01:01:29.500000+00:00,combi,Lying,Lying
2024-11-01 01:02:29.500000+00:00,combi,Lying,Lying
2024-11-01 01:03:29.500000+00:00,combi,Lying,Lying
2024-11-01 01:04:29.500000+00:00,combi,Lying,Lying
2024-11-01 01:05:29.500000+00:00,combi,Lying,Lying
2024-11-01 01:06:29.500000+00:00,combi,Lying,Lying
2024-11-01 01:07:29.500000+00:00,combi,Lying,Lying
2024-11-01 01:08:29.500000+00:00,combi,Lying,Lying
2024-11-01 01:09:29.500000+00:00,combi,Lying,Lying
2024-11-01 01:10:29.500000+00:00,combi,Lying,Lying
2024-11-01 01:11:29.500000+00:00,combi,Lying,Lying
2024-11-01 01:12:29.500000+00:00,combi,Lying,Lying
2024-11-01 01:13:29.500000+00:00,combi,Lying,Lying
2024-11-01 01:14:29.500000+00:00,combi,Lying,Lying
2024-11-01 01:15:29.500000+00:00,combi,Lying,Lying
2024-11-01 01:16:29.500000+00:00,combi,Lying,Lying
2024-11-01 01:17:29.500000+00:00,combi,Lying,Lying
2024-11-01 01:18:29.500000+00:00,combi,Lying,Lying
2024-11-01 01:19:29.500000+00:00,combi,Lying,Lying
2024-11-01 01:20:29.500000+00:00,combi,Lying,Lying
2024-11-01 01:21:29.500000+00:00,combi,Lying,Lying
2024-11-01 01:22:29.500000+00:00,combi,Lying,Lying
2024-11-01 01:23:29.500000+00:00,combi,Lying,Lying
2024-11-01 01:24:29.500000+00:00,combi,Lying,Lying
2024-11-01 01:25:29.500000+00:00,combi,Lying,Lying
2024-11-01 01:26:29.500000+00:00,combi,Lying,Lying
2024-11-01 01:27:29.500000+00:00,combi,Lying,Lying
2024-11-01 01:28:29.500000+00:00,combi,Lying,Lying
2024-11-01 01:29:29.500000+00:00,combi,Lying,Lying
2024-11-01 01:30:29.500000+00:00,combi,Lying,Lying
2024-11-01 01:31:29.500000+00:00,combi,Lying,Lying
2024-11-01 01:32:29.500000+00:00,combi,Lying,Lying
2024-11-01 01:33:29.500000+00:00,combi,Lying,Lying
2024-11-01 01:34:29.500000+00:00,combi,Lying,Lying
2024-11-01 01:35:29.500000+00:00,combi,Lying,Lying
2024-11-01 01:36:29.500000+00:00,combi,Lying,Lying
2024-11-01 01:37:29.500000+00:00,combi,Lying,Lying
2024-11-01 01:38:29.500000+00:00,combi,Lying,Lying
2024-11-01 01:39:29.500000+00:00,combi,Lying,Lying
2024-11-01 01:40:29.500000+00:00,combi,Lying,Lying
2024-11-01 01:41:29.500000+00:00,combi,Lying,Lying
2024-11-01 01:42:29.500000+00:00,combi,Lying,Lying
2024-11-01 01:43:29.500000+00:00,combi,Lying,Lying
2024-11-01 01:44:29.500000+00:00,combi,Lying,Lying
2024-11-01 01:45:29.500000+00:00,combi,Lying,Lying
2024-11-01 01:46:29.500000+00:00,combi,Lying,Lying
2024-11-01 01:47:29.500000+00:00,combi,Lying,Lying
2024-11-01 01:48:29.500000+00:00,combi,Lying,Lying
2024-11-01 01:49:29.500000+00:00,combi,Lying,Lying
2024-11-01 01:50:29.500000+00:00,combi,Lying,Lying
2024-11-01 01:51:29.500000+00:00,combi,Lying,Lying
2024-11-01 01:52:29.500000+00:00,combi,Lying,Lying
2024-11-01 01:53:29.500000+00:00,combi,Lying,Lying
2024-11-01 01:54:29.500000+00:00,combi,Lying,Lying
2024-11-01 01:55:29.500000+00:00,combi,Lying,Lying
2024-11-01 01:56:29.500000+00:00,combi,Lying,Lying
2024-11-01 01:57:29.500000+00:00,combi,Lying,Lying
2024-11-01 01:58:29.500000+00:00,combi,Lying,Lying
2024-11-01 01:59:29.500000+00:00,combi,Lying,Lying
2024-11-01 02:00:29.500000+00:00,combi,Lying,Lying
2024-11-01 02:01:29.500000+00:00,combi,Lying,Lying
2024-11-01 02:02:29.500000+00:00,combi,Lying,Lying
2024-11-01 02:03:29.500000+00:00,combi,Lying,Lying
2024-11-01 02:04:29.500000+00:00,combi,Lying,Lying
2024-11-01 02:05:29.500000+00:00,combi,Standing,Standing
2024-11-01 02:06:29.500000+00:00,combi,Sitting,Dynamic
2024-11-01 02:07:29.500000+00:00,combi,Lying,Dynamic
2024-11-01 02:08:29.500000+00:00,combi,Standing,Standing
2024-11-01 02:09:29.500000+00:00,combi,Standing,Standing
2024-11-01 02:10:29.500000+00:00,combi,Standing,Standing
2024-11-01 02:11:29.500000+00:00,combi,Lying,Dynamic
2024-11-01 02:12:29.500000+00:00,combi,Sitting,Dynamic
2024-11-01 02:13:29.500000+00:00,combi,Standing,Standing
2024-11-01 02:14:29.500000+00:00,combi,Standing,Standing
2024-11-01 02:15:29.500000+00:00,combi,Sitting,Sitting
2024-11-01 02:16:29.500000+00:00,combi,Sitting,Sitting
2024-11-01 02:17:29.500000+00:00,combi,Sitting,Sitting
2024-11-01 02:18:29.500000+00:00,combi,Sitting,Sitting
2024-11-01 02:19:29.500000+00:00,combi,Sitting,Sitting
2024-11-01 02:20:29.500000+00:00,combi,Sitting,Sitting
2024-11-01 02:21:29.500000+00:00,combi,Sitting,Sitting
2024-11-01 02:22:29.500000+00:00,combi,Sitting,Sitting
2024-11-01 02:23:29.500000+00:00,combi,Sitting,Sitting
2024-11-01 02:24:29.500000+00:00,combi,Sitting,Sitting
2024-11-01 02:25:29.500000+00:00,combi,Sitting,Sitting
2024-11-01 02:26:29.500000+00:00,combi,Sitting,Sitting
2024-11-01 02:27:29.500000+00:00,combi,Sitting,Sitting
2024-11-01 02:28:29.500000+00:00,combi,Sitting,Sitting
2024-11-01 02:29:29.500000+00:00,combi,Sitting,Sitting
2024-11-01 02:30:29.500000+00:00,combi,Sitting,Sitting
2024-11-01 02:31:29.500000+00:00,combi,Sitting,Sitting
2024-11-01 02:32:29.500000+00:00,combi,Sitting,Sitting
2024-11-01 02:33:29.500000+00:00,combi,Sitting,Sitting
2024-11-01 02:34:29.500000+00:00,combi,Sitting,Sitting
2024-11-01 02:35:29.500000+00:00,combi,Sitting,Sitting
2024-11-01 02:36:29.500000+00:00,combi,Sitting,Sitting
2024-11-01 02:37:29.500000+00:00,combi,Sitting,Sitting
2024-11-01 02:38:29.500000+00:00,combi,Sitting,Sitting
2024-11-01 02:39:29.500000+00:00,combi,Sitting,Sitting
2024-11-01 02:40:29.500000+00:00,combi,Sitting,Sitting
2024-11-01 02:41:29.500000+00:00,combi,Sitting,Sitting
2024-11-01 02:42:29.500000+00:00,combi,Sitting,Sitting
2024-11-01 02:43:29.500000+00:00,combi,Sitting,Sitting
2024-11-01 02:44:29.500000+00:00,combi,Sitting,Sitting
2024-11-01 02:45:29.500000+00:00,combi,Sitting,Sitting
2024-11-01 02:46:29.500000+00:00,combi,Sitting,Sitting
2024-11-01 02:47:29.500000+00:00,combi,Sitting,Sitting
2024-11-01 02:48:29.500000+00:00,combi,Sitting,Sitting
2024-11-01 02:49:29.500000+00:00,combi,Sitting,Sitting
2024-11-01 02:50:29.500000+00:00,combi,Sitting,Sitting
2024-11-01 02:51:29.500000+00:00,combi,Sitting,Sitting
2024-11-01 02:52:29.500000+00:00,combi,Sitting,Sitting
2024-11-01 02:53:29.500000+00:00,combi,Sitting,Sitting
2024-11-01 02:54:29.500000+00:00,combi,Sitting,Sitting
2024-11-01 02:55:29.500000+00:00,combi,Sitting,Sitting
2024-11-01 02:56:29.500000+00:00,combi,Sitting,Sitting
2024-11-01 02:57:29.500000+00:00,combi,Sitting,Sitting
2024-11-01 02:58:29.500000+00:00,combi,Sitting,Sitting
2024-11-01 02:59:29.500000+00:00,combi,Sitting,Sitting
2024-11-01 03:00:29.500000+00:00,combi,Sitting,Sitting
2024-11-01 03:01:29.500000+00:00,combi,Sitting,Sitting
2024-11-01 03:02:29.500000+00:00,combi,Sitting,Sitting
2024-11-01 03:03:29.500000+00:00,combi,Sitting,Sitting
2024-11-01 03:04:29.500000+00:00,combi,Sitting,Sitting
2024-11-01 03:05:29.500000+00:00,combi,Sitting,Sitting
2024-11-01 03:06:29.500000+00:00,combi,Sitting,Sitting
2024-11-01 03:07:29.500000+00:00,combi,Sitting,Sitting
2024-11-01 03:08:29.500000+00:00,combi,Sitting,Sitting
2024-11-01 03:09:29.500000+00:00,combi,Sitting,Sitting
2024-11-01 03:10:29.500000+00:00,combi,Sitting,Sitting
2024-11-01 03:11:29.500000+00:00,combi,Sitting,Sitting
2024-11-01 03:12:29.500000+00:00,combi,Lying,Lying
2024-11-01 03:13:29.500000+00:00,combi,Lying,Lying
2024-11-01 03:14:29.500000+00:00,combi,Lying,Lying
2024-11-01 03:15:29.500000+00:00,combi,Lying,Lying
2024-11-01 03:16:29.500000+00:00,combi,Lying,Lying
2024-11-01 03:17:29.500000+00:00,combi,Lying,Lying
2024-11-01 03:18:29.500000+00:00,combi,Lying,Lying
2024-11-01 03:19:29.500000+00:00,combi,Lying,Lying
2024-11-01 03:20:29.500000+00:00,combi,Lying,Lying
2024-11-01 03:21:29.500000+00:00,combi,Lying,Lying
2024-11-01 03:22:29.500000+00:00,combi,Lying,Lying
2024-11-01 03:23:29.500000+00:00,combi,Lying,Lying
2024-11-01 03:24:29.500000+00:00,combi,Lying,Lying
2024-11-01 03:25:29.500000+00:00,combi,Lying,Lying
2024-11-01 03:26:29.500000+00:00,combi,Lying,Lying
2024-11-01 03:27:29.500000+00:00,combi,Lying,Lying
2024-11-01 03:28:29.500000+00:00,combi,Sitting,Sitting
2024-11-01 03:29:29.500000+00:00,combi,Sitting,Sitting
2024-11-01 03:30:29.500000+00:00,combi,Sitting,Sitting
2024-11-01 03:31:29.500000+00:00,combi,Sitting,Sitting
2024-11-01 03:32:29.500000+00:00,combi,Sitting,Sitting
2024-11-01 03:33:29.500000+00:00,combi,Sitting,Sitting
2024-11-01 03:34:29.500000+00:00,combi,Sitting,Sitting
2024-11-01 03:35:29.500000+00:00,combi,Sitting,Sitting
2024-11-01 03:36:29.500000+00:00,combi,Sitting,Sitting
2024-11-01 03:37:29.500000+00:00,combi,Sitting,Sitting
2024-11-01 03:38:29.500000+00:00,combi,Sitting,Sitting
2024-11-01 03:39:29.500000+00:00,combi,Sitting,Sitting
2024-11-01 03:40:29.500000+00:00,combi,Sitting,Sitting
2024-11-01 03:41:29.500000+00:00,combi,Sitting,Sitting
2024-11-01 03:42:29.500000+00:00,combi,Sitting,Sitting
2024-11-01 03:43:29.500000+00:00,combi,Sitting,Sitting
2024-11-01 03:44:29.500000+00:00,combi,Sitting,Sitting
2024-11-01 03:45:29.500000+00:00,combi,Sitting,Sitting
2024-11-01 03:46:29.500000+00:00,combi,Sitting,Sitting
2024-11-01 03:47:29.500000+00:00,combi,Lying,Lying
2024-11-01 03:48:29.500000+00:00,combi,Lying,Lying
2024-11-01 03:49:29.500000+00:00,combi,Lying,Lying
2024-11-01 03:50:29.500000+00:00,combi,Lying,Lying
2024-11-01 03:51:29.500000+00:00,combi,Lying,Lying
2024-11-01 03:52:29.500000+00:00,combi,Lying,Lying
2024-11-01 03:53:29.500000+00:00,combi,Lying,Lying
2024-11-01 03:54:29.500000+00:00,combi,Lying,Lying
2024-11-01 03:55:29.500000+00:00,combi,Lying,Lying
2024-11-01 03:56:29.500000+00:00,combi,Lying,Lying
2024-11-01 03:57:29.500000+00:00,combi,Lying,Lying
2024-11-01 03:58:29.500000+00:00,combi,Lying,Lying
2024-11-01 03:59:29.500000+00:00,combi,Lying,Lying
2024-11-01 04:00:29.500000+00:00,combi,Lying,Lying
2024-11-01 04:01:29.500000+00:00,combi,Lying,Lying
2024-11-01 04:02:29.500000+00:00,combi,Lying,Lying
2024-11-01 04:03:29.500000+00:00,combi,Lying,Lying
2024-11-01 04:04:29.500000+00:00,combi,Lying,Lying
2024-11-01 04:05:29.500000+00:00,combi,Lying,Lying
2024-11-01 04:06:29.500000+00:00,combi,Lying,Lying
2024-11-01 04:07:29.500000+00:00,combi,Lying,Lying
2024-11-01 04:08:29.500000+00:00,combi,Lying,Lying
2024-11-01 04:09:29.500000+00:00,combi,Lying,Lying
2024-11-01 04:10:29.500000+00:00,combi,Lying,Lying
2024-11-01 04:11:29.500000+00:00,combi,Lying,Lying
2024-11-01 04:12:29.500000+00:00,combi,Lying,Lying
2024-11-01 04:13:29.500000+00:00,combi,Lying,Lying
2024-11-01 04:14:29.500000+00:00,combi,Lying,Lying
2024-11-01 04:15:29.500000+00:00,combi,Lying,Lying
2024-11-01 04:16:29.500000+00:00,combi,Lying,Lying
2024-11-01 04:17:29.500000+00:00,combi,Lying,Lying
2024-11-01 04:18:29.500000+00:00,combi,Lying,Lying
2024-11-01 04:19:29.500000+00:00,combi,Lying,Lying
2024-11-01 04:20:29.500000+00:00,combi,Lying,Lying
2024-11-01 04:21:29.500000+00:00,combi,Lying,Lying
2024-11-01 04:22:29.500000+00:00,combi,Lying,Lying
2024-11-01 04:23:29.500000+00:00,combi,Lying,Lying
2024-11-01 04:24:29.500000+00:00,combi,Sitting,Sitting
2024-11-01 04:25:29.500000+00:00,combi,Sitting,Sitting
2024-11-01 04:26:29.500000+00:00,combi,Sitting,Sitting
2024-11-01 04:27:29.500000+00:00,combi,Sitting,Sitting
2024-11-01 04:28:29.500000+00:00,combi,Sitting,Sitting
2024-11-01 04:29:29.500000+00:00,combi,Sitting,Sitting
2024-11-01 04:30:29.500000+00:00,combi,Sitting,Sitting
2024-11-01 04:31:29.500000+00:00,combi,Sitting,Sitting
2024-11-01 04:32:29.500000+00:00,combi,Sitting,Sitting
2024-11-01 04:33:29.500000+00:00,combi,Sitting,Sitting
2024-11-01 04:34:29.500000+00:00,combi,Sitting,Sitting
2024-11-01 04:35:29.500000+00:00,combi,Lying,Dynamic
2024-11-01 04:36:29.500000+00:00,combi,Lying,Lying
