Time,Participant,Majority_postures,Majority_including_dynamic
2024-06-27 04:40:49.500000+00:00,combi,Sitting,Sitting
2024-06-27 04:41:49.500000+00:00,combi,Sitting,Sitting
2024-06-27 04:42:49.500000+00:00,combi,Sitting,Sitting
2024-06-27 04:43:49.500000+00:00,combi,Sitting,Sitting
2024-06-27 04:44:49.500000+00:00,combi,Sitting,Sitting
2024-06-27 04:45:49.500000+00:00,combi,Sitting,Sitting
2024-06-27 04:46:49.500000+00:00,combi,Sitting,Sitting
2024-06-27 04:47:49.500000+00:00,combi,Sitting,Sitting
2024-06-27 04:48:49.500000+00:00,combi,Sitting,Sitting
2024-06-27 04:49:49.500000+00:00,combi,Sitting,Sitting
2024-06-27 04:50:49.500000+00:00,combi,Sitting,Sitting
2024-06-27 04:51:49.500000+00:00,combi,Sitting,Sitting
2024-06-27 04:52:49.500000+00:00,combi,Sitting,Sitting
2024-06-27 04:53:49.500000+00:00,combi,Lying,Lying
2024-06-27 04:54:49.500000+00:00,combi,Lying,Lying
2024-06-27 04:55:49.500000+00:00,combi,Lying,Lying
2024-06-27 04:56:49.500000+00:00,combi,Lying,Lying
2024-06-27 04:57:49.500000+00:00,combi,Lying,Lying
2024-06-27 04:58:49.500000+00:00,combi,Lying,Lying
2024-06-27 04:59:49.500000+00:00,combi,Lying,Lying
2024-06-27 05:00:49.500000+00:00,combi,Lying,Lying
2024-06-27 05:01:49.500000+00:00,combi,Lying,Lying
2024-06-27 05:02:49.500000+00:00,combi,Lying,Lying
2024-06-27 05:03:49.500000+00:00,combi,Lying,Lying
2024-06-27 05:04:49.500000+00:00,combi,Lying,Lying
2024-06-27 05:05:49.500000+00:00,combi,Lying,Lying
2024-06-27 05:06:49.500000+00:00,combi,Lying,Lying
2024-06-27 05:07:49.500000+00:00,combi,Lying,Lying
2024-06-27 05:08:49.500000+00:00,combi,Lying,Lying
2024-06-27 05:09:49.500000+00:00,combi,Lying,Lying
2024-06-27 05:10:49.500000+00:00,combi,Lying,Lying
2024-06-27 05:11:49.500000+00:00,combi,Lying,Lying
2024-06-27 05:12:49.500000+00:00,combi,Lying,Lying
2024-06-27 05:13:49.500000+00:00,combi,Lying,Lying
2024-06-27 05:14:49.500000+00:00,combi,Lying,Lying
2024-06-27 05:15:49.500000+00:00,combi,Lying,Lying
2024-06-27 05:16:49.500000+00:00,combi,Lying,Lying
2024-06-27 05:17:49.500000+00:00,combi,Lying,Lying
2024-06-27 05:18:49.500000+00:00,combi,Lying,Lying
2024-06-27 05:19:49.500000+00:00,combi,Lying,Lying
2024-06-27 05:20:49.500000+00:00,combi,Lying,Lying
2024-06-27 05:21:49.500000+00:00,combi,Lying,Lying
2024-06-27 05:22:49.500000+00:00,combi,Lying,Lying
2024-06-27 05:23:49.500000+00:00,combi,Lying,Lying
2024-06-27 05:24:49.500000+00:00,combi,Lying,Lying
2024-06-27 05:25:49.500000+00:00,combi,Lying,Lying
2024-06-27 05:26:49.500000+00:00,combi,Lying,Lying
2024-06-27 05:27:49.500000+00:00,combi,Lying,Lying
2024-06-27 05:28:49.500000+00:00,combi,Lying,Lying
2024-06-27 05:29:49.500000+00:00,combi,Lying,Lying
2024-06-27 05:30:49.500000+00:00,combi,Lying,Lying
2024-06-27 05:31:49.500000+00:00,combi,Lying,Lying
2024-06-27 05:32:49.500000+00:00,combi,Lying,Lying
2024-06-27 05:33:49.500000+00:00,combi,Lying,Lying
2024-06-27 05:34:49.500000+00:00,combi,Lying,Lying
2024-06-27 05:35:49.500000+00:00,combi,Lying,Lying
2024-06-27 05:36:49.500000+00:00,combi,Lying,Lying
2024-06-27 05:37:49.500000+00:00,combi,Lying,Lying
2024-06-27 05:38:49.500000+00:00,combi,Lying,Lying
2024-06-27 05:39:49.500000+00:00,combi,Lying,Lying
2024-06-27 05:40:49.500000+00:00,combi,Lying,Lying
2024-06-27 05:41:49.500000+00:00,combi,Lying,Lying
2024-06-27 05:42:49.500000+00:00,combi,Lying,Lying
2024-06-27 05:43:49.500000+00:00,combi,Lying,Lying
2024-06-27 05:44:49.500000+00:00,combi,Lying,Lying
2024-06-27 05:45:49.500000+00:00,combi,Lying,Lying
2024-06-27 05:46:49.500000+00:00,combi,Lying,Lying
2024-06-27 05:47:49.500000+00:00,combi,Lying,Lying
2024-06-27 05:48:49.500000+00:00,combi,Lying,Lying
2024-06-27 05:49:49.500000+00:00,combi,Lying,Lying
2024-06-27 05:50:49.500000+00:00,combi,Lying,Lying
2024-06-27 05:51:49.500000+00:00,combi,Lying,Lying
2024-06-27 05:52:49.500000+00:00,combi,Lying,Lying
2024-06-27 05:53:49.500000+00:00,combi,Lying,Lying
2024-06-27 05:54:49.500000+00:00,combi,Lying,Lying
2024-06-27 05:55:49.500000+00:00,combi,Lying,Lying
2024-06-27 05:56:49.500000+00:00,combi,Lying,Lying
2024-06-27 05:57:49.500000+00:00,combi,Lying,Lying
2024-06-27 05:58:49.500000+00:00,combi,Lying,Lying
2024-06-27 05:59:49.500000+00:00,combi,Lying,Lying
2024-06-27 06:00:49.500000+00:00,combi,Lying,Lying
2024-06-27 06:01:49.500000+00:00,combi,Lying,Lying
2024-06-27 06:02:49.500000+00:00,combi,Lying,Lying
2024-06-27 06:03:49.500000+00:00,combi,Lying,Lying
2024-06-27 06:04:49.500000+00:00,combi,Lying,Lying
2024-06-27 06:05:49.500000+00:00,combi,Lying,Lying
2024-06-27 06:06:49.500000+00:00,combi,Lying,Lying
2024-06-27 06:07:49.500000+00:00,combi,Lying,Lying
2024-06-27 06:08:49.500000+00:00,combi,Lying,Lying
2024-06-27 06:09:49.500000+00:00,combi,Lying,Lying
2024-06-27 06:10:49.500000+00:00,combi,Lying,Lying
2024-06-27 06:11:49.500000+00:00,combi,Lying,Lying
2024-06-27 06:12:49.500000+00:00,combi,Lying,Lying
2024-06-27 06:13:49.500000+00:00,combi,Lying,Lying
2024-06-27 06:14:49.500000+00:00,combi,Lying,Lying
2024-06-27 06:15:49.500000+00:00,combi,Lying,Lying
2024-06-27 06:16:49.500000+00:00,combi,Lying,Lying
2024-06-27 06:17:49.500000+00:00,combi,Lying,Lying
2024-06-27 06:18:49.500000+00:00,combi,Lying,Lying
2024-06-27 06:19:49.500000+00:00,combi,Lying,Lying
2024-06-27 06:20:49.500000+00:00,combi,Lying,Lying
2024-06-27 06:21:49.500000+00:00,combi,Lying,Lying
2024-06-27 06:22:49.500000+00:00,combi,Lying,Lying
2024-06-27 06:23:49.500000+00:00,combi,Lying,Lying
2024-06-27 06:24:49.500000+00:00,combi,Lying,Lying
2024-06-27 06:25:49.500000+00:00,combi,Lying,Lying
2024-06-27 06:26:49.500000+00:00,combi,Lying,Lying
2024-06-27 06:27:49.500000+00:00,combi,Lying,Lying
2024-06-27 06:28:49.500000+00:00,combi,Lying,Lying
2024-06-27 06:29:49.500000+00:00,combi,Lying,Lying
2024-06-27 06:30:49.500000+00:00,combi,Sitting,Sitting
2024-06-27 06:31:49.500000+00:00,combi,Standing,Dynamic
2024-06-27 06:32:49.500000+00:00,combi,Sitting,Sitting
2024-06-27 06:33:49.500000+00:00,combi,Sitting,Dynamic
2024-06-27 06:34:49.500000+00:00,combi,Sitting,Sitting
2024-06-27 06:35:49.500000+00:00,combi,Sitting,Sitting
2024-06-27 06:36:49.500000+00:00,combi,Sitting,Dynamic
2024-06-27 06:37:49.500000+00:00,combi,Sitting,Sitting
2024-06-27 06:38:49.500000+00:00,combi,Sitting,Sitting
2024-06-27 06:39:49.500000+00:00,combi,Standing,Dynamic
2024-06-27 06:40:49.500000+00:00,combi,Sitting,Sitting
2024-06-27 06:41:49.500000+00:00,combi,Sitting,Sitting
2024-06-27 06:42:49.500000+00:00,combi,Sitting,Sitting
2024-06-27 06:43:49.500000+00:00,combi,Sitting,Sitting
2024-06-27 06:44:49.500000+00:00,combi,Sitting,Sitting
2024-06-27 06:45:49.500000+00:00,combi,Sitting,Sitting
2024-06-27 06:46:49.500000+00:00,combi,Sitting,Sitting
2024-06-27 06:47:49.500000+00:00,combi,Standing,Standing
2024-06-27 06:48:49.500000+00:00,combi,Standing,Dynamic
2024-06-27 06:49:49.500000+00:00,combi,Lying,Dynamic
2024-06-27 06:50:49.500000+00:00,combi,Sitting,Dynamic
2024-06-27 06:51:49.500000+00:00,combi,Standing,Dynamic
2024-06-27 06:52:49.500000+00:00,combi,Standing,Dynamic
2024-06-27 06:53:49.500000+00:00,combi,Standing,Standing
2024-06-27 06:54:49.500000+00:00,combi,Standing,Standing
2024-06-27 06:55:49.500000+00:00,combi,Lying,Dynamic
2024-06-27 06:56:49.500000+00:00,combi,Lying,Dynamic
2024-06-27 06:57:49.500000+00:00,combi,Lying,Dynamic
2024-06-27 06:58:49.500000+00:00,combi,Lying,Dynamic
2024-06-27 06:59:49.500000+00:00,combi,Lying,Dynamic
2024-06-27 07:00:49.500000+00:00,combi,Lying,Dynamic
2024-06-27 07:01:49.500000+00:00,combi,Lying,Dynamic
2024-06-27 07:02:49.500000+00:00,combi,Lying,Dynamic
2024-06-27 07:03:49.500000+00:00,combi,Lying,Dynamic
2024-06-27 07:04:49.500000+00:00,combi,Lying,Dynamic
2024-06-27 07:05:49.500000+00:00,combi,Lying,Dynamic
2024-06-27 07:06:49.500000+00:00,combi,Lying,Dynamic
2024-06-27 07:07:49.500000+00:00,combi,Lying,Dynamic
2024-06-27 07:08:49.500000+00:00,combi,Lying,Dynamic
2024-06-27 07:09:49.500000+00:00,combi,Lying,Dynamic
2024-06-27 07:10:49.500000+00:00,combi,Lying,Dynamic
2024-06-27 07:11:49.500000+00:00,combi,Lying,Dynamic
2024-06-27 07:12:49.500000+00:00,combi,Standing,Dynamic
2024-06-27 07:13:49.500000+00:00,combi,Standing,Dynamic
2024-06-27 07:14:49.500000+00:00,combi,Standing,Dynamic
2024-06-27 07:15:49.500000+00:00,combi,Standing,Standing
2024-06-27 07:16:49.500000+00:00,combi,Standing,Standing
2024-06-27 07:17:49.500000+00:00,combi,Standing,Standing
2024-06-27 07:18:49.500000+00:00,combi,Standing,Standing
2024-06-27 07:19:49.500000+00:00,combi,Sitting,Sitting
2024-06-27 07:20:49.500000+00:00,combi,Sitting,Sitting
2024-06-27 07:21:49.500000+00:00,combi,Sitting,Sitting
2024-06-27 07:22:49.500000+00:00,combi,Sitting,Sitting
2024-06-27 07:23:49.500000+00:00,combi,Sitting,Sitting
2024-06-27 07:24:49.500000+00:00,combi,Sitting,Sitting
2024-06-27 07:25:49.500000+00:00,combi,Sitting,Sitting
2024-06-27 07:26:49.500000+00:00,combi,Sitting,Sitting
2024-06-27 07:27:49.500000+00:00,combi,Sitting,Sitting
2024-06-27 07:28:49.500000+00:00,combi,Sitting,Sitting
2024-06-27 07:29:49.500000+00:00,combi,Sitting,Sitting
2024-06-27 07:30:49.500000+00:00,combi,Sitting,Sitting
2024-06-27 07:31:49.500000+00:00,combi,Sitting,Sitting
2024-06-27 07:32:49.500000+00:00,combi,Sitting,Sitting
2024-06-27 07:33:49.500000+00:00,combi,Sitting,Sitting
2024-06-27 07:34:49.500000+00:00,combi,Sitting,Sitting
2024-06-27 07:35:49.500000+00:00,combi,Sitting,Sitting
2024-06-27 07:36:49.500000+00:00,combi,Sitting,Sitting
2024-06-27 07:37:49.500000+00:00,combi,Sitting,Sitting
2024-06-27 07:38:49.500000+00:00,combi,Sitting,Sitting
2024-06-27 07:39:49.500000+00:00,combi,Sitting,Sitting
2024-06-27 07:40:49.500000+00:00,combi,Sitting,Sitting
2024-06-27 07:41:49.500000+00:00,combi,Standing,Dynamic
2024-06-27 07:42:49.500000+00:00,combi,Standing,Dynamic
2024-06-27 07:43:49.500000+00:00,combi,Sitting,Sitting
2024-06-27 07:44:49.500000+00:00,combi,Sitting,Sitting
2024-06-27 07:45:49.500000+00:00,combi,Sitting,Sitting
2024-06-27 07:46:49.500000+00:00,combi,Sitting,Sitting
2024-06-27 07:47:49.500000+00:00,combi,Sitting,Sitting
2024-06-27 07:48:49.500000+00:00,combi,Sitting,Sitting
2024-06-27 07:49:49.500000+00:00,combi,Sitting,Sitting
2024-06-27 07:50:49.500000+00:00,combi,Sitting,Sitting
2024-06-27 07:51:49.500000+00:00,combi,Sitting,Sitting
2024-06-27 07:52:49.500000+00:00,combi,Sitting,Sitting
2024-06-27 07:53:49.500000+00:00,combi,Sitting,Dynamic
2024-06-27 07:54:49.500000+00:00,combi,Sitting,Sitting
2024-06-27 07:55:49.500000+00:00,combi,Sitting,Sitting
2024-06-27 07:56:49.500000+00:00,combi,Sitting,Sitting
2024-06-27 07:57:49.500000+00:00,combi,Sitting,Sitting
2024-06-27 07:58:49.500000+00:00,combi,Sitting,Sitting
2024-06-27 07:59:49.500000+00:00,combi,Sitting,Sitting
2024-06-27 08:00:49.500000+00:00,combi,Sitting,Sitting
2024-06-27 08:01:49.500000+00:00,combi,Sitting,Sitting
2024-06-27 08:02:49.500000+00:00,combi,Sitting,Sitting
2024-06-27 08:03:49.500000+00:00,combi,Sitting,Sitting
2024-06-27 08:04:49.500000+00:00,combi,Sitting,Sitting
2024-06-27 08:05:49.500000+00:00,combi,Sitting,Sitting
2024-06-27 08:06:49.500000+00:00,combi,Sitting,Sitting
2024-06-27 08:07:49.500000+00:00,combi,Sitting,Sitting
2024-06-27 08:08:49.500000+00:00,combi,Sitting,Sitting
2024-06-27 08:09:49.500000+00:00,combi,Sitting,Sitting
2024-06-27 08:10:49.500000+00:00,combi,Sitting,Sitting
2024-06-27 08:11:49.500000+00:00,combi,Standing,Standing
2024-06-27 08:12:49.500000+00:00,combi,Sitting,Sitting
2024-06-27 08:13:49.500000+00:00,combi,Sitting,Sitting
2024-06-27 08:14:49.500000+00:00,combi,Sitting,Sitting
2024-06-27 08:15:49.500000+00:00,combi,Sitting,Sitting
2024-06-27 08:16:49.500000+00:00,combi,Sitting,Sitting
2024-06-27 08:17:49.500000+00:00,combi,Sitting,Sitting
2024-06-27 08:18:49.500000+00:00,combi,Sitting,Sitting
2024-06-27 08:19:49.500000+00:00,combi,Sitting,Sitting
2024-06-27 08:20:49.500000+00:00,combi,Sitting,Sitting
2024-06-27 08:21:49.500000+00:00,combi,Sitting,Sitting
2024-06-27 08:22:49.500000+00:00,combi,Sitting,Sitting
2024-06-27 08:23:49.500000+00:00,combi,Sitting,Sitting
2024-06-27 08:24:49.500000+00:00,combi,Sitting,Sitting
2024-06-27 08:25:49.500000+00:00,combi,Sitting,Sitting
2024-06-27 08:26:49.500000+00:00,combi,Sitting,Sitting
2024-06-27 08:27:49.500000+00:00,combi,Sitting,Sitting
2024-06-27 08:28:49.500000+00:00,combi,Sitting,Sitting
2024-06-27 08:29:49.500000+00:00,combi,Sitting,Sitting
2024-06-27 08:30:49.500000+00:00,combi,Sitting,Sitting
2024-06-27 08:31:49.500000+00:00,combi,Sitting,Sitting
2024-06-27 08:32:49.500000+00:00,combi,Sitting,Sitting
2024-06-27 08:33:49.500000+00:00,combi,Sitting,Sitting
2024-06-27 08:34:49.500000+00:00,combi,Sitting,Sitting
2024-06-27 08:35:49.500000+00:00,combi,Sitting,Sitting
2024-06-27 08:36:49.500000+00:00,combi,Sitting,Sitting
2024-06-27 08:37:49.500000+00:00,combi,Sitting,Sitting
2024-06-27 08:38:49.500000+00:00,combi,Sitting,Sitting
2024-06-27 08:39:49.500000+00:00,combi,Sitting,Sitting
2024-06-27 08:40:49.500000+00:00,combi,Sitting,Sitting
2024-06-27 08:41:49.500000+00:00,combi,Sitting,Sitting
2024-06-27 08:42:49.500000+00:00,combi,Sitting,Sitting
2024-06-27 08:43:49.500000+00:00,combi,Sitting,Sitting
2024-06-27 08:44:49.500000+00:00,combi,Standing,Standing
2024-06-27 08:45:49.500000+00:00,combi,Sitting,Dynamic
2024-06-27 08:46:49.500000+00:00,combi,Standing,Dynamic
2024-06-27 08:47:49.500000+00:00,combi,Lying,Dynamic
2024-06-27 08:48:49.500000+00:00,combi,Lying,Dynamic
2024-06-27 08:49:49.500000+00:00,combi,Standing,Dynamic
2024-06-27 08:50:49.500000+00:00,combi,Standing,Dynamic
2024-06-27 08:51:49.500000+00:00,combi,Standing,Dynamic
2024-06-27 08:52:49.500000+00:00,combi,Standing,Dynamic
2024-06-27 08:53:49.500000+00:00,combi,Lying,Dynamic
2024-06-27 08:54:49.500000+00:00,combi,Standing,Dynamic
2024-06-27 08:55:49.500000+00:00,combi,Standing,Dynamic
2024-06-27 08:56:49.500000+00:00,combi,Standing,Dynamic
2024-06-27 08:57:49.500000+00:00,combi,Lying,Dynamic
2024-06-27 08:58:49.500000+00:00,combi,Lying,Dynamic
2024-06-27 08:59:49.500000+00:00,combi,Lying,Dynamic
2024-06-27 09:00:49.500000+00:00,combi,Lying,Dynamic
2024-06-27 09:01:49.500000+00:00,combi,Lying,Dynamic
2024-06-27 09:02:49.500000+00:00,combi,Lying,Dynamic
2024-06-27 09:03:49.500000+00:00,combi,Standing,Dynamic
2024-06-27 09:04:49.500000+00:00,combi,Standing,Dynamic
2024-06-27 09:05:49.500000+00:00,combi,Standing,Standing
2024-06-27 09:06:49.500000+00:00,combi,Standing,Standing
2024-06-27 09:07:49.500000+00:00,combi,Standing,Standing
2024-06-27 09:08:49.500000+00:00,combi,Standing,Standing
2024-06-27 09:09:49.500000+00:00,combi,Standing,Standing
2024-06-27 09:10:49.500000+00:00,combi,Standing,Standing
2024-06-27 09:11:49.500000+00:00,combi,Standing,Standing
2024-06-27 09:12:49.500000+00:00,combi,Standing,Standing
2024-06-27 09:13:49.500000+00:00,combi,Standing,Standing
2024-06-27 09:14:49.500000+00:00,combi,Standing,Dynamic
2024-06-27 09:15:49.500000+00:00,combi,Sitting,Sitting
2024-06-27 09:16:49.500000+00:00,combi,Sitting,Sitting
2024-06-27 09:17:49.500000+00:00,combi,Sitting,Sitting
2024-06-27 09:18:49.500000+00:00,combi,Standing,Dynamic
2024-06-27 09:19:49.500000+00:00,combi,Sitting,Sitting
2024-06-27 09:20:49.500000+00:00,combi,Sitting,Sitting
2024-06-27 09:21:49.500000+00:00,combi,Sitting,Sitting
2024-06-27 09:22:49.500000+00:00,combi,Sitting,Sitting
2024-06-27 09:23:49.500000+00:00,combi,Sitting,Sitting
2024-06-27 09:24:49.500000+00:00,combi,Sitting,Sitting
2024-06-27 09:25:49.500000+00:00,combi,Sitting,Sitting
2024-06-27 09:26:49.500000+00:00,combi,Sitting,Sitting
2024-06-27 09:27:49.500000+00:00,combi,Sitting,Sitting
2024-06-27 09:28:49.500000+00:00,combi,Sitting,Sitting
2024-06-27 09:29:49.500000+00:00,combi,Sitting,Sitting
2024-06-27 09:30:49.500000+00:00,combi,Sitting,Sitting
2024-06-27 09:31:49.500000+00:00,combi,Sitting,Sitting
2024-06-27 09:32:49.500000+00:00,combi,Sitting,Sitting
2024-06-27 09:33:49.500000+00:00,combi,Sitting,Sitting
2024-06-27 09:34:49.500000+00:00,combi,Sitting,Sitting
2024-06-27 09:35:49.500000+00:00,combi,Sitting,Sitting
2024-06-27 09:36:49.500000+00:00,combi,Sitting,Sitting
2024-06-27 09:37:49.500000+00:00,combi,Sitting,Sitting
2024-06-27 09:38:49.500000+00:00,combi,Sitting,Sitting
2024-06-27 09:39:49.500000+00:00,combi,Sitting,Sitting
2024-06-27 09:40:49.500000+00:00,combi,Sitting,Sitting
2024-06-27 09:41:49.500000+00:00,combi,Sitting,Sitting
2024-06-27 09:42:49.500000+00:00,combi,Sitting,Sitting
2024-06-27 09:43:49.500000+00:00,combi,Sitting,Sitting
2024-06-27 09:44:49.500000+00:00,combi,Standing,Standing
2024-06-27 09:45:49.500000+00:00,combi,Standing,Dynamic
2024-06-27 09:46:49.500000+00:00,combi,Standing,Dynamic
2024-06-27 09:47:49.500000+00:00,combi,Standing,Standing
2024-06-27 09:48:49.500000+00:00,combi,Standing,Dynamic
2024-06-27 09:49:49.500000+00:00,combi,Sitting,Sitting
2024-06-27 09:50:49.500000+00:00,combi,Sitting,Sitting
2024-06-27 09:51:49.500000+00:00,combi,Sitting,Sitting
2024-06-27 09:52:49.500000+00:00,combi,Sitting,Sitting
2024-06-27 09:53:49.500000+00:00,combi,Sitting,Sitting
2024-06-27 09:54:49.500000+00:00,combi,Sitting,Sitting
2024-06-27 09:55:49.500000+00:00,combi,Sitting,Sitting
2024-06-27 09:56:49.500000+00:00,combi,Sitting,Sitting
2024-06-27 09:57:49.500000+00:00,combi,Sitting,Sitting
2024-06-27 09:58:49.500000+00:00,combi,Sitting,Sitting
2024-06-27 09:59:49.500000+00:00,combi,Sitting,Sitting
2024-06-27 10:00:49.500000+00:00,combi,Sitting,Sitting
2024-06-27 10:01:49.500000+00:00,combi,Sitting,Sitting
2024-06-27 10:02:49.500000+00:00,combi,Sitting,Sitting
2024-06-27 10:03:49.500000+00:00,combi,Sitting,Sitting
2024-06-27 10:04:49.500000+00:00,combi,Sitting,Sitting
2024-06-27 10:05:49.500000+00:00,combi,Sitting,Sitting
2024-06-27 10:06:49.500000+00:00,combi,Sitting,Sitting
2024-06-27 10:07:49.500000+00:00,combi,Sitting,Sitting
2024-06-27 10:08:49.500000+00:00,combi,Sitting,Sitting
2024-06-27 10:09:49.500000+00:00,combi,Sitting,Sitting
2024-06-27 10:10:49.500000+00:00,combi,Sitting,Sitting
2024-06-27 10:11:49.500000+00:00,combi,Sitting,Sitting
2024-06-27 10:12:49.500000+00:00,combi,Sitting,Sitting
2024-06-27 10:13:49.500000+00:00,combi,Sitting,Sitting
2024-06-27 10:14:49.500000+00:00,combi,Sitting,Sitting
2024-06-27 10:15:49.500000+00:00,combi,Sitting,Sitting
2024-06-27 10:16:49.500000+00:00,combi,Sitting,Sitting
2024-06-27 10:17:49.500000+00:00,combi,Sitting,Sitting
2024-06-27 10:18:49.500000+00:00,combi,Sitting,Sitting
2024-06-27 10:19:49.500000+00:00,combi,Sitting,Sitting
2024-06-27 10:20:49.500000+00:00,combi,Sitting,Sitting
2024-06-27 10:21:49.500000+00:00,combi,Sitting,Sitting
2024-06-27 10:22:49.500000+00:00,combi,Sitting,Sitting
2024-06-27 10:23:49.500000+00:00,combi,Sitting,Sitting
2024-06-27 10:24:49.500000+00:00,combi,Sitting,Sitting
2024-06-27 10:25:49.500000+00:00,combi,Sitting,Sitting
2024-06-27 10:26:49.500000+00:00,combi,Sitting,Sitting
2024-06-27 10:27:49.500000+00:00,combi,Sitting,Sitting
2024-06-27 10:28:49.500000+00:00,combi,Sitting,Sitting
2024-06-27 10:29:49.500000+00:00,combi,Sitting,Sitting
2024-06-27 10:30:49.500000+00:00,combi,Sitting,Sitting
2024-06-27 10:31:49.500000+00:00,combi,Sitting,Sitting
2024-06-27 10:32:49.500000+00:00,combi,Sitting,Sitting
2024-06-27 10:33:49.500000+00:00,combi,Sitting,Sitting
2024-06-27 10:34:49.500000+00:00,combi,Sitting,Sitting
2024-06-27 10:35:49.500000+00:00,combi,Sitting,Sitting
2024-06-27 10:36:49.500000+00:00,combi,Sitting,Sitting
2024-06-27 10:37:49.500000+00:00,combi,Sitting,Sitting
2024-06-27 10:38:49.500000+00:00,combi,Sitting,Sitting
2024-06-27 10:39:49.500000+00:00,combi,Sitting,Sitting
2024-06-27 10:40:49.500000+00:00,combi,Sitting,Sitting
2024-06-27 10:41:49.500000+00:00,combi,Sitting,Sitting
2024-06-27 10:42:49.500000+00:00,combi,Sitting,Sitting
2024-06-27 10:43:49.500000+00:00,combi,Sitting,Sitting
2024-06-27 10:44:49.500000+00:00,combi,Sitting,Sitting
2024-06-27 10:45:49.500000+00:00,combi,Sitting,Sitting
2024-06-27 10:46:49.500000+00:00,combi,Sitting,Sitting
2024-06-27 10:47:49.500000+00:00,combi,Sitting,Sitting
2024-06-27 10:48:49.500000+00:00,combi,Sitting,Sitting
2024-06-27 10:49:49.500000+00:00,combi,Sitting,Sitting
2024-06-27 10:50:49.500000+00:00,combi,Sitting,Sitting
2024-06-27 10:51:49.500000+00:00,combi,Sitting,Sitting
2024-06-27 10:52:49.500000+00:00,combi,Sitting,Sitting
2024-06-27 10:53:49.500000+00:00,combi,Sitting,Sitting
2024-06-27 10:54:49.500000+00:00,combi,Sitting,Sitting
2024-06-27 10:55:49.500000+00:00,combi,Sitting,Sitting
2024-06-27 10:56:49.500000+00:00,combi,Sitting,Sitting
2024-06-27 10:57:49.500000+00:00,combi,Sitting,Sitting
2024-06-27 10:58:49.500000+00:00,combi,Sitting,Sitting
2024-06-27 10:59:49.500000+00:00,combi,Sitting,Sitting
2024-06-27 11:00:49.500000+00:00,combi,Sitting,Sitting
2024-06-27 11:01:49.500000+00:00,combi,Sitting,Sitting
2024-06-27 11:02:49.500000+00:00,combi,Sitting,Sitting
2024-06-27 11:03:49.500000+00:00,combi,Sitting,Sitting
2024-06-27 11:04:49.500000+00:00,combi,Sitting,Sitting
2024-06-27 11:05:49.500000+00:00,combi,Sitting,Sitting
2024-06-27 11:06:49.500000+00:00,combi,Sitting,Sitting
2024-06-27 11:07:49.500000+00:00,combi,Sitting,Sitting
2024-06-27 11:08:49.500000+00:00,combi,Sitting,Sitting
2024-06-27 11:09:49.500000+00:00,combi,Sitting,Sitting
2024-06-27 11:10:49.500000+00:00,combi,Sitting,Sitting
2024-06-27 11:11:49.500000+00:00,combi,Sitting,Sitting
2024-06-27 11:12:49.500000+00:00,combi,Sitting,Sitting
2024-06-27 11:13:49.500000+00:00,combi,Sitting,Sitting
2024-06-27 11:14:49.500000+00:00,combi,Sitting,Sitting
2024-06-27 11:15:49.500000+00:00,combi,Sitting,Sitting
2024-06-27 11:16:49.500000+00:00,combi,Sitting,Sitting
2024-06-27 11:17:49.500000+00:00,combi,Sitting,Sitting
2024-06-27 11:18:49.500000+00:00,combi,Sitting,Sitting
2024-06-27 11:19:49.500000+00:00,combi,Sitting,Sitting
2024-06-27 11:20:49.500000+00:00,combi,Sitting,Sitting
2024-06-27 11:21:49.500000+00:00,combi,Sitting,Sitting
2024-06-27 11:22:49.500000+00:00,combi,Sitting,Sitting
2024-06-27 11:23:49.500000+00:00,combi,Sitting,Sitting
2024-06-27 11:24:49.500000+00:00,combi,Sitting,Sitting
2024-06-27 11:25:49.500000+00:00,combi,Sitting,Sitting
2024-06-27 11:26:49.500000+00:00,combi,Sitting,Sitting
2024-06-27 11:27:49.500000+00:00,combi,Sitting,Sitting
2024-06-27 11:28:49.500000+00:00,combi,Sitting,Sitting
2024-06-27 11:29:49.500000+00:00,combi,Sitting,Sitting
2024-06-27 11:30:49.500000+00:00,combi,Sitting,Sitting
2024-06-27 11:31:49.500000+00:00,combi,Sitting,Sitting
2024-06-27 11:32:49.500000+00:00,combi,Sitting,Sitting
2024-06-27 11:33:49.500000+00:00,combi,Sitting,Sitting
2024-06-27 11:34:49.500000+00:00,combi,Sitting,Sitting
2024-06-27 11:35:49.500000+00:00,combi,Sitting,Sitting
2024-06-27 11:36:49.500000+00:00,combi,Sitting,Sitting
2024-06-27 11:37:49.500000+00:00,combi,Sitting,Sitting
2024-06-27 11:38:49.500000+00:00,combi,Sitting,Sitting
2024-06-27 11:39:49.500000+00:00,combi,Sitting,Sitting
2024-06-27 11:40:49.500000+00:00,combi,Sitting,Dynamic
2024-06-27 11:41:49.500000+00:00,combi,Standing,Dynamic
2024-06-27 11:42:49.500000+00:00,combi,Standing,Dynamic
2024-06-27 11:43:49.500000+00:00,combi,Standing,Dynamic
2024-06-27 11:44:49.500000+00:00,combi,Standing,Dynamic
2024-06-27 11:45:49.500000+00:00,combi,Standing,Dynamic
2024-06-27 11:46:49.500000+00:00,combi,Standing,Dynamic
2024-06-27 11:47:49.500000+00:00,combi,Standing,Dynamic
2024-06-27 11:48:49.500000+00:00,combi,Standing,Dynamic
2024-06-27 11:49:49.500000+00:00,combi,Standing,Dynamic
2024-06-27 11:50:49.500000+00:00,combi,Standing,Dynamic
2024-06-27 11:51:49.500000+00:00,combi,Lying,Dynamic
2024-06-27 11:52:49.500000+00:00,combi,Lying,Dynamic
2024-06-27 11:53:49.500000+00:00,combi,Lying,Dynamic
2024-06-27 11:54:49.500000+00:00,combi,Lying,Dynamic
2024-06-27 11:55:49.500000+00:00,combi,Lying,Dynamic
2024-06-27 11:56:49.500000+00:00,combi,Standing,Dynamic
2024-06-27 11:57:49.500000+00:00,combi,Standing,Dynamic
2024-06-27 11:58:49.500000+00:00,combi,Standing,Dynamic
2024-06-27 11:59:49.500000+00:00,combi,Sitting,Sitting
2024-06-27 12:00:49.500000+00:00,combi,Sitting,Sitting
2024-06-27 12:01:49.500000+00:00,combi,Sitting,Sitting
2024-06-27 12:02:49.500000+00:00,combi,Sitting,Sitting
2024-06-27 12:03:49.500000+00:00,combi,Sitting,Sitting
2024-06-27 12:04:49.500000+00:00,combi,Sitting,Sitting
2024-06-27 12:05:49.500000+00:00,combi,Sitting,Sitting
2024-06-27 12:06:49.500000+00:00,combi,Sitting,Sitting
2024-06-27 12:07:49.500000+00:00,combi,Sitting,Sitting
2024-06-27 12:08:49.500000+00:00,combi,Sitting,Sitting
2024-06-27 12:09:49.500000+00:00,combi,Sitting,Sitting
2024-06-27 12:10:49.500000+00:00,combi,Sitting,Sitting
2024-06-27 12:11:49.500000+00:00,combi,Sitting,Sitting
2024-06-27 12:12:49.500000+00:00,combi,Sitting,Sitting
2024-06-27 12:13:49.500000+00:00,combi,Standing,Dynamic
2024-06-27 12:14:49.500000+00:00,combi,Sitting,Sitting
2024-06-27 12:15:49.500000+00:00,combi,Sitting,Sitting
2024-06-27 12:16:49.500000+00:00,combi,Sitting,Sitting
2024-06-27 12:17:49.500000+00:00,combi,Standing,Standing
2024-06-27 12:18:49.500000+00:00,combi,Standing,Standing
2024-06-27 12:19:49.500000+00:00,combi,Sitting,Sitting
2024-06-27 12:20:49.500000+00:00,combi,Sitting,Sitting
2024-06-27 12:21:49.500000+00:00,combi,Sitting,Sitting
2024-06-27 12:22:49.500000+00:00,combi,Sitting,Sitting
2024-06-27 12:23:49.500000+00:00,combi,Sitting,Sitting
2024-06-27 12:24:49.500000+00:00,combi,Sitting,Sitting
2024-06-27 12:25:49.500000+00:00,combi,Sitting,Sitting
2024-06-27 12:26:49.500000+00:00,combi,Sitting,Sitting
2024-06-27 12:27:49.500000+00:00,combi,Sitting,Sitting
2024-06-27 12:28:49.500000+00:00,combi,Sitting,Sitting
2024-06-27 12:29:49.500000+00:00,combi,Sitting,Sitting
2024-06-27 12:30:49.500000+00:00,combi,Sitting,Sitting
2024-06-27 12:31:49.500000+00:00,combi,Sitting,Sitting
2024-06-27 12:32:49.500000+00:00,combi,Sitting,Sitting
2024-06-27 12:33:49.500000+00:00,combi,Sitting,Sitting
2024-06-27 12:34:49.500000+00:00,combi,Sitting,Sitting
2024-06-27 12:35:49.500000+00:00,combi,Sitting,Sitting
2024-06-27 12:36:49.500000+00:00,combi,Sitting,Sitting
2024-06-27 12:37:49.500000+00:00,combi,Sitting,Sitting
2024-06-27 12:38:49.500000+00:00,combi,Sitting,Sitting
2024-06-27 12:39:49.500000+00:00,combi,Sitting,Sitting
2024-06-27 12:40:49.500000+00:00,combi,Sitting,Sitting
2024-06-27 12:41:49.500000+00:00,combi,Sitting,Sitting
2024-06-27 12:42:49.500000+00:00,combi,Sitting,Sitting
2024-06-27 12:43:49.500000+00:00,combi,Sitting,Sitting
2024-06-27 12:44:49.500000+00:00,combi,Sitting,Sitting
2024-06-27 12:45:49.500000+00:00,combi,Sitting,Sitting
2024-06-27 12:46:49.500000+00:00,combi,Sitting,Sitting
2024-06-27 12:47:49.500000+00:00,combi,Sitting,Sitting
2024-06-27 12:48:49.500000+00:00,combi,Sitting,Sitting
2024-06-27 12:49:49.500000+00:00,combi,Sitting,Sitting
2024-06-27 12:50:49.500000+00:00,combi,Sitting,Sitting
2024-06-27 12:51:49.500000+00:00,combi,Standing,Standing
2024-06-27 12:52:49.500000+00:00,combi,Standing,Dynamic
2024-06-27 12:53:49.500000+00:00,combi,Standing,Dynamic
2024-06-27 12:54:49.500000+00:00,combi,Standing,Dynamic
2024-06-27 12:55:49.500000+00:00,combi,Sitting,Sitting
2024-06-27 12:56:49.500000+00:00,combi,Standing,Standing
2024-06-27 12:57:49.500000+00:00,combi,Standing,Standing
2024-06-27 12:58:49.500000+00:00,combi,Sitting,Sitting
2024-06-27 12:59:49.500000+00:00,combi,Sitting,Sitting
2024-06-27 13:00:49.500000+00:00,combi,Sitting,Sitting
2024-06-27 13:01:49.500000+00:00,combi,Sitting,Sitting
2024-06-27 13:02:49.500000+00:00,combi,Standing,Standing
2024-06-27 13:03:49.500000+00:00,combi,Sitting,Sitting
2024-06-27 13:04:49.500000+00:00,combi,Sitting,Sitting
2024-06-27 13:05:49.500000+00:00,combi,Sitting,Sitting
2024-06-27 13:06:49.500000+00:00,combi,Sitting,Sitting
2024-06-27 13:07:49.500000+00:00,combi,Sitting,Sitting
2024-06-27 13:08:49.500000+00:00,combi,Sitting,Sitting
2024-06-27 13:09:49.500000+00:00,combi,Sitting,Sitting
2024-06-27 13:10:49.500000+00:00,combi,Sitting,Sitting
2024-06-27 13:11:49.500000+00:00,combi,Sitting,Sitting
2024-06-27 13:12:49.500000+00:00,combi,Sitting,Sitting
2024-06-27 13:13:49.500000+00:00,combi,Sitting,Sitting
2024-06-27 13:14:49.500000+00:00,combi,Sitting,Sitting
2024-06-27 13:15:49.500000+00:00,combi,Sitting,Sitting
2024-06-27 13:16:49.500000+00:00,combi,Sitting,Sitting
2024-06-27 13:17:49.500000+00:00,combi,Sitting,Sitting
2024-06-27 13:18:49.500000+00:00,combi,Sitting,Sitting
2024-06-27 13:19:49.500000+00:00,combi,Sitting,Sitting
2024-06-27 13:20:49.500000+00:00,combi,Sitting,Sitting
2024-06-27 13:21:49.500000+00:00,combi,Sitting,Sitting
2024-06-27 13:22:49.500000+00:00,combi,Sitting,Sitting
2024-06-27 13:23:49.500000+00:00,combi,Sitting,Sitting
2024-06-27 13:24:49.500000+00:00,combi,Sitting,Sitting
2024-06-27 13:25:49.500000+00:00,combi,Sitting,Sitting
2024-06-27 13:26:49.500000+00:00,combi,Sitting,Sitting
2024-06-27 13:27:49.500000+00:00,combi,Sitting,Sitting
2024-06-27 13:28:49.500000+00:00,combi,Sitting,Sitting
2024-06-27 13:29:49.500000+00:00,combi,Sitting,Sitting
2024-06-27 13:30:49.500000+00:00,combi,Sitting,Sitting
2024-06-27 13:31:49.500000+00:00,combi,Sitting,Sitting
2024-06-27 13:32:49.500000+00:00,combi,Sitting,Sitting
2024-06-27 13:33:49.500000+00:00,combi,Sitting,Sitting
2024-06-27 13:34:49.500000+00:00,combi,Sitting,Sitting
2024-06-27 13:35:49.500000+00:00,combi,Sitting,Sitting
2024-06-27 13:36:49.500000+00:00,combi,Sitting,Sitting
2024-06-27 13:37:49.500000+00:00,combi,Standing,Dynamic
2024-06-27 13:38:49.500000+00:00,combi,Standing,Dynamic
2024-06-27 13:39:49.500000+00:00,combi,Standing,Dynamic
2024-06-27 13:40:49.500000+00:00,combi,Sitting,Dynamic
2024-06-27 13:41:49.500000+00:00,combi,Standing,Dynamic
2024-06-27 13:42:49.500000+00:00,combi,Sitting,Sitting
2024-06-27 13:43:49.500000+00:00,combi,Sitting,Sitting
2024-06-27 13:44:49.500000+00:00,combi,Sitting,Sitting
2024-06-27 13:45:49.500000+00:00,combi,Standing,Standing
2024-06-27 13:46:49.500000+00:00,combi,Standing,Dynamic
2024-06-27 13:47:49.500000+00:00,combi,Sitting,Sitting
2024-06-27 13:48:49.500000+00:00,combi,Sitting,Sitting
2024-06-27 13:49:49.500000+00:00,combi,Standing,Dynamic
2024-06-27 13:50:49.500000+00:00,combi,Standing,Dynamic
2024-06-27 13:51:49.500000+00:00,combi,Sitting,Sitting
2024-06-27 13:52:49.500000+00:00,combi,Sitting,Sitting
2024-06-27 13:53:49.500000+00:00,combi,Sitting,Sitting
2024-06-27 13:54:49.500000+00:00,combi,Sitting,Sitting
2024-06-27 13:55:49.500000+00:00,combi,Sitting,Sitting
2024-06-27 13:56:49.500000+00:00,combi,Sitting,Sitting
2024-06-27 13:57:49.500000+00:00,combi,Sitting,Sitting
2024-06-27 13:58:49.500000+00:00,combi,Sitting,Sitting
2024-06-27 13:59:49.500000+00:00,combi,Sitting,Sitting
2024-06-27 14:00:49.500000+00:00,combi,Sitting,Sitting
2024-06-27 14:01:49.500000+00:00,combi,Sitting,Sitting
2024-06-27 14:02:49.500000+00:00,combi,Sitting,Sitting
2024-06-27 14:03:49.500000+00:00,combi,Sitting,Sitting
2024-06-27 14:04:49.500000+00:00,combi,Sitting,Sitting
2024-06-27 14:05:49.500000+00:00,combi,Sitting,Sitting
2024-06-27 14:06:49.500000+00:00,combi,Sitting,Sitting
2024-06-27 14:07:49.500000+00:00,combi,Standing,Dynamic
2024-06-27 14:08:49.500000+00:00,combi,Standing,Dynamic
2024-06-27 14:09:49.500000+00:00,combi,Sitting,Sitting
2024-06-27 14:10:49.500000+00:00,combi,Sitting,Sitting
2024-06-27 14:11:49.500000+00:00,combi,Sitting,Sitting
2024-06-27 14:12:49.500000+00:00,combi,Sitting,Sitting
2024-06-27 14:13:49.500000+00:00,combi,Sitting,Sitting
2024-06-27 14:14:49.500000+00:00,combi,Sitting,Sitting
2024-06-27 14:15:49.500000+00:00,combi,Sitting,Sitting
2024-06-27 14:16:49.500000+00:00,combi,Sitting,Sitting
2024-06-27 14:17:49.500000+00:00,combi,Sitting,Sitting
2024-06-27 14:18:49.500000+00:00,combi,Sitting,Sitting
2024-06-27 14:19:49.500000+00:00,combi,Sitting,Sitting
2024-06-27 14:20:49.500000+00:00,combi,Sitting,Sitting
2024-06-27 14:21:49.500000+00:00,combi,Sitting,Sitting
2024-06-27 14:22:49.500000+00:00,combi,Sitting,Sitting
2024-06-27 14:23:49.500000+00:00,combi,Sitting,Sitting
2024-06-27 14:24:49.500000+00:00,combi,Sitting,Sitting
2024-06-27 14:25:49.500000+00:00,combi,Sitting,Sitting
2024-06-27 14:26:49.500000+00:00,combi,Sitting,Sitting
2024-06-27 14:27:49.500000+00:00,combi,Sitting,Sitting
2024-06-27 14:28:49.500000+00:00,combi,Sitting,Sitting
2024-06-27 14:29:49.500000+00:00,combi,Sitting,Sitting
2024-06-27 14:30:49.500000+00:00,combi,Sitting,Sitting
2024-06-27 14:31:49.500000+00:00,combi,Sitting,Sitting
2024-06-27 14:32:49.500000+00:00,combi,Sitting,Sitting
2024-06-27 14:33:49.500000+00:00,combi,Sitting,Sitting
2024-06-27 14:34:49.500000+00:00,combi,Sitting,Sitting
2024-06-27 14:35:49.500000+00:00,combi,Sitting,Sitting
2024-06-27 14:36:49.500000+00:00,combi,Sitting,Sitting
2024-06-27 14:37:49.500000+00:00,combi,Sitting,Sitting
2024-06-27 14:38:49.500000+00:00,combi,Sitting,Sitting
2024-06-27 14:39:49.500000+00:00,combi,Sitting,Sitting
2024-06-27 14:40:49.500000+00:00,combi,Sitting,Sitting
2024-06-27 14:41:49.500000+00:00,combi,Sitting,Sitting
2024-06-27 14:42:49.500000+00:00,combi,Sitting,Sitting
2024-06-27 14:43:49.500000+00:00,combi,Sitting,Sitting
2024-06-27 14:44:49.500000+00:00,combi,Sitting,Sitting
2024-06-27 14:45:49.500000+00:00,combi,Sitting,Sitting
2024-06-27 14:46:49.500000+00:00,combi,Sitting,Sitting
2024-06-27 14:47:49.500000+00:00,combi,Sitting,Sitting
2024-06-27 14:48:49.500000+00:00,combi,Sitting,Sitting
2024-06-27 14:49:49.500000+00:00,combi,Sitting,Sitting
2024-06-27 14:50:49.500000+00:00,combi,Sitting,Sitting
2024-06-27 14:51:49.500000+00:00,combi,Sitting,Sitting
2024-06-27 14:52:49.500000+00:00,combi,Sitting,Sitting
2024-06-27 14:53:49.500000+00:00,combi,Sitting,Sitting
2024-06-27 14:54:49.500000+00:00,combi,Sitting,Sitting
2024-06-27 14:55:49.500000+00:00,combi,Sitting,Sitting
2024-06-27 14:56:49.500000+00:00,combi,Sitting,Sitting
2024-06-27 14:57:49.500000+00:00,combi,Sitting,Sitting
2024-06-27 14:58:49.500000+00:00,combi,Sitting,Sitting
2024-06-27 14:59:49.500000+00:00,combi,Sitting,Sitting
2024-06-27 15:00:49.500000+00:00,combi,Sitting,Sitting
2024-06-27 15:01:49.500000+00:00,combi,Sitting,Sitting
2024-06-27 15:02:49.500000+00:00,combi,Sitting,Sitting
2024-06-27 15:03:49.500000+00:00,combi,Sitting,Sitting
2024-06-27 15:04:49.500000+00:00,combi,Sitting,Dynamic
2024-06-27 15:05:49.500000+00:00,combi,Standing,Dynamic
2024-06-27 15:06:49.500000+00:00,combi,Standing,Dynamic
2024-06-27 15:07:49.500000+00:00,combi,Sitting,Sitting
2024-06-27 15:08:49.500000+00:00,combi,Standing,Dynamic
2024-06-27 15:09:49.500000+00:00,combi,Lying,Dynamic
2024-06-27 15:10:49.500000+00:00,combi,Standing,Dynamic
2024-06-27 15:11:49.500000+00:00,combi,Standing,Dynamic
2024-06-27 15:12:49.500000+00:00,combi,Standing,Dynamic
2024-06-27 15:13:49.500000+00:00,combi,Standing,Dynamic
2024-06-27 15:14:49.500000+00:00,combi,Sitting,Sitting
2024-06-27 15:15:49.500000+00:00,combi,Sitting,Sitting
2024-06-27 15:16:49.500000+00:00,combi,Sitting,Sitting
2024-06-27 15:17:49.500000+00:00,combi,Sitting,Sitting
2024-06-27 15:18:49.500000+00:00,combi,Sitting,Sitting
2024-06-27 15:19:49.500000+00:00,combi,Sitting,Sitting
2024-06-27 15:20:49.500000+00:00,combi,Sitting,Sitting
2024-06-27 15:21:49.500000+00:00,combi,Sitting,Sitting
2024-06-27 15:22:49.500000+00:00,combi,Sitting,Sitting
2024-06-27 15:23:49.500000+00:00,combi,Sitting,Sitting
2024-06-27 15:24:49.500000+00:00,combi,Sitting,Sitting
2024-06-27 15:25:49.500000+00:00,combi,Sitting,Sitting
2024-06-27 15:26:49.500000+00:00,combi,Sitting,Sitting
2024-06-27 15:27:49.500000+00:00,combi,Sitting,Sitting
2024-06-27 15:28:49.500000+00:00,combi,Sitting,Sitting
2024-06-27 15:29:49.500000+00:00,combi,Sitting,Sitting
2024-06-27 15:30:49.500000+00:00,combi,Sitting,Sitting
2024-06-27 15:31:49.500000+00:00,combi,Lying,Lying
2024-06-27 15:32:49.500000+00:00,combi,Lying,Lying
2024-06-27 15:33:49.500000+00:00,combi,Lying,Lying
2024-06-27 15:34:49.500000+00:00,combi,Lying,Lying
2024-06-27 15:35:49.500000+00:00,combi,Lying,Lying
2024-06-27 15:36:49.500000+00:00,combi,Lying,Lying
2024-06-27 15:37:49.500000+00:00,combi,Lying,Lying
2024-06-27 15:38:49.500000+00:00,combi,Lying,Lying
2024-06-27 15:39:49.500000+00:00,combi,Lying,Lying
2024-06-27 15:40:49.500000+00:00,combi,Lying,Lying
2024-06-27 15:41:49.500000+00:00,combi,Lying,Lying
2024-06-27 15:42:49.500000+00:00,combi,Lying,Lying
2024-06-27 15:43:49.500000+00:00,combi,Lying,Lying
2024-06-27 15:44:49.500000+00:00,combi,Lying,Lying
2024-06-27 15:45:49.500000+00:00,combi,Lying,Lying
2024-06-27 15:46:49.500000+00:00,combi,Lying,Lying
2024-06-27 15:47:49.500000+00:00,combi,Lying,Lying
2024-06-27 15:48:49.500000+00:00,combi,Lying,Lying
2024-06-27 15:49:49.500000+00:00,combi,Lying,Lying
2024-06-27 15:50:49.500000+00:00,combi,Lying,Lying
2024-06-27 15:51:49.500000+00:00,combi,Lying,Lying
2024-06-27 15:52:49.500000+00:00,combi,Lying,Lying
2024-06-27 15:53:49.500000+00:00,combi,Lying,Lying
2024-06-27 15:54:49.500000+00:00,combi,Lying,Lying
2024-06-27 15:55:49.500000+00:00,combi,Lying,Lying
2024-06-27 15:56:49.500000+00:00,combi,Lying,Lying
2024-06-27 15:57:49.500000+00:00,combi,Lying,Lying
2024-06-27 15:58:49.500000+00:00,combi,Lying,Lying
2024-06-27 15:59:49.500000+00:00,combi,Lying,Lying
2024-06-27 16:00:49.500000+00:00,combi,Lying,Lying
2024-06-27 16:01:49.500000+00:00,combi,Lying,Lying
2024-06-27 16:02:49.500000+00:00,combi,Lying,Lying
2024-06-27 16:03:49.500000+00:00,combi,Lying,Lying
2024-06-27 16:04:49.500000+00:00,combi,Lying,Lying
2024-06-27 16:05:49.500000+00:00,combi,Lying,Lying
2024-06-27 16:06:49.500000+00:00,combi,Lying,Lying
2024-06-27 16:07:49.500000+00:00,combi,Lying,Lying
2024-06-27 16:08:49.500000+00:00,combi,Lying,Lying
2024-06-27 16:09:49.500000+00:00,combi,Lying,Lying
2024-06-27 16:10:49.500000+00:00,combi,Lying,Lying
2024-06-27 16:11:49.500000+00:00,combi,Lying,Lying
2024-06-27 16:12:49.500000+00:00,combi,Lying,Lying
2024-06-27 16:13:49.500000+00:00,combi,Lying,Lying
2024-06-27 16:14:49.500000+00:00,combi,Lying,Lying
2024-06-27 16:15:49.500000+00:00,combi,Lying,Lying
2024-06-27 16:16:49.500000+00:00,combi,Lying,Lying
2024-06-27 16:17:49.500000+00:00,combi,Lying,Lying
2024-06-27 16:18:49.500000+00:00,combi,Lying,Lying
2024-06-27 16:19:49.500000+00:00,combi,Lying,Lying
2024-06-27 16:20:49.500000+00:00,combi,Lying,Lying
2024-06-27 16:21:49.500000+00:00,combi,Lying,Lying
2024-06-27 16:22:49.500000+00:00,combi,Lying,Lying
2024-06-27 16:23:49.500000+00:00,combi,Lying,Lying
2024-06-27 16:24:49.500000+00:00,combi,Lying,Lying
2024-06-27 16:25:49.500000+00:00,combi,Lying,Lying
2024-06-27 16:26:49.500000+00:00,combi,Lying,Lying
2024-06-27 16:27:49.500000+00:00,combi,Lying,Lying
2024-06-27 16:28:49.500000+00:00,combi,Lying,Lying
2024-06-27 16:29:49.500000+00:00,combi,Lying,Lying
2024-06-27 16:30:49.500000+00:00,combi,Lying,Lying
2024-06-27 16:31:49.500000+00:00,combi,Lying,Lying
2024-06-27 16:32:49.500000+00:00,combi,Lying,Lying
2024-06-27 16:33:49.500000+00:00,combi,Lying,Lying
2024-06-27 16:34:49.500000+00:00,combi,Lying,Lying
2024-06-27 16:35:49.500000+00:00,combi,Lying,Lying
2024-06-27 16:36:49.500000+00:00,combi,Lying,Lying
2024-06-27 16:37:49.500000+00:00,combi,Lying,Lying
2024-06-27 16:38:49.500000+00:00,combi,Lying,Lying
2024-06-27 16:39:49.500000+00:00,combi,Lying,Lying
2024-06-27 16:40:49.500000+00:00,combi,Lying,Lying
2024-06-27 16:41:49.500000+00:00,combi,Lying,Lying
2024-06-27 16:42:49.500000+00:00,combi,Lying,Lying
2024-06-27 16:43:49.500000+00:00,combi,Lying,Lying
2024-06-27 16:44:49.500000+00:00,combi,Lying,Lying
2024-06-27 16:45:49.500000+00:00,combi,Lying,Lying
2024-06-27 16:46:49.500000+00:00,combi,Lying,Lying
2024-06-27 16:47:49.500000+00:00,combi,Lying,Lying
2024-06-27 16:48:49.500000+00:00,combi,Lying,Lying
2024-06-27 16:49:49.500000+00:00,combi,Sitting,Sitting
2024-06-27 16:50:49.500000+00:00,combi,Sitting,Sitting
2024-06-27 16:51:49.500000+00:00,combi,Sitting,Sitting
2024-06-27 16:52:49.500000+00:00,combi,Sitting,Sitting
2024-06-27 16:53:49.500000+00:00,combi,Sitting,Sitting
2024-06-27 16:54:49.500000+00:00,combi,Sitting,Sitting
2024-06-27 16:55:49.500000+00:00,combi,Sitting,Sitting
2024-06-27 16:56:49.500000+00:00,combi,Sitting,Sitting
2024-06-27 16:57:49.500000+00:00,combi,Sitting,Sitting
2024-06-27 16:58:49.500000+00:00,combi,Sitting,Sitting
2024-06-27 16:59:49.500000+00:00,combi,Sitting,Sitting
2024-06-27 17:00:49.500000+00:00,combi,Sitting,Sitting
2024-06-27 17:01:49.500000+00:00,combi,Sitting,Sitting
2024-06-27 17:02:49.500000+00:00,combi,Sitting,Sitting
2024-06-27 17:03:49.500000+00:00,combi,Sitting,Sitting
2024-06-27 17:04:49.500000+00:00,combi,Sitting,Sitting
2024-06-27 17:05:49.500000+00:00,combi,Sitting,Sitting
2024-06-27 17:06:49.500000+00:00,combi,Sitting,Sitting
2024-06-27 17:07:49.500000+00:00,combi,Sitting,Sitting
2024-06-27 17:08:49.500000+00:00,combi,Sitting,Sitting
2024-06-27 17:09:49.500000+00:00,combi,Sitting,Sitting
2024-06-27 17:10:49.500000+00:00,combi,Sitting,Sitting
2024-06-27 17:11:49.500000+00:00,combi,Sitting,Dynamic
2024-06-27 17:12:49.500000+00:00,combi,Standing,Dynamic
2024-06-27 17:13:49.500000+00:00,combi,Standing,Standing
2024-06-27 17:14:49.500000+00:00,combi,Standing,Dynamic
2024-06-27 17:15:49.500000+00:00,combi,Standing,Standing
2024-06-27 17:16:49.500000+00:00,combi,Sitting,Sitting
2024-06-27 17:17:49.500000+00:00,combi,Sitting,Sitting
2024-06-27 17:18:49.500000+00:00,combi,Sitting,Sitting
2024-06-27 17:19:49.500000+00:00,combi,Sitting,Dynamic
2024-06-27 17:20:49.500000+00:00,combi,Sitting,Dynamic
2024-06-27 17:21:49.500000+00:00,combi,Sitting,Sitting
2024-06-27 17:22:49.500000+00:00,combi,Sitting,Sitting
2024-06-27 17:23:49.500000+00:00,combi,Sitting,Sitting
2024-06-27 17:24:49.500000+00:00,combi,Sitting,Sitting
2024-06-27 17:25:49.500000+00:00,combi,Sitting,Sitting
2024-06-27 17:26:49.500000+00:00,combi,Sitting,Sitting
2024-06-27 17:27:49.500000+00:00,combi,Sitting,Sitting
2024-06-27 17:28:49.500000+00:00,combi,Sitting,Sitting
2024-06-27 17:29:49.500000+00:00,combi,Sitting,Sitting
2024-06-27 17:30:49.500000+00:00,combi,Sitting,Sitting
2024-06-27 17:31:49.500000+00:00,combi,Sitting,Sitting
2024-06-27 17:32:49.500000+00:00,combi,Sitting,Sitting
2024-06-27 17:33:49.500000+00:00,combi,Sitting,Sitting
2024-06-27 17:34:49.500000+00:00,combi,Sitting,Sitting
2024-06-27 17:35:49.500000+00:00,combi,Sitting,Sitting
2024-06-27 17:36:49.500000+00:00,combi,Sitting,Sitting
2024-06-27 17:37:49.500000+00:00,combi,Sitting,Sitting
2024-06-27 17:38:49.500000+00:00,combi,Sitting,Sitting
2024-06-27 17:39:49.500000+00:00,combi,Sitting,Sitting
2024-06-27 17:40:49.500000+00:00,combi,Sitting,Sitting
2024-06-27 17:41:49.500000+00:00,combi,Sitting,Sitting
2024-06-27 17:42:49.500000+00:00,combi,Sitting,Sitting
2024-06-27 17:43:49.500000+00:00,combi,Sitting,Sitting
2024-06-27 17:44:49.500000+00:00,combi,Sitting,Sitting
2024-06-27 17:45:49.500000+00:00,combi,Sitting,Sitting
2024-06-27 17:46:49.500000+00:00,combi,Sitting,Sitting
2024-06-27 17:47:49.500000+00:00,combi,Sitting,Sitting
2024-06-27 17:48:49.500000+00:00,combi,Sitting,Sitting
2024-06-27 17:49:49.500000+00:00,combi,Sitting,Sitting
2024-06-27 17:50:49.500000+00:00,combi,Sitting,Sitting
2024-06-27 17:51:49.500000+00:00,combi,Sitting,Sitting
2024-06-27 17:52:49.500000+00:00,combi,Sitting,Sitting
2024-06-27 17:53:49.500000+00:00,combi,Sitting,Sitting
2024-06-27 17:54:49.500000+00:00,combi,Sitting,Sitting
2024-06-27 17:55:49.500000+00:00,combi,Sitting,Sitting
2024-06-27 17:56:49.500000+00:00,combi,Sitting,Sitting
2024-06-27 17:57:49.500000+00:00,combi,Sitting,Dynamic
2024-06-27 17:58:49.500000+00:00,combi,Sitting,Sitting
2024-06-27 17:59:49.500000+00:00,combi,Sitting,Sitting
2024-06-27 18:00:49.500000+00:00,combi,Sitting,Sitting
2024-06-27 18:01:49.500000+00:00,combi,Sitting,Sitting
2024-06-27 18:02:49.500000+00:00,combi,Sitting,Sitting
2024-06-27 18:03:49.500000+00:00,combi,Sitting,Sitting
2024-06-27 18:04:49.500000+00:00,combi,Sitting,Sitting
2024-06-27 18:05:49.500000+00:00,combi,Sitting,Sitting
2024-06-27 18:06:49.500000+00:00,combi,Sitting,Sitting
2024-06-27 18:07:49.500000+00:00,combi,Sitting,Sitting
2024-06-27 18:08:49.500000+00:00,combi,Sitting,Sitting
2024-06-27 18:09:49.500000+00:00,combi,Sitting,Sitting
2024-06-27 18:10:49.500000+00:00,combi,Sitting,Sitting
2024-06-27 18:11:49.500000+00:00,combi,Sitting,Sitting
2024-06-27 18:12:49.500000+00:00,combi,Sitting,Sitting
2024-06-27 18:13:49.500000+00:00,combi,Sitting,Sitting
2024-06-27 18:14:49.500000+00:00,combi,Sitting,Sitting
2024-06-27 18:15:49.500000+00:00,combi,Sitting,Sitting
2024-06-27 18:16:49.500000+00:00,combi,Sitting,Sitting
2024-06-27 18:17:49.500000+00:00,combi,Sitting,Sitting
2024-06-27 18:18:49.500000+00:00,combi,Sitting,Sitting
2024-06-27 18:19:49.500000+00:00,combi,Sitting,Sitting
2024-06-27 18:20:49.500000+00:00,combi,Sitting,Sitting
2024-06-27 18:21:49.500000+00:00,combi,Sitting,Sitting
2024-06-27 18:22:49.500000+00:00,combi,Sitting,Sitting
2024-06-27 18:23:49.500000+00:00,combi,Sitting,Sitting
2024-06-27 18:24:49.500000+00:00,combi,Sitting,Sitting
2024-06-27 18:25:49.500000+00:00,combi,Sitting,Sitting
2024-06-27 18:26:49.500000+00:00,combi,Sitting,Sitting
2024-06-27 18:27:49.500000+00:00,combi,Sitting,Sitting
2024-06-27 18:28:49.500000+00:00,combi,Sitting,Sitting
2024-06-27 18:29:49.500000+00:00,combi,Sitting,Sitting
2024-06-27 18:30:49.500000+00:00,combi,Sitting,Sitting
2024-06-27 18:31:49.500000+00:00,combi,Sitting,Sitting
2024-06-27 18:32:49.500000+00:00,combi,Sitting,Sitting
2024-06-27 18:33:49.500000+00:00,combi,Sitting,Sitting
2024-06-27 18:34:49.500000+00:00,combi,Sitting,Sitting
2024-06-27 18:35:49.500000+00:00,combi,Sitting,Sitting
2024-06-27 18:36:49.500000+00:00,combi,Sitting,Sitting
2024-06-27 18:37:49.500000+00:00,combi,Sitting,Sitting
2024-06-27 18:38:49.500000+00:00,combi,Sitting,Sitting
2024-06-27 18:39:49.500000+00:00,combi,Sitting,Sitting
2024-06-27 18:40:49.500000+00:00,combi,Sitting,Sitting
2024-06-27 18:41:49.500000+00:00,combi,Sitting,Sitting
2024-06-27 18:42:49.500000+00:00,combi,Sitting,Sitting
2024-06-27 18:43:49.500000+00:00,combi,Sitting,Sitting
2024-06-27 18:44:49.500000+00:00,combi,Sitting,Sitting
2024-06-27 18:45:49.500000+00:00,combi,Sitting,Sitting
2024-06-27 18:46:49.500000+00:00,combi,Sitting,Sitting
2024-06-27 18:47:49.500000+00:00,combi,Sitting,Sitting
2024-06-27 18:48:49.500000+00:00,combi,Sitting,Dynamic
2024-06-27 18:49:49.500000+00:00,combi,Standing,Standing
2024-06-27 18:50:49.500000+00:00,combi,Sitting,Sitting
2024-06-27 18:51:49.500000+00:00,combi,Sitting,Sitting
2024-06-27 18:52:49.500000+00:00,combi,Sitting,Sitting
2024-06-27 18:53:49.500000+00:00,combi,Sitting,Sitting
2024-06-27 18:54:49.500000+00:00,combi,Sitting,Sitting
2024-06-27 18:55:49.500000+00:00,combi,Sitting,Sitting
2024-06-27 18:56:49.500000+00:00,combi,Sitting,Sitting
2024-06-27 18:57:49.500000+00:00,combi,Sitting,Sitting
2024-06-27 18:58:49.500000+00:00,combi,Sitting,Sitting
2024-06-27 18:59:49.500000+00:00,combi,Sitting,Sitting
2024-06-27 19:00:49.500000+00:00,combi,Sitting,Sitting
2024-06-27 19:01:49.500000+00:00,combi,Sitting,Sitting
2024-06-27 19:02:49.500000+00:00,combi,Sitting,Sitting
2024-06-27 19:03:49.500000+00:00,combi,Lying,Lying
2024-06-27 19:04:49.500000+00:00,combi,Lying,Lying
2024-06-27 19:05:49.500000+00:00,combi,Lying,Lying
2024-06-27 19:06:49.500000+00:00,combi,Lying,Lying
2024-06-27 19:07:49.500000+00:00,combi,Lying,Lying
2024-06-27 19:08:49.500000+00:00,combi,Lying,Lying
2024-06-27 19:09:49.500000+00:00,combi,Lying,Lying
2024-06-27 19:10:49.500000+00:00,combi,Lying,Lying
2024-06-27 19:11:49.500000+00:00,combi,Lying,Lying
2024-06-27 19:12:49.500000+00:00,combi,Lying,Lying
2024-06-27 19:13:49.500000+00:00,combi,Lying,Lying
2024-06-27 19:14:49.500000+00:00,combi,Lying,Lying
2024-06-27 19:15:49.500000+00:00,combi,Lying,Lying
2024-06-27 19:16:49.500000+00:00,combi,Lying,Lying
2024-06-27 19:17:49.500000+00:00,combi,Lying,Lying
2024-06-27 19:18:49.500000+00:00,combi,Lying,Lying
2024-06-27 19:19:49.500000+00:00,combi,Lying,Lying
2024-06-27 19:20:49.500000+00:00,combi,Lying,Lying
2024-06-27 19:21:49.500000+00:00,combi,Lying,Lying
2024-06-27 19:22:49.500000+00:00,combi,Lying,Lying
2024-06-27 19:23:49.500000+00:00,combi,Lying,Lying
2024-06-27 19:24:49.500000+00:00,combi,Sitting,Sitting
2024-06-27 19:25:49.500000+00:00,combi,Sitting,Sitting
2024-06-27 19:26:49.500000+00:00,combi,Sitting,Sitting
2024-06-27 19:27:49.500000+00:00,combi,Sitting,Sitting
2024-06-27 19:28:49.500000+00:00,combi,Sitting,Sitting
2024-06-27 19:29:49.500000+00:00,combi,Standing,Dynamic
2024-06-27 19:30:49.500000+00:00,combi,Standing,Dynamic
2024-06-27 19:31:49.500000+00:00,combi,Lying,Dynamic
2024-06-27 19:32:49.500000+00:00,combi,Standing,Standing
2024-06-27 19:33:49.500000+00:00,combi,Sitting,Dynamic
2024-06-27 19:34:49.500000+00:00,combi,Sitting,Sitting
2024-06-27 19:35:49.500000+00:00,combi,Sitting,Sitting
2024-06-27 19:36:49.500000+00:00,combi,Sitting,Sitting
2024-06-27 19:37:49.500000+00:00,combi,Sitting,Sitting
2024-06-27 19:38:49.500000+00:00,combi,Sitting,Sitting
