Time,Participant,Majority_postures,Majority_including_dynamic
2024-09-26 10:36:14.500000+00:00,combi,Standing,Standing
2024-09-26 10:37:14.500000+00:00,combi,Standing,Standing
2024-09-26 10:38:14.500000+00:00,combi,Standing,Standing
2024-09-26 10:39:14.500000+00:00,combi,Standing,Standing
2024-09-26 10:40:14.500000+00:00,combi,Standing,Standing
2024-09-26 10:41:14.500000+00:00,combi,Standing,Standing
2024-09-26 10:42:14.500000+00:00,combi,Standing,Standing
2024-09-26 10:43:14.500000+00:00,combi,Standing,Standing
2024-09-26 10:44:14.500000+00:00,combi,Standing,Standing
2024-09-26 10:45:14.500000+00:00,combi,Standing,Standing
2024-09-26 10:46:14.500000+00:00,combi,Sitting,Sitting
2024-09-26 10:47:14.500000+00:00,combi,Sitting,Sitting
2024-09-26 10:48:14.500000+00:00,combi,Sitting,Sitting
2024-09-26 10:49:14.500000+00:00,combi,Sitting,Sitting
2024-09-26 10:50:14.500000+00:00,combi,Standing,Sitting
2024-09-26 10:51:14.500000+00:00,combi,Lying,Lying
2024-09-26 10:52:14.500000+00:00,combi,Lying,Lying
2024-09-26 10:53:14.500000+00:00,combi,Lying,Lying
2024-09-26 10:54:14.500000+00:00,combi,Lying,Sitting
2024-09-26 10:55:14.500000+00:00,combi,Sitting,Sitting
2024-09-26 10:56:14.500000+00:00,combi,Sitting,Sitting
2024-09-26 10:57:14.500000+00:00,combi,Sitting,Sitting
2024-09-26 10:58:14.500000+00:00,combi,Standing,Standing
2024-09-26 10:59:14.500000+00:00,combi,Standing,Standing
2024-09-26 11:00:14.500000+00:00,combi,Sitting,Sitting
2024-09-26 11:01:14.500000+00:00,combi,Standing,Standing
2024-09-26 11:02:14.500000+00:00,combi,Lying,Lying
2024-09-26 11:03:14.500000+00:00,combi,Lying,Lying
2024-09-26 11:04:14.500000+00:00,combi,Lying,Lying
2024-09-26 11:05:14.500000+00:00,combi,Lying,Lying
2024-09-26 11:06:14.500000+00:00,combi,Lying,Lying
2024-09-26 11:07:14.500000+00:00,combi,Lying,Lying
2024-09-26 11:08:14.500000+00:00,combi,Lying,Lying
2024-09-26 11:09:14.500000+00:00,combi,Lying,Lying
2024-09-26 11:10:14.500000+00:00,combi,Lying,Lying
2024-09-26 11:11:14.500000+00:00,combi,Lying,Lying
2024-09-26 11:12:14.500000+00:00,combi,Sitting,Sitting
2024-09-26 11:13:14.500000+00:00,combi,Sitting,Sitting
2024-09-26 11:14:14.500000+00:00,combi,Sitting,Sitting
2024-09-26 11:15:14.500000+00:00,combi,Sitting,Sitting
2024-09-26 11:16:14.500000+00:00,combi,Sitting,Sitting
2024-09-26 11:17:14.500000+00:00,combi,Sitting,Sitting
2024-09-26 11:18:14.500000+00:00,combi,Sitting,Sitting
2024-09-26 11:19:14.500000+00:00,combi,Sitting,Sitting
2024-09-26 11:20:14.500000+00:00,combi,Sitting,Sitting
2024-09-26 11:21:14.500000+00:00,combi,Standing,Standing
2024-09-26 11:22:14.500000+00:00,combi,Standing,Standing
2024-09-26 11:23:14.500000+00:00,combi,Standing,Standing
2024-09-26 11:24:14.500000+00:00,combi,Standing,Standing
2024-09-26 11:25:14.500000+00:00,combi,Standing,Standing
2024-09-26 11:26:14.500000+00:00,combi,Standing,Standing
2024-09-26 11:27:14.500000+00:00,combi,Standing,Standing
2024-09-26 11:28:14.500000+00:00,combi,Standing,Standing
2024-09-26 11:29:14.500000+00:00,combi,Standing,Standing
2024-09-26 11:30:14.500000+00:00,combi,Sitting,Sitting
2024-09-26 11:31:14.500000+00:00,combi,Sitting,Sitting
2024-09-26 11:32:14.500000+00:00,combi,Sitting,Sitting
2024-09-26 11:33:14.500000+00:00,combi,Sitting,Sitting
2024-09-26 11:34:14.500000+00:00,combi,Sitting,Sitting
2024-09-26 11:35:14.500000+00:00,combi,Sitting,Sitting
2024-09-26 11:36:14.500000+00:00,combi,Sitting,Sitting
2024-09-26 11:37:14.500000+00:00,combi,Sitting,Sitting
2024-09-26 11:38:14.500000+00:00,combi,Sitting,Sitting
2024-09-26 11:39:14.500000+00:00,combi,Sitting,Sitting
2024-09-26 11:40:14.500000+00:00,combi,Sitting,Sitting
2024-09-26 11:41:14.500000+00:00,combi,Sitting,Sitting
2024-09-26 11:42:14.500000+00:00,combi,Sitting,Sitting
2024-09-26 11:43:14.500000+00:00,combi,Standing,Standing
2024-09-26 11:44:14.500000+00:00,combi,Standing,Standing
2024-09-26 11:45:14.500000+00:00,combi,Standing,Standing
2024-09-26 11:46:14.500000+00:00,combi,Standing,Standing
2024-09-26 11:47:14.500000+00:00,combi,Standing,Standing
2024-09-26 11:48:14.500000+00:00,combi,Standing,Standing
2024-09-26 11:49:14.500000+00:00,combi,Standing,Standing
2024-09-26 11:50:14.500000+00:00,combi,Standing,Dynamic
2024-09-26 11:51:14.500000+00:00,combi,Standing,Standing
2024-09-26 11:52:14.500000+00:00,combi,Standing,Standing
2024-09-26 11:53:14.500000+00:00,combi,Standing,Standing
2024-09-26 11:54:14.500000+00:00,combi,Sitting,Dynamic
2024-09-26 11:55:14.500000+00:00,combi,Standing,Dynamic
2024-09-26 11:56:14.500000+00:00,combi,Standing,Dynamic
2024-09-26 11:57:14.500000+00:00,combi,Standing,Dynamic
2024-09-26 11:58:14.500000+00:00,combi,Standing,Dynamic
2024-09-26 11:59:14.500000+00:00,combi,Standing,Standing
2024-09-26 12:00:14.500000+00:00,combi,Standing,Dynamic
2024-09-26 12:01:14.500000+00:00,combi,Sitting,Sitting
2024-09-26 12:02:14.500000+00:00,combi,Sitting,Sitting
2024-09-26 12:03:14.500000+00:00,combi,Sitting,Sitting
2024-09-26 12:04:14.500000+00:00,combi,Sitting,Sitting
2024-09-26 12:05:14.500000+00:00,combi,Sitting,Sitting
2024-09-26 12:06:14.500000+00:00,combi,Sitting,Sitting
2024-09-26 12:07:14.500000+00:00,combi,Sitting,Sitting
2024-09-26 12:08:14.500000+00:00,combi,Sitting,Sitting
2024-09-26 12:09:14.500000+00:00,combi,Sitting,Sitting
2024-09-26 12:10:14.500000+00:00,combi,Sitting,Sitting
2024-09-26 12:11:14.500000+00:00,combi,Sitting,Sitting
2024-09-26 12:12:14.500000+00:00,combi,Sitting,Sitting
2024-09-26 12:13:14.500000+00:00,combi,Sitting,Sitting
2024-09-26 12:14:14.500000+00:00,combi,Sitting,Sitting
2024-09-26 12:15:14.500000+00:00,combi,Sitting,Sitting
2024-09-26 12:16:14.500000+00:00,combi,Sitting,Sitting
2024-09-26 12:17:14.500000+00:00,combi,Sitting,Sitting
2024-09-26 12:18:14.500000+00:00,combi,Sitting,Sitting
2024-09-26 12:19:14.500000+00:00,combi,Sitting,Sitting
2024-09-26 12:20:14.500000+00:00,combi,Sitting,Sitting
2024-09-26 12:21:14.500000+00:00,combi,Sitting,Sitting
2024-09-26 12:22:14.500000+00:00,combi,Sitting,Sitting
2024-09-26 12:23:14.500000+00:00,combi,Sitting,Sitting
2024-09-26 12:24:14.500000+00:00,combi,Sitting,Sitting
2024-09-26 12:25:14.500000+00:00,combi,Standing,Dynamic
2024-09-26 12:26:14.500000+00:00,combi,Standing,Dynamic
2024-09-26 12:27:14.500000+00:00,combi,Standing,Standing
2024-09-26 12:28:14.500000+00:00,combi,Standing,Standing
2024-09-26 12:29:14.500000+00:00,combi,Standing,Dynamic
2024-09-26 12:30:14.500000+00:00,combi,Sitting,Dynamic
2024-09-26 12:31:14.500000+00:00,combi,Sitting,Dynamic
2024-09-26 12:32:14.500000+00:00,combi,Standing,Standing
2024-09-26 12:33:14.500000+00:00,combi,Standing,Dynamic
2024-09-26 12:34:14.500000+00:00,combi,Standing,Dynamic
2024-09-26 12:35:14.500000+00:00,combi,Standing,Dynamic
2024-09-26 12:36:14.500000+00:00,combi,Standing,Standing
2024-09-26 12:37:14.500000+00:00,combi,Standing,Standing
2024-09-26 12:38:14.500000+00:00,combi,Standing,Standing
2024-09-26 12:39:14.500000+00:00,combi,Standing,Standing
2024-09-26 12:40:14.500000+00:00,combi,Standing,Standing
2024-09-26 12:41:14.500000+00:00,combi,Standing,Standing
2024-09-26 12:42:14.500000+00:00,combi,Standing,Standing
2024-09-26 12:43:14.500000+00:00,combi,Standing,Standing
2024-09-26 12:44:14.500000+00:00,combi,Standing,Sitting
2024-09-26 12:45:14.500000+00:00,combi,Standing,Standing
2024-09-26 12:46:14.500000+00:00,combi,Standing,Standing
2024-09-26 12:47:14.500000+00:00,combi,Standing,Standing
2024-09-26 12:48:14.500000+00:00,combi,Standing,Standing
2024-09-26 12:49:14.500000+00:00,combi,Standing,Standing
2024-09-26 12:50:14.500000+00:00,combi,Standing,Standing
2024-09-26 12:51:14.500000+00:00,combi,Standing,Standing
2024-09-26 12:52:14.500000+00:00,combi,Standing,Standing
2024-09-26 12:53:14.500000+00:00,combi,Standing,Standing
2024-09-26 12:54:14.500000+00:00,combi,Standing,Standing
2024-09-26 12:55:14.500000+00:00,combi,Standing,Standing
2024-09-26 12:56:14.500000+00:00,combi,Standing,Standing
2024-09-26 12:57:14.500000+00:00,combi,Standing,Standing
2024-09-26 12:58:14.500000+00:00,combi,Standing,Dynamic
2024-09-26 12:59:14.500000+00:00,combi,Standing,Dynamic
2024-09-26 13:00:14.500000+00:00,combi,Sitting,Sitting
2024-09-26 13:01:14.500000+00:00,combi,Sitting,Sitting
2024-09-26 13:02:14.500000+00:00,combi,Standing,Dynamic
2024-09-26 13:03:14.500000+00:00,combi,Sitting,Sitting
2024-09-26 13:04:14.500000+00:00,combi,Sitting,Sitting
2024-09-26 13:05:14.500000+00:00,combi,Sitting,Sitting
2024-09-26 13:06:14.500000+00:00,combi,Sitting,Sitting
2024-09-26 13:07:14.500000+00:00,combi,Sitting,Sitting
2024-09-26 13:08:14.500000+00:00,combi,Sitting,Sitting
2024-09-26 13:09:14.500000+00:00,combi,Sitting,Sitting
2024-09-26 13:10:14.500000+00:00,combi,Sitting,Sitting
2024-09-26 13:11:14.500000+00:00,combi,Sitting,Sitting
2024-09-26 13:12:14.500000+00:00,combi,Sitting,Sitting
2024-09-26 13:13:14.500000+00:00,combi,Sitting,Sitting
2024-09-26 13:14:14.500000+00:00,combi,Sitting,Sitting
2024-09-26 13:15:14.500000+00:00,combi,Sitting,Sitting
2024-09-26 13:16:14.500000+00:00,combi,Sitting,Sitting
2024-09-26 13:17:14.500000+00:00,combi,Sitting,Sitting
2024-09-26 13:18:14.500000+00:00,combi,Sitting,Sitting
2024-09-26 13:19:14.500000+00:00,combi,Sitting,Sitting
2024-09-26 13:20:14.500000+00:00,combi,Sitting,Sitting
2024-09-26 13:21:14.500000+00:00,combi,Sitting,Sitting
2024-09-26 13:22:14.500000+00:00,combi,Sitting,Sitting
2024-09-26 13:23:14.500000+00:00,combi,Sitting,Sitting
2024-09-26 13:24:14.500000+00:00,combi,Sitting,Sitting
2024-09-26 13:25:14.500000+00:00,combi,Sitting,Sitting
2024-09-26 13:26:14.500000+00:00,combi,Sitting,Sitting
2024-09-26 13:27:14.500000+00:00,combi,Sitting,Sitting
2024-09-26 13:28:14.500000+00:00,combi,Sitting,Sitting
2024-09-26 13:29:14.500000+00:00,combi,Sitting,Sitting
2024-09-26 13:30:14.500000+00:00,combi,Standing,Dynamic
2024-09-26 13:31:14.500000+00:00,combi,Sitting,Sitting
2024-09-26 13:32:14.500000+00:00,combi,Sitting,Sitting
2024-09-26 13:33:14.500000+00:00,combi,Sitting,Sitting
2024-09-26 13:34:14.500000+00:00,combi,Sitting,Sitting
2024-09-26 13:35:14.500000+00:00,combi,Sitting,Sitting
2024-09-26 13:36:14.500000+00:00,combi,Sitting,Sitting
2024-09-26 13:37:14.500000+00:00,combi,Sitting,Sitting
2024-09-26 13:38:14.500000+00:00,combi,Sitting,Sitting
2024-09-26 13:39:14.500000+00:00,combi,Sitting,Sitting
2024-09-26 13:40:14.500000+00:00,combi,Sitting,Sitting
2024-09-26 13:41:14.500000+00:00,combi,Sitting,Sitting
2024-09-26 13:42:14.500000+00:00,combi,Sitting,Sitting
2024-09-26 13:43:14.500000+00:00,combi,Sitting,Sitting
2024-09-26 13:44:14.500000+00:00,combi,Sitting,Sitting
2024-09-26 13:45:14.500000+00:00,combi,Standing,Dynamic
2024-09-26 13:46:14.500000+00:00,combi,Standing,Dynamic
2024-09-26 13:47:14.500000+00:00,combi,Lying,Dynamic
2024-09-26 13:48:14.500000+00:00,combi,Lying,Dynamic
2024-09-26 13:49:14.500000+00:00,combi,Lying,Dynamic
2024-09-26 13:50:14.500000+00:00,combi,Lying,Dynamic
2024-09-26 13:51:14.500000+00:00,combi,Lying,Dynamic
2024-09-26 13:52:14.500000+00:00,combi,Lying,Dynamic
2024-09-26 13:53:14.500000+00:00,combi,Lying,Dynamic
2024-09-26 13:54:14.500000+00:00,combi,Lying,Dynamic
2024-09-26 13:55:14.500000+00:00,combi,Lying,Dynamic
2024-09-26 13:56:14.500000+00:00,combi,Standing,Dynamic
2024-09-26 13:57:14.500000+00:00,combi,Lying,Dynamic
2024-09-26 13:58:14.500000+00:00,combi,Sitting,Dynamic
2024-09-26 13:59:14.500000+00:00,combi,Lying,Dynamic
2024-09-26 14:00:14.500000+00:00,combi,Sitting,Dynamic
2024-09-26 14:01:14.500000+00:00,combi,Sitting,Dynamic
2024-09-26 14:02:14.500000+00:00,combi,Sitting,Dynamic
2024-09-26 14:03:14.500000+00:00,combi,Standing,Dynamic
2024-09-26 14:04:14.500000+00:00,combi,Lying,Dynamic
2024-09-26 14:05:14.500000+00:00,combi,Standing,Standing
2024-09-26 14:06:14.500000+00:00,combi,Standing,Standing
2024-09-26 14:07:14.500000+00:00,combi,Standing,Standing
2024-09-26 14:08:14.500000+00:00,combi,Standing,Standing
2024-09-26 14:09:14.500000+00:00,combi,Sitting,Dynamic
2024-09-26 14:10:14.500000+00:00,combi,Sitting,Sitting
2024-09-26 14:11:14.500000+00:00,combi,Sitting,Sitting
2024-09-26 14:12:14.500000+00:00,combi,Sitting,Sitting
2024-09-26 14:13:14.500000+00:00,combi,Sitting,Sitting
2024-09-26 14:14:14.500000+00:00,combi,Sitting,Sitting
2024-09-26 14:15:14.500000+00:00,combi,Sitting,Sitting
2024-09-26 14:16:14.500000+00:00,combi,Sitting,Sitting
2024-09-26 14:17:14.500000+00:00,combi,Sitting,Sitting
2024-09-26 14:18:14.500000+00:00,combi,Sitting,Sitting
2024-09-26 14:19:14.500000+00:00,combi,Sitting,Sitting
2024-09-26 14:20:14.500000+00:00,combi,Sitting,Sitting
2024-09-26 14:21:14.500000+00:00,combi,Sitting,Sitting
2024-09-26 14:22:14.500000+00:00,combi,Sitting,Sitting
2024-09-26 14:23:14.500000+00:00,combi,Sitting,Sitting
2024-09-26 14:24:14.500000+00:00,combi,Standing,Dynamic
2024-09-26 14:25:14.500000+00:00,combi,Standing,Standing
2024-09-26 14:26:14.500000+00:00,combi,Standing,Standing
2024-09-26 14:27:14.500000+00:00,combi,Standing,Standing
2024-09-26 14:28:14.500000+00:00,combi,Standing,Dynamic
2024-09-26 14:29:14.500000+00:00,combi,Standing,Dynamic
2024-09-26 14:30:14.500000+00:00,combi,Sitting,Dynamic
2024-09-26 14:31:14.500000+00:00,combi,Standing,Dynamic
2024-09-26 14:32:14.500000+00:00,combi,Standing,Dynamic
2024-09-26 14:33:14.500000+00:00,combi,Standing,Dynamic
2024-09-26 14:34:14.500000+00:00,combi,Standing,Dynamic
2024-09-26 14:35:14.500000+00:00,combi,Sitting,Dynamic
2024-09-26 14:36:14.500000+00:00,combi,Standing,Dynamic
2024-09-26 14:37:14.500000+00:00,combi,Lying,Dynamic
2024-09-26 14:38:14.500000+00:00,combi,Lying,Dynamic
2024-09-26 14:39:14.500000+00:00,combi,Sitting,Dynamic
2024-09-26 14:40:14.500000+00:00,combi,Sitting,Dynamic
2024-09-26 14:41:14.500000+00:00,combi,Sitting,Dynamic
2024-09-26 14:42:14.500000+00:00,combi,Standing,Dynamic
2024-09-26 14:43:14.500000+00:00,combi,Standing,Dynamic
2024-09-26 14:44:14.500000+00:00,combi,Sitting,Dynamic
2024-09-26 14:45:14.500000+00:00,combi,Standing,Dynamic
2024-09-26 14:46:14.500000+00:00,combi,Standing,Dynamic
2024-09-26 14:47:14.500000+00:00,combi,Sitting,Dynamic
2024-09-26 14:48:14.500000+00:00,combi,Sitting,Dynamic
2024-09-26 14:49:14.500000+00:00,combi,Lying,Dynamic
2024-09-26 14:50:14.500000+00:00,combi,Standing,Dynamic
2024-09-26 14:51:14.500000+00:00,combi,Standing,Dynamic
2024-09-26 14:52:14.500000+00:00,combi,Sitting,Dynamic
2024-09-26 14:53:14.500000+00:00,combi,Standing,Dynamic
2024-09-26 14:54:14.500000+00:00,combi,Sitting,Sitting
2024-09-26 14:55:14.500000+00:00,combi,Sitting,Sitting
2024-09-26 14:56:14.500000+00:00,combi,Sitting,Sitting
2024-09-26 14:57:14.500000+00:00,combi,Sitting,Sitting
2024-09-26 14:58:14.500000+00:00,combi,Sitting,Sitting
2024-09-26 14:59:14.500000+00:00,combi,Sitting,Sitting
2024-09-26 15:00:14.500000+00:00,combi,Sitting,Sitting
2024-09-26 15:01:14.500000+00:00,combi,Sitting,Sitting
2024-09-26 15:02:14.500000+00:00,combi,Sitting,Sitting
2024-09-26 15:03:14.500000+00:00,combi,Sitting,Sitting
2024-09-26 15:04:14.500000+00:00,combi,Sitting,Sitting
2024-09-26 15:05:14.500000+00:00,combi,Sitting,Sitting
2024-09-26 15:06:14.500000+00:00,combi,Sitting,Sitting
2024-09-26 15:07:14.500000+00:00,combi,Sitting,Sitting
2024-09-26 15:08:14.500000+00:00,combi,Sitting,Sitting
2024-09-26 15:09:14.500000+00:00,combi,Sitting,Sitting
2024-09-26 15:10:14.500000+00:00,combi,Sitting,Sitting
2024-09-26 15:11:14.500000+00:00,combi,Sitting,Sitting
2024-09-26 15:12:14.500000+00:00,combi,Sitting,Sitting
2024-09-26 15:13:14.500000+00:00,combi,Sitting,Sitting
2024-09-26 15:14:14.500000+00:00,combi,Sitting,Sitting
2024-09-26 15:15:14.500000+00:00,combi,Standing,Dynamic
2024-09-26 15:16:14.500000+00:00,combi,Standing,Dynamic
2024-09-26 15:17:14.500000+00:00,combi,Sitting,Dynamic
2024-09-26 15:18:14.500000+00:00,combi,Lying,Dynamic
2024-09-26 15:19:14.500000+00:00,combi,Lying,Dynamic
2024-09-26 15:20:14.500000+00:00,combi,Standing,Dynamic
2024-09-26 15:21:14.500000+00:00,combi,Sitting,Sitting
2024-09-26 15:22:14.500000+00:00,combi,Sitting,Sitting
2024-09-26 15:23:14.500000+00:00,combi,Sitting,Sitting
2024-09-26 15:24:14.500000+00:00,combi,Sitting,Sitting
2024-09-26 15:25:14.500000+00:00,combi,Sitting,Sitting
2024-09-26 15:26:14.500000+00:00,combi,Sitting,Sitting
2024-09-26 15:27:14.500000+00:00,combi,Sitting,Sitting
2024-09-26 15:28:14.500000+00:00,combi,Sitting,Sitting
2024-09-26 15:29:14.500000+00:00,combi,Sitting,Sitting
2024-09-26 15:30:14.500000+00:00,combi,Sitting,Sitting
2024-09-26 15:31:14.500000+00:00,combi,Sitting,Sitting
2024-09-26 15:32:14.500000+00:00,combi,Sitting,Sitting
2024-09-26 15:33:14.500000+00:00,combi,Sitting,Sitting
2024-09-26 15:34:14.500000+00:00,combi,Sitting,Sitting
2024-09-26 15:35:14.500000+00:00,combi,Sitting,Sitting
2024-09-26 15:36:14.500000+00:00,combi,Sitting,Sitting
2024-09-26 15:37:14.500000+00:00,combi,Sitting,Sitting
2024-09-26 15:38:14.500000+00:00,combi,Sitting,Sitting
2024-09-26 15:39:14.500000+00:00,combi,Sitting,Sitting
2024-09-26 15:40:14.500000+00:00,combi,Sitting,Sitting
2024-09-26 15:41:14.500000+00:00,combi,Sitting,Sitting
2024-09-26 15:42:14.500000+00:00,combi,Sitting,Sitting
2024-09-26 15:43:14.500000+00:00,combi,Sitting,Sitting
2024-09-26 15:44:14.500000+00:00,combi,Sitting,Sitting
2024-09-26 15:45:14.500000+00:00,combi,Sitting,Sitting
2024-09-26 15:46:14.500000+00:00,combi,Sitting,Sitting
2024-09-26 15:47:14.500000+00:00,combi,Sitting,Sitting
2024-09-26 15:48:14.500000+00:00,combi,Sitting,Sitting
2024-09-26 15:49:14.500000+00:00,combi,Sitting,Sitting
2024-09-26 15:50:14.500000+00:00,combi,Sitting,Sitting
2024-09-26 15:51:14.500000+00:00,combi,Sitting,Sitting
2024-09-26 15:52:14.500000+00:00,combi,Sitting,Sitting
2024-09-26 15:53:14.500000+00:00,combi,Sitting,Sitting
2024-09-26 15:54:14.500000+00:00,combi,Sitting,Sitting
2024-09-26 15:55:14.500000+00:00,combi,Sitting,Sitting
2024-09-26 15:56:14.500000+00:00,combi,Sitting,Sitting
2024-09-26 15:57:14.500000+00:00,combi,Sitting,Sitting
2024-09-26 15:58:14.500000+00:00,combi,Sitting,Sitting
2024-09-26 15:59:14.500000+00:00,combi,Sitting,Sitting
2024-09-26 16:00:14.500000+00:00,combi,Sitting,Sitting
2024-09-26 16:01:14.500000+00:00,combi,Sitting,Sitting
2024-09-26 16:02:14.500000+00:00,combi,Sitting,Sitting
2024-09-26 16:03:14.500000+00:00,combi,Sitting,Sitting
2024-09-26 16:04:14.500000+00:00,combi,Sitting,Sitting
2024-09-26 16:05:14.500000+00:00,combi,Sitting,Sitting
2024-09-26 16:06:14.500000+00:00,combi,Sitting,Sitting
2024-09-26 16:07:14.500000+00:00,combi,Sitting,Sitting
2024-09-26 16:08:14.500000+00:00,combi,Sitting,Sitting
2024-09-26 16:09:14.500000+00:00,combi,Sitting,Sitting
2024-09-26 16:10:14.500000+00:00,combi,Sitting,Sitting
2024-09-26 16:11:14.500000+00:00,combi,Sitting,Sitting
2024-09-26 16:12:14.500000+00:00,combi,Sitting,Sitting
2024-09-26 16:13:14.500000+00:00,combi,Sitting,Sitting
2024-09-26 16:14:14.500000+00:00,combi,Sitting,Sitting
2024-09-26 16:15:14.500000+00:00,combi,Sitting,Sitting
2024-09-26 16:16:14.500000+00:00,combi,Sitting,Sitting
2024-09-26 16:17:14.500000+00:00,combi,Standing,Standing
2024-09-26 16:18:14.500000+00:00,combi,Sitting,Sitting
2024-09-26 16:19:14.500000+00:00,combi,Sitting,Sitting
2024-09-26 16:20:14.500000+00:00,combi,Sitting,Sitting
2024-09-26 16:21:14.500000+00:00,combi,Sitting,Sitting
2024-09-26 16:22:14.500000+00:00,combi,Sitting,Sitting
2024-09-26 16:23:14.500000+00:00,combi,Sitting,Sitting
2024-09-26 16:24:14.500000+00:00,combi,Sitting,Sitting
2024-09-26 16:25:14.500000+00:00,combi,Sitting,Sitting
2024-09-26 16:26:14.500000+00:00,combi,Sitting,Sitting
2024-09-26 16:27:14.500000+00:00,combi,Sitting,Sitting
2024-09-26 16:28:14.500000+00:00,combi,Sitting,Dynamic
2024-09-26 16:29:14.500000+00:00,combi,Standing,Dynamic
2024-09-26 16:30:14.500000+00:00,combi,Standing,Dynamic
2024-09-26 16:31:14.500000+00:00,combi,Lying,Dynamic
2024-09-26 16:32:14.500000+00:00,combi,Lying,Dynamic
2024-09-26 16:33:14.500000+00:00,combi,Lying,Dynamic
2024-09-26 16:34:14.500000+00:00,combi,Lying,Dynamic
2024-09-26 16:35:14.500000+00:00,combi,Lying,Dynamic
2024-09-26 16:36:14.500000+00:00,combi,Lying,Dynamic
2024-09-26 16:37:14.500000+00:00,combi,Lying,Dynamic
2024-09-26 16:38:14.500000+00:00,combi,Lying,Dynamic
2024-09-26 16:39:14.500000+00:00,combi,Sitting,Dynamic
2024-09-26 16:40:14.500000+00:00,combi,Lying,Dynamic
2024-09-26 16:41:14.500000+00:00,combi,Sitting,Dynamic
2024-09-26 16:42:14.500000+00:00,combi,Standing,Dynamic
2024-09-26 16:43:14.500000+00:00,combi,Standing,Standing
2024-09-26 16:44:14.500000+00:00,combi,Standing,Standing
2024-09-26 16:45:14.500000+00:00,combi,Standing,Standing
2024-09-26 16:46:14.500000+00:00,combi,Standing,Standing
2024-09-26 16:47:14.500000+00:00,combi,Standing,Standing
2024-09-26 16:48:14.500000+00:00,combi,Standing,Standing
2024-09-26 16:49:14.500000+00:00,combi,Standing,Standing
2024-09-26 16:50:14.500000+00:00,combi,Standing,Standing
2024-09-26 16:51:14.500000+00:00,combi,Sitting,Sitting
2024-09-26 16:52:14.500000+00:00,combi,Sitting,Sitting
2024-09-26 16:53:14.500000+00:00,combi,Sitting,Sitting
2024-09-26 16:54:14.500000+00:00,combi,Sitting,Sitting
2024-09-26 16:55:14.500000+00:00,combi,Sitting,Sitting
2024-09-26 16:56:14.500000+00:00,combi,Sitting,Sitting
2024-09-26 16:57:14.500000+00:00,combi,Sitting,Sitting
2024-09-26 16:58:14.500000+00:00,combi,Standing,Dynamic
2024-09-26 16:59:14.500000+00:00,combi,Lying,Dynamic
2024-09-26 17:00:14.500000+00:00,combi,Standing,Dynamic
2024-09-26 17:01:14.500000+00:00,combi,Standing,Standing
2024-09-26 17:02:14.500000+00:00,combi,Standing,Standing
2024-09-26 17:03:14.500000+00:00,combi,Standing,Dynamic
2024-09-26 17:04:14.500000+00:00,combi,Sitting,Sitting
2024-09-26 17:05:14.500000+00:00,combi,Sitting,Sitting
2024-09-26 17:06:14.500000+00:00,combi,Sitting,Sitting
2024-09-26 17:07:14.500000+00:00,combi,Sitting,Sitting
2024-09-26 17:08:14.500000+00:00,combi,Sitting,Sitting
2024-09-26 17:09:14.500000+00:00,combi,Sitting,Sitting
2024-09-26 17:10:14.500000+00:00,combi,Sitting,Sitting
2024-09-26 17:11:14.500000+00:00,combi,Sitting,Dynamic
2024-09-26 17:12:14.500000+00:00,combi,Standing,Dynamic
2024-09-26 17:13:14.500000+00:00,combi,Standing,Dynamic
2024-09-26 17:14:14.500000+00:00,combi,Lying,Dynamic
2024-09-26 17:15:14.500000+00:00,combi,Sitting,Dynamic
2024-09-26 17:16:14.500000+00:00,combi,Standing,Dynamic
2024-09-26 17:17:14.500000+00:00,combi,Standing,Standing
2024-09-26 17:18:14.500000+00:00,combi,Standing,Standing
2024-09-26 17:19:14.500000+00:00,combi,Standing,Standing
2024-09-26 17:20:14.500000+00:00,combi,Standing,Standing
2024-09-26 17:21:14.500000+00:00,combi,Standing,Standing
2024-09-26 17:22:14.500000+00:00,combi,Sitting,Sitting
2024-09-26 17:23:14.500000+00:00,combi,Standing,Standing
2024-09-26 17:24:14.500000+00:00,combi,Standing,Standing
2024-09-26 17:25:14.500000+00:00,combi,Standing,Standing
2024-09-26 17:26:14.500000+00:00,combi,Standing,Standing
2024-09-26 17:27:14.500000+00:00,combi,Standing,Sitting
2024-09-26 17:28:14.500000+00:00,combi,Standing,Sitting
2024-09-26 17:29:14.500000+00:00,combi,Standing,Standing
2024-09-26 17:30:14.500000+00:00,combi,Standing,Standing
2024-09-26 17:31:14.500000+00:00,combi,Standing,Standing
2024-09-26 17:32:14.500000+00:00,combi,Standing,Standing
2024-09-26 17:33:14.500000+00:00,combi,Standing,Standing
2024-09-26 17:34:14.500000+00:00,combi,Standing,Standing
2024-09-26 17:35:14.500000+00:00,combi,Standing,Standing
2024-09-26 17:36:14.500000+00:00,combi,Standing,Standing
2024-09-26 17:37:14.500000+00:00,combi,Standing,Standing
2024-09-26 17:38:14.500000+00:00,combi,Standing,Standing
2024-09-26 17:39:14.500000+00:00,combi,Standing,Standing
2024-09-26 17:40:14.500000+00:00,combi,Sitting,Sitting
2024-09-26 17:41:14.500000+00:00,combi,Sitting,Sitting
2024-09-26 17:42:14.500000+00:00,combi,Sitting,Sitting
2024-09-26 17:43:14.500000+00:00,combi,Sitting,Dynamic
2024-09-26 17:44:14.500000+00:00,combi,Sitting,Dynamic
2024-09-26 17:45:14.500000+00:00,combi,Sitting,Dynamic
2024-09-26 17:46:14.500000+00:00,combi,Sitting,Dynamic
2024-09-26 17:47:14.500000+00:00,combi,Sitting,Dynamic
2024-09-26 17:48:14.500000+00:00,combi,Sitting,Sitting
2024-09-26 17:49:14.500000+00:00,combi,Sitting,Dynamic
2024-09-26 17:50:14.500000+00:00,combi,Sitting,Sitting
2024-09-26 17:51:14.500000+00:00,combi,Standing,Dynamic
2024-09-26 17:52:14.500000+00:00,combi,Sitting,Dynamic
2024-09-26 17:53:14.500000+00:00,combi,Sitting,Sitting
2024-09-26 17:54:14.500000+00:00,combi,Sitting,Sitting
2024-09-26 17:55:14.500000+00:00,combi,Sitting,Dynamic
2024-09-26 17:56:14.500000+00:00,combi,Standing,Sitting
2024-09-26 17:57:14.500000+00:00,combi,Standing,Standing
2024-09-26 17:58:14.500000+00:00,combi,Sitting,Dynamic
2024-09-26 17:59:14.500000+00:00,combi,Standing,Standing
2024-09-26 18:00:14.500000+00:00,combi,Sitting,Dynamic
2024-09-26 18:01:14.500000+00:00,combi,Sitting,Sitting
2024-09-26 18:02:14.500000+00:00,combi,Standing,Dynamic
2024-09-26 18:03:14.500000+00:00,combi,Sitting,Sitting
2024-09-26 18:04:14.500000+00:00,combi,Sitting,Sitting
2024-09-26 18:05:14.500000+00:00,combi,Sitting,Dynamic
2024-09-26 18:06:14.500000+00:00,combi,Sitting,Dynamic
2024-09-26 18:07:14.500000+00:00,combi,Sitting,Dynamic
2024-09-26 18:08:14.500000+00:00,combi,Sitting,Dynamic
2024-09-26 18:09:14.500000+00:00,combi,Lying,Dynamic
2024-09-26 18:10:14.500000+00:00,combi,Sitting,Dynamic
2024-09-26 18:11:14.500000+00:00,combi,Sitting,Dynamic
2024-09-26 18:12:14.500000+00:00,combi,Standing,Dynamic
2024-09-26 18:13:14.500000+00:00,combi,Standing,Standing
2024-09-26 18:14:14.500000+00:00,combi,Standing,Standing
2024-09-26 18:15:14.500000+00:00,combi,Standing,Dynamic
2024-09-26 18:16:14.500000+00:00,combi,Sitting,Sitting
2024-09-26 18:17:14.500000+00:00,combi,Sitting,Sitting
2024-09-26 18:18:14.500000+00:00,combi,Sitting,Sitting
2024-09-26 18:19:14.500000+00:00,combi,Sitting,Sitting
2024-09-26 18:20:14.500000+00:00,combi,Sitting,Sitting
2024-09-26 18:21:14.500000+00:00,combi,Sitting,Sitting
2024-09-26 18:22:14.500000+00:00,combi,Sitting,Sitting
2024-09-26 18:23:14.500000+00:00,combi,Sitting,Sitting
2024-09-26 18:24:14.500000+00:00,combi,Sitting,Sitting
2024-09-26 18:25:14.500000+00:00,combi,Sitting,Sitting
2024-09-26 18:26:14.500000+00:00,combi,Sitting,Sitting
2024-09-26 18:27:14.500000+00:00,combi,Sitting,Sitting
2024-09-26 18:28:14.500000+00:00,combi,Sitting,Sitting
2024-09-26 18:29:14.500000+00:00,combi,Sitting,Sitting
2024-09-26 18:30:14.500000+00:00,combi,Sitting,Sitting
2024-09-26 18:31:14.500000+00:00,combi,Sitting,Sitting
2024-09-26 18:32:14.500000+00:00,combi,Sitting,Sitting
2024-09-26 18:33:14.500000+00:00,combi,Sitting,Sitting
2024-09-26 18:34:14.500000+00:00,combi,Sitting,Sitting
2024-09-26 18:35:14.500000+00:00,combi,Sitting,Sitting
2024-09-26 18:36:14.500000+00:00,combi,Sitting,Sitting
2024-09-26 18:37:14.500000+00:00,combi,Sitting,Sitting
2024-09-26 18:38:14.500000+00:00,combi,Sitting,Sitting
2024-09-26 18:39:14.500000+00:00,combi,Sitting,Sitting
2024-09-26 18:40:14.500000+00:00,combi,Sitting,Sitting
2024-09-26 18:41:14.500000+00:00,combi,Sitting,Sitting
2024-09-26 18:42:14.500000+00:00,combi,Sitting,Sitting
2024-09-26 18:43:14.500000+00:00,combi,Sitting,Sitting
2024-09-26 18:44:14.500000+00:00,combi,Sitting,Sitting
2024-09-26 18:45:14.500000+00:00,combi,Sitting,Sitting
2024-09-26 18:46:14.500000+00:00,combi,Sitting,Sitting
2024-09-26 18:47:14.500000+00:00,combi,Sitting,Sitting
2024-09-26 18:48:14.500000+00:00,combi,Sitting,Sitting
2024-09-26 18:49:14.500000+00:00,combi,Sitting,Sitting
2024-09-26 18:50:14.500000+00:00,combi,Standing,Dynamic
2024-09-26 18:51:14.500000+00:00,combi,Standing,Standing
2024-09-26 18:52:14.500000+00:00,combi,Sitting,Sitting
2024-09-26 18:53:14.500000+00:00,combi,Sitting,Sitting
2024-09-26 18:54:14.500000+00:00,combi,Standing,Dynamic
2024-09-26 18:55:14.500000+00:00,combi,Standing,Dynamic
2024-09-26 18:56:14.500000+00:00,combi,Standing,Standing
2024-09-26 18:57:14.500000+00:00,combi,Sitting,Sitting
2024-09-26 18:58:14.500000+00:00,combi,Sitting,Sitting
2024-09-26 18:59:14.500000+00:00,combi,Sitting,Sitting
2024-09-26 19:00:14.500000+00:00,combi,Sitting,Sitting
2024-09-26 19:01:14.500000+00:00,combi,Sitting,Sitting
2024-09-26 19:02:14.500000+00:00,combi,Standing,Standing
2024-09-26 19:03:14.500000+00:00,combi,Standing,Standing
2024-09-26 19:04:14.500000+00:00,combi,Standing,Standing
2024-09-26 19:05:14.500000+00:00,combi,Sitting,Sitting
2024-09-26 19:06:14.500000+00:00,combi,Sitting,Sitting
2024-09-26 19:07:14.500000+00:00,combi,Sitting,Sitting
2024-09-26 19:08:14.500000+00:00,combi,Sitting,Sitting
2024-09-26 19:09:14.500000+00:00,combi,Standing,Standing
2024-09-26 19:10:14.500000+00:00,combi,Standing,Dynamic
2024-09-26 19:11:14.500000+00:00,combi,Standing,Sitting
2024-09-26 19:12:14.500000+00:00,combi,Standing,Standing
2024-09-26 19:13:14.500000+00:00,combi,Standing,Dynamic
2024-09-26 19:14:14.500000+00:00,combi,Standing,Standing
2024-09-26 19:15:14.500000+00:00,combi,Sitting,Sitting
2024-09-26 19:16:14.500000+00:00,combi,Sitting,Sitting
2024-09-26 19:17:14.500000+00:00,combi,Sitting,Sitting
2024-09-26 19:18:14.500000+00:00,combi,Sitting,Sitting
2024-09-26 19:19:14.500000+00:00,combi,Sitting,Sitting
2024-09-26 19:20:14.500000+00:00,combi,Sitting,Sitting
2024-09-26 19:21:14.500000+00:00,combi,Sitting,Sitting
2024-09-26 19:22:14.500000+00:00,combi,Sitting,Sitting
2024-09-26 19:23:14.500000+00:00,combi,Sitting,Sitting
2024-09-26 19:24:14.500000+00:00,combi,Sitting,Sitting
2024-09-26 19:25:14.500000+00:00,combi,Sitting,Sitting
2024-09-26 19:26:14.500000+00:00,combi,Sitting,Sitting
2024-09-26 19:27:14.500000+00:00,combi,Sitting,Sitting
2024-09-26 19:28:14.500000+00:00,combi,Sitting,Sitting
2024-09-26 19:29:14.500000+00:00,combi,Sitting,Sitting
2024-09-26 19:30:14.500000+00:00,combi,Sitting,Sitting
2024-09-26 19:31:14.500000+00:00,combi,Sitting,Sitting
2024-09-26 19:32:14.500000+00:00,combi,Sitting,Sitting
2024-09-26 19:33:14.500000+00:00,combi,Sitting,Sitting
2024-09-26 19:34:14.500000+00:00,combi,Sitting,Sitting
2024-09-26 19:35:14.500000+00:00,combi,Sitting,Sitting
2024-09-26 19:36:14.500000+00:00,combi,Sitting,Sitting
2024-09-26 19:37:14.500000+00:00,combi,Sitting,Sitting
2024-09-26 19:38:14.500000+00:00,combi,Sitting,Sitting
2024-09-26 19:39:14.500000+00:00,combi,Sitting,Sitting
2024-09-26 19:40:14.500000+00:00,combi,Sitting,Sitting
2024-09-26 19:41:14.500000+00:00,combi,Sitting,Sitting
2024-09-26 19:42:14.500000+00:00,combi,Sitting,Sitting
2024-09-26 19:43:14.500000+00:00,combi,Sitting,Sitting
2024-09-26 19:44:14.500000+00:00,combi,Sitting,Sitting
2024-09-26 19:45:14.500000+00:00,combi,Sitting,Sitting
2024-09-26 19:46:14.500000+00:00,combi,Sitting,Sitting
2024-09-26 19:47:14.500000+00:00,combi,Sitting,Sitting
2024-09-26 19:48:14.500000+00:00,combi,Sitting,Sitting
2024-09-26 19:49:14.500000+00:00,combi,Sitting,Sitting
2024-09-26 19:50:14.500000+00:00,combi,Sitting,Sitting
2024-09-26 19:51:14.500000+00:00,combi,Sitting,Sitting
2024-09-26 19:52:14.500000+00:00,combi,Sitting,Sitting
2024-09-26 19:53:14.500000+00:00,combi,Sitting,Sitting
2024-09-26 19:54:14.500000+00:00,combi,Sitting,Sitting
2024-09-26 19:55:14.500000+00:00,combi,Sitting,Sitting
2024-09-26 19:56:14.500000+00:00,combi,Sitting,Sitting
2024-09-26 19:57:14.500000+00:00,combi,Sitting,Sitting
2024-09-26 19:58:14.500000+00:00,combi,Sitting,Sitting
2024-09-26 19:59:14.500000+00:00,combi,Sitting,Sitting
2024-09-26 20:00:14.500000+00:00,combi,Sitting,Sitting
2024-09-26 20:01:14.500000+00:00,combi,Sitting,Sitting
2024-09-26 20:02:14.500000+00:00,combi,Sitting,Sitting
2024-09-26 20:03:14.500000+00:00,combi,Sitting,Sitting
2024-09-26 20:04:14.500000+00:00,combi,Sitting,Sitting
2024-09-26 20:05:14.500000+00:00,combi,Sitting,Sitting
2024-09-26 20:06:14.500000+00:00,combi,Sitting,Sitting
2024-09-26 20:07:14.500000+00:00,combi,Sitting,Sitting
2024-09-26 20:08:14.500000+00:00,combi,Sitting,Sitting
2024-09-26 20:09:14.500000+00:00,combi,Sitting,Sitting
2024-09-26 20:10:14.500000+00:00,combi,Sitting,Sitting
2024-09-26 20:11:14.500000+00:00,combi,Sitting,Sitting
2024-09-26 20:12:14.500000+00:00,combi,Sitting,Sitting
2024-09-26 20:13:14.500000+00:00,combi,Sitting,Sitting
2024-09-26 20:14:14.500000+00:00,combi,Sitting,Sitting
2024-09-26 20:15:14.500000+00:00,combi,Sitting,Sitting
2024-09-26 20:16:14.500000+00:00,combi,Sitting,Sitting
2024-09-26 20:17:14.500000+00:00,combi,Sitting,Sitting
2024-09-26 20:18:14.500000+00:00,combi,Sitting,Sitting
2024-09-26 20:19:14.500000+00:00,combi,Sitting,Sitting
2024-09-26 20:20:14.500000+00:00,combi,Sitting,Sitting
2024-09-26 20:21:14.500000+00:00,combi,Sitting,Sitting
2024-09-26 20:22:14.500000+00:00,combi,Sitting,Sitting
2024-09-26 20:23:14.500000+00:00,combi,Sitting,Sitting
2024-09-26 20:24:14.500000+00:00,combi,Sitting,Sitting
2024-09-26 20:25:14.500000+00:00,combi,Sitting,Sitting
2024-09-26 20:26:14.500000+00:00,combi,Sitting,Sitting
2024-09-26 20:27:14.500000+00:00,combi,Sitting,Sitting
2024-09-26 20:28:14.500000+00:00,combi,Sitting,Sitting
2024-09-26 20:29:14.500000+00:00,combi,Sitting,Sitting
2024-09-26 20:30:14.500000+00:00,combi,Sitting,Sitting
2024-09-26 20:31:14.500000+00:00,combi,Sitting,Sitting
2024-09-26 20:32:14.500000+00:00,combi,Sitting,Sitting
2024-09-26 20:33:14.500000+00:00,combi,Lying,Lying
2024-09-26 20:34:14.500000+00:00,combi,Lying,Lying
2024-09-26 20:35:14.500000+00:00,combi,Lying,Lying
2024-09-26 20:36:14.500000+00:00,combi,Lying,Lying
2024-09-26 20:37:14.500000+00:00,combi,Lying,Lying
2024-09-26 20:38:14.500000+00:00,combi,Lying,Lying
2024-09-26 20:39:14.500000+00:00,combi,Lying,Lying
2024-09-26 20:40:14.500000+00:00,combi,Lying,Lying
2024-09-26 20:41:14.500000+00:00,combi,Lying,Lying
2024-09-26 20:42:14.500000+00:00,combi,Lying,Lying
2024-09-26 20:43:14.500000+00:00,combi,Lying,Dynamic
2024-09-26 20:44:14.500000+00:00,combi,Standing,Sitting
2024-09-26 20:45:14.500000+00:00,combi,Sitting,Sitting
2024-09-26 20:46:14.500000+00:00,combi,Sitting,Sitting
2024-09-26 20:47:14.500000+00:00,combi,Standing,Standing
2024-09-26 20:48:14.500000+00:00,combi,Sitting,Sitting
2024-09-26 20:49:14.500000+00:00,combi,Sitting,Sitting
2024-09-26 20:50:14.500000+00:00,combi,Sitting,Sitting
2024-09-26 20:51:14.500000+00:00,combi,Sitting,Sitting
2024-09-26 20:52:14.500000+00:00,combi,Sitting,Sitting
2024-09-26 20:53:14.500000+00:00,combi,Sitting,Sitting
2024-09-26 20:54:14.500000+00:00,combi,Sitting,Sitting
2024-09-26 20:55:14.500000+00:00,combi,Sitting,Sitting
2024-09-26 20:56:14.500000+00:00,combi,Sitting,Sitting
2024-09-26 20:57:14.500000+00:00,combi,Sitting,Sitting
2024-09-26 20:58:14.500000+00:00,combi,Sitting,Sitting
2024-09-26 20:59:14.500000+00:00,combi,Sitting,Sitting
2024-09-26 21:00:14.500000+00:00,combi,Sitting,Sitting
2024-09-26 21:01:14.500000+00:00,combi,Sitting,Sitting
2024-09-26 21:02:14.500000+00:00,combi,Sitting,Sitting
2024-09-26 21:03:14.500000+00:00,combi,Sitting,Sitting
2024-09-26 21:04:14.500000+00:00,combi,Standing,Dynamic
2024-09-26 21:05:14.500000+00:00,combi,Sitting,Sitting
2024-09-26 21:06:14.500000+00:00,combi,Standing,Standing
2024-09-26 21:07:14.500000+00:00,combi,Sitting,Sitting
2024-09-26 21:08:14.500000+00:00,combi,Sitting,Sitting
2024-09-26 21:09:14.500000+00:00,combi,Sitting,Sitting
2024-09-26 21:10:14.500000+00:00,combi,Sitting,Sitting
2024-09-26 21:11:14.500000+00:00,combi,Sitting,Sitting
2024-09-26 21:12:14.500000+00:00,combi,Sitting,Sitting
2024-09-26 21:13:14.500000+00:00,combi,Sitting,Sitting
2024-09-26 21:14:14.500000+00:00,combi,Sitting,Sitting
2024-09-26 21:15:14.500000+00:00,combi,Sitting,Sitting
2024-09-26 21:16:14.500000+00:00,combi,Sitting,Sitting
2024-09-26 21:17:14.500000+00:00,combi,Sitting,Sitting
2024-09-26 21:18:14.500000+00:00,combi,Sitting,Sitting
2024-09-26 21:19:14.500000+00:00,combi,Sitting,Sitting
2024-09-26 21:20:14.500000+00:00,combi,Sitting,Sitting
2024-09-26 21:21:14.500000+00:00,combi,Sitting,Sitting
2024-09-26 21:22:14.500000+00:00,combi,Sitting,Sitting
2024-09-26 21:23:14.500000+00:00,combi,Sitting,Sitting
2024-09-26 21:24:14.500000+00:00,combi,Sitting,Sitting
2024-09-26 21:25:14.500000+00:00,combi,Sitting,Sitting
2024-09-26 21:26:14.500000+00:00,combi,Sitting,Sitting
2024-09-26 21:27:14.500000+00:00,combi,Sitting,Sitting
2024-09-26 21:28:14.500000+00:00,combi,Sitting,Sitting
2024-09-26 21:29:14.500000+00:00,combi,Sitting,Sitting
2024-09-26 21:30:14.500000+00:00,combi,Sitting,Sitting
2024-09-26 21:31:14.500000+00:00,combi,Sitting,Sitting
2024-09-26 21:32:14.500000+00:00,combi,Sitting,Sitting
2024-09-26 21:33:14.500000+00:00,combi,Sitting,Sitting
2024-09-26 21:34:14.500000+00:00,combi,Sitting,Sitting
2024-09-26 21:35:14.500000+00:00,combi,Sitting,Sitting
2024-09-26 21:36:14.500000+00:00,combi,Sitting,Sitting
2024-09-26 21:37:14.500000+00:00,combi,Sitting,Sitting
2024-09-26 21:38:14.500000+00:00,combi,Sitting,Sitting
2024-09-26 21:39:14.500000+00:00,combi,Sitting,Sitting
2024-09-26 21:40:14.500000+00:00,combi,Sitting,Sitting
2024-09-26 21:41:14.500000+00:00,combi,Standing,Dynamic
2024-09-26 21:42:14.500000+00:00,combi,Sitting,Sitting
2024-09-26 21:43:14.500000+00:00,combi,Sitting,Sitting
2024-09-26 21:44:14.500000+00:00,combi,Sitting,Sitting
2024-09-26 21:45:14.500000+00:00,combi,Sitting,Sitting
2024-09-26 21:46:14.500000+00:00,combi,Sitting,Sitting
2024-09-26 21:47:14.500000+00:00,combi,Sitting,Sitting
2024-09-26 21:48:14.500000+00:00,combi,Sitting,Sitting
2024-09-26 21:49:14.500000+00:00,combi,Sitting,Sitting
2024-09-26 21:50:14.500000+00:00,combi,Sitting,Sitting
2024-09-26 21:51:14.500000+00:00,combi,Sitting,Sitting
2024-09-26 21:52:14.500000+00:00,combi,Sitting,Sitting
2024-09-26 21:53:14.500000+00:00,combi,Sitting,Sitting
2024-09-26 21:54:14.500000+00:00,combi,Sitting,Sitting
2024-09-26 21:55:14.500000+00:00,combi,Sitting,Sitting
2024-09-26 21:56:14.500000+00:00,combi,Sitting,Sitting
2024-09-26 21:57:14.500000+00:00,combi,Sitting,Sitting
2024-09-26 21:58:14.500000+00:00,combi,Sitting,Sitting
2024-09-26 21:59:14.500000+00:00,combi,Sitting,Sitting
2024-09-26 22:00:14.500000+00:00,combi,Sitting,Sitting
2024-09-26 22:01:14.500000+00:00,combi,Sitting,Sitting
2024-09-26 22:02:14.500000+00:00,combi,Sitting,Sitting
2024-09-26 22:03:14.500000+00:00,combi,Sitting,Sitting
2024-09-26 22:04:14.500000+00:00,combi,Sitting,Sitting
2024-09-26 22:05:14.500000+00:00,combi,Sitting,Sitting
2024-09-26 22:06:14.500000+00:00,combi,Sitting,Sitting
2024-09-26 22:07:14.500000+00:00,combi,Sitting,Sitting
2024-09-26 22:08:14.500000+00:00,combi,Sitting,Sitting
2024-09-26 22:09:14.500000+00:00,combi,Sitting,Sitting
2024-09-26 22:10:14.500000+00:00,combi,Sitting,Sitting
2024-09-26 22:11:14.500000+00:00,combi,Sitting,Sitting
2024-09-26 22:12:14.500000+00:00,combi,Sitting,Sitting
2024-09-26 22:13:14.500000+00:00,combi,Sitting,Sitting
2024-09-26 22:14:14.500000+00:00,combi,Sitting,Sitting
2024-09-26 22:15:14.500000+00:00,combi,Sitting,Sitting
2024-09-26 22:16:14.500000+00:00,combi,Sitting,Sitting
2024-09-26 22:17:14.500000+00:00,combi,Sitting,Sitting
2024-09-26 22:18:14.500000+00:00,combi,Sitting,Sitting
2024-09-26 22:19:14.500000+00:00,combi,Sitting,Sitting
2024-09-26 22:20:14.500000+00:00,combi,Sitting,Sitting
2024-09-26 22:21:14.500000+00:00,combi,Sitting,Sitting
2024-09-26 22:22:14.500000+00:00,combi,Sitting,Sitting
2024-09-26 22:23:14.500000+00:00,combi,Sitting,Sitting
2024-09-26 22:24:14.500000+00:00,combi,Sitting,Sitting
2024-09-26 22:25:14.500000+00:00,combi,Sitting,Sitting
2024-09-26 22:26:14.500000+00:00,combi,Sitting,Sitting
2024-09-26 22:27:14.500000+00:00,combi,Sitting,Sitting
2024-09-26 22:28:14.500000+00:00,combi,Sitting,Sitting
2024-09-26 22:29:14.500000+00:00,combi,Sitting,Sitting
2024-09-26 22:30:14.500000+00:00,combi,Sitting,Sitting
2024-09-26 22:31:14.500000+00:00,combi,Sitting,Sitting
2024-09-26 22:32:14.500000+00:00,combi,Sitting,Sitting
2024-09-26 22:33:14.500000+00:00,combi,Sitting,Sitting
2024-09-26 22:34:14.500000+00:00,combi,Sitting,Sitting
2024-09-26 22:35:14.500000+00:00,combi,Sitting,Sitting
2024-09-26 22:36:14.500000+00:00,combi,Sitting,Sitting
2024-09-26 22:37:14.500000+00:00,combi,Sitting,Sitting
2024-09-26 22:38:14.500000+00:00,combi,Sitting,Sitting
2024-09-26 22:39:14.500000+00:00,combi,Sitting,Sitting
2024-09-26 22:40:14.500000+00:00,combi,Sitting,Sitting
2024-09-26 22:41:14.500000+00:00,combi,Sitting,Sitting
2024-09-26 22:42:14.500000+00:00,combi,Sitting,Sitting
2024-09-26 22:43:14.500000+00:00,combi,Standing,Dynamic
2024-09-26 22:44:14.500000+00:00,combi,Sitting,Sitting
2024-09-26 22:45:14.500000+00:00,combi,Sitting,Sitting
2024-09-26 22:46:14.500000+00:00,combi,Standing,Standing
2024-09-26 22:47:14.500000+00:00,combi,Sitting,Sitting
2024-09-26 22:48:14.500000+00:00,combi,Sitting,Sitting
2024-09-26 22:49:14.500000+00:00,combi,Sitting,Sitting
2024-09-26 22:50:14.500000+00:00,combi,Sitting,Sitting
2024-09-26 22:51:14.500000+00:00,combi,Sitting,Sitting
2024-09-26 22:52:14.500000+00:00,combi,Sitting,Sitting
2024-09-26 22:53:14.500000+00:00,combi,Sitting,Sitting
2024-09-26 22:54:14.500000+00:00,combi,Sitting,Sitting
2024-09-26 22:55:14.500000+00:00,combi,Sitting,Sitting
2024-09-26 22:56:14.500000+00:00,combi,Sitting,Sitting
2024-09-26 22:57:14.500000+00:00,combi,Sitting,Sitting
2024-09-26 22:58:14.500000+00:00,combi,Sitting,Sitting
2024-09-26 22:59:14.500000+00:00,combi,Sitting,Sitting
2024-09-26 23:00:14.500000+00:00,combi,Sitting,Sitting
2024-09-26 23:01:14.500000+00:00,combi,Standing,Dynamic
2024-09-26 23:02:14.500000+00:00,combi,Sitting,Sitting
2024-09-26 23:03:14.500000+00:00,combi,Sitting,Sitting
2024-09-26 23:04:14.500000+00:00,combi,Sitting,Sitting
2024-09-26 23:05:14.500000+00:00,combi,Sitting,Sitting
2024-09-26 23:06:14.500000+00:00,combi,Standing,Standing
2024-09-26 23:07:14.500000+00:00,combi,Standing,Standing
2024-09-26 23:08:14.500000+00:00,combi,Sitting,Sitting
2024-09-26 23:09:14.500000+00:00,combi,Lying,Dynamic
2024-09-26 23:10:14.500000+00:00,combi,Lying,Lying
2024-09-26 23:11:14.500000+00:00,combi,Lying,Lying
2024-09-26 23:12:14.500000+00:00,combi,Lying,Lying
2024-09-26 23:13:14.500000+00:00,combi,Lying,Lying
2024-09-26 23:14:14.500000+00:00,combi,Lying,Lying
2024-09-26 23:15:14.500000+00:00,combi,Lying,Lying
2024-09-26 23:16:14.500000+00:00,combi,Lying,Lying
2024-09-26 23:17:14.500000+00:00,combi,Lying,Lying
2024-09-26 23:18:14.500000+00:00,combi,Lying,Lying
2024-09-26 23:19:14.500000+00:00,combi,Lying,Lying
2024-09-26 23:20:14.500000+00:00,combi,Lying,Lying
2024-09-26 23:21:14.500000+00:00,combi,Lying,Lying
2024-09-26 23:22:14.500000+00:00,combi,Lying,Lying
2024-09-26 23:23:14.500000+00:00,combi,Lying,Lying
2024-09-26 23:24:14.500000+00:00,combi,Lying,Lying
2024-09-26 23:25:14.500000+00:00,combi,Lying,Lying
2024-09-26 23:26:14.500000+00:00,combi,Lying,Lying
2024-09-26 23:27:14.500000+00:00,combi,Lying,Lying
2024-09-26 23:28:14.500000+00:00,combi,Lying,Lying
2024-09-26 23:29:14.500000+00:00,combi,Lying,Lying
2024-09-26 23:30:14.500000+00:00,combi,Lying,Lying
2024-09-26 23:31:14.500000+00:00,combi,Lying,Lying
2024-09-26 23:32:14.500000+00:00,combi,Lying,Lying
2024-09-26 23:33:14.500000+00:00,combi,Lying,Lying
2024-09-26 23:34:14.500000+00:00,combi,Lying,Lying
2024-09-26 23:35:14.500000+00:00,combi,Lying,Lying
2024-09-26 23:36:14.500000+00:00,combi,Lying,Lying
2024-09-26 23:37:14.500000+00:00,combi,Lying,Lying
2024-09-26 23:38:14.500000+00:00,combi,Lying,Lying
2024-09-26 23:39:14.500000+00:00,combi,Lying,Lying
2024-09-26 23:40:14.500000+00:00,combi,Lying,Lying
2024-09-26 23:41:14.500000+00:00,combi,Lying,Lying
2024-09-26 23:42:14.500000+00:00,combi,Lying,Lying
2024-09-26 23:43:14.500000+00:00,combi,Lying,Lying
2024-09-26 23:44:14.500000+00:00,combi,Lying,Lying
2024-09-26 23:45:14.500000+00:00,combi,Lying,Lying
2024-09-26 23:46:14.500000+00:00,combi,Lying,Lying
2024-09-26 23:47:14.500000+00:00,combi,Lying,Lying
2024-09-26 23:48:14.500000+00:00,combi,Lying,Lying
2024-09-26 23:49:14.500000+00:00,combi,Lying,Lying
2024-09-26 23:50:14.500000+00:00,combi,Lying,Lying
2024-09-26 23:51:14.500000+00:00,combi,Lying,Lying
2024-09-26 23:52:14.500000+00:00,combi,Lying,Lying
2024-09-26 23:53:14.500000+00:00,combi,Lying,Lying
2024-09-26 23:54:14.500000+00:00,combi,Lying,Lying
2024-09-26 23:55:14.500000+00:00,combi,Lying,Lying
2024-09-26 23:56:14.500000+00:00,combi,Lying,Lying
2024-09-26 23:57:14.500000+00:00,combi,Lying,Lying
2024-09-26 23:58:14.500000+00:00,combi,Lying,Lying
2024-09-26 23:59:14.500000+00:00,combi,Lying,Lying
2024-09-27 00:00:14.500000+00:00,combi,Lying,Lying
2024-09-27 00:01:14.500000+00:00,combi,Lying,Lying
2024-09-27 00:02:14.500000+00:00,combi,Lying,Lying
2024-09-27 00:03:14.500000+00:00,combi,Lying,Lying
2024-09-27 00:04:14.500000+00:00,combi,Lying,Lying
2024-09-27 00:05:14.500000+00:00,combi,Lying,Lying
2024-09-27 00:06:14.500000+00:00,combi,Lying,Lying
2024-09-27 00:07:14.500000+00:00,combi,Lying,Lying
2024-09-27 00:08:14.500000+00:00,combi,Lying,Lying
2024-09-27 00:09:14.500000+00:00,combi,Lying,Lying
2024-09-27 00:10:14.500000+00:00,combi,Lying,Lying
2024-09-27 00:11:14.500000+00:00,combi,Lying,Lying
2024-09-27 00:12:14.500000+00:00,combi,Lying,Lying
2024-09-27 00:13:14.500000+00:00,combi,Lying,Lying
2024-09-27 00:14:14.500000+00:00,combi,Lying,Lying
2024-09-27 00:15:14.500000+00:00,combi,Lying,Lying
2024-09-27 00:16:14.500000+00:00,combi,Lying,Lying
2024-09-27 00:17:14.500000+00:00,combi,Lying,Lying
2024-09-27 00:18:14.500000+00:00,combi,Lying,Lying
2024-09-27 00:19:14.500000+00:00,combi,Lying,Lying
2024-09-27 00:20:14.500000+00:00,combi,Lying,Lying
2024-09-27 00:21:14.500000+00:00,combi,Lying,Lying
2024-09-27 00:22:14.500000+00:00,combi,Lying,Lying
2024-09-27 00:23:14.500000+00:00,combi,Lying,Lying
2024-09-27 00:24:14.500000+00:00,combi,Lying,Lying
2024-09-27 00:25:14.500000+00:00,combi,Lying,Lying
2024-09-27 00:26:14.500000+00:00,combi,Lying,Lying
2024-09-27 00:27:14.500000+00:00,combi,Sitting,Sitting
2024-09-27 00:28:14.500000+00:00,combi,Standing,Dynamic
2024-09-27 00:29:14.500000+00:00,combi,Standing,Dynamic
2024-09-27 00:30:14.500000+00:00,combi,Sitting,Dynamic
2024-09-27 00:31:14.500000+00:00,combi,Standing,Dynamic
2024-09-27 00:32:14.500000+00:00,combi,Sitting,Sitting
2024-09-27 00:33:14.500000+00:00,combi,Sitting,Sitting
2024-09-27 00:34:14.500000+00:00,combi,Standing,Dynamic
2024-09-27 00:35:14.500000+00:00,combi,Sitting,Sitting
2024-09-27 00:36:14.500000+00:00,combi,Sitting,Sitting
2024-09-27 00:37:14.500000+00:00,combi,Standing,Dynamic
2024-09-27 00:38:14.500000+00:00,combi,Standing,Dynamic
2024-09-27 00:39:14.500000+00:00,combi,Standing,Sitting
2024-09-27 00:40:14.500000+00:00,combi,Standing,Dynamic
2024-09-27 00:41:14.500000+00:00,combi,Standing,Standing
2024-09-27 00:42:14.500000+00:00,combi,Sitting,Sitting
2024-09-27 00:43:14.500000+00:00,combi,Standing,Dynamic
2024-09-27 00:44:14.500000+00:00,combi,Standing,Dynamic
2024-09-27 00:45:14.500000+00:00,combi,Sitting,Sitting
2024-09-27 00:46:14.500000+00:00,combi,Sitting,Sitting
2024-09-27 00:47:14.500000+00:00,combi,Sitting,Sitting
2024-09-27 00:48:14.500000+00:00,combi,Sitting,Sitting
2024-09-27 00:49:14.500000+00:00,combi,Sitting,Sitting
2024-09-27 00:50:14.500000+00:00,combi,Sitting,Sitting
2024-09-27 00:51:14.500000+00:00,combi,Sitting,Sitting
2024-09-27 00:52:14.500000+00:00,combi,Sitting,Sitting
2024-09-27 00:53:14.500000+00:00,combi,Sitting,Sitting
2024-09-27 00:54:14.500000+00:00,combi,Sitting,Sitting
2024-09-27 00:55:14.500000+00:00,combi,Sitting,Sitting
2024-09-27 00:56:14.500000+00:00,combi,Sitting,Sitting
2024-09-27 00:57:14.500000+00:00,combi,Sitting,Sitting
2024-09-27 00:58:14.500000+00:00,combi,Sitting,Sitting
2024-09-27 00:59:14.500000+00:00,combi,Sitting,Sitting
2024-09-27 01:00:14.500000+00:00,combi,Sitting,Sitting
2024-09-27 01:01:14.500000+00:00,combi,Lying,Sitting
2024-09-27 01:02:14.500000+00:00,combi,Lying,Lying
2024-09-27 01:03:14.500000+00:00,combi,Lying,Lying
2024-09-27 01:04:14.500000+00:00,combi,Lying,Lying
2024-09-27 01:05:14.500000+00:00,combi,Lying,Lying
2024-09-27 01:06:14.500000+00:00,combi,Lying,Lying
2024-09-27 01:07:14.500000+00:00,combi,Lying,Lying
2024-09-27 01:08:14.500000+00:00,combi,Lying,Lying
2024-09-27 01:09:14.500000+00:00,combi,Lying,Lying
2024-09-27 01:10:14.500000+00:00,combi,Lying,Lying
2024-09-27 01:11:14.500000+00:00,combi,Lying,Lying
2024-09-27 01:12:14.500000+00:00,combi,Lying,Lying
2024-09-27 01:13:14.500000+00:00,combi,Lying,Lying
2024-09-27 01:14:14.500000+00:00,combi,Lying,Lying
2024-09-27 01:15:14.500000+00:00,combi,Lying,Lying
2024-09-27 01:16:14.500000+00:00,combi,Lying,Lying
2024-09-27 01:17:14.500000+00:00,combi,Lying,Lying
2024-09-27 01:18:14.500000+00:00,combi,Lying,Lying
2024-09-27 01:19:14.500000+00:00,combi,Lying,Lying
2024-09-27 01:20:14.500000+00:00,combi,Lying,Lying
2024-09-27 01:21:14.500000+00:00,combi,Lying,Lying
2024-09-27 01:22:14.500000+00:00,combi,Lying,Lying
2024-09-27 01:23:14.500000+00:00,combi,Lying,Lying
2024-09-27 01:24:14.500000+00:00,combi,Lying,Lying
2024-09-27 01:25:14.500000+00:00,combi,Lying,Lying
2024-09-27 01:26:14.500000+00:00,combi,Lying,Lying
2024-09-27 01:27:14.500000+00:00,combi,Lying,Lying
2024-09-27 01:28:14.500000+00:00,combi,Lying,Lying
2024-09-27 01:29:14.500000+00:00,combi,Lying,Lying
2024-09-27 01:30:14.500000+00:00,combi,Lying,Lying
2024-09-27 01:31:14.500000+00:00,combi,Lying,Lying
2024-09-27 01:32:14.500000+00:00,combi,Lying,Lying
2024-09-27 01:33:14.500000+00:00,combi,Lying,Lying
2024-09-27 01:34:14.500000+00:00,combi,Lying,Lying
2024-09-27 01:35:14.500000+00:00,combi,Lying,Lying
2024-09-27 01:36:14.500000+00:00,combi,Lying,Lying
2024-09-27 01:37:14.500000+00:00,combi,Lying,Lying
2024-09-27 01:38:14.500000+00:00,combi,Lying,Lying
2024-09-27 01:39:14.500000+00:00,combi,Lying,Lying
2024-09-27 01:40:14.500000+00:00,combi,Lying,Lying
2024-09-27 01:41:14.500000+00:00,combi,Lying,Lying
2024-09-27 01:42:14.500000+00:00,combi,Lying,Lying
2024-09-27 01:43:14.500000+00:00,combi,Lying,Lying
2024-09-27 01:44:14.500000+00:00,combi,Lying,Lying
2024-09-27 01:45:14.500000+00:00,combi,Lying,Lying
2024-09-27 01:46:14.500000+00:00,combi,Lying,Lying
2024-09-27 01:47:14.500000+00:00,combi,Lying,Lying
2024-09-27 01:48:14.500000+00:00,combi,Lying,Lying
2024-09-27 01:49:14.500000+00:00,combi,Lying,Sitting
2024-09-27 01:50:14.500000+00:00,combi,Lying,Lying
2024-09-27 01:51:14.500000+00:00,combi,Sitting,Sitting
2024-09-27 01:52:14.500000+00:00,combi,Sitting,Sitting
2024-09-27 01:53:14.500000+00:00,combi,Lying,Lying
2024-09-27 01:54:14.500000+00:00,combi,Lying,Lying
2024-09-27 01:55:14.500000+00:00,combi,Lying,Sitting
2024-09-27 01:56:14.500000+00:00,combi,Lying,Lying
2024-09-27 01:57:14.500000+00:00,combi,Lying,Sitting
2024-09-27 01:58:14.500000+00:00,combi,Sitting,Sitting
2024-09-27 01:59:14.500000+00:00,combi,Lying,Lying
2024-09-27 02:00:14.500000+00:00,combi,Lying,Lying
2024-09-27 02:01:14.500000+00:00,combi,Lying,Lying
2024-09-27 02:02:14.500000+00:00,combi,Lying,Lying
2024-09-27 02:03:14.500000+00:00,combi,Lying,Lying
2024-09-27 02:04:14.500000+00:00,combi,Lying,Lying
2024-09-27 02:05:14.500000+00:00,combi,Lying,Lying
2024-09-27 02:06:14.500000+00:00,combi,Lying,Lying
2024-09-27 02:07:14.500000+00:00,combi,Lying,Sitting
2024-09-27 02:08:14.500000+00:00,combi,Lying,Lying
2024-09-27 02:09:14.500000+00:00,combi,Lying,Lying
2024-09-27 02:10:14.500000+00:00,combi,Lying,Lying
2024-09-27 02:11:14.500000+00:00,combi,Lying,Lying
2024-09-27 02:12:14.500000+00:00,combi,Lying,Lying
2024-09-27 02:13:14.500000+00:00,combi,Lying,Lying
2024-09-27 02:14:14.500000+00:00,combi,Lying,Lying
2024-09-27 02:15:14.500000+00:00,combi,Lying,Lying
2024-09-27 02:16:14.500000+00:00,combi,Lying,Lying
2024-09-27 02:17:14.500000+00:00,combi,Lying,Lying
2024-09-27 02:18:14.500000+00:00,combi,Lying,Lying
2024-09-27 02:19:14.500000+00:00,combi,Lying,Lying
2024-09-27 02:20:14.500000+00:00,combi,Lying,Lying
2024-09-27 02:21:14.500000+00:00,combi,Lying,Lying
2024-09-27 02:22:14.500000+00:00,combi,Lying,Lying
2024-09-27 02:23:14.500000+00:00,combi,Lying,Lying
2024-09-27 02:24:14.500000+00:00,combi,Lying,Lying
2024-09-27 02:25:14.500000+00:00,combi,Lying,Lying
2024-09-27 02:26:14.500000+00:00,combi,Lying,Lying
2024-09-27 02:27:14.500000+00:00,combi,Lying,Lying
2024-09-27 02:28:14.500000+00:00,combi,Lying,Lying
2024-09-27 02:29:14.500000+00:00,combi,Lying,Lying
2024-09-27 02:30:14.500000+00:00,combi,Lying,Lying
2024-09-27 02:31:14.500000+00:00,combi,Lying,Lying
2024-09-27 02:32:14.500000+00:00,combi,Lying,Lying
2024-09-27 02:33:14.500000+00:00,combi,Lying,Lying
2024-09-27 02:34:14.500000+00:00,combi,Lying,Lying
2024-09-27 02:35:14.500000+00:00,combi,Lying,Lying
2024-09-27 02:36:14.500000+00:00,combi,Lying,Lying
2024-09-27 02:37:14.500000+00:00,combi,Lying,Lying
2024-09-27 02:38:14.500000+00:00,combi,Lying,Lying
2024-09-27 02:39:14.500000+00:00,combi,Lying,Lying
2024-09-27 02:40:14.500000+00:00,combi,Lying,Lying
2024-09-27 02:41:14.500000+00:00,combi,Lying,Lying
2024-09-27 02:42:14.500000+00:00,combi,Lying,Lying
2024-09-27 02:43:14.500000+00:00,combi,Lying,Lying
2024-09-27 02:44:14.500000+00:00,combi,Lying,Lying
2024-09-27 02:45:14.500000+00:00,combi,Lying,Lying
2024-09-27 02:46:14.500000+00:00,combi,Lying,Lying
2024-09-27 02:47:14.500000+00:00,combi,Lying,Lying
2024-09-27 02:48:14.500000+00:00,combi,Lying,Lying
2024-09-27 02:49:14.500000+00:00,combi,Lying,Lying
2024-09-27 02:50:14.500000+00:00,combi,Lying,Lying
2024-09-27 02:51:14.500000+00:00,combi,Lying,Lying
2024-09-27 02:52:14.500000+00:00,combi,Lying,Lying
2024-09-27 02:53:14.500000+00:00,combi,Lying,Lying
2024-09-27 02:54:14.500000+00:00,combi,Lying,Lying
2024-09-27 02:55:14.500000+00:00,combi,Lying,Lying
2024-09-27 02:56:14.500000+00:00,combi,Lying,Lying
2024-09-27 02:57:14.500000+00:00,combi,Lying,Lying
2024-09-27 02:58:14.500000+00:00,combi,Lying,Lying
2024-09-27 02:59:14.500000+00:00,combi,Lying,Lying
2024-09-27 03:00:14.500000+00:00,combi,Lying,Lying
2024-09-27 03:01:14.500000+00:00,combi,Lying,Lying
2024-09-27 03:02:14.500000+00:00,combi,Lying,Lying
2024-09-27 03:03:14.500000+00:00,combi,Lying,Lying
2024-09-27 03:04:14.500000+00:00,combi,Lying,Lying
2024-09-27 03:05:14.500000+00:00,combi,Lying,Lying
2024-09-27 03:06:14.500000+00:00,combi,Lying,Lying
2024-09-27 03:07:14.500000+00:00,combi,Lying,Lying
2024-09-27 03:08:14.500000+00:00,combi,Lying,Lying
2024-09-27 03:09:14.500000+00:00,combi,Lying,Lying
2024-09-27 03:10:14.500000+00:00,combi,Lying,Lying
2024-09-27 03:11:14.500000+00:00,combi,Lying,Lying
2024-09-27 03:12:14.500000+00:00,combi,Lying,Lying
2024-09-27 03:13:14.500000+00:00,combi,Lying,Lying
2024-09-27 03:14:14.500000+00:00,combi,Lying,Lying
2024-09-27 03:15:14.500000+00:00,combi,Lying,Lying
2024-09-27 03:16:14.500000+00:00,combi,Lying,Lying
2024-09-27 03:17:14.500000+00:00,combi,Lying,Lying
2024-09-27 03:18:14.500000+00:00,combi,Lying,Lying
2024-09-27 03:19:14.500000+00:00,combi,Lying,Lying
2024-09-27 03:20:14.500000+00:00,combi,Lying,Lying
2024-09-27 03:21:14.500000+00:00,combi,Lying,Lying
2024-09-27 03:22:14.500000+00:00,combi,Lying,Lying
2024-09-27 03:23:14.500000+00:00,combi,Lying,Lying
2024-09-27 03:24:14.500000+00:00,combi,Lying,Lying
2024-09-27 03:25:14.500000+00:00,combi,Lying,Lying
2024-09-27 03:26:14.500000+00:00,combi,Lying,Lying
2024-09-27 03:27:14.500000+00:00,combi,Lying,Lying
2024-09-27 03:28:14.500000+00:00,combi,Lying,Lying
2024-09-27 03:29:14.500000+00:00,combi,Lying,Lying
2024-09-27 03:30:14.500000+00:00,combi,Lying,Lying
2024-09-27 03:31:14.500000+00:00,combi,Lying,Lying
2024-09-27 03:32:14.500000+00:00,combi,Lying,Lying
2024-09-27 03:33:14.500000+00:00,combi,Lying,Lying
2024-09-27 03:34:14.500000+00:00,combi,Lying,Lying
2024-09-27 03:35:14.500000+00:00,combi,Lying,Lying
2024-09-27 03:36:14.500000+00:00,combi,Lying,Lying
2024-09-27 03:37:14.500000+00:00,combi,Lying,Lying
2024-09-27 03:38:14.500000+00:00,combi,Lying,Lying
2024-09-27 03:39:14.500000+00:00,combi,Lying,Lying
2024-09-27 03:40:14.500000+00:00,combi,Lying,Lying
2024-09-27 03:41:14.500000+00:00,combi,Lying,Lying
2024-09-27 03:42:14.500000+00:00,combi,Lying,Lying
2024-09-27 03:43:14.500000+00:00,combi,Lying,Lying
2024-09-27 03:44:14.500000+00:00,combi,Lying,Lying
2024-09-27 03:45:14.500000+00:00,combi,Lying,Lying
2024-09-27 03:46:14.500000+00:00,combi,Lying,Lying
2024-09-27 03:47:14.500000+00:00,combi,Lying,Lying
2024-09-27 03:48:14.500000+00:00,combi,Lying,Lying
2024-09-27 03:49:14.500000+00:00,combi,Lying,Lying
2024-09-27 03:50:14.500000+00:00,combi,Lying,Lying
2024-09-27 03:51:14.500000+00:00,combi,Lying,Lying
2024-09-27 03:52:14.500000+00:00,combi,Lying,Lying
2024-09-27 03:53:14.500000+00:00,combi,Lying,Lying
2024-09-27 03:54:14.500000+00:00,combi,Lying,Lying
2024-09-27 03:55:14.500000+00:00,combi,Lying,Lying
2024-09-27 03:56:14.500000+00:00,combi,Lying,Lying
2024-09-27 03:57:14.500000+00:00,combi,Lying,Lying
2024-09-27 03:58:14.500000+00:00,combi,Lying,Lying
2024-09-27 03:59:14.500000+00:00,combi,Lying,Lying
2024-09-27 04:00:14.500000+00:00,combi,Lying,Lying
2024-09-27 04:01:14.500000+00:00,combi,Lying,Lying
2024-09-27 04:02:14.500000+00:00,combi,Lying,Lying
2024-09-27 04:03:14.500000+00:00,combi,Lying,Lying
2024-09-27 04:04:14.500000+00:00,combi,Lying,Lying
2024-09-27 04:05:14.500000+00:00,combi,Lying,Lying
2024-09-27 04:06:14.500000+00:00,combi,Lying,Lying
2024-09-27 04:07:14.500000+00:00,combi,Lying,Lying
2024-09-27 04:08:14.500000+00:00,combi,Lying,Lying
2024-09-27 04:09:14.500000+00:00,combi,Lying,Lying
2024-09-27 04:10:14.500000+00:00,combi,Lying,Lying
2024-09-27 04:11:14.500000+00:00,combi,Lying,Lying
2024-09-27 04:12:14.500000+00:00,combi,Lying,Lying
2024-09-27 04:13:14.500000+00:00,combi,Lying,Lying
2024-09-27 04:14:14.500000+00:00,combi,Lying,Lying
2024-09-27 04:15:14.500000+00:00,combi,Lying,Lying
2024-09-27 04:16:14.500000+00:00,combi,Lying,Lying
2024-09-27 04:17:14.500000+00:00,combi,Lying,Lying
2024-09-27 04:18:14.500000+00:00,combi,Lying,Lying
2024-09-27 04:19:14.500000+00:00,combi,Lying,Lying
2024-09-27 04:20:14.500000+00:00,combi,Lying,Lying
2024-09-27 04:21:14.500000+00:00,combi,Lying,Lying
2024-09-27 04:22:14.500000+00:00,combi,Lying,Lying
2024-09-27 04:23:14.500000+00:00,combi,Lying,Lying
2024-09-27 04:24:14.500000+00:00,combi,Lying,Lying
2024-09-27 04:25:14.500000+00:00,combi,Lying,Lying
2024-09-27 04:26:14.500000+00:00,combi,Lying,Lying
2024-09-27 04:27:14.500000+00:00,combi,Lying,Lying
2024-09-27 04:28:14.500000+00:00,combi,Lying,Lying
2024-09-27 04:29:14.500000+00:00,combi,Lying,Lying
2024-09-27 04:30:14.500000+00:00,combi,Lying,Lying
2024-09-27 04:31:14.500000+00:00,combi,Lying,Lying
2024-09-27 04:32:14.500000+00:00,combi,Lying,Lying
2024-09-27 04:33:14.500000+00:00,combi,Lying,Lying
2024-09-27 04:34:14.500000+00:00,combi,Lying,Lying
2024-09-27 04:35:14.500000+00:00,combi,Lying,Lying
