Time,Participant,Majority_postures,Majority_including_dynamic
2025-01-24 10:37:25.500000+00:00,combi,Standing,Standing
2025-01-24 10:38:25.500000+00:00,combi,Standing,Standing
2025-01-24 10:39:25.500000+00:00,combi,Standing,Standing
2025-01-24 10:40:25.500000+00:00,combi,Standing,Standing
2025-01-24 10:41:25.500000+00:00,combi,Standing,Standing
2025-01-24 10:42:25.500000+00:00,combi,Standing,Standing
2025-01-24 10:43:25.500000+00:00,combi,Sitting,Sitting
2025-01-24 10:44:25.500000+00:00,combi,Standing,Standing
2025-01-24 10:45:25.500000+00:00,combi,Standing,Standing
2025-01-24 10:46:25.500000+00:00,combi,Standing,Standing
2025-01-24 10:47:25.500000+00:00,combi,Standing,Standing
2025-01-24 10:48:25.500000+00:00,combi,Standing,Standing
2025-01-24 10:49:25.500000+00:00,combi,Standing,Standing
2025-01-24 10:50:25.500000+00:00,combi,Standing,Standing
2025-01-24 10:51:25.500000+00:00,combi,Standing,Standing
2025-01-24 10:52:25.500000+00:00,combi,Standing,Standing
2025-01-24 10:53:25.500000+00:00,combi,Standing,Standing
2025-01-24 10:54:25.500000+00:00,combi,Sitting,Sitting
2025-01-24 10:55:25.500000+00:00,combi,Standing,Standing
2025-01-24 10:56:25.500000+00:00,combi,Standing,Standing
2025-01-24 10:57:25.500000+00:00,combi,Sitting,Dynamic
2025-01-24 10:58:25.500000+00:00,combi,Lying,Lying
2025-01-24 10:59:25.500000+00:00,combi,Lying,Lying
2025-01-24 11:00:25.500000+00:00,combi,Lying,Lying
2025-01-24 11:01:25.500000+00:00,combi,Standing,Standing
2025-01-24 11:02:25.500000+00:00,combi,Standing,Standing
2025-01-24 11:03:25.500000+00:00,combi,Standing,Standing
2025-01-24 11:04:25.500000+00:00,combi,Standing,Standing
2025-01-24 11:05:25.500000+00:00,combi,Standing,Standing
2025-01-24 11:06:25.500000+00:00,combi,Standing,Standing
2025-01-24 11:07:25.500000+00:00,combi,Standing,Standing
2025-01-24 11:08:25.500000+00:00,combi,Standing,Standing
2025-01-24 11:09:25.500000+00:00,combi,Standing,Standing
2025-01-24 11:10:25.500000+00:00,combi,Standing,Standing
2025-01-24 11:11:25.500000+00:00,combi,Sitting,Sitting
2025-01-24 11:12:25.500000+00:00,combi,Sitting,Sitting
2025-01-24 11:13:25.500000+00:00,combi,Sitting,Sitting
2025-01-24 11:14:25.500000+00:00,combi,Sitting,Sitting
2025-01-24 11:15:25.500000+00:00,combi,Sitting,Sitting
2025-01-24 11:16:25.500000+00:00,combi,Sitting,Sitting
2025-01-24 11:17:25.500000+00:00,combi,Sitting,Sitting
2025-01-24 11:18:25.500000+00:00,combi,Sitting,Sitting
2025-01-24 11:19:25.500000+00:00,combi,Sitting,Sitting
2025-01-24 11:20:25.500000+00:00,combi,Lying,Lying
2025-01-24 11:21:25.500000+00:00,combi,Lying,Lying
2025-01-24 11:22:25.500000+00:00,combi,Lying,Lying
2025-01-24 11:23:25.500000+00:00,combi,Lying,Lying
2025-01-24 11:24:25.500000+00:00,combi,Lying,Lying
2025-01-24 11:25:25.500000+00:00,combi,Lying,Lying
2025-01-24 11:26:25.500000+00:00,combi,Lying,Lying
2025-01-24 11:27:25.500000+00:00,combi,Lying,Lying
2025-01-24 11:28:25.500000+00:00,combi,Lying,Lying
2025-01-24 11:29:25.500000+00:00,combi,Lying,Lying
2025-01-24 11:30:25.500000+00:00,combi,Lying,Dynamic
2025-01-24 11:31:25.500000+00:00,combi,Sitting,Sitting
2025-01-24 11:32:25.500000+00:00,combi,Sitting,Sitting
2025-01-24 11:33:25.500000+00:00,combi,Sitting,Sitting
2025-01-24 11:34:25.500000+00:00,combi,Standing,Standing
2025-01-24 11:35:25.500000+00:00,combi,Sitting,Sitting
2025-01-24 11:36:25.500000+00:00,combi,Sitting,Sitting
2025-01-24 11:37:25.500000+00:00,combi,Sitting,Sitting
2025-01-24 11:38:25.500000+00:00,combi,Sitting,Sitting
2025-01-24 11:39:25.500000+00:00,combi,Sitting,Sitting
2025-01-24 11:40:25.500000+00:00,combi,Sitting,Sitting
2025-01-24 11:41:25.500000+00:00,combi,Sitting,Sitting
2025-01-24 11:42:25.500000+00:00,combi,Sitting,Sitting
2025-01-24 11:43:25.500000+00:00,combi,Sitting,Sitting
2025-01-24 11:44:25.500000+00:00,combi,Sitting,Sitting
2025-01-24 11:45:25.500000+00:00,combi,Sitting,Sitting
2025-01-24 11:46:25.500000+00:00,combi,Sitting,Sitting
2025-01-24 11:47:25.500000+00:00,combi,Sitting,Sitting
2025-01-24 11:48:25.500000+00:00,combi,Sitting,Sitting
2025-01-24 11:49:25.500000+00:00,combi,Sitting,Sitting
2025-01-24 11:50:25.500000+00:00,combi,Sitting,Sitting
2025-01-24 11:51:25.500000+00:00,combi,Sitting,Sitting
2025-01-24 11:52:25.500000+00:00,combi,Sitting,Sitting
2025-01-24 11:53:25.500000+00:00,combi,Standing,Standing
2025-01-24 11:54:25.500000+00:00,combi,Standing,Standing
2025-01-24 11:55:25.500000+00:00,combi,Standing,Standing
2025-01-24 11:56:25.500000+00:00,combi,Standing,Standing
2025-01-24 11:57:25.500000+00:00,combi,Standing,Standing
2025-01-24 11:58:25.500000+00:00,combi,Standing,Standing
2025-01-24 11:59:25.500000+00:00,combi,Standing,Standing
2025-01-24 12:00:25.500000+00:00,combi,Standing,Standing
2025-01-24 12:01:25.500000+00:00,combi,Standing,Dynamic
2025-01-24 12:02:25.500000+00:00,combi,Standing,Dynamic
2025-01-24 12:03:25.500000+00:00,combi,Standing,Dynamic
2025-01-24 12:04:25.500000+00:00,combi,Standing,Dynamic
2025-01-24 12:05:25.500000+00:00,combi,Standing,Standing
2025-01-24 12:06:25.500000+00:00,combi,Lying,Dynamic
2025-01-24 12:07:25.500000+00:00,combi,Lying,Dynamic
2025-01-24 12:08:25.500000+00:00,combi,Standing,Standing
2025-01-24 12:09:25.500000+00:00,combi,Standing,Dynamic
2025-01-24 12:10:25.500000+00:00,combi,Standing,Standing
2025-01-24 12:11:25.500000+00:00,combi,Standing,Standing
2025-01-24 12:12:25.500000+00:00,combi,Standing,Standing
2025-01-24 12:13:25.500000+00:00,combi,Standing,Standing
2025-01-24 12:14:25.500000+00:00,combi,Standing,Standing
2025-01-24 12:15:25.500000+00:00,combi,Standing,Standing
2025-01-24 12:16:25.500000+00:00,combi,Standing,Standing
2025-01-24 12:17:25.500000+00:00,combi,Standing,Standing
2025-01-24 12:18:25.500000+00:00,combi,Standing,Standing
2025-01-24 12:19:25.500000+00:00,combi,Sitting,Sitting
2025-01-24 12:20:25.500000+00:00,combi,Sitting,Sitting
2025-01-24 12:21:25.500000+00:00,combi,Sitting,Sitting
2025-01-24 12:22:25.500000+00:00,combi,Sitting,Sitting
2025-01-24 12:23:25.500000+00:00,combi,Standing,Dynamic
2025-01-24 12:24:25.500000+00:00,combi,Lying,Dynamic
2025-01-24 12:25:25.500000+00:00,combi,Lying,Dynamic
2025-01-24 12:26:25.500000+00:00,combi,Lying,Dynamic
2025-01-24 12:27:25.500000+00:00,combi,Lying,Dynamic
2025-01-24 12:28:25.500000+00:00,combi,Standing,Dynamic
2025-01-24 12:29:25.500000+00:00,combi,Sitting,Sitting
2025-01-24 12:30:25.500000+00:00,combi,Sitting,Sitting
2025-01-24 12:31:25.500000+00:00,combi,Standing,Standing
2025-01-24 12:32:25.500000+00:00,combi,Standing,Standing
2025-01-24 12:33:25.500000+00:00,combi,Standing,Dynamic
2025-01-24 12:34:25.500000+00:00,combi,Lying,Dynamic
2025-01-24 12:35:25.500000+00:00,combi,Standing,Dynamic
2025-01-24 12:36:25.500000+00:00,combi,Standing,Dynamic
2025-01-24 12:37:25.500000+00:00,combi,Lying,Dynamic
2025-01-24 12:38:25.500000+00:00,combi,Standing,Standing
2025-01-24 12:39:25.500000+00:00,combi,Standing,Standing
2025-01-24 12:40:25.500000+00:00,combi,Standing,Standing
2025-01-24 12:41:25.500000+00:00,combi,Standing,Standing
2025-01-24 12:42:25.500000+00:00,combi,Standing,Dynamic
2025-01-24 12:43:25.500000+00:00,combi,Standing,Dynamic
2025-01-24 12:44:25.500000+00:00,combi,Standing,Dynamic
2025-01-24 12:45:25.500000+00:00,combi,Sitting,Sitting
2025-01-24 12:46:25.500000+00:00,combi,Standing,Standing
2025-01-24 12:47:25.500000+00:00,combi,Standing,Standing
2025-01-24 12:48:25.500000+00:00,combi,Standing,Dynamic
2025-01-24 12:49:25.500000+00:00,combi,Standing,Dynamic
2025-01-24 12:50:25.500000+00:00,combi,Lying,Dynamic
2025-01-24 12:51:25.500000+00:00,combi,Lying,Dynamic
2025-01-24 12:52:25.500000+00:00,combi,Lying,Dynamic
2025-01-24 12:53:25.500000+00:00,combi,Standing,Dynamic
2025-01-24 12:54:25.500000+00:00,combi,Standing,Dynamic
2025-01-24 12:55:25.500000+00:00,combi,Standing,Dynamic
2025-01-24 12:56:25.500000+00:00,combi,Standing,Dynamic
2025-01-24 12:57:25.500000+00:00,combi,Standing,Dynamic
2025-01-24 12:58:25.500000+00:00,combi,Standing,Dynamic
2025-01-24 12:59:25.500000+00:00,combi,Sitting,Dynamic
2025-01-24 13:00:25.500000+00:00,combi,Sitting,Sitting
2025-01-24 13:01:25.500000+00:00,combi,Sitting,Sitting
2025-01-24 13:02:25.500000+00:00,combi,Sitting,Sitting
2025-01-24 13:03:25.500000+00:00,combi,Sitting,Sitting
2025-01-24 13:04:25.500000+00:00,combi,Sitting,Sitting
2025-01-24 13:05:25.500000+00:00,combi,Sitting,Sitting
2025-01-24 13:06:25.500000+00:00,combi,Sitting,Sitting
2025-01-24 13:07:25.500000+00:00,combi,Sitting,Sitting
2025-01-24 13:08:25.500000+00:00,combi,Sitting,Sitting
2025-01-24 13:09:25.500000+00:00,combi,Sitting,Sitting
2025-01-24 13:10:25.500000+00:00,combi,Sitting,Sitting
2025-01-24 13:11:25.500000+00:00,combi,Sitting,Sitting
2025-01-24 13:12:25.500000+00:00,combi,Sitting,Sitting
2025-01-24 13:13:25.500000+00:00,combi,Sitting,Sitting
2025-01-24 13:14:25.500000+00:00,combi,Sitting,Sitting
2025-01-24 13:15:25.500000+00:00,combi,Sitting,Sitting
2025-01-24 13:16:25.500000+00:00,combi,Sitting,Sitting
2025-01-24 13:17:25.500000+00:00,combi,Sitting,Sitting
2025-01-24 13:18:25.500000+00:00,combi,Sitting,Sitting
2025-01-24 13:19:25.500000+00:00,combi,Sitting,Sitting
2025-01-24 13:20:25.500000+00:00,combi,Sitting,Sitting
2025-01-24 13:21:25.500000+00:00,combi,Sitting,Sitting
2025-01-24 13:22:25.500000+00:00,combi,Sitting,Sitting
2025-01-24 13:23:25.500000+00:00,combi,Sitting,Sitting
2025-01-24 13:24:25.500000+00:00,combi,Sitting,Sitting
2025-01-24 13:25:25.500000+00:00,combi,Sitting,Sitting
2025-01-24 13:26:25.500000+00:00,combi,Sitting,Sitting
2025-01-24 13:27:25.500000+00:00,combi,Sitting,Sitting
2025-01-24 13:28:25.500000+00:00,combi,Sitting,Sitting
2025-01-24 13:29:25.500000+00:00,combi,Sitting,Sitting
2025-01-24 13:30:25.500000+00:00,combi,Sitting,Sitting
2025-01-24 13:31:25.500000+00:00,combi,Sitting,Sitting
2025-01-24 13:32:25.500000+00:00,combi,Sitting,Sitting
2025-01-24 13:33:25.500000+00:00,combi,Sitting,Sitting
2025-01-24 13:34:25.500000+00:00,combi,Sitting,Sitting
2025-01-24 13:35:25.500000+00:00,combi,Sitting,Sitting
2025-01-24 13:36:25.500000+00:00,combi,Sitting,Dynamic
2025-01-24 13:37:25.500000+00:00,combi,Sitting,Sitting
2025-01-24 13:38:25.500000+00:00,combi,Standing,Sitting
2025-01-24 13:39:25.500000+00:00,combi,Standing,Dynamic
2025-01-24 13:40:25.500000+00:00,combi,Sitting,Sitting
2025-01-24 13:41:25.500000+00:00,combi,Sitting,Sitting
2025-01-24 13:42:25.500000+00:00,combi,Sitting,Sitting
2025-01-24 13:43:25.500000+00:00,combi,Sitting,Sitting
2025-01-24 13:44:25.500000+00:00,combi,Sitting,Sitting
2025-01-24 13:45:25.500000+00:00,combi,Sitting,Sitting
2025-01-24 13:46:25.500000+00:00,combi,Sitting,Sitting
2025-01-24 13:47:25.500000+00:00,combi,Sitting,Sitting
2025-01-24 13:48:25.500000+00:00,combi,Sitting,Sitting
2025-01-24 13:49:25.500000+00:00,combi,Sitting,Sitting
2025-01-24 13:50:25.500000+00:00,combi,Sitting,Sitting
2025-01-24 13:51:25.500000+00:00,combi,Sitting,Sitting
2025-01-24 13:52:25.500000+00:00,combi,Sitting,Sitting
2025-01-24 13:53:25.500000+00:00,combi,Sitting,Sitting
2025-01-24 13:54:25.500000+00:00,combi,Sitting,Sitting
2025-01-24 13:55:25.500000+00:00,combi,Sitting,Sitting
2025-01-24 13:56:25.500000+00:00,combi,Sitting,Sitting
2025-01-24 13:57:25.500000+00:00,combi,Sitting,Sitting
2025-01-24 13:58:25.500000+00:00,combi,Sitting,Sitting
2025-01-24 13:59:25.500000+00:00,combi,Sitting,Sitting
2025-01-24 14:00:25.500000+00:00,combi,Sitting,Sitting
2025-01-24 14:01:25.500000+00:00,combi,Sitting,Sitting
2025-01-24 14:02:25.500000+00:00,combi,Sitting,Sitting
2025-01-24 14:03:25.500000+00:00,combi,Sitting,Sitting
2025-01-24 14:04:25.500000+00:00,combi,Sitting,Sitting
2025-01-24 14:05:25.500000+00:00,combi,Sitting,Sitting
2025-01-24 14:06:25.500000+00:00,combi,Sitting,Sitting
2025-01-24 14:07:25.500000+00:00,combi,Sitting,Sitting
2025-01-24 14:08:25.500000+00:00,combi,Sitting,Sitting
2025-01-24 14:09:25.500000+00:00,combi,Sitting,Sitting
2025-01-24 14:10:25.500000+00:00,combi,Sitting,Sitting
2025-01-24 14:11:25.500000+00:00,combi,Sitting,Sitting
2025-01-24 14:12:25.500000+00:00,combi,Sitting,Sitting
2025-01-24 14:13:25.500000+00:00,combi,Sitting,Sitting
2025-01-24 14:14:25.500000+00:00,combi,Sitting,Sitting
2025-01-24 14:15:25.500000+00:00,combi,Sitting,Sitting
2025-01-24 14:16:25.500000+00:00,combi,Sitting,Sitting
2025-01-24 14:17:25.500000+00:00,combi,Sitting,Sitting
2025-01-24 14:18:25.500000+00:00,combi,Sitting,Sitting
2025-01-24 14:19:25.500000+00:00,combi,Sitting,Sitting
2025-01-24 14:20:25.500000+00:00,combi,Sitting,Sitting
2025-01-24 14:21:25.500000+00:00,combi,Sitting,Sitting
2025-01-24 14:22:25.500000+00:00,combi,Sitting,Sitting
2025-01-24 14:23:25.500000+00:00,combi,Sitting,Sitting
2025-01-24 14:24:25.500000+00:00,combi,Sitting,Sitting
2025-01-24 14:25:25.500000+00:00,combi,Sitting,Sitting
2025-01-24 14:26:25.500000+00:00,combi,Sitting,Sitting
2025-01-24 14:27:25.500000+00:00,combi,Sitting,Sitting
2025-01-24 14:28:25.500000+00:00,combi,Sitting,Sitting
2025-01-24 14:29:25.500000+00:00,combi,Sitting,Sitting
2025-01-24 14:30:25.500000+00:00,combi,Sitting,Sitting
2025-01-24 14:31:25.500000+00:00,combi,Sitting,Sitting
2025-01-24 14:32:25.500000+00:00,combi,Sitting,Sitting
2025-01-24 14:33:25.500000+00:00,combi,Sitting,Sitting
2025-01-24 14:34:25.500000+00:00,combi,Sitting,Sitting
2025-01-24 14:35:25.500000+00:00,combi,Sitting,Sitting
2025-01-24 14:36:25.500000+00:00,combi,Sitting,Sitting
2025-01-24 14:37:25.500000+00:00,combi,Sitting,Sitting
2025-01-24 14:38:25.500000+00:00,combi,Sitting,Sitting
2025-01-24 14:39:25.500000+00:00,combi,Sitting,Sitting
2025-01-24 14:40:25.500000+00:00,combi,Sitting,Sitting
2025-01-24 14:41:25.500000+00:00,combi,Sitting,Sitting
2025-01-24 14:42:25.500000+00:00,combi,Sitting,Sitting
2025-01-24 14:43:25.500000+00:00,combi,Sitting,Sitting
2025-01-24 14:44:25.500000+00:00,combi,Sitting,Sitting
2025-01-24 14:45:25.500000+00:00,combi,Sitting,Sitting
2025-01-24 14:46:25.500000+00:00,combi,Sitting,Sitting
2025-01-24 14:47:25.500000+00:00,combi,Sitting,Sitting
2025-01-24 14:48:25.500000+00:00,combi,Sitting,Sitting
2025-01-24 14:49:25.500000+00:00,combi,Sitting,Sitting
2025-01-24 14:50:25.500000+00:00,combi,Sitting,Sitting
2025-01-24 14:51:25.500000+00:00,combi,Sitting,Sitting
2025-01-24 14:52:25.500000+00:00,combi,Sitting,Sitting
2025-01-24 14:53:25.500000+00:00,combi,Sitting,Sitting
2025-01-24 14:54:25.500000+00:00,combi,Sitting,Sitting
2025-01-24 14:55:25.500000+00:00,combi,Sitting,Sitting
2025-01-24 14:56:25.500000+00:00,combi,Sitting,Sitting
2025-01-24 14:57:25.500000+00:00,combi,Sitting,Sitting
2025-01-24 14:58:25.500000+00:00,combi,Sitting,Sitting
2025-01-24 14:59:25.500000+00:00,combi,Sitting,Sitting
2025-01-24 15:00:25.500000+00:00,combi,Sitting,Sitting
2025-01-24 15:01:25.500000+00:00,combi,Sitting,Sitting
2025-01-24 15:02:25.500000+00:00,combi,Sitting,Sitting
2025-01-24 15:03:25.500000+00:00,combi,Sitting,Sitting
2025-01-24 15:04:25.500000+00:00,combi,Sitting,Sitting
2025-01-24 15:05:25.500000+00:00,combi,Sitting,Sitting
2025-01-24 15:06:25.500000+00:00,combi,Sitting,Sitting
2025-01-24 15:07:25.500000+00:00,combi,Sitting,Sitting
2025-01-24 15:08:25.500000+00:00,combi,Sitting,Sitting
2025-01-24 15:09:25.500000+00:00,combi,Sitting,Sitting
2025-01-24 15:10:25.500000+00:00,combi,Sitting,Sitting
2025-01-24 15:11:25.500000+00:00,combi,Sitting,Sitting
2025-01-24 15:12:25.500000+00:00,combi,Sitting,Sitting
2025-01-24 15:13:25.500000+00:00,combi,Sitting,Sitting
2025-01-24 15:14:25.500000+00:00,combi,Sitting,Sitting
2025-01-24 15:15:25.500000+00:00,combi,Sitting,Sitting
2025-01-24 15:16:25.500000+00:00,combi,Sitting,Sitting
2025-01-24 15:17:25.500000+00:00,combi,Sitting,Sitting
2025-01-24 15:18:25.500000+00:00,combi,Sitting,Sitting
2025-01-24 15:19:25.500000+00:00,combi,Sitting,Sitting
2025-01-24 15:20:25.500000+00:00,combi,Sitting,Sitting
2025-01-24 15:21:25.500000+00:00,combi,Sitting,Sitting
2025-01-24 15:22:25.500000+00:00,combi,Sitting,Sitting
2025-01-24 15:23:25.500000+00:00,combi,Sitting,Sitting
2025-01-24 15:24:25.500000+00:00,combi,Sitting,Sitting
2025-01-24 15:25:25.500000+00:00,combi,Sitting,Sitting
2025-01-24 15:26:25.500000+00:00,combi,Sitting,Sitting
2025-01-24 15:27:25.500000+00:00,combi,Sitting,Sitting
2025-01-24 15:28:25.500000+00:00,combi,Sitting,Sitting
2025-01-24 15:29:25.500000+00:00,combi,Sitting,Sitting
2025-01-24 15:30:25.500000+00:00,combi,Sitting,Sitting
2025-01-24 15:31:25.500000+00:00,combi,Sitting,Sitting
2025-01-24 15:32:25.500000+00:00,combi,Sitting,Sitting
2025-01-24 15:33:25.500000+00:00,combi,Sitting,Sitting
2025-01-24 15:34:25.500000+00:00,combi,Sitting,Sitting
2025-01-24 15:35:25.500000+00:00,combi,Sitting,Sitting
2025-01-24 15:36:25.500000+00:00,combi,Sitting,Sitting
2025-01-24 15:37:25.500000+00:00,combi,Sitting,Sitting
2025-01-24 15:38:25.500000+00:00,combi,Sitting,Sitting
2025-01-24 15:39:25.500000+00:00,combi,Sitting,Sitting
2025-01-24 15:40:25.500000+00:00,combi,Sitting,Sitting
2025-01-24 15:41:25.500000+00:00,combi,Standing,Dynamic
2025-01-24 15:42:25.500000+00:00,combi,Sitting,Dynamic
2025-01-24 15:43:25.500000+00:00,combi,Standing,Sitting
2025-01-24 15:44:25.500000+00:00,combi,Sitting,Sitting
2025-01-24 15:45:25.500000+00:00,combi,Sitting,Sitting
2025-01-24 15:46:25.500000+00:00,combi,Sitting,Sitting
2025-01-24 15:47:25.500000+00:00,combi,Sitting,Sitting
2025-01-24 15:48:25.500000+00:00,combi,Sitting,Sitting
2025-01-24 15:49:25.500000+00:00,combi,Sitting,Sitting
2025-01-24 15:50:25.500000+00:00,combi,Sitting,Sitting
2025-01-24 15:51:25.500000+00:00,combi,Sitting,Sitting
2025-01-24 15:52:25.500000+00:00,combi,Sitting,Sitting
2025-01-24 15:53:25.500000+00:00,combi,Sitting,Sitting
2025-01-24 15:54:25.500000+00:00,combi,Sitting,Sitting
2025-01-24 15:55:25.500000+00:00,combi,Sitting,Sitting
2025-01-24 15:56:25.500000+00:00,combi,Sitting,Sitting
2025-01-24 15:57:25.500000+00:00,combi,Sitting,Sitting
2025-01-24 15:58:25.500000+00:00,combi,Sitting,Sitting
2025-01-24 15:59:25.500000+00:00,combi,Sitting,Sitting
2025-01-24 16:00:25.500000+00:00,combi,Sitting,Sitting
2025-01-24 16:01:25.500000+00:00,combi,Sitting,Sitting
2025-01-24 16:02:25.500000+00:00,combi,Sitting,Sitting
2025-01-24 16:03:25.500000+00:00,combi,Sitting,Sitting
2025-01-24 16:04:25.500000+00:00,combi,Sitting,Sitting
2025-01-24 16:05:25.500000+00:00,combi,Sitting,Sitting
2025-01-24 16:06:25.500000+00:00,combi,Sitting,Sitting
2025-01-24 16:07:25.500000+00:00,combi,Sitting,Sitting
2025-01-24 16:08:25.500000+00:00,combi,Sitting,Sitting
2025-01-24 16:09:25.500000+00:00,combi,Sitting,Sitting
2025-01-24 16:10:25.500000+00:00,combi,Sitting,Sitting
2025-01-24 16:11:25.500000+00:00,combi,Sitting,Sitting
2025-01-24 16:12:25.500000+00:00,combi,Sitting,Sitting
2025-01-24 16:13:25.500000+00:00,combi,Sitting,Sitting
2025-01-24 16:14:25.500000+00:00,combi,Sitting,Sitting
2025-01-24 16:15:25.500000+00:00,combi,Sitting,Sitting
2025-01-24 16:16:25.500000+00:00,combi,Sitting,Sitting
2025-01-24 16:17:25.500000+00:00,combi,Sitting,Sitting
2025-01-24 16:18:25.500000+00:00,combi,Sitting,Sitting
2025-01-24 16:19:25.500000+00:00,combi,Sitting,Sitting
2025-01-24 16:20:25.500000+00:00,combi,Sitting,Sitting
2025-01-24 16:21:25.500000+00:00,combi,Sitting,Sitting
2025-01-24 16:22:25.500000+00:00,combi,Sitting,Sitting
2025-01-24 16:23:25.500000+00:00,combi,Sitting,Sitting
2025-01-24 16:24:25.500000+00:00,combi,Sitting,Sitting
2025-01-24 16:25:25.500000+00:00,combi,Sitting,Sitting
2025-01-24 16:26:25.500000+00:00,combi,Sitting,Sitting
2025-01-24 16:27:25.500000+00:00,combi,Sitting,Sitting
2025-01-24 16:28:25.500000+00:00,combi,Sitting,Sitting
2025-01-24 16:29:25.500000+00:00,combi,Sitting,Sitting
2025-01-24 16:30:25.500000+00:00,combi,Sitting,Sitting
2025-01-24 16:31:25.500000+00:00,combi,Sitting,Sitting
2025-01-24 16:32:25.500000+00:00,combi,Sitting,Sitting
2025-01-24 16:33:25.500000+00:00,combi,Sitting,Sitting
2025-01-24 16:34:25.500000+00:00,combi,Sitting,Sitting
2025-01-24 16:35:25.500000+00:00,combi,Sitting,Sitting
2025-01-24 16:36:25.500000+00:00,combi,Sitting,Sitting
2025-01-24 16:37:25.500000+00:00,combi,Sitting,Sitting
2025-01-24 16:38:25.500000+00:00,combi,Sitting,Sitting
2025-01-24 16:39:25.500000+00:00,combi,Sitting,Sitting
2025-01-24 16:40:25.500000+00:00,combi,Sitting,Sitting
2025-01-24 16:41:25.500000+00:00,combi,Sitting,Sitting
2025-01-24 16:42:25.500000+00:00,combi,Sitting,Sitting
2025-01-24 16:43:25.500000+00:00,combi,Sitting,Sitting
2025-01-24 16:44:25.500000+00:00,combi,Sitting,Sitting
2025-01-24 16:45:25.500000+00:00,combi,Sitting,Sitting
2025-01-24 16:46:25.500000+00:00,combi,Sitting,Sitting
2025-01-24 16:47:25.500000+00:00,combi,Sitting,Sitting
2025-01-24 16:48:25.500000+00:00,combi,Sitting,Sitting
2025-01-24 16:49:25.500000+00:00,combi,Sitting,Sitting
2025-01-24 16:50:25.500000+00:00,combi,Sitting,Sitting
2025-01-24 16:51:25.500000+00:00,combi,Standing,Standing
2025-01-24 16:52:25.500000+00:00,combi,Standing,Dynamic
2025-01-24 16:53:25.500000+00:00,combi,Lying,Dynamic
2025-01-24 16:54:25.500000+00:00,combi,Lying,Dynamic
2025-01-24 16:55:25.500000+00:00,combi,Lying,Dynamic
2025-01-24 16:56:25.500000+00:00,combi,Lying,Dynamic
2025-01-24 16:57:25.500000+00:00,combi,Lying,Dynamic
2025-01-24 16:58:25.500000+00:00,combi,Lying,Dynamic
2025-01-24 16:59:25.500000+00:00,combi,Lying,Dynamic
2025-01-24 17:00:25.500000+00:00,combi,Lying,Dynamic
2025-01-24 17:01:25.500000+00:00,combi,Lying,Dynamic
2025-01-24 17:02:25.500000+00:00,combi,Lying,Dynamic
2025-01-24 17:03:25.500000+00:00,combi,Lying,Dynamic
2025-01-24 17:04:25.500000+00:00,combi,Lying,Dynamic
2025-01-24 17:05:25.500000+00:00,combi,Sitting,Sitting
2025-01-24 17:06:25.500000+00:00,combi,Sitting,Sitting
2025-01-24 17:07:25.500000+00:00,combi,Sitting,Sitting
2025-01-24 17:08:25.500000+00:00,combi,Standing,Dynamic
2025-01-24 17:09:25.500000+00:00,combi,Standing,Standing
2025-01-24 17:10:25.500000+00:00,combi,Standing,Standing
2025-01-24 17:11:25.500000+00:00,combi,Sitting,Sitting
2025-01-24 17:12:25.500000+00:00,combi,Sitting,Sitting
2025-01-24 17:13:25.500000+00:00,combi,Sitting,Sitting
2025-01-24 17:14:25.500000+00:00,combi,Standing,Standing
2025-01-24 17:15:25.500000+00:00,combi,Sitting,Sitting
2025-01-24 17:16:25.500000+00:00,combi,Sitting,Sitting
2025-01-24 17:17:25.500000+00:00,combi,Sitting,Sitting
2025-01-24 17:18:25.500000+00:00,combi,Standing,Standing
2025-01-24 17:19:25.500000+00:00,combi,Lying,Dynamic
2025-01-24 17:20:25.500000+00:00,combi,Lying,Dynamic
2025-01-24 17:21:25.500000+00:00,combi,Standing,Standing
2025-01-24 17:22:25.500000+00:00,combi,Sitting,Sitting
2025-01-24 17:23:25.500000+00:00,combi,Sitting,Sitting
2025-01-24 17:24:25.500000+00:00,combi,Sitting,Sitting
2025-01-24 17:25:25.500000+00:00,combi,Sitting,Sitting
2025-01-24 17:26:25.500000+00:00,combi,Sitting,Sitting
2025-01-24 17:27:25.500000+00:00,combi,Sitting,Sitting
2025-01-24 17:28:25.500000+00:00,combi,Sitting,Sitting
2025-01-24 17:29:25.500000+00:00,combi,Standing,Standing
2025-01-24 17:30:25.500000+00:00,combi,Sitting,Sitting
2025-01-24 17:31:25.500000+00:00,combi,Sitting,Sitting
2025-01-24 17:32:25.500000+00:00,combi,Sitting,Sitting
2025-01-24 17:33:25.500000+00:00,combi,Sitting,Sitting
2025-01-24 17:34:25.500000+00:00,combi,Sitting,Sitting
2025-01-24 17:35:25.500000+00:00,combi,Sitting,Sitting
2025-01-24 17:36:25.500000+00:00,combi,Sitting,Sitting
2025-01-24 17:37:25.500000+00:00,combi,Sitting,Sitting
2025-01-24 17:38:25.500000+00:00,combi,Sitting,Sitting
2025-01-24 17:39:25.500000+00:00,combi,Sitting,Sitting
2025-01-24 17:40:25.500000+00:00,combi,Sitting,Sitting
2025-01-24 17:41:25.500000+00:00,combi,Sitting,Sitting
2025-01-24 17:42:25.500000+00:00,combi,Sitting,Sitting
2025-01-24 17:43:25.500000+00:00,combi,Sitting,Sitting
2025-01-24 17:44:25.500000+00:00,combi,Standing,Dynamic
2025-01-24 17:45:25.500000+00:00,combi,Sitting,Dynamic
2025-01-24 17:46:25.500000+00:00,combi,Sitting,Dynamic
2025-01-24 17:47:25.500000+00:00,combi,Sitting,Sitting
2025-01-24 17:48:25.500000+00:00,combi,Sitting,Dynamic
2025-01-24 17:49:25.500000+00:00,combi,Sitting,Dynamic
2025-01-24 17:50:25.500000+00:00,combi,Sitting,Dynamic
2025-01-24 17:51:25.500000+00:00,combi,Sitting,Dynamic
2025-01-24 17:52:25.500000+00:00,combi,Sitting,Dynamic
2025-01-24 17:53:25.500000+00:00,combi,Sitting,Dynamic
2025-01-24 17:54:25.500000+00:00,combi,Sitting,Dynamic
2025-01-24 17:55:25.500000+00:00,combi,Sitting,Dynamic
2025-01-24 17:56:25.500000+00:00,combi,Sitting,Dynamic
2025-01-24 17:57:25.500000+00:00,combi,Standing,Dynamic
2025-01-24 17:58:25.500000+00:00,combi,Standing,Dynamic
2025-01-24 17:59:25.500000+00:00,combi,Standing,Dynamic
2025-01-24 18:00:25.500000+00:00,combi,Standing,Dynamic
2025-01-24 18:01:25.500000+00:00,combi,Standing,Standing
2025-01-24 18:02:25.500000+00:00,combi,Standing,Dynamic
2025-01-24 18:03:25.500000+00:00,combi,Standing,Standing
2025-01-24 18:04:25.500000+00:00,combi,Standing,Dynamic
2025-01-24 18:05:25.500000+00:00,combi,Sitting,Dynamic
2025-01-24 18:06:25.500000+00:00,combi,Standing,Dynamic
2025-01-24 18:07:25.500000+00:00,combi,Sitting,Dynamic
2025-01-24 18:08:25.500000+00:00,combi,Sitting,Dynamic
2025-01-24 18:09:25.500000+00:00,combi,Sitting,Sitting
2025-01-24 18:10:25.500000+00:00,combi,Sitting,Dynamic
2025-01-24 18:11:25.500000+00:00,combi,Sitting,Dynamic
2025-01-24 18:12:25.500000+00:00,combi,Standing,Dynamic
2025-01-24 18:13:25.500000+00:00,combi,Standing,Dynamic
2025-01-24 18:14:25.500000+00:00,combi,Standing,Dynamic
2025-01-24 18:15:25.500000+00:00,combi,Standing,Dynamic
2025-01-24 18:16:25.500000+00:00,combi,Lying,Dynamic
2025-01-24 18:17:25.500000+00:00,combi,Standing,Standing
2025-01-24 18:18:25.500000+00:00,combi,Standing,Standing
2025-01-24 18:19:25.500000+00:00,combi,Standing,Standing
2025-01-24 18:20:25.500000+00:00,combi,Standing,Dynamic
2025-01-24 18:21:25.500000+00:00,combi,Sitting,Sitting
2025-01-24 18:22:25.500000+00:00,combi,Sitting,Sitting
2025-01-24 18:23:25.500000+00:00,combi,Standing,Standing
2025-01-24 18:24:25.500000+00:00,combi,Standing,Dynamic
2025-01-24 18:25:25.500000+00:00,combi,Standing,Sitting
2025-01-24 18:26:25.500000+00:00,combi,Standing,Standing
2025-01-24 18:27:25.500000+00:00,combi,Standing,Dynamic
2025-01-24 18:28:25.500000+00:00,combi,Standing,Standing
2025-01-24 18:29:25.500000+00:00,combi,Standing,Standing
2025-01-24 18:30:25.500000+00:00,combi,Standing,Standing
2025-01-24 18:31:25.500000+00:00,combi,Standing,Standing
2025-01-24 18:32:25.500000+00:00,combi,Standing,Standing
2025-01-24 18:33:25.500000+00:00,combi,Standing,Standing
2025-01-24 18:34:25.500000+00:00,combi,Standing,Standing
2025-01-24 18:35:25.500000+00:00,combi,Standing,Standing
2025-01-24 18:36:25.500000+00:00,combi,Standing,Standing
2025-01-24 18:37:25.500000+00:00,combi,Standing,Standing
2025-01-24 18:38:25.500000+00:00,combi,Standing,Dynamic
2025-01-24 18:39:25.500000+00:00,combi,Standing,Dynamic
2025-01-24 18:40:25.500000+00:00,combi,Standing,Standing
2025-01-24 18:41:25.500000+00:00,combi,Sitting,Sitting
2025-01-24 18:42:25.500000+00:00,combi,Standing,Standing
2025-01-24 18:43:25.500000+00:00,combi,Standing,Standing
2025-01-24 18:44:25.500000+00:00,combi,Standing,Standing
2025-01-24 18:45:25.500000+00:00,combi,Standing,Standing
2025-01-24 18:46:25.500000+00:00,combi,Standing,Standing
2025-01-24 18:47:25.500000+00:00,combi,Standing,Standing
2025-01-24 18:48:25.500000+00:00,combi,Sitting,Sitting
2025-01-24 18:49:25.500000+00:00,combi,Sitting,Sitting
2025-01-24 18:50:25.500000+00:00,combi,Standing,Dynamic
2025-01-24 18:51:25.500000+00:00,combi,Sitting,Sitting
2025-01-24 18:52:25.500000+00:00,combi,Sitting,Sitting
2025-01-24 18:53:25.500000+00:00,combi,Sitting,Sitting
2025-01-24 18:54:25.500000+00:00,combi,Sitting,Sitting
2025-01-24 18:55:25.500000+00:00,combi,Sitting,Sitting
2025-01-24 18:56:25.500000+00:00,combi,Sitting,Sitting
2025-01-24 18:57:25.500000+00:00,combi,Sitting,Sitting
2025-01-24 18:58:25.500000+00:00,combi,Sitting,Sitting
2025-01-24 18:59:25.500000+00:00,combi,Sitting,Sitting
2025-01-24 19:00:25.500000+00:00,combi,Sitting,Sitting
2025-01-24 19:01:25.500000+00:00,combi,Sitting,Sitting
2025-01-24 19:02:25.500000+00:00,combi,Standing,Dynamic
2025-01-24 19:03:25.500000+00:00,combi,Sitting,Sitting
2025-01-24 19:04:25.500000+00:00,combi,Sitting,Sitting
2025-01-24 19:05:25.500000+00:00,combi,Sitting,Sitting
2025-01-24 19:06:25.500000+00:00,combi,Sitting,Sitting
2025-01-24 19:07:25.500000+00:00,combi,Sitting,Sitting
2025-01-24 19:08:25.500000+00:00,combi,Sitting,Sitting
2025-01-24 19:09:25.500000+00:00,combi,Sitting,Sitting
2025-01-24 19:10:25.500000+00:00,combi,Sitting,Sitting
2025-01-24 19:11:25.500000+00:00,combi,Sitting,Sitting
2025-01-24 19:12:25.500000+00:00,combi,Sitting,Sitting
2025-01-24 19:13:25.500000+00:00,combi,Sitting,Sitting
2025-01-24 19:14:25.500000+00:00,combi,Sitting,Sitting
2025-01-24 19:15:25.500000+00:00,combi,Sitting,Sitting
2025-01-24 19:16:25.500000+00:00,combi,Sitting,Sitting
2025-01-24 19:17:25.500000+00:00,combi,Sitting,Sitting
2025-01-24 19:18:25.500000+00:00,combi,Sitting,Sitting
2025-01-24 19:19:25.500000+00:00,combi,Sitting,Sitting
2025-01-24 19:20:25.500000+00:00,combi,Sitting,Sitting
2025-01-24 19:21:25.500000+00:00,combi,Sitting,Sitting
2025-01-24 19:22:25.500000+00:00,combi,Sitting,Sitting
2025-01-24 19:23:25.500000+00:00,combi,Sitting,Sitting
2025-01-24 19:24:25.500000+00:00,combi,Sitting,Sitting
2025-01-24 19:25:25.500000+00:00,combi,Sitting,Sitting
2025-01-24 19:26:25.500000+00:00,combi,Sitting,Sitting
2025-01-24 19:27:25.500000+00:00,combi,Sitting,Sitting
2025-01-24 19:28:25.500000+00:00,combi,Sitting,Sitting
2025-01-24 19:29:25.500000+00:00,combi,Sitting,Sitting
2025-01-24 19:30:25.500000+00:00,combi,Sitting,Sitting
2025-01-24 19:31:25.500000+00:00,combi,Sitting,Sitting
2025-01-24 19:32:25.500000+00:00,combi,Sitting,Sitting
2025-01-24 19:33:25.500000+00:00,combi,Sitting,Sitting
2025-01-24 19:34:25.500000+00:00,combi,Sitting,Sitting
2025-01-24 19:35:25.500000+00:00,combi,Sitting,Sitting
2025-01-24 19:36:25.500000+00:00,combi,Sitting,Sitting
2025-01-24 19:37:25.500000+00:00,combi,Sitting,Sitting
2025-01-24 19:38:25.500000+00:00,combi,Sitting,Sitting
2025-01-24 19:39:25.500000+00:00,combi,Sitting,Sitting
2025-01-24 19:40:25.500000+00:00,combi,Sitting,Sitting
2025-01-24 19:41:25.500000+00:00,combi,Sitting,Sitting
2025-01-24 19:42:25.500000+00:00,combi,Sitting,Sitting
2025-01-24 19:43:25.500000+00:00,combi,Sitting,Sitting
2025-01-24 19:44:25.500000+00:00,combi,Sitting,Sitting
2025-01-24 19:45:25.500000+00:00,combi,Sitting,Sitting
2025-01-24 19:46:25.500000+00:00,combi,Sitting,Sitting
2025-01-24 19:47:25.500000+00:00,combi,Sitting,Sitting
2025-01-24 19:48:25.500000+00:00,combi,Sitting,Sitting
2025-01-24 19:49:25.500000+00:00,combi,Sitting,Sitting
2025-01-24 19:50:25.500000+00:00,combi,Sitting,Sitting
2025-01-24 19:51:25.500000+00:00,combi,Lying,Lying
2025-01-24 19:52:25.500000+00:00,combi,Sitting,Sitting
2025-01-24 19:53:25.500000+00:00,combi,Sitting,Sitting
2025-01-24 19:54:25.500000+00:00,combi,Sitting,Sitting
2025-01-24 19:55:25.500000+00:00,combi,Sitting,Sitting
2025-01-24 19:56:25.500000+00:00,combi,Lying,Lying
2025-01-24 19:57:25.500000+00:00,combi,Sitting,Sitting
2025-01-24 19:58:25.500000+00:00,combi,Lying,Lying
2025-01-24 19:59:25.500000+00:00,combi,Sitting,Sitting
2025-01-24 20:00:25.500000+00:00,combi,Sitting,Sitting
2025-01-24 20:01:25.500000+00:00,combi,Lying,Lying
2025-01-24 20:02:25.500000+00:00,combi,Standing,Dynamic
2025-01-24 20:03:25.500000+00:00,combi,Sitting,Sitting
2025-01-24 20:04:25.500000+00:00,combi,Standing,Dynamic
2025-01-24 20:05:25.500000+00:00,combi,Standing,Standing
2025-01-24 20:06:25.500000+00:00,combi,Standing,Standing
2025-01-24 20:07:25.500000+00:00,combi,Standing,Standing
2025-01-24 20:08:25.500000+00:00,combi,Standing,Standing
2025-01-24 20:09:25.500000+00:00,combi,Standing,Standing
2025-01-24 20:10:25.500000+00:00,combi,Standing,Sitting
2025-01-24 20:11:25.500000+00:00,combi,Standing,Dynamic
2025-01-24 20:12:25.500000+00:00,combi,Standing,Sitting
2025-01-24 20:13:25.500000+00:00,combi,Sitting,Sitting
2025-01-24 20:14:25.500000+00:00,combi,Sitting,Sitting
2025-01-24 20:15:25.500000+00:00,combi,Standing,Standing
2025-01-24 20:16:25.500000+00:00,combi,Standing,Standing
2025-01-24 20:17:25.500000+00:00,combi,Standing,Standing
2025-01-24 20:18:25.500000+00:00,combi,Standing,Standing
2025-01-24 20:19:25.500000+00:00,combi,Standing,Standing
2025-01-24 20:20:25.500000+00:00,combi,Standing,Sitting
2025-01-24 20:21:25.500000+00:00,combi,Standing,Standing
2025-01-24 20:22:25.500000+00:00,combi,Standing,Dynamic
2025-01-24 20:23:25.500000+00:00,combi,Standing,Standing
2025-01-24 20:24:25.500000+00:00,combi,Standing,Sitting
2025-01-24 20:25:25.500000+00:00,combi,Standing,Standing
2025-01-24 20:26:25.500000+00:00,combi,Standing,Sitting
2025-01-24 20:27:25.500000+00:00,combi,Standing,Standing
2025-01-24 20:28:25.500000+00:00,combi,Standing,Dynamic
2025-01-24 20:29:25.500000+00:00,combi,Standing,Dynamic
2025-01-24 20:30:25.500000+00:00,combi,Standing,Dynamic
2025-01-24 20:31:25.500000+00:00,combi,Standing,Sitting
2025-01-24 20:32:25.500000+00:00,combi,Standing,Standing
2025-01-24 20:33:25.500000+00:00,combi,Standing,Standing
2025-01-24 20:34:25.500000+00:00,combi,Standing,Dynamic
2025-01-24 20:35:25.500000+00:00,combi,Standing,Standing
2025-01-24 20:36:25.500000+00:00,combi,Standing,Dynamic
2025-01-24 20:37:25.500000+00:00,combi,Sitting,Sitting
2025-01-24 20:38:25.500000+00:00,combi,Sitting,Sitting
2025-01-24 20:39:25.500000+00:00,combi,Sitting,Sitting
2025-01-24 20:40:25.500000+00:00,combi,Sitting,Sitting
2025-01-24 20:41:25.500000+00:00,combi,Sitting,Sitting
2025-01-24 20:42:25.500000+00:00,combi,Sitting,Sitting
2025-01-24 20:43:25.500000+00:00,combi,Sitting,Sitting
2025-01-24 20:44:25.500000+00:00,combi,Sitting,Sitting
2025-01-24 20:45:25.500000+00:00,combi,Sitting,Sitting
2025-01-24 20:46:25.500000+00:00,combi,Sitting,Sitting
2025-01-24 20:47:25.500000+00:00,combi,Sitting,Sitting
2025-01-24 20:48:25.500000+00:00,combi,Sitting,Sitting
2025-01-24 20:49:25.500000+00:00,combi,Sitting,Sitting
2025-01-24 20:50:25.500000+00:00,combi,Sitting,Sitting
2025-01-24 20:51:25.500000+00:00,combi,Sitting,Sitting
2025-01-24 20:52:25.500000+00:00,combi,Sitting,Sitting
2025-01-24 20:53:25.500000+00:00,combi,Sitting,Sitting
2025-01-24 20:54:25.500000+00:00,combi,Sitting,Sitting
2025-01-24 20:55:25.500000+00:00,combi,Sitting,Sitting
2025-01-24 20:56:25.500000+00:00,combi,Sitting,Sitting
2025-01-24 20:57:25.500000+00:00,combi,Sitting,Sitting
2025-01-24 20:58:25.500000+00:00,combi,Sitting,Sitting
2025-01-24 20:59:25.500000+00:00,combi,Sitting,Sitting
2025-01-24 21:00:25.500000+00:00,combi,Sitting,Sitting
2025-01-24 21:01:25.500000+00:00,combi,Sitting,Sitting
2025-01-24 21:02:25.500000+00:00,combi,Sitting,Sitting
2025-01-24 21:03:25.500000+00:00,combi,Sitting,Sitting
2025-01-24 21:04:25.500000+00:00,combi,Sitting,Sitting
2025-01-24 21:05:25.500000+00:00,combi,Sitting,Sitting
2025-01-24 21:06:25.500000+00:00,combi,Sitting,Sitting
2025-01-24 21:07:25.500000+00:00,combi,Sitting,Sitting
2025-01-24 21:08:25.500000+00:00,combi,Sitting,Sitting
2025-01-24 21:09:25.500000+00:00,combi,Sitting,Sitting
2025-01-24 21:10:25.500000+00:00,combi,Sitting,Sitting
2025-01-24 21:11:25.500000+00:00,combi,Sitting,Sitting
2025-01-24 21:12:25.500000+00:00,combi,Sitting,Sitting
2025-01-24 21:13:25.500000+00:00,combi,Sitting,Sitting
2025-01-24 21:14:25.500000+00:00,combi,Sitting,Sitting
2025-01-24 21:15:25.500000+00:00,combi,Sitting,Sitting
2025-01-24 21:16:25.500000+00:00,combi,Sitting,Sitting
2025-01-24 21:17:25.500000+00:00,combi,Sitting,Sitting
2025-01-24 21:18:25.500000+00:00,combi,Sitting,Sitting
2025-01-24 21:19:25.500000+00:00,combi,Sitting,Sitting
2025-01-24 21:20:25.500000+00:00,combi,Sitting,Sitting
2025-01-24 21:21:25.500000+00:00,combi,Sitting,Sitting
2025-01-24 21:22:25.500000+00:00,combi,Sitting,Sitting
2025-01-24 21:23:25.500000+00:00,combi,Sitting,Sitting
2025-01-24 21:24:25.500000+00:00,combi,Sitting,Sitting
2025-01-24 21:25:25.500000+00:00,combi,Sitting,Sitting
2025-01-24 21:26:25.500000+00:00,combi,Sitting,Sitting
2025-01-24 21:27:25.500000+00:00,combi,Sitting,Sitting
2025-01-24 21:28:25.500000+00:00,combi,Sitting,Sitting
2025-01-24 21:29:25.500000+00:00,combi,Sitting,Sitting
2025-01-24 21:30:25.500000+00:00,combi,Sitting,Sitting
2025-01-24 21:31:25.500000+00:00,combi,Sitting,Sitting
2025-01-24 21:32:25.500000+00:00,combi,Sitting,Sitting
2025-01-24 21:33:25.500000+00:00,combi,Sitting,Sitting
2025-01-24 21:34:25.500000+00:00,combi,Sitting,Sitting
2025-01-24 21:35:25.500000+00:00,combi,Sitting,Sitting
2025-01-24 21:36:25.500000+00:00,combi,Sitting,Sitting
2025-01-24 21:37:25.500000+00:00,combi,Sitting,Sitting
2025-01-24 21:38:25.500000+00:00,combi,Sitting,Sitting
2025-01-24 21:39:25.500000+00:00,combi,Sitting,Sitting
2025-01-24 21:40:25.500000+00:00,combi,Sitting,Sitting
2025-01-24 21:41:25.500000+00:00,combi,Sitting,Sitting
2025-01-24 21:42:25.500000+00:00,combi,Sitting,Sitting
2025-01-24 21:43:25.500000+00:00,combi,Sitting,Sitting
2025-01-24 21:44:25.500000+00:00,combi,Sitting,Sitting
2025-01-24 21:45:25.500000+00:00,combi,Sitting,Sitting
2025-01-24 21:46:25.500000+00:00,combi,Sitting,Sitting
2025-01-24 21:47:25.500000+00:00,combi,Sitting,Sitting
2025-01-24 21:48:25.500000+00:00,combi,Standing,Dynamic
2025-01-24 21:49:25.500000+00:00,combi,Standing,Standing
2025-01-24 21:50:25.500000+00:00,combi,Standing,Dynamic
2025-01-24 21:51:25.500000+00:00,combi,Sitting,Sitting
2025-01-24 21:52:25.500000+00:00,combi,Standing,Standing
2025-01-24 21:53:25.500000+00:00,combi,Lying,Dynamic
2025-01-24 21:54:25.500000+00:00,combi,Lying,Lying
2025-01-24 21:55:25.500000+00:00,combi,Lying,Lying
2025-01-24 21:56:25.500000+00:00,combi,Lying,Lying
2025-01-24 21:57:25.500000+00:00,combi,Lying,Lying
2025-01-24 21:58:25.500000+00:00,combi,Lying,Lying
2025-01-24 21:59:25.500000+00:00,combi,Lying,Lying
2025-01-24 22:00:25.500000+00:00,combi,Lying,Lying
2025-01-24 22:01:25.500000+00:00,combi,Lying,Lying
2025-01-24 22:02:25.500000+00:00,combi,Lying,Lying
2025-01-24 22:03:25.500000+00:00,combi,Lying,Lying
2025-01-24 22:04:25.500000+00:00,combi,Lying,Lying
2025-01-24 22:05:25.500000+00:00,combi,Lying,Lying
2025-01-24 22:06:25.500000+00:00,combi,Lying,Lying
2025-01-24 22:07:25.500000+00:00,combi,Lying,Lying
2025-01-24 22:08:25.500000+00:00,combi,Lying,Lying
2025-01-24 22:09:25.500000+00:00,combi,Lying,Lying
2025-01-24 22:10:25.500000+00:00,combi,Lying,Lying
2025-01-24 22:11:25.500000+00:00,combi,Lying,Lying
2025-01-24 22:12:25.500000+00:00,combi,Lying,Lying
2025-01-24 22:13:25.500000+00:00,combi,Lying,Lying
2025-01-24 22:14:25.500000+00:00,combi,Lying,Lying
2025-01-24 22:15:25.500000+00:00,combi,Lying,Lying
2025-01-24 22:16:25.500000+00:00,combi,Lying,Lying
2025-01-24 22:17:25.500000+00:00,combi,Lying,Lying
2025-01-24 22:18:25.500000+00:00,combi,Lying,Lying
2025-01-24 22:19:25.500000+00:00,combi,Lying,Lying
2025-01-24 22:20:25.500000+00:00,combi,Lying,Lying
2025-01-24 22:21:25.500000+00:00,combi,Lying,Lying
2025-01-24 22:22:25.500000+00:00,combi,Lying,Lying
2025-01-24 22:23:25.500000+00:00,combi,Lying,Lying
2025-01-24 22:24:25.500000+00:00,combi,Lying,Lying
2025-01-24 22:25:25.500000+00:00,combi,Lying,Lying
2025-01-24 22:26:25.500000+00:00,combi,Lying,Lying
2025-01-24 22:27:25.500000+00:00,combi,Lying,Lying
2025-01-24 22:28:25.500000+00:00,combi,Lying,Lying
2025-01-24 22:29:25.500000+00:00,combi,Lying,Lying
2025-01-24 22:30:25.500000+00:00,combi,Lying,Lying
2025-01-24 22:31:25.500000+00:00,combi,Lying,Lying
2025-01-24 22:32:25.500000+00:00,combi,Lying,Lying
2025-01-24 22:33:25.500000+00:00,combi,Lying,Lying
2025-01-24 22:34:25.500000+00:00,combi,Lying,Lying
2025-01-24 22:35:25.500000+00:00,combi,Lying,Lying
2025-01-24 22:36:25.500000+00:00,combi,Lying,Lying
2025-01-24 22:37:25.500000+00:00,combi,Lying,Lying
2025-01-24 22:38:25.500000+00:00,combi,Lying,Lying
2025-01-24 22:39:25.500000+00:00,combi,Lying,Lying
2025-01-24 22:40:25.500000+00:00,combi,Lying,Lying
2025-01-24 22:41:25.500000+00:00,combi,Lying,Lying
2025-01-24 22:42:25.500000+00:00,combi,Lying,Lying
2025-01-24 22:43:25.500000+00:00,combi,Lying,Lying
2025-01-24 22:44:25.500000+00:00,combi,Lying,Lying
2025-01-24 22:45:25.500000+00:00,combi,Lying,Lying
2025-01-24 22:46:25.500000+00:00,combi,Lying,Lying
2025-01-24 22:47:25.500000+00:00,combi,Lying,Lying
2025-01-24 22:48:25.500000+00:00,combi,Lying,Lying
2025-01-24 22:49:25.500000+00:00,combi,Lying,Lying
2025-01-24 22:50:25.500000+00:00,combi,Lying,Lying
2025-01-24 22:51:25.500000+00:00,combi,Lying,Lying
2025-01-24 22:52:25.500000+00:00,combi,Lying,Lying
2025-01-24 22:53:25.500000+00:00,combi,Lying,Lying
2025-01-24 22:54:25.500000+00:00,combi,Lying,Lying
2025-01-24 22:55:25.500000+00:00,combi,Lying,Lying
2025-01-24 22:56:25.500000+00:00,combi,Lying,Lying
2025-01-24 22:57:25.500000+00:00,combi,Lying,Lying
2025-01-24 22:58:25.500000+00:00,combi,Lying,Lying
2025-01-24 22:59:25.500000+00:00,combi,Lying,Lying
2025-01-24 23:00:25.500000+00:00,combi,Lying,Lying
2025-01-24 23:01:25.500000+00:00,combi,Lying,Lying
2025-01-24 23:02:25.500000+00:00,combi,Lying,Lying
2025-01-24 23:03:25.500000+00:00,combi,Lying,Lying
2025-01-24 23:04:25.500000+00:00,combi,Lying,Lying
2025-01-24 23:05:25.500000+00:00,combi,Lying,Lying
2025-01-24 23:06:25.500000+00:00,combi,Lying,Lying
2025-01-24 23:07:25.500000+00:00,combi,Lying,Lying
2025-01-24 23:08:25.500000+00:00,combi,Lying,Lying
2025-01-24 23:09:25.500000+00:00,combi,Lying,Lying
2025-01-24 23:10:25.500000+00:00,combi,Lying,Lying
2025-01-24 23:11:25.500000+00:00,combi,Lying,Lying
2025-01-24 23:12:25.500000+00:00,combi,Lying,Lying
2025-01-24 23:13:25.500000+00:00,combi,Lying,Lying
2025-01-24 23:14:25.500000+00:00,combi,Lying,Lying
2025-01-24 23:15:25.500000+00:00,combi,Lying,Lying
2025-01-24 23:16:25.500000+00:00,combi,Lying,Lying
2025-01-24 23:17:25.500000+00:00,combi,Lying,Lying
2025-01-24 23:18:25.500000+00:00,combi,Lying,Lying
2025-01-24 23:19:25.500000+00:00,combi,Lying,Lying
2025-01-24 23:20:25.500000+00:00,combi,Lying,Lying
2025-01-24 23:21:25.500000+00:00,combi,Lying,Lying
2025-01-24 23:22:25.500000+00:00,combi,Lying,Lying
2025-01-24 23:23:25.500000+00:00,combi,Lying,Lying
2025-01-24 23:24:25.500000+00:00,combi,Lying,Lying
2025-01-24 23:25:25.500000+00:00,combi,Lying,Lying
2025-01-24 23:26:25.500000+00:00,combi,Lying,Lying
2025-01-24 23:27:25.500000+00:00,combi,Lying,Lying
2025-01-24 23:28:25.500000+00:00,combi,Lying,Dynamic
2025-01-24 23:29:25.500000+00:00,combi,Lying,Lying
2025-01-24 23:30:25.500000+00:00,combi,Lying,Lying
2025-01-24 23:31:25.500000+00:00,combi,Lying,Lying
2025-01-24 23:32:25.500000+00:00,combi,Lying,Lying
2025-01-24 23:33:25.500000+00:00,combi,Lying,Lying
2025-01-24 23:34:25.500000+00:00,combi,Lying,Lying
2025-01-24 23:35:25.500000+00:00,combi,Lying,Lying
2025-01-24 23:36:25.500000+00:00,combi,Lying,Lying
2025-01-24 23:37:25.500000+00:00,combi,Lying,Lying
2025-01-24 23:38:25.500000+00:00,combi,Lying,Lying
2025-01-24 23:39:25.500000+00:00,combi,Lying,Lying
2025-01-24 23:40:25.500000+00:00,combi,Lying,Lying
2025-01-24 23:41:25.500000+00:00,combi,Lying,Lying
2025-01-24 23:42:25.500000+00:00,combi,Lying,Lying
2025-01-24 23:43:25.500000+00:00,combi,Lying,Lying
2025-01-24 23:44:25.500000+00:00,combi,Lying,Lying
2025-01-24 23:45:25.500000+00:00,combi,Lying,Lying
2025-01-24 23:46:25.500000+00:00,combi,Lying,Lying
2025-01-24 23:47:25.500000+00:00,combi,Lying,Lying
2025-01-24 23:48:25.500000+00:00,combi,Lying,Lying
2025-01-24 23:49:25.500000+00:00,combi,Lying,Lying
2025-01-24 23:50:25.500000+00:00,combi,Lying,Lying
2025-01-24 23:51:25.500000+00:00,combi,Lying,Lying
2025-01-24 23:52:25.500000+00:00,combi,Lying,Lying
2025-01-24 23:53:25.500000+00:00,combi,Lying,Lying
2025-01-24 23:54:25.500000+00:00,combi,Lying,Lying
2025-01-24 23:55:25.500000+00:00,combi,Lying,Lying
2025-01-24 23:56:25.500000+00:00,combi,Lying,Lying
2025-01-24 23:57:25.500000+00:00,combi,Lying,Lying
2025-01-24 23:58:25.500000+00:00,combi,Lying,Lying
2025-01-24 23:59:25.500000+00:00,combi,Lying,Lying
2025-01-25 00:00:25.500000+00:00,combi,Lying,Lying
2025-01-25 00:01:25.500000+00:00,combi,Lying,Lying
2025-01-25 00:02:25.500000+00:00,combi,Lying,Lying
2025-01-25 00:03:25.500000+00:00,combi,Lying,Lying
2025-01-25 00:04:25.500000+00:00,combi,Lying,Lying
2025-01-25 00:05:25.500000+00:00,combi,Standing,Dynamic
2025-01-25 00:06:25.500000+00:00,combi,Standing,Dynamic
2025-01-25 00:07:25.500000+00:00,combi,Standing,Dynamic
2025-01-25 00:08:25.500000+00:00,combi,Standing,Dynamic
2025-01-25 00:09:25.500000+00:00,combi,Lying,Dynamic
2025-01-25 00:10:25.500000+00:00,combi,Lying,Lying
2025-01-25 00:11:25.500000+00:00,combi,Lying,Lying
2025-01-25 00:12:25.500000+00:00,combi,Lying,Lying
2025-01-25 00:13:25.500000+00:00,combi,Lying,Lying
2025-01-25 00:14:25.500000+00:00,combi,Lying,Lying
2025-01-25 00:15:25.500000+00:00,combi,Lying,Lying
2025-01-25 00:16:25.500000+00:00,combi,Lying,Lying
2025-01-25 00:17:25.500000+00:00,combi,Lying,Lying
2025-01-25 00:18:25.500000+00:00,combi,Lying,Lying
2025-01-25 00:19:25.500000+00:00,combi,Lying,Lying
2025-01-25 00:20:25.500000+00:00,combi,Lying,Lying
2025-01-25 00:21:25.500000+00:00,combi,Lying,Lying
2025-01-25 00:22:25.500000+00:00,combi,Lying,Lying
2025-01-25 00:23:25.500000+00:00,combi,Lying,Lying
2025-01-25 00:24:25.500000+00:00,combi,Lying,Lying
2025-01-25 00:25:25.500000+00:00,combi,Lying,Lying
2025-01-25 00:26:25.500000+00:00,combi,Lying,Lying
2025-01-25 00:27:25.500000+00:00,combi,Lying,Lying
2025-01-25 00:28:25.500000+00:00,combi,Lying,Lying
2025-01-25 00:29:25.500000+00:00,combi,Lying,Lying
2025-01-25 00:30:25.500000+00:00,combi,Lying,Lying
2025-01-25 00:31:25.500000+00:00,combi,Lying,Lying
2025-01-25 00:32:25.500000+00:00,combi,Lying,Lying
2025-01-25 00:33:25.500000+00:00,combi,Lying,Lying
2025-01-25 00:34:25.500000+00:00,combi,Lying,Lying
2025-01-25 00:35:25.500000+00:00,combi,Lying,Lying
2025-01-25 00:36:25.500000+00:00,combi,Lying,Lying
2025-01-25 00:37:25.500000+00:00,combi,Lying,Lying
2025-01-25 00:38:25.500000+00:00,combi,Lying,Lying
2025-01-25 00:39:25.500000+00:00,combi,Lying,Lying
2025-01-25 00:40:25.500000+00:00,combi,Lying,Lying
2025-01-25 00:41:25.500000+00:00,combi,Lying,Lying
2025-01-25 00:42:25.500000+00:00,combi,Lying,Lying
2025-01-25 00:43:25.500000+00:00,combi,Lying,Lying
2025-01-25 00:44:25.500000+00:00,combi,Lying,Lying
2025-01-25 00:45:25.500000+00:00,combi,Lying,Lying
2025-01-25 00:46:25.500000+00:00,combi,Lying,Lying
2025-01-25 00:47:25.500000+00:00,combi,Lying,Lying
2025-01-25 00:48:25.500000+00:00,combi,Lying,Lying
2025-01-25 00:49:25.500000+00:00,combi,Lying,Lying
2025-01-25 00:50:25.500000+00:00,combi,Lying,Lying
2025-01-25 00:51:25.500000+00:00,combi,Lying,Lying
2025-01-25 00:52:25.500000+00:00,combi,Lying,Lying
2025-01-25 00:53:25.500000+00:00,combi,Lying,Lying
2025-01-25 00:54:25.500000+00:00,combi,Lying,Lying
2025-01-25 00:55:25.500000+00:00,combi,Lying,Lying
2025-01-25 00:56:25.500000+00:00,combi,Lying,Lying
2025-01-25 00:57:25.500000+00:00,combi,Lying,Lying
2025-01-25 00:58:25.500000+00:00,combi,Lying,Lying
2025-01-25 00:59:25.500000+00:00,combi,Lying,Lying
2025-01-25 01:00:25.500000+00:00,combi,Lying,Lying
2025-01-25 01:01:25.500000+00:00,combi,Lying,Lying
2025-01-25 01:02:25.500000+00:00,combi,Lying,Lying
2025-01-25 01:03:25.500000+00:00,combi,Lying,Lying
2025-01-25 01:04:25.500000+00:00,combi,Lying,Lying
2025-01-25 01:05:25.500000+00:00,combi,Lying,Lying
2025-01-25 01:06:25.500000+00:00,combi,Lying,Lying
2025-01-25 01:07:25.500000+00:00,combi,Lying,Lying
2025-01-25 01:08:25.500000+00:00,combi,Lying,Lying
2025-01-25 01:09:25.500000+00:00,combi,Lying,Lying
2025-01-25 01:10:25.500000+00:00,combi,Lying,Lying
2025-01-25 01:11:25.500000+00:00,combi,Lying,Lying
2025-01-25 01:12:25.500000+00:00,combi,Lying,Lying
2025-01-25 01:13:25.500000+00:00,combi,Lying,Lying
2025-01-25 01:14:25.500000+00:00,combi,Lying,Lying
2025-01-25 01:15:25.500000+00:00,combi,Lying,Lying
2025-01-25 01:16:25.500000+00:00,combi,Lying,Lying
2025-01-25 01:17:25.500000+00:00,combi,Lying,Lying
2025-01-25 01:18:25.500000+00:00,combi,Lying,Lying
2025-01-25 01:19:25.500000+00:00,combi,Lying,Lying
2025-01-25 01:20:25.500000+00:00,combi,Lying,Lying
2025-01-25 01:21:25.500000+00:00,combi,Lying,Lying
2025-01-25 01:22:25.500000+00:00,combi,Lying,Lying
2025-01-25 01:23:25.500000+00:00,combi,Lying,Lying
2025-01-25 01:24:25.500000+00:00,combi,Lying,Lying
2025-01-25 01:25:25.500000+00:00,combi,Lying,Lying
2025-01-25 01:26:25.500000+00:00,combi,Lying,Lying
2025-01-25 01:27:25.500000+00:00,combi,Lying,Lying
2025-01-25 01:28:25.500000+00:00,combi,Lying,Lying
2025-01-25 01:29:25.500000+00:00,combi,Lying,Lying
2025-01-25 01:30:25.500000+00:00,combi,Lying,Lying
2025-01-25 01:31:25.500000+00:00,combi,Lying,Lying
2025-01-25 01:32:25.500000+00:00,combi,Lying,Lying
2025-01-25 01:33:25.500000+00:00,combi,Lying,Lying
2025-01-25 01:34:25.500000+00:00,combi,Lying,Lying
2025-01-25 01:35:25.500000+00:00,combi,Lying,Lying
2025-01-25 01:36:25.500000+00:00,combi,Lying,Lying
2025-01-25 01:37:25.500000+00:00,combi,Lying,Lying
2025-01-25 01:38:25.500000+00:00,combi,Lying,Lying
2025-01-25 01:39:25.500000+00:00,combi,Lying,Lying
2025-01-25 01:40:25.500000+00:00,combi,Lying,Lying
2025-01-25 01:41:25.500000+00:00,combi,Lying,Lying
2025-01-25 01:42:25.500000+00:00,combi,Lying,Lying
2025-01-25 01:43:25.500000+00:00,combi,Lying,Lying
2025-01-25 01:44:25.500000+00:00,combi,Lying,Lying
2025-01-25 01:45:25.500000+00:00,combi,Lying,Lying
2025-01-25 01:46:25.500000+00:00,combi,Lying,Lying
2025-01-25 01:47:25.500000+00:00,combi,Lying,Lying
2025-01-25 01:48:25.500000+00:00,combi,Lying,Lying
2025-01-25 01:49:25.500000+00:00,combi,Lying,Lying
2025-01-25 01:50:25.500000+00:00,combi,Lying,Lying
2025-01-25 01:51:25.500000+00:00,combi,Lying,Sitting
2025-01-25 01:52:25.500000+00:00,combi,Sitting,Sitting
2025-01-25 01:53:25.500000+00:00,combi,Sitting,Sitting
2025-01-25 01:54:25.500000+00:00,combi,Sitting,Sitting
2025-01-25 01:55:25.500000+00:00,combi,Sitting,Sitting
2025-01-25 01:56:25.500000+00:00,combi,Sitting,Sitting
2025-01-25 01:57:25.500000+00:00,combi,Sitting,Sitting
2025-01-25 01:58:25.500000+00:00,combi,Sitting,Sitting
2025-01-25 01:59:25.500000+00:00,combi,Sitting,Sitting
2025-01-25 02:00:25.500000+00:00,combi,Sitting,Sitting
2025-01-25 02:01:25.500000+00:00,combi,Sitting,Sitting
2025-01-25 02:02:25.500000+00:00,combi,Sitting,Sitting
2025-01-25 02:03:25.500000+00:00,combi,Sitting,Sitting
2025-01-25 02:04:25.500000+00:00,combi,Sitting,Sitting
2025-01-25 02:05:25.500000+00:00,combi,Sitting,Sitting
2025-01-25 02:06:25.500000+00:00,combi,Sitting,Sitting
2025-01-25 02:07:25.500000+00:00,combi,Sitting,Sitting
2025-01-25 02:08:25.500000+00:00,combi,Sitting,Sitting
2025-01-25 02:09:25.500000+00:00,combi,Sitting,Sitting
2025-01-25 02:10:25.500000+00:00,combi,Sitting,Sitting
2025-01-25 02:11:25.500000+00:00,combi,Sitting,Sitting
2025-01-25 02:12:25.500000+00:00,combi,Sitting,Sitting
2025-01-25 02:13:25.500000+00:00,combi,Sitting,Sitting
2025-01-25 02:14:25.500000+00:00,combi,Sitting,Sitting
2025-01-25 02:15:25.500000+00:00,combi,Sitting,Sitting
2025-01-25 02:16:25.500000+00:00,combi,Sitting,Sitting
2025-01-25 02:17:25.500000+00:00,combi,Lying,Lying
2025-01-25 02:18:25.500000+00:00,combi,Lying,Lying
2025-01-25 02:19:25.500000+00:00,combi,Lying,Lying
2025-01-25 02:20:25.500000+00:00,combi,Lying,Lying
2025-01-25 02:21:25.500000+00:00,combi,Lying,Lying
2025-01-25 02:22:25.500000+00:00,combi,Lying,Lying
2025-01-25 02:23:25.500000+00:00,combi,Lying,Lying
2025-01-25 02:24:25.500000+00:00,combi,Lying,Lying
2025-01-25 02:25:25.500000+00:00,combi,Lying,Lying
2025-01-25 02:26:25.500000+00:00,combi,Lying,Lying
2025-01-25 02:27:25.500000+00:00,combi,Lying,Lying
2025-01-25 02:28:25.500000+00:00,combi,Lying,Lying
2025-01-25 02:29:25.500000+00:00,combi,Lying,Lying
2025-01-25 02:30:25.500000+00:00,combi,Lying,Lying
2025-01-25 02:31:25.500000+00:00,combi,Lying,Lying
2025-01-25 02:32:25.500000+00:00,combi,Lying,Lying
2025-01-25 02:33:25.500000+00:00,combi,Lying,Lying
2025-01-25 02:34:25.500000+00:00,combi,Lying,Lying
2025-01-25 02:35:25.500000+00:00,combi,Lying,Lying
2025-01-25 02:36:25.500000+00:00,combi,Lying,Lying
2025-01-25 02:37:25.500000+00:00,combi,Lying,Lying
2025-01-25 02:38:25.500000+00:00,combi,Lying,Lying
2025-01-25 02:39:25.500000+00:00,combi,Lying,Lying
2025-01-25 02:40:25.500000+00:00,combi,Lying,Lying
2025-01-25 02:41:25.500000+00:00,combi,Lying,Lying
2025-01-25 02:42:25.500000+00:00,combi,Lying,Lying
2025-01-25 02:43:25.500000+00:00,combi,Lying,Lying
2025-01-25 02:44:25.500000+00:00,combi,Lying,Lying
2025-01-25 02:45:25.500000+00:00,combi,Lying,Lying
2025-01-25 02:46:25.500000+00:00,combi,Sitting,Sitting
2025-01-25 02:47:25.500000+00:00,combi,Sitting,Sitting
2025-01-25 02:48:25.500000+00:00,combi,Sitting,Sitting
2025-01-25 02:49:25.500000+00:00,combi,Sitting,Sitting
2025-01-25 02:50:25.500000+00:00,combi,Sitting,Sitting
2025-01-25 02:51:25.500000+00:00,combi,Sitting,Sitting
2025-01-25 02:52:25.500000+00:00,combi,Sitting,Sitting
2025-01-25 02:53:25.500000+00:00,combi,Sitting,Sitting
2025-01-25 02:54:25.500000+00:00,combi,Sitting,Sitting
2025-01-25 02:55:25.500000+00:00,combi,Sitting,Sitting
2025-01-25 02:56:25.500000+00:00,combi,Sitting,Sitting
2025-01-25 02:57:25.500000+00:00,combi,Sitting,Sitting
2025-01-25 02:58:25.500000+00:00,combi,Sitting,Sitting
2025-01-25 02:59:25.500000+00:00,combi,Sitting,Sitting
2025-01-25 03:00:25.500000+00:00,combi,Sitting,Sitting
2025-01-25 03:01:25.500000+00:00,combi,Sitting,Sitting
2025-01-25 03:02:25.500000+00:00,combi,Sitting,Sitting
2025-01-25 03:03:25.500000+00:00,combi,Sitting,Sitting
2025-01-25 03:04:25.500000+00:00,combi,Sitting,Sitting
2025-01-25 03:05:25.500000+00:00,combi,Sitting,Sitting
2025-01-25 03:06:25.500000+00:00,combi,Sitting,Sitting
2025-01-25 03:07:25.500000+00:00,combi,Sitting,Sitting
2025-01-25 03:08:25.500000+00:00,combi,Sitting,Sitting
2025-01-25 03:09:25.500000+00:00,combi,Sitting,Sitting
2025-01-25 03:10:25.500000+00:00,combi,Sitting,Sitting
2025-01-25 03:11:25.500000+00:00,combi,Sitting,Sitting
2025-01-25 03:12:25.500000+00:00,combi,Sitting,Sitting
2025-01-25 03:13:25.500000+00:00,combi,Sitting,Sitting
2025-01-25 03:14:25.500000+00:00,combi,Sitting,Sitting
2025-01-25 03:15:25.500000+00:00,combi,Sitting,Sitting
2025-01-25 03:16:25.500000+00:00,combi,Sitting,Sitting
2025-01-25 03:17:25.500000+00:00,combi,Sitting,Sitting
2025-01-25 03:18:25.500000+00:00,combi,Sitting,Sitting
2025-01-25 03:19:25.500000+00:00,combi,Sitting,Sitting
2025-01-25 03:20:25.500000+00:00,combi,Sitting,Sitting
2025-01-25 03:21:25.500000+00:00,combi,Sitting,Sitting
2025-01-25 03:22:25.500000+00:00,combi,Sitting,Sitting
2025-01-25 03:23:25.500000+00:00,combi,Sitting,Sitting
2025-01-25 03:24:25.500000+00:00,combi,Sitting,Sitting
2025-01-25 03:25:25.500000+00:00,combi,Sitting,Sitting
2025-01-25 03:26:25.500000+00:00,combi,Sitting,Sitting
2025-01-25 03:27:25.500000+00:00,combi,Lying,Lying
2025-01-25 03:28:25.500000+00:00,combi,Lying,Lying
2025-01-25 03:29:25.500000+00:00,combi,Lying,Lying
2025-01-25 03:30:25.500000+00:00,combi,Lying,Lying
2025-01-25 03:31:25.500000+00:00,combi,Lying,Lying
2025-01-25 03:32:25.500000+00:00,combi,Lying,Lying
2025-01-25 03:33:25.500000+00:00,combi,Lying,Lying
2025-01-25 03:34:25.500000+00:00,combi,Lying,Lying
2025-01-25 03:35:25.500000+00:00,combi,Lying,Lying
2025-01-25 03:36:25.500000+00:00,combi,Lying,Lying
2025-01-25 03:37:25.500000+00:00,combi,Lying,Lying
2025-01-25 03:38:25.500000+00:00,combi,Lying,Lying
2025-01-25 03:39:25.500000+00:00,combi,Lying,Lying
2025-01-25 03:40:25.500000+00:00,combi,Lying,Lying
2025-01-25 03:41:25.500000+00:00,combi,Lying,Lying
2025-01-25 03:42:25.500000+00:00,combi,Lying,Lying
2025-01-25 03:43:25.500000+00:00,combi,Lying,Lying
2025-01-25 03:44:25.500000+00:00,combi,Lying,Lying
2025-01-25 03:45:25.500000+00:00,combi,Lying,Lying
2025-01-25 03:46:25.500000+00:00,combi,Lying,Lying
2025-01-25 03:47:25.500000+00:00,combi,Lying,Lying
2025-01-25 03:48:25.500000+00:00,combi,Lying,Lying
2025-01-25 03:49:25.500000+00:00,combi,Lying,Lying
2025-01-25 03:50:25.500000+00:00,combi,Lying,Lying
2025-01-25 03:51:25.500000+00:00,combi,Lying,Lying
2025-01-25 03:52:25.500000+00:00,combi,Lying,Lying
2025-01-25 03:53:25.500000+00:00,combi,Lying,Lying
2025-01-25 03:54:25.500000+00:00,combi,Lying,Lying
2025-01-25 03:55:25.500000+00:00,combi,Lying,Lying
2025-01-25 03:56:25.500000+00:00,combi,Lying,Lying
2025-01-25 03:57:25.500000+00:00,combi,Lying,Lying
2025-01-25 03:58:25.500000+00:00,combi,Lying,Lying
2025-01-25 03:59:25.500000+00:00,combi,Lying,Lying
2025-01-25 04:00:25.500000+00:00,combi,Lying,Lying
2025-01-25 04:01:25.500000+00:00,combi,Lying,Lying
2025-01-25 04:02:25.500000+00:00,combi,Lying,Lying
2025-01-25 04:03:25.500000+00:00,combi,Lying,Lying
2025-01-25 04:04:25.500000+00:00,combi,Lying,Lying
2025-01-25 04:05:25.500000+00:00,combi,Lying,Lying
2025-01-25 04:06:25.500000+00:00,combi,Lying,Lying
2025-01-25 04:07:25.500000+00:00,combi,Lying,Lying
2025-01-25 04:08:25.500000+00:00,combi,Lying,Lying
2025-01-25 04:09:25.500000+00:00,combi,Lying,Lying
2025-01-25 04:10:25.500000+00:00,combi,Lying,Lying
2025-01-25 04:11:25.500000+00:00,combi,Lying,Lying
2025-01-25 04:12:25.500000+00:00,combi,Lying,Lying
2025-01-25 04:13:25.500000+00:00,combi,Lying,Lying
2025-01-25 04:14:25.500000+00:00,combi,Lying,Lying
2025-01-25 04:15:25.500000+00:00,combi,Lying,Lying
2025-01-25 04:16:25.500000+00:00,combi,Lying,Lying
2025-01-25 04:17:25.500000+00:00,combi,Lying,Lying
2025-01-25 04:18:25.500000+00:00,combi,Lying,Lying
2025-01-25 04:19:25.500000+00:00,combi,Lying,Lying
2025-01-25 04:20:25.500000+00:00,combi,Lying,Lying
2025-01-25 04:21:25.500000+00:00,combi,Lying,Lying
2025-01-25 04:22:25.500000+00:00,combi,Lying,Lying
2025-01-25 04:23:25.500000+00:00,combi,Lying,Lying
2025-01-25 04:24:25.500000+00:00,combi,Lying,Lying
2025-01-25 04:25:25.500000+00:00,combi,Lying,Lying
2025-01-25 04:26:25.500000+00:00,combi,Lying,Lying
2025-01-25 04:27:25.500000+00:00,combi,Lying,Lying
2025-01-25 04:28:25.500000+00:00,combi,Lying,Lying
2025-01-25 04:29:25.500000+00:00,combi,Lying,Lying
2025-01-25 04:30:25.500000+00:00,combi,Lying,Lying
2025-01-25 04:31:25.500000+00:00,combi,Lying,Lying
2025-01-25 04:32:25.500000+00:00,combi,Lying,Lying
2025-01-25 04:33:25.500000+00:00,combi,Lying,Lying
2025-01-25 04:34:25.500000+00:00,combi,Lying,Lying
2025-01-25 04:35:25.500000+00:00,combi,Lying,Lying
2025-01-25 04:36:25.500000+00:00,combi,Lying,Lying
