Time,Participant,Majority_postures,Majority_including_dynamic
2025-01-28 10:53:54.500000+00:00,combi,Standing,Standing
2025-01-28 10:54:54.500000+00:00,combi,Standing,Standing
2025-01-28 10:55:54.500000+00:00,combi,Standing,Standing
2025-01-28 10:56:54.500000+00:00,combi,Standing,Standing
2025-01-28 10:57:54.500000+00:00,combi,Standing,Dynamic
2025-01-28 10:58:54.500000+00:00,combi,Standing,Dynamic
2025-01-28 10:59:54.500000+00:00,combi,Standing,Standing
2025-01-28 11:00:54.500000+00:00,combi,Standing,Standing
2025-01-28 11:01:54.500000+00:00,combi,Standing,Standing
2025-01-28 11:02:54.500000+00:00,combi,Standing,Dynamic
2025-01-28 11:03:54.500000+00:00,combi,Sitting,Sitting
2025-01-28 11:04:54.500000+00:00,combi,Standing,Dynamic
2025-01-28 11:05:54.500000+00:00,combi,Standing,Standing
2025-01-28 11:06:54.500000+00:00,combi,Standing,Dynamic
2025-01-28 11:07:54.500000+00:00,combi,Standing,Standing
2025-01-28 11:08:54.500000+00:00,combi,Lying,Lying
2025-01-28 11:09:54.500000+00:00,combi,Lying,Lying
2025-01-28 11:10:54.500000+00:00,combi,Lying,Lying
2025-01-28 11:11:54.500000+00:00,combi,Lying,Lying
2025-01-28 11:12:54.500000+00:00,combi,Sitting,Sitting
2025-01-28 11:13:54.500000+00:00,combi,Sitting,Sitting
2025-01-28 11:14:54.500000+00:00,combi,Sitting,Sitting
2025-01-28 11:15:54.500000+00:00,combi,Standing,Dynamic
2025-01-28 11:16:54.500000+00:00,combi,Standing,Standing
2025-01-28 11:17:54.500000+00:00,combi,Standing,Standing
2025-01-28 11:18:54.500000+00:00,combi,Standing,Standing
2025-01-28 11:19:54.500000+00:00,combi,Standing,Standing
2025-01-28 11:20:54.500000+00:00,combi,Standing,Standing
2025-01-28 11:21:54.500000+00:00,combi,Lying,Lying
2025-01-28 11:22:54.500000+00:00,combi,Lying,Lying
2025-01-28 11:23:54.500000+00:00,combi,Lying,Lying
2025-01-28 11:24:54.500000+00:00,combi,Lying,Lying
2025-01-28 11:25:54.500000+00:00,combi,Lying,Lying
2025-01-28 11:26:54.500000+00:00,combi,Lying,Lying
2025-01-28 11:27:54.500000+00:00,combi,Lying,Lying
2025-01-28 11:28:54.500000+00:00,combi,Lying,Lying
2025-01-28 11:29:54.500000+00:00,combi,Lying,Lying
2025-01-28 11:30:54.500000+00:00,combi,Lying,Lying
2025-01-28 11:31:54.500000+00:00,combi,Sitting,Sitting
2025-01-28 11:32:54.500000+00:00,combi,Sitting,Sitting
2025-01-28 11:33:54.500000+00:00,combi,Sitting,Sitting
2025-01-28 11:34:54.500000+00:00,combi,Sitting,Sitting
2025-01-28 11:35:54.500000+00:00,combi,Sitting,Sitting
2025-01-28 11:36:54.500000+00:00,combi,Sitting,Sitting
2025-01-28 11:37:54.500000+00:00,combi,Sitting,Sitting
2025-01-28 11:38:54.500000+00:00,combi,Sitting,Sitting
2025-01-28 11:39:54.500000+00:00,combi,Sitting,Sitting
2025-01-28 11:40:54.500000+00:00,combi,Sitting,Sitting
2025-01-28 11:41:54.500000+00:00,combi,Standing,Standing
2025-01-28 11:42:54.500000+00:00,combi,Standing,Standing
2025-01-28 11:43:54.500000+00:00,combi,Standing,Standing
2025-01-28 11:44:54.500000+00:00,combi,Standing,Standing
2025-01-28 11:45:54.500000+00:00,combi,Standing,Standing
2025-01-28 11:46:54.500000+00:00,combi,Standing,Standing
2025-01-28 11:47:54.500000+00:00,combi,Standing,Standing
2025-01-28 11:48:54.500000+00:00,combi,Standing,Standing
2025-01-28 11:49:54.500000+00:00,combi,Standing,Standing
2025-01-28 11:50:54.500000+00:00,combi,Sitting,Sitting
2025-01-28 11:51:54.500000+00:00,combi,Sitting,Sitting
2025-01-28 11:52:54.500000+00:00,combi,Sitting,Sitting
2025-01-28 11:53:54.500000+00:00,combi,Sitting,Sitting
2025-01-28 11:54:54.500000+00:00,combi,Sitting,Sitting
2025-01-28 11:55:54.500000+00:00,combi,Sitting,Sitting
2025-01-28 11:56:54.500000+00:00,combi,Sitting,Sitting
2025-01-28 11:57:54.500000+00:00,combi,Standing,Standing
2025-01-28 11:58:54.500000+00:00,combi,Sitting,Sitting
2025-01-28 11:59:54.500000+00:00,combi,Sitting,Sitting
2025-01-28 12:00:54.500000+00:00,combi,Sitting,Sitting
2025-01-28 12:01:54.500000+00:00,combi,Sitting,Sitting
2025-01-28 12:02:54.500000+00:00,combi,Sitting,Sitting
2025-01-28 12:03:54.500000+00:00,combi,Sitting,Sitting
2025-01-28 12:04:54.500000+00:00,combi,Standing,Standing
2025-01-28 12:05:54.500000+00:00,combi,Standing,Dynamic
2025-01-28 12:06:54.500000+00:00,combi,Standing,Standing
2025-01-28 12:07:54.500000+00:00,combi,Standing,Standing
2025-01-28 12:08:54.500000+00:00,combi,Standing,Standing
2025-01-28 12:09:54.500000+00:00,combi,Standing,Standing
2025-01-28 12:10:54.500000+00:00,combi,Standing,Sitting
2025-01-28 12:11:54.500000+00:00,combi,Standing,Standing
2025-01-28 12:12:54.500000+00:00,combi,Standing,Standing
2025-01-28 12:13:54.500000+00:00,combi,Standing,Standing
2025-01-28 12:14:54.500000+00:00,combi,Standing,Sitting
2025-01-28 12:15:54.500000+00:00,combi,Standing,Dynamic
2025-01-28 12:16:54.500000+00:00,combi,Standing,Dynamic
2025-01-28 12:17:54.500000+00:00,combi,Standing,Dynamic
2025-01-28 12:18:54.500000+00:00,combi,Standing,Dynamic
2025-01-28 12:19:54.500000+00:00,combi,Standing,Dynamic
2025-01-28 12:20:54.500000+00:00,combi,Standing,Dynamic
2025-01-28 12:21:54.500000+00:00,combi,Standing,Dynamic
2025-01-28 12:22:54.500000+00:00,combi,Standing,Dynamic
2025-01-28 12:23:54.500000+00:00,combi,Standing,Dynamic
2025-01-28 12:24:54.500000+00:00,combi,Standing,Standing
2025-01-28 12:25:54.500000+00:00,combi,Standing,Dynamic
2025-01-28 12:26:54.500000+00:00,combi,Standing,Standing
2025-01-28 12:27:54.500000+00:00,combi,Standing,Dynamic
2025-01-28 12:28:54.500000+00:00,combi,Standing,Dynamic
2025-01-28 12:29:54.500000+00:00,combi,Lying,Dynamic
2025-01-28 12:30:54.500000+00:00,combi,Standing,Dynamic
2025-01-28 12:31:54.500000+00:00,combi,Standing,Dynamic
2025-01-28 12:32:54.500000+00:00,combi,Standing,Dynamic
2025-01-28 12:33:54.500000+00:00,combi,Standing,Dynamic
2025-01-28 12:34:54.500000+00:00,combi,Standing,Dynamic
2025-01-28 12:35:54.500000+00:00,combi,Standing,Dynamic
2025-01-28 12:36:54.500000+00:00,combi,Standing,Dynamic
2025-01-28 12:37:54.500000+00:00,combi,Standing,Dynamic
2025-01-28 12:38:54.500000+00:00,combi,Lying,Dynamic
2025-01-28 12:39:54.500000+00:00,combi,Standing,Dynamic
2025-01-28 12:40:54.500000+00:00,combi,Standing,Dynamic
2025-01-28 12:41:54.500000+00:00,combi,Standing,Dynamic
2025-01-28 12:42:54.500000+00:00,combi,Standing,Dynamic
2025-01-28 12:43:54.500000+00:00,combi,Standing,Dynamic
2025-01-28 12:44:54.500000+00:00,combi,Standing,Dynamic
2025-01-28 12:45:54.500000+00:00,combi,Lying,Dynamic
2025-01-28 12:46:54.500000+00:00,combi,Standing,Standing
2025-01-28 12:47:54.500000+00:00,combi,Standing,Standing
2025-01-28 12:48:54.500000+00:00,combi,Standing,Standing
2025-01-28 12:49:54.500000+00:00,combi,Standing,Standing
2025-01-28 12:50:54.500000+00:00,combi,Standing,Standing
2025-01-28 12:51:54.500000+00:00,combi,Standing,Standing
2025-01-28 12:52:54.500000+00:00,combi,Standing,Standing
2025-01-28 12:53:54.500000+00:00,combi,Standing,Standing
2025-01-28 12:54:54.500000+00:00,combi,Standing,Standing
2025-01-28 12:55:54.500000+00:00,combi,Standing,Standing
2025-01-28 12:56:54.500000+00:00,combi,Standing,Standing
2025-01-28 12:57:54.500000+00:00,combi,Standing,Standing
2025-01-28 12:58:54.500000+00:00,combi,Standing,Standing
2025-01-28 12:59:54.500000+00:00,combi,Standing,Standing
2025-01-28 13:00:54.500000+00:00,combi,Standing,Standing
2025-01-28 13:01:54.500000+00:00,combi,Standing,Dynamic
2025-01-28 13:02:54.500000+00:00,combi,Standing,Dynamic
2025-01-28 13:03:54.500000+00:00,combi,Standing,Dynamic
2025-01-28 13:04:54.500000+00:00,combi,Standing,Dynamic
2025-01-28 13:05:54.500000+00:00,combi,Standing,Dynamic
2025-01-28 13:06:54.500000+00:00,combi,Standing,Dynamic
2025-01-28 13:07:54.500000+00:00,combi,Sitting,Sitting
2025-01-28 13:08:54.500000+00:00,combi,Sitting,Sitting
2025-01-28 13:09:54.500000+00:00,combi,Sitting,Sitting
2025-01-28 13:10:54.500000+00:00,combi,Sitting,Sitting
2025-01-28 13:11:54.500000+00:00,combi,Sitting,Sitting
2025-01-28 13:12:54.500000+00:00,combi,Sitting,Sitting
2025-01-28 13:13:54.500000+00:00,combi,Sitting,Sitting
2025-01-28 13:14:54.500000+00:00,combi,Sitting,Sitting
2025-01-28 13:15:54.500000+00:00,combi,Sitting,Sitting
2025-01-28 13:16:54.500000+00:00,combi,Sitting,Sitting
2025-01-28 13:17:54.500000+00:00,combi,Sitting,Sitting
2025-01-28 13:18:54.500000+00:00,combi,Sitting,Sitting
2025-01-28 13:19:54.500000+00:00,combi,Sitting,Sitting
2025-01-28 13:20:54.500000+00:00,combi,Sitting,Sitting
2025-01-28 13:21:54.500000+00:00,combi,Sitting,Sitting
2025-01-28 13:22:54.500000+00:00,combi,Sitting,Sitting
2025-01-28 13:23:54.500000+00:00,combi,Sitting,Sitting
2025-01-28 13:24:54.500000+00:00,combi,Sitting,Sitting
2025-01-28 13:25:54.500000+00:00,combi,Sitting,Sitting
2025-01-28 13:26:54.500000+00:00,combi,Sitting,Sitting
2025-01-28 13:27:54.500000+00:00,combi,Standing,Standing
2025-01-28 13:28:54.500000+00:00,combi,Sitting,Sitting
2025-01-28 13:29:54.500000+00:00,combi,Sitting,Sitting
2025-01-28 13:30:54.500000+00:00,combi,Sitting,Sitting
2025-01-28 13:31:54.500000+00:00,combi,Sitting,Sitting
2025-01-28 13:32:54.500000+00:00,combi,Sitting,Sitting
2025-01-28 13:33:54.500000+00:00,combi,Sitting,Sitting
2025-01-28 13:34:54.500000+00:00,combi,Sitting,Sitting
2025-01-28 13:35:54.500000+00:00,combi,Sitting,Sitting
2025-01-28 13:36:54.500000+00:00,combi,Sitting,Sitting
2025-01-28 13:37:54.500000+00:00,combi,Sitting,Sitting
2025-01-28 13:38:54.500000+00:00,combi,Sitting,Sitting
2025-01-28 13:39:54.500000+00:00,combi,Sitting,Sitting
2025-01-28 13:40:54.500000+00:00,combi,Sitting,Sitting
2025-01-28 13:41:54.500000+00:00,combi,Sitting,Sitting
2025-01-28 13:42:54.500000+00:00,combi,Sitting,Sitting
2025-01-28 13:43:54.500000+00:00,combi,Sitting,Sitting
2025-01-28 13:44:54.500000+00:00,combi,Sitting,Sitting
2025-01-28 13:45:54.500000+00:00,combi,Sitting,Sitting
2025-01-28 13:46:54.500000+00:00,combi,Standing,Sitting
2025-01-28 13:47:54.500000+00:00,combi,Sitting,Sitting
2025-01-28 13:48:54.500000+00:00,combi,Sitting,Sitting
2025-01-28 13:49:54.500000+00:00,combi,Sitting,Sitting
2025-01-28 13:50:54.500000+00:00,combi,Sitting,Sitting
2025-01-28 13:51:54.500000+00:00,combi,Sitting,Sitting
2025-01-28 13:52:54.500000+00:00,combi,Sitting,Sitting
2025-01-28 13:53:54.500000+00:00,combi,Sitting,Sitting
2025-01-28 13:54:54.500000+00:00,combi,Sitting,Sitting
2025-01-28 13:55:54.500000+00:00,combi,Sitting,Sitting
2025-01-28 13:56:54.500000+00:00,combi,Sitting,Sitting
2025-01-28 13:57:54.500000+00:00,combi,Sitting,Sitting
2025-01-28 13:58:54.500000+00:00,combi,Sitting,Sitting
2025-01-28 13:59:54.500000+00:00,combi,Sitting,Sitting
2025-01-28 14:00:54.500000+00:00,combi,Sitting,Sitting
2025-01-28 14:01:54.500000+00:00,combi,Sitting,Sitting
2025-01-28 14:02:54.500000+00:00,combi,Sitting,Sitting
2025-01-28 14:03:54.500000+00:00,combi,Sitting,Sitting
2025-01-28 14:04:54.500000+00:00,combi,Standing,Standing
2025-01-28 14:05:54.500000+00:00,combi,Sitting,Sitting
2025-01-28 14:06:54.500000+00:00,combi,Sitting,Sitting
2025-01-28 14:07:54.500000+00:00,combi,Sitting,Sitting
2025-01-28 14:08:54.500000+00:00,combi,Sitting,Sitting
2025-01-28 14:09:54.500000+00:00,combi,Sitting,Sitting
2025-01-28 14:10:54.500000+00:00,combi,Sitting,Sitting
2025-01-28 14:11:54.500000+00:00,combi,Sitting,Sitting
2025-01-28 14:12:54.500000+00:00,combi,Sitting,Sitting
2025-01-28 14:13:54.500000+00:00,combi,Sitting,Sitting
2025-01-28 14:14:54.500000+00:00,combi,Sitting,Sitting
2025-01-28 14:15:54.500000+00:00,combi,Sitting,Sitting
2025-01-28 14:16:54.500000+00:00,combi,Sitting,Sitting
2025-01-28 14:17:54.500000+00:00,combi,Sitting,Sitting
2025-01-28 14:18:54.500000+00:00,combi,Standing,Sitting
2025-01-28 14:19:54.500000+00:00,combi,Sitting,Sitting
2025-01-28 14:20:54.500000+00:00,combi,Sitting,Sitting
2025-01-28 14:21:54.500000+00:00,combi,Sitting,Sitting
2025-01-28 14:22:54.500000+00:00,combi,Sitting,Sitting
2025-01-28 14:23:54.500000+00:00,combi,Sitting,Sitting
2025-01-28 14:24:54.500000+00:00,combi,Sitting,Sitting
2025-01-28 14:25:54.500000+00:00,combi,Sitting,Sitting
2025-01-28 14:26:54.500000+00:00,combi,Sitting,Sitting
2025-01-28 14:27:54.500000+00:00,combi,Sitting,Sitting
2025-01-28 14:28:54.500000+00:00,combi,Sitting,Sitting
2025-01-28 14:29:54.500000+00:00,combi,Sitting,Sitting
2025-01-28 14:30:54.500000+00:00,combi,Standing,Sitting
2025-01-28 14:31:54.500000+00:00,combi,Sitting,Sitting
2025-01-28 14:32:54.500000+00:00,combi,Sitting,Sitting
2025-01-28 14:33:54.500000+00:00,combi,Sitting,Sitting
2025-01-28 14:34:54.500000+00:00,combi,Sitting,Sitting
2025-01-28 14:35:54.500000+00:00,combi,Sitting,Sitting
2025-01-28 14:36:54.500000+00:00,combi,Sitting,Sitting
2025-01-28 14:37:54.500000+00:00,combi,Sitting,Sitting
2025-01-28 14:38:54.500000+00:00,combi,Sitting,Sitting
2025-01-28 14:39:54.500000+00:00,combi,Sitting,Sitting
2025-01-28 14:40:54.500000+00:00,combi,Sitting,Sitting
2025-01-28 14:41:54.500000+00:00,combi,Sitting,Sitting
2025-01-28 14:42:54.500000+00:00,combi,Sitting,Sitting
2025-01-28 14:43:54.500000+00:00,combi,Sitting,Sitting
2025-01-28 14:44:54.500000+00:00,combi,Sitting,Sitting
2025-01-28 14:45:54.500000+00:00,combi,Sitting,Sitting
2025-01-28 14:46:54.500000+00:00,combi,Sitting,Sitting
2025-01-28 14:47:54.500000+00:00,combi,Sitting,Sitting
2025-01-28 14:48:54.500000+00:00,combi,Sitting,Sitting
2025-01-28 14:49:54.500000+00:00,combi,Sitting,Sitting
2025-01-28 14:50:54.500000+00:00,combi,Sitting,Sitting
2025-01-28 14:51:54.500000+00:00,combi,Sitting,Sitting
2025-01-28 14:52:54.500000+00:00,combi,Sitting,Sitting
2025-01-28 14:53:54.500000+00:00,combi,Sitting,Sitting
2025-01-28 14:54:54.500000+00:00,combi,Sitting,Sitting
2025-01-28 14:55:54.500000+00:00,combi,Standing,Standing
2025-01-28 14:56:54.500000+00:00,combi,Standing,Standing
2025-01-28 14:57:54.500000+00:00,combi,Standing,Sitting
2025-01-28 14:58:54.500000+00:00,combi,Standing,Standing
2025-01-28 14:59:54.500000+00:00,combi,Sitting,Sitting
2025-01-28 15:00:54.500000+00:00,combi,Standing,Dynamic
2025-01-28 15:01:54.500000+00:00,combi,Standing,Dynamic
2025-01-28 15:02:54.500000+00:00,combi,Standing,Standing
2025-01-28 15:03:54.500000+00:00,combi,Standing,Standing
2025-01-28 15:04:54.500000+00:00,combi,Standing,Standing
2025-01-28 15:05:54.500000+00:00,combi,Standing,Standing
2025-01-28 15:06:54.500000+00:00,combi,Standing,Standing
2025-01-28 15:07:54.500000+00:00,combi,Standing,Standing
2025-01-28 15:08:54.500000+00:00,combi,Standing,Standing
2025-01-28 15:09:54.500000+00:00,combi,Standing,Standing
2025-01-28 15:10:54.500000+00:00,combi,Standing,Standing
2025-01-28 15:11:54.500000+00:00,combi,Standing,Standing
2025-01-28 15:12:54.500000+00:00,combi,Standing,Standing
2025-01-28 15:13:54.500000+00:00,combi,Sitting,Sitting
2025-01-28 15:14:54.500000+00:00,combi,Standing,Sitting
2025-01-28 15:15:54.500000+00:00,combi,Sitting,Sitting
2025-01-28 15:16:54.500000+00:00,combi,Sitting,Sitting
2025-01-28 15:17:54.500000+00:00,combi,Sitting,Sitting
2025-01-28 15:18:54.500000+00:00,combi,Sitting,Sitting
2025-01-28 15:19:54.500000+00:00,combi,Sitting,Sitting
2025-01-28 15:20:54.500000+00:00,combi,Sitting,Sitting
2025-01-28 15:21:54.500000+00:00,combi,Standing,Standing
2025-01-28 15:22:54.500000+00:00,combi,Sitting,Sitting
2025-01-28 15:23:54.500000+00:00,combi,Sitting,Sitting
2025-01-28 15:24:54.500000+00:00,combi,Sitting,Sitting
2025-01-28 15:25:54.500000+00:00,combi,Sitting,Sitting
2025-01-28 15:26:54.500000+00:00,combi,Sitting,Sitting
2025-01-28 15:27:54.500000+00:00,combi,Sitting,Sitting
2025-01-28 15:28:54.500000+00:00,combi,Standing,Standing
2025-01-28 15:29:54.500000+00:00,combi,Standing,Sitting
2025-01-28 15:30:54.500000+00:00,combi,Standing,Dynamic
2025-01-28 15:31:54.500000+00:00,combi,Sitting,Sitting
2025-01-28 15:32:54.500000+00:00,combi,Sitting,Sitting
2025-01-28 15:33:54.500000+00:00,combi,Sitting,Sitting
2025-01-28 15:34:54.500000+00:00,combi,Sitting,Sitting
2025-01-28 15:35:54.500000+00:00,combi,Sitting,Sitting
2025-01-28 15:36:54.500000+00:00,combi,Standing,Standing
2025-01-28 15:37:54.500000+00:00,combi,Sitting,Sitting
2025-01-28 15:38:54.500000+00:00,combi,Sitting,Sitting
2025-01-28 15:39:54.500000+00:00,combi,Standing,Standing
2025-01-28 15:40:54.500000+00:00,combi,Sitting,Sitting
2025-01-28 15:41:54.500000+00:00,combi,Sitting,Sitting
2025-01-28 15:42:54.500000+00:00,combi,Sitting,Sitting
2025-01-28 15:43:54.500000+00:00,combi,Sitting,Sitting
2025-01-28 15:44:54.500000+00:00,combi,Sitting,Sitting
2025-01-28 15:45:54.500000+00:00,combi,Sitting,Sitting
2025-01-28 15:46:54.500000+00:00,combi,Sitting,Sitting
2025-01-28 15:47:54.500000+00:00,combi,Sitting,Sitting
2025-01-28 15:48:54.500000+00:00,combi,Sitting,Sitting
2025-01-28 15:49:54.500000+00:00,combi,Sitting,Sitting
2025-01-28 15:50:54.500000+00:00,combi,Standing,Standing
2025-01-28 15:51:54.500000+00:00,combi,Standing,Standing
2025-01-28 15:52:54.500000+00:00,combi,Standing,Standing
2025-01-28 15:53:54.500000+00:00,combi,Sitting,Sitting
2025-01-28 15:54:54.500000+00:00,combi,Sitting,Sitting
2025-01-28 15:55:54.500000+00:00,combi,Sitting,Sitting
2025-01-28 15:56:54.500000+00:00,combi,Sitting,Sitting
2025-01-28 15:57:54.500000+00:00,combi,Sitting,Sitting
2025-01-28 15:58:54.500000+00:00,combi,Sitting,Sitting
2025-01-28 15:59:54.500000+00:00,combi,Sitting,Sitting
2025-01-28 16:00:54.500000+00:00,combi,Sitting,Sitting
2025-01-28 16:01:54.500000+00:00,combi,Sitting,Sitting
2025-01-28 16:02:54.500000+00:00,combi,Standing,Dynamic
2025-01-28 16:03:54.500000+00:00,combi,Standing,Dynamic
2025-01-28 16:04:54.500000+00:00,combi,Standing,Dynamic
2025-01-28 16:05:54.500000+00:00,combi,Standing,Dynamic
2025-01-28 16:06:54.500000+00:00,combi,Standing,Dynamic
2025-01-28 16:07:54.500000+00:00,combi,Standing,Dynamic
2025-01-28 16:08:54.500000+00:00,combi,Standing,Sitting
2025-01-28 16:09:54.500000+00:00,combi,Sitting,Sitting
2025-01-28 16:10:54.500000+00:00,combi,Sitting,Sitting
2025-01-28 16:11:54.500000+00:00,combi,Sitting,Sitting
2025-01-28 16:12:54.500000+00:00,combi,Sitting,Sitting
2025-01-28 16:13:54.500000+00:00,combi,Sitting,Sitting
2025-01-28 16:14:54.500000+00:00,combi,Sitting,Sitting
2025-01-28 16:15:54.500000+00:00,combi,Sitting,Sitting
2025-01-28 16:16:54.500000+00:00,combi,Sitting,Sitting
2025-01-28 16:17:54.500000+00:00,combi,Sitting,Sitting
2025-01-28 16:18:54.500000+00:00,combi,Sitting,Sitting
2025-01-28 16:19:54.500000+00:00,combi,Sitting,Sitting
2025-01-28 16:20:54.500000+00:00,combi,Sitting,Sitting
2025-01-28 16:21:54.500000+00:00,combi,Sitting,Sitting
2025-01-28 16:22:54.500000+00:00,combi,Sitting,Sitting
2025-01-28 16:23:54.500000+00:00,combi,Sitting,Sitting
2025-01-28 16:24:54.500000+00:00,combi,Sitting,Sitting
2025-01-28 16:25:54.500000+00:00,combi,Sitting,Sitting
2025-01-28 16:26:54.500000+00:00,combi,Sitting,Sitting
2025-01-28 16:27:54.500000+00:00,combi,Standing,Standing
2025-01-28 16:28:54.500000+00:00,combi,Sitting,Sitting
2025-01-28 16:29:54.500000+00:00,combi,Standing,Sitting
2025-01-28 16:30:54.500000+00:00,combi,Sitting,Sitting
2025-01-28 16:31:54.500000+00:00,combi,Sitting,Sitting
2025-01-28 16:32:54.500000+00:00,combi,Sitting,Sitting
2025-01-28 16:33:54.500000+00:00,combi,Sitting,Sitting
2025-01-28 16:34:54.500000+00:00,combi,Sitting,Sitting
2025-01-28 16:35:54.500000+00:00,combi,Standing,Standing
2025-01-28 16:36:54.500000+00:00,combi,Sitting,Sitting
2025-01-28 16:37:54.500000+00:00,combi,Sitting,Sitting
2025-01-28 16:38:54.500000+00:00,combi,Sitting,Sitting
2025-01-28 16:39:54.500000+00:00,combi,Sitting,Sitting
2025-01-28 16:40:54.500000+00:00,combi,Sitting,Sitting
2025-01-28 16:41:54.500000+00:00,combi,Sitting,Sitting
2025-01-28 16:42:54.500000+00:00,combi,Sitting,Sitting
2025-01-28 16:43:54.500000+00:00,combi,Sitting,Sitting
2025-01-28 16:44:54.500000+00:00,combi,Sitting,Sitting
2025-01-28 16:45:54.500000+00:00,combi,Sitting,Sitting
2025-01-28 16:46:54.500000+00:00,combi,Sitting,Sitting
2025-01-28 16:47:54.500000+00:00,combi,Sitting,Sitting
2025-01-28 16:48:54.500000+00:00,combi,Sitting,Sitting
2025-01-28 16:49:54.500000+00:00,combi,Standing,Standing
2025-01-28 16:50:54.500000+00:00,combi,Standing,Standing
2025-01-28 16:51:54.500000+00:00,combi,Standing,Standing
2025-01-28 16:52:54.500000+00:00,combi,Standing,Standing
2025-01-28 16:53:54.500000+00:00,combi,Standing,Standing
2025-01-28 16:54:54.500000+00:00,combi,Sitting,Sitting
2025-01-28 16:55:54.500000+00:00,combi,Sitting,Sitting
2025-01-28 16:56:54.500000+00:00,combi,Sitting,Sitting
2025-01-28 16:57:54.500000+00:00,combi,Sitting,Sitting
2025-01-28 16:58:54.500000+00:00,combi,Sitting,Sitting
2025-01-28 16:59:54.500000+00:00,combi,Sitting,Sitting
2025-01-28 17:00:54.500000+00:00,combi,Sitting,Sitting
2025-01-28 17:01:54.500000+00:00,combi,Sitting,Sitting
2025-01-28 17:02:54.500000+00:00,combi,Sitting,Sitting
2025-01-28 17:03:54.500000+00:00,combi,Sitting,Sitting
2025-01-28 17:04:54.500000+00:00,combi,Sitting,Sitting
2025-01-28 17:05:54.500000+00:00,combi,Sitting,Sitting
2025-01-28 17:06:54.500000+00:00,combi,Sitting,Sitting
2025-01-28 17:07:54.500000+00:00,combi,Sitting,Sitting
2025-01-28 17:08:54.500000+00:00,combi,Sitting,Sitting
2025-01-28 17:09:54.500000+00:00,combi,Sitting,Sitting
2025-01-28 17:10:54.500000+00:00,combi,Sitting,Sitting
2025-01-28 17:11:54.500000+00:00,combi,Sitting,Sitting
2025-01-28 17:12:54.500000+00:00,combi,Sitting,Sitting
2025-01-28 17:13:54.500000+00:00,combi,Sitting,Sitting
2025-01-28 17:14:54.500000+00:00,combi,Sitting,Sitting
2025-01-28 17:15:54.500000+00:00,combi,Sitting,Sitting
2025-01-28 17:16:54.500000+00:00,combi,Sitting,Sitting
2025-01-28 17:17:54.500000+00:00,combi,Sitting,Sitting
2025-01-28 17:18:54.500000+00:00,combi,Sitting,Sitting
2025-01-28 17:19:54.500000+00:00,combi,Sitting,Sitting
2025-01-28 17:20:54.500000+00:00,combi,Standing,Dynamic
2025-01-28 17:21:54.500000+00:00,combi,Standing,Standing
2025-01-28 17:22:54.500000+00:00,combi,Standing,Standing
2025-01-28 17:23:54.500000+00:00,combi,Standing,Standing
2025-01-28 17:24:54.500000+00:00,combi,Standing,Standing
2025-01-28 17:25:54.500000+00:00,combi,Sitting,Sitting
2025-01-28 17:26:54.500000+00:00,combi,Sitting,Sitting
2025-01-28 17:27:54.500000+00:00,combi,Standing,Standing
2025-01-28 17:28:54.500000+00:00,combi,Standing,Standing
2025-01-28 17:29:54.500000+00:00,combi,Standing,Dynamic
2025-01-28 17:30:54.500000+00:00,combi,Standing,Standing
2025-01-28 17:31:54.500000+00:00,combi,Standing,Standing
2025-01-28 17:32:54.500000+00:00,combi,Standing,Dynamic
2025-01-28 17:33:54.500000+00:00,combi,Standing,Standing
2025-01-28 17:34:54.500000+00:00,combi,Standing,Standing
2025-01-28 17:35:54.500000+00:00,combi,Standing,Dynamic
2025-01-28 17:36:54.500000+00:00,combi,Standing,Standing
2025-01-28 17:37:54.500000+00:00,combi,Standing,Standing
2025-01-28 17:38:54.500000+00:00,combi,Standing,Standing
2025-01-28 17:39:54.500000+00:00,combi,Standing,Standing
2025-01-28 17:40:54.500000+00:00,combi,Standing,Standing
2025-01-28 17:41:54.500000+00:00,combi,Sitting,Sitting
2025-01-28 17:42:54.500000+00:00,combi,Sitting,Sitting
2025-01-28 17:43:54.500000+00:00,combi,Sitting,Sitting
2025-01-28 17:44:54.500000+00:00,combi,Sitting,Sitting
2025-01-28 17:45:54.500000+00:00,combi,Sitting,Sitting
2025-01-28 17:46:54.500000+00:00,combi,Sitting,Sitting
2025-01-28 17:47:54.500000+00:00,combi,Sitting,Sitting
2025-01-28 17:48:54.500000+00:00,combi,Sitting,Sitting
2025-01-28 17:49:54.500000+00:00,combi,Sitting,Sitting
2025-01-28 17:50:54.500000+00:00,combi,Sitting,Sitting
2025-01-28 17:51:54.500000+00:00,combi,Sitting,Sitting
2025-01-28 17:52:54.500000+00:00,combi,Sitting,Sitting
2025-01-28 17:53:54.500000+00:00,combi,Sitting,Sitting
2025-01-28 17:54:54.500000+00:00,combi,Sitting,Sitting
2025-01-28 17:55:54.500000+00:00,combi,Sitting,Sitting
2025-01-28 17:56:54.500000+00:00,combi,Sitting,Sitting
2025-01-28 17:57:54.500000+00:00,combi,Sitting,Sitting
2025-01-28 17:58:54.500000+00:00,combi,Sitting,Sitting
2025-01-28 17:59:54.500000+00:00,combi,Sitting,Sitting
2025-01-28 18:00:54.500000+00:00,combi,Sitting,Sitting
2025-01-28 18:01:54.500000+00:00,combi,Standing,Standing
2025-01-28 18:02:54.500000+00:00,combi,Sitting,Sitting
2025-01-28 18:03:54.500000+00:00,combi,Standing,Standing
2025-01-28 18:04:54.500000+00:00,combi,Sitting,Standing
2025-01-28 18:05:54.500000+00:00,combi,Sitting,Sitting
2025-01-28 18:06:54.500000+00:00,combi,Standing,Dynamic
2025-01-28 18:07:54.500000+00:00,combi,Standing,Dynamic
2025-01-28 18:08:54.500000+00:00,combi,Standing,Dynamic
2025-01-28 18:09:54.500000+00:00,combi,Standing,Dynamic
2025-01-28 18:10:54.500000+00:00,combi,Standing,Dynamic
2025-01-28 18:11:54.500000+00:00,combi,Standing,Dynamic
2025-01-28 18:12:54.500000+00:00,combi,Standing,Dynamic
2025-01-28 18:13:54.500000+00:00,combi,Standing,Standing
2025-01-28 18:14:54.500000+00:00,combi,Standing,Standing
2025-01-28 18:15:54.500000+00:00,combi,Standing,Standing
2025-01-28 18:16:54.500000+00:00,combi,Standing,Standing
2025-01-28 18:17:54.500000+00:00,combi,Standing,Standing
2025-01-28 18:18:54.500000+00:00,combi,Standing,Standing
2025-01-28 18:19:54.500000+00:00,combi,Standing,Standing
2025-01-28 18:20:54.500000+00:00,combi,Standing,Standing
2025-01-28 18:21:54.500000+00:00,combi,Standing,Standing
2025-01-28 18:22:54.500000+00:00,combi,Standing,Standing
2025-01-28 18:23:54.500000+00:00,combi,Standing,Standing
2025-01-28 18:24:54.500000+00:00,combi,Standing,Standing
2025-01-28 18:25:54.500000+00:00,combi,Standing,Standing
2025-01-28 18:26:54.500000+00:00,combi,Standing,Dynamic
2025-01-28 18:27:54.500000+00:00,combi,Lying,Dynamic
2025-01-28 18:28:54.500000+00:00,combi,Lying,Dynamic
2025-01-28 18:29:54.500000+00:00,combi,Lying,Dynamic
2025-01-28 18:30:54.500000+00:00,combi,Lying,Dynamic
2025-01-28 18:31:54.500000+00:00,combi,Lying,Dynamic
2025-01-28 18:32:54.500000+00:00,combi,Lying,Dynamic
2025-01-28 18:33:54.500000+00:00,combi,Standing,Dynamic
2025-01-28 18:34:54.500000+00:00,combi,Standing,Dynamic
2025-01-28 18:35:54.500000+00:00,combi,Standing,Dynamic
2025-01-28 18:36:54.500000+00:00,combi,Standing,Standing
2025-01-28 18:37:54.500000+00:00,combi,Standing,Dynamic
2025-01-28 18:38:54.500000+00:00,combi,Standing,Dynamic
2025-01-28 18:39:54.500000+00:00,combi,Standing,Dynamic
2025-01-28 18:40:54.500000+00:00,combi,Standing,Dynamic
2025-01-28 18:41:54.500000+00:00,combi,Standing,Dynamic
2025-01-28 18:42:54.500000+00:00,combi,Standing,Standing
2025-01-28 18:43:54.500000+00:00,combi,Standing,Standing
2025-01-28 18:44:54.500000+00:00,combi,Standing,Standing
2025-01-28 18:45:54.500000+00:00,combi,Standing,Standing
2025-01-28 18:46:54.500000+00:00,combi,Standing,Standing
2025-01-28 18:47:54.500000+00:00,combi,Standing,Standing
2025-01-28 18:48:54.500000+00:00,combi,Standing,Dynamic
2025-01-28 18:49:54.500000+00:00,combi,Standing,Standing
2025-01-28 18:50:54.500000+00:00,combi,Standing,Standing
2025-01-28 18:51:54.500000+00:00,combi,Standing,Dynamic
2025-01-28 18:52:54.500000+00:00,combi,Sitting,Sitting
2025-01-28 18:53:54.500000+00:00,combi,Sitting,Sitting
2025-01-28 18:54:54.500000+00:00,combi,Sitting,Sitting
2025-01-28 18:55:54.500000+00:00,combi,Sitting,Sitting
2025-01-28 18:56:54.500000+00:00,combi,Sitting,Sitting
2025-01-28 18:57:54.500000+00:00,combi,Sitting,Sitting
2025-01-28 18:58:54.500000+00:00,combi,Sitting,Sitting
2025-01-28 18:59:54.500000+00:00,combi,Sitting,Sitting
2025-01-28 19:00:54.500000+00:00,combi,Sitting,Sitting
2025-01-28 19:01:54.500000+00:00,combi,Standing,Standing
2025-01-28 19:02:54.500000+00:00,combi,Sitting,Sitting
2025-01-28 19:03:54.500000+00:00,combi,Sitting,Sitting
2025-01-28 19:04:54.500000+00:00,combi,Sitting,Sitting
2025-01-28 19:05:54.500000+00:00,combi,Sitting,Sitting
2025-01-28 19:06:54.500000+00:00,combi,Sitting,Sitting
2025-01-28 19:07:54.500000+00:00,combi,Sitting,Sitting
2025-01-28 19:08:54.500000+00:00,combi,Sitting,Sitting
2025-01-28 19:09:54.500000+00:00,combi,Sitting,Sitting
2025-01-28 19:10:54.500000+00:00,combi,Sitting,Sitting
2025-01-28 19:11:54.500000+00:00,combi,Sitting,Sitting
2025-01-28 19:12:54.500000+00:00,combi,Sitting,Sitting
2025-01-28 19:13:54.500000+00:00,combi,Standing,Sitting
2025-01-28 19:14:54.500000+00:00,combi,Sitting,Sitting
2025-01-28 19:15:54.500000+00:00,combi,Sitting,Sitting
2025-01-28 19:16:54.500000+00:00,combi,Sitting,Sitting
2025-01-28 19:17:54.500000+00:00,combi,Sitting,Sitting
2025-01-28 19:18:54.500000+00:00,combi,Sitting,Sitting
2025-01-28 19:19:54.500000+00:00,combi,Sitting,Sitting
2025-01-28 19:20:54.500000+00:00,combi,Sitting,Sitting
2025-01-28 19:21:54.500000+00:00,combi,Standing,Sitting
2025-01-28 19:22:54.500000+00:00,combi,Sitting,Sitting
2025-01-28 19:23:54.500000+00:00,combi,Sitting,Sitting
2025-01-28 19:24:54.500000+00:00,combi,Sitting,Sitting
2025-01-28 19:25:54.500000+00:00,combi,Sitting,Sitting
2025-01-28 19:26:54.500000+00:00,combi,Sitting,Sitting
2025-01-28 19:27:54.500000+00:00,combi,Sitting,Sitting
2025-01-28 19:28:54.500000+00:00,combi,Sitting,Sitting
2025-01-28 19:29:54.500000+00:00,combi,Sitting,Sitting
2025-01-28 19:30:54.500000+00:00,combi,Sitting,Sitting
2025-01-28 19:31:54.500000+00:00,combi,Sitting,Standing
2025-01-28 19:32:54.500000+00:00,combi,Sitting,Sitting
2025-01-28 19:33:54.500000+00:00,combi,Sitting,Sitting
2025-01-28 19:34:54.500000+00:00,combi,Sitting,Sitting
2025-01-28 19:35:54.500000+00:00,combi,Sitting,Sitting
2025-01-28 19:36:54.500000+00:00,combi,Sitting,Sitting
2025-01-28 19:37:54.500000+00:00,combi,Sitting,Sitting
2025-01-28 19:38:54.500000+00:00,combi,Sitting,Sitting
2025-01-28 19:39:54.500000+00:00,combi,Sitting,Sitting
2025-01-28 19:40:54.500000+00:00,combi,Sitting,Sitting
2025-01-28 19:41:54.500000+00:00,combi,Sitting,Sitting
2025-01-28 19:42:54.500000+00:00,combi,Sitting,Sitting
2025-01-28 19:43:54.500000+00:00,combi,Standing,Standing
2025-01-28 19:44:54.500000+00:00,combi,Sitting,Sitting
2025-01-28 19:45:54.500000+00:00,combi,Sitting,Sitting
2025-01-28 19:46:54.500000+00:00,combi,Standing,Standing
2025-01-28 19:47:54.500000+00:00,combi,Standing,Standing
2025-01-28 19:48:54.500000+00:00,combi,Standing,Sitting
2025-01-28 19:49:54.500000+00:00,combi,Standing,Standing
2025-01-28 19:50:54.500000+00:00,combi,Standing,Standing
2025-01-28 19:51:54.500000+00:00,combi,Standing,Standing
2025-01-28 19:52:54.500000+00:00,combi,Sitting,Sitting
2025-01-28 19:53:54.500000+00:00,combi,Standing,Sitting
2025-01-28 19:54:54.500000+00:00,combi,Sitting,Sitting
2025-01-28 19:55:54.500000+00:00,combi,Sitting,Sitting
2025-01-28 19:56:54.500000+00:00,combi,Standing,Standing
2025-01-28 19:57:54.500000+00:00,combi,Sitting,Sitting
2025-01-28 19:58:54.500000+00:00,combi,Sitting,Sitting
2025-01-28 19:59:54.500000+00:00,combi,Sitting,Sitting
2025-01-28 20:00:54.500000+00:00,combi,Standing,Standing
2025-01-28 20:01:54.500000+00:00,combi,Standing,Standing
2025-01-28 20:02:54.500000+00:00,combi,Sitting,Sitting
2025-01-28 20:03:54.500000+00:00,combi,Standing,Standing
2025-01-28 20:04:54.500000+00:00,combi,Standing,Dynamic
2025-01-28 20:05:54.500000+00:00,combi,Standing,Dynamic
2025-01-28 20:06:54.500000+00:00,combi,Standing,Dynamic
2025-01-28 20:07:54.500000+00:00,combi,Standing,Standing
2025-01-28 20:08:54.500000+00:00,combi,Standing,Standing
2025-01-28 20:09:54.500000+00:00,combi,Standing,Sitting
2025-01-28 20:10:54.500000+00:00,combi,Sitting,Sitting
2025-01-28 20:11:54.500000+00:00,combi,Sitting,Sitting
2025-01-28 20:12:54.500000+00:00,combi,Sitting,Sitting
2025-01-28 20:13:54.500000+00:00,combi,Sitting,Sitting
2025-01-28 20:14:54.500000+00:00,combi,Standing,Standing
2025-01-28 20:15:54.500000+00:00,combi,Sitting,Sitting
2025-01-28 20:16:54.500000+00:00,combi,Sitting,Sitting
2025-01-28 20:17:54.500000+00:00,combi,Sitting,Sitting
2025-01-28 20:18:54.500000+00:00,combi,Sitting,Sitting
2025-01-28 20:19:54.500000+00:00,combi,Sitting,Sitting
2025-01-28 20:20:54.500000+00:00,combi,Standing,Sitting
2025-01-28 20:21:54.500000+00:00,combi,Sitting,Sitting
2025-01-28 20:22:54.500000+00:00,combi,Sitting,Sitting
2025-01-28 20:23:54.500000+00:00,combi,Sitting,Sitting
2025-01-28 20:24:54.500000+00:00,combi,Sitting,Sitting
2025-01-28 20:25:54.500000+00:00,combi,Sitting,Sitting
2025-01-28 20:26:54.500000+00:00,combi,Sitting,Sitting
2025-01-28 20:27:54.500000+00:00,combi,Sitting,Sitting
2025-01-28 20:28:54.500000+00:00,combi,Sitting,Sitting
2025-01-28 20:29:54.500000+00:00,combi,Sitting,Sitting
2025-01-28 20:30:54.500000+00:00,combi,Sitting,Sitting
2025-01-28 20:31:54.500000+00:00,combi,Sitting,Sitting
2025-01-28 20:32:54.500000+00:00,combi,Sitting,Sitting
2025-01-28 20:33:54.500000+00:00,combi,Standing,Standing
2025-01-28 20:34:54.500000+00:00,combi,Sitting,Sitting
2025-01-28 20:35:54.500000+00:00,combi,Sitting,Sitting
2025-01-28 20:36:54.500000+00:00,combi,Sitting,Sitting
2025-01-28 20:37:54.500000+00:00,combi,Sitting,Sitting
2025-01-28 20:38:54.500000+00:00,combi,Sitting,Sitting
2025-01-28 20:39:54.500000+00:00,combi,Standing,Standing
2025-01-28 20:40:54.500000+00:00,combi,Standing,Standing
2025-01-28 20:41:54.500000+00:00,combi,Standing,Standing
2025-01-28 20:42:54.500000+00:00,combi,Standing,Standing
2025-01-28 20:43:54.500000+00:00,combi,Standing,Standing
2025-01-28 20:44:54.500000+00:00,combi,Sitting,Sitting
2025-01-28 20:45:54.500000+00:00,combi,Sitting,Sitting
2025-01-28 20:46:54.500000+00:00,combi,Sitting,Sitting
2025-01-28 20:47:54.500000+00:00,combi,Sitting,Sitting
2025-01-28 20:48:54.500000+00:00,combi,Sitting,Sitting
2025-01-28 20:49:54.500000+00:00,combi,Standing,Sitting
2025-01-28 20:50:54.500000+00:00,combi,Sitting,Sitting
2025-01-28 20:51:54.500000+00:00,combi,Standing,Standing
2025-01-28 20:52:54.500000+00:00,combi,Sitting,Sitting
2025-01-28 20:53:54.500000+00:00,combi,Sitting,Sitting
2025-01-28 20:54:54.500000+00:00,combi,Sitting,Sitting
2025-01-28 20:55:54.500000+00:00,combi,Sitting,Sitting
2025-01-28 20:56:54.500000+00:00,combi,Sitting,Sitting
2025-01-28 20:57:54.500000+00:00,combi,Sitting,Sitting
2025-01-28 20:58:54.500000+00:00,combi,Sitting,Sitting
2025-01-28 20:59:54.500000+00:00,combi,Sitting,Sitting
2025-01-28 21:00:54.500000+00:00,combi,Sitting,Sitting
2025-01-28 21:01:54.500000+00:00,combi,Sitting,Sitting
2025-01-28 21:02:54.500000+00:00,combi,Sitting,Sitting
2025-01-28 21:03:54.500000+00:00,combi,Sitting,Sitting
2025-01-28 21:04:54.500000+00:00,combi,Sitting,Sitting
2025-01-28 21:05:54.500000+00:00,combi,Sitting,Sitting
2025-01-28 21:06:54.500000+00:00,combi,Sitting,Sitting
2025-01-28 21:07:54.500000+00:00,combi,Sitting,Sitting
2025-01-28 21:08:54.500000+00:00,combi,Sitting,Sitting
2025-01-28 21:09:54.500000+00:00,combi,Sitting,Sitting
2025-01-28 21:10:54.500000+00:00,combi,Sitting,Sitting
2025-01-28 21:11:54.500000+00:00,combi,Sitting,Sitting
2025-01-28 21:12:54.500000+00:00,combi,Standing,Standing
2025-01-28 21:13:54.500000+00:00,combi,Standing,Standing
2025-01-28 21:14:54.500000+00:00,combi,Standing,Standing
2025-01-28 21:15:54.500000+00:00,combi,Sitting,Sitting
2025-01-28 21:16:54.500000+00:00,combi,Standing,Standing
2025-01-28 21:17:54.500000+00:00,combi,Standing,Standing
2025-01-28 21:18:54.500000+00:00,combi,Sitting,Sitting
2025-01-28 21:19:54.500000+00:00,combi,Standing,Standing
2025-01-28 21:20:54.500000+00:00,combi,Standing,Standing
2025-01-28 21:21:54.500000+00:00,combi,Sitting,Sitting
2025-01-28 21:22:54.500000+00:00,combi,Standing,Standing
2025-01-28 21:23:54.500000+00:00,combi,Standing,Standing
2025-01-28 21:24:54.500000+00:00,combi,Standing,Standing
2025-01-28 21:25:54.500000+00:00,combi,Sitting,Sitting
2025-01-28 21:26:54.500000+00:00,combi,Sitting,Sitting
2025-01-28 21:27:54.500000+00:00,combi,Sitting,Sitting
2025-01-28 21:28:54.500000+00:00,combi,Sitting,Sitting
2025-01-28 21:29:54.500000+00:00,combi,Sitting,Sitting
2025-01-28 21:30:54.500000+00:00,combi,Sitting,Sitting
2025-01-28 21:31:54.500000+00:00,combi,Sitting,Sitting
2025-01-28 21:32:54.500000+00:00,combi,Sitting,Standing
2025-01-28 21:33:54.500000+00:00,combi,Sitting,Sitting
2025-01-28 21:34:54.500000+00:00,combi,Sitting,Sitting
2025-01-28 21:35:54.500000+00:00,combi,Sitting,Sitting
2025-01-28 21:36:54.500000+00:00,combi,Sitting,Sitting
2025-01-28 21:37:54.500000+00:00,combi,Sitting,Sitting
2025-01-28 21:38:54.500000+00:00,combi,Standing,Sitting
2025-01-28 21:39:54.500000+00:00,combi,Sitting,Sitting
2025-01-28 21:40:54.500000+00:00,combi,Sitting,Sitting
2025-01-28 21:41:54.500000+00:00,combi,Sitting,Sitting
2025-01-28 21:42:54.500000+00:00,combi,Sitting,Sitting
2025-01-28 21:43:54.500000+00:00,combi,Sitting,Sitting
2025-01-28 21:44:54.500000+00:00,combi,Sitting,Sitting
2025-01-28 21:45:54.500000+00:00,combi,Sitting,Sitting
2025-01-28 21:46:54.500000+00:00,combi,Sitting,Sitting
2025-01-28 21:47:54.500000+00:00,combi,Sitting,Sitting
2025-01-28 21:48:54.500000+00:00,combi,Sitting,Sitting
2025-01-28 21:49:54.500000+00:00,combi,Sitting,Sitting
2025-01-28 21:50:54.500000+00:00,combi,Sitting,Sitting
2025-01-28 21:51:54.500000+00:00,combi,Sitting,Sitting
2025-01-28 21:52:54.500000+00:00,combi,Sitting,Sitting
2025-01-28 21:53:54.500000+00:00,combi,Sitting,Sitting
2025-01-28 21:54:54.500000+00:00,combi,Sitting,Sitting
2025-01-28 21:55:54.500000+00:00,combi,Sitting,Sitting
2025-01-28 21:56:54.500000+00:00,combi,Sitting,Sitting
2025-01-28 21:57:54.500000+00:00,combi,Sitting,Sitting
2025-01-28 21:58:54.500000+00:00,combi,Sitting,Sitting
2025-01-28 21:59:54.500000+00:00,combi,Sitting,Sitting
2025-01-28 22:00:54.500000+00:00,combi,Sitting,Sitting
2025-01-28 22:01:54.500000+00:00,combi,Sitting,Sitting
2025-01-28 22:02:54.500000+00:00,combi,Sitting,Sitting
2025-01-28 22:03:54.500000+00:00,combi,Sitting,Sitting
2025-01-28 22:04:54.500000+00:00,combi,Sitting,Sitting
2025-01-28 22:05:54.500000+00:00,combi,Sitting,Sitting
2025-01-28 22:06:54.500000+00:00,combi,Sitting,Sitting
2025-01-28 22:07:54.500000+00:00,combi,Sitting,Sitting
2025-01-28 22:08:54.500000+00:00,combi,Sitting,Sitting
2025-01-28 22:09:54.500000+00:00,combi,Sitting,Sitting
2025-01-28 22:10:54.500000+00:00,combi,Sitting,Sitting
2025-01-28 22:11:54.500000+00:00,combi,Sitting,Sitting
2025-01-28 22:12:54.500000+00:00,combi,Sitting,Sitting
2025-01-28 22:13:54.500000+00:00,combi,Sitting,Sitting
2025-01-28 22:14:54.500000+00:00,combi,Sitting,Sitting
2025-01-28 22:15:54.500000+00:00,combi,Standing,Standing
2025-01-28 22:16:54.500000+00:00,combi,Sitting,Sitting
2025-01-28 22:17:54.500000+00:00,combi,Sitting,Sitting
2025-01-28 22:18:54.500000+00:00,combi,Sitting,Sitting
2025-01-28 22:19:54.500000+00:00,combi,Sitting,Sitting
2025-01-28 22:20:54.500000+00:00,combi,Sitting,Sitting
2025-01-28 22:21:54.500000+00:00,combi,Sitting,Sitting
2025-01-28 22:22:54.500000+00:00,combi,Sitting,Sitting
2025-01-28 22:23:54.500000+00:00,combi,Sitting,Sitting
2025-01-28 22:24:54.500000+00:00,combi,Sitting,Sitting
2025-01-28 22:25:54.500000+00:00,combi,Sitting,Sitting
2025-01-28 22:26:54.500000+00:00,combi,Sitting,Sitting
2025-01-28 22:27:54.500000+00:00,combi,Sitting,Sitting
2025-01-28 22:28:54.500000+00:00,combi,Sitting,Sitting
2025-01-28 22:29:54.500000+00:00,combi,Sitting,Sitting
2025-01-28 22:30:54.500000+00:00,combi,Sitting,Sitting
2025-01-28 22:31:54.500000+00:00,combi,Sitting,Sitting
2025-01-28 22:32:54.500000+00:00,combi,Sitting,Sitting
2025-01-28 22:33:54.500000+00:00,combi,Sitting,Sitting
2025-01-28 22:34:54.500000+00:00,combi,Sitting,Sitting
2025-01-28 22:35:54.500000+00:00,combi,Sitting,Sitting
2025-01-28 22:36:54.500000+00:00,combi,Sitting,Sitting
2025-01-28 22:37:54.500000+00:00,combi,Sitting,Sitting
2025-01-28 22:38:54.500000+00:00,combi,Sitting,Sitting
2025-01-28 22:39:54.500000+00:00,combi,Sitting,Sitting
2025-01-28 22:40:54.500000+00:00,combi,Sitting,Sitting
2025-01-28 22:41:54.500000+00:00,combi,Sitting,Sitting
2025-01-28 22:42:54.500000+00:00,combi,Sitting,Sitting
2025-01-28 22:43:54.500000+00:00,combi,Sitting,Sitting
2025-01-28 22:44:54.500000+00:00,combi,Sitting,Sitting
2025-01-28 22:45:54.500000+00:00,combi,Sitting,Sitting
2025-01-28 22:46:54.500000+00:00,combi,Standing,Standing
2025-01-28 22:47:54.500000+00:00,combi,Sitting,Sitting
2025-01-28 22:48:54.500000+00:00,combi,Sitting,Sitting
2025-01-28 22:49:54.500000+00:00,combi,Sitting,Sitting
2025-01-28 22:50:54.500000+00:00,combi,Sitting,Sitting
2025-01-28 22:51:54.500000+00:00,combi,Sitting,Sitting
2025-01-28 22:52:54.500000+00:00,combi,Sitting,Sitting
2025-01-28 22:53:54.500000+00:00,combi,Sitting,Sitting
2025-01-28 22:54:54.500000+00:00,combi,Sitting,Sitting
2025-01-28 22:55:54.500000+00:00,combi,Sitting,Sitting
2025-01-28 22:56:54.500000+00:00,combi,Sitting,Sitting
2025-01-28 22:57:54.500000+00:00,combi,Sitting,Sitting
2025-01-28 22:58:54.500000+00:00,combi,Sitting,Sitting
2025-01-28 22:59:54.500000+00:00,combi,Sitting,Sitting
2025-01-28 23:00:54.500000+00:00,combi,Sitting,Sitting
2025-01-28 23:01:54.500000+00:00,combi,Sitting,Sitting
2025-01-28 23:02:54.500000+00:00,combi,Sitting,Sitting
2025-01-28 23:03:54.500000+00:00,combi,Sitting,Sitting
2025-01-28 23:04:54.500000+00:00,combi,Sitting,Sitting
2025-01-28 23:05:54.500000+00:00,combi,Sitting,Sitting
2025-01-28 23:06:54.500000+00:00,combi,Sitting,Sitting
2025-01-28 23:07:54.500000+00:00,combi,Standing,Standing
2025-01-28 23:08:54.500000+00:00,combi,Sitting,Sitting
2025-01-28 23:09:54.500000+00:00,combi,Sitting,Sitting
2025-01-28 23:10:54.500000+00:00,combi,Standing,Standing
2025-01-28 23:11:54.500000+00:00,combi,Standing,Standing
2025-01-28 23:12:54.500000+00:00,combi,Standing,Dynamic
2025-01-28 23:13:54.500000+00:00,combi,Standing,Dynamic
2025-01-28 23:14:54.500000+00:00,combi,Standing,Standing
2025-01-28 23:15:54.500000+00:00,combi,Standing,Dynamic
2025-01-28 23:16:54.500000+00:00,combi,Standing,Dynamic
2025-01-28 23:17:54.500000+00:00,combi,Standing,Dynamic
2025-01-28 23:18:54.500000+00:00,combi,Standing,Dynamic
2025-01-28 23:19:54.500000+00:00,combi,Standing,Dynamic
2025-01-28 23:20:54.500000+00:00,combi,Standing,Dynamic
2025-01-28 23:21:54.500000+00:00,combi,Standing,Dynamic
2025-01-28 23:22:54.500000+00:00,combi,Standing,Dynamic
2025-01-28 23:23:54.500000+00:00,combi,Standing,Dynamic
2025-01-28 23:24:54.500000+00:00,combi,Standing,Dynamic
2025-01-28 23:25:54.500000+00:00,combi,Standing,Dynamic
2025-01-28 23:26:54.500000+00:00,combi,Standing,Standing
2025-01-28 23:27:54.500000+00:00,combi,Standing,Standing
2025-01-28 23:28:54.500000+00:00,combi,Standing,Standing
2025-01-28 23:29:54.500000+00:00,combi,Standing,Standing
2025-01-28 23:30:54.500000+00:00,combi,Standing,Standing
2025-01-28 23:31:54.500000+00:00,combi,Standing,Standing
2025-01-28 23:32:54.500000+00:00,combi,Standing,Standing
2025-01-28 23:33:54.500000+00:00,combi,Standing,Standing
2025-01-28 23:34:54.500000+00:00,combi,Standing,Standing
2025-01-28 23:35:54.500000+00:00,combi,Standing,Standing
2025-01-28 23:36:54.500000+00:00,combi,Standing,Standing
2025-01-28 23:37:54.500000+00:00,combi,Standing,Standing
2025-01-28 23:38:54.500000+00:00,combi,Standing,Standing
2025-01-28 23:39:54.500000+00:00,combi,Standing,Standing
2025-01-28 23:40:54.500000+00:00,combi,Lying,Dynamic
2025-01-28 23:41:54.500000+00:00,combi,Lying,Dynamic
2025-01-28 23:42:54.500000+00:00,combi,Lying,Dynamic
2025-01-28 23:43:54.500000+00:00,combi,Standing,Dynamic
2025-01-28 23:44:54.500000+00:00,combi,Standing,Dynamic
2025-01-28 23:45:54.500000+00:00,combi,Standing,Dynamic
2025-01-28 23:46:54.500000+00:00,combi,Lying,Lying
2025-01-28 23:47:54.500000+00:00,combi,Lying,Lying
2025-01-28 23:48:54.500000+00:00,combi,Lying,Lying
2025-01-28 23:49:54.500000+00:00,combi,Lying,Lying
2025-01-28 23:50:54.500000+00:00,combi,Lying,Lying
2025-01-28 23:51:54.500000+00:00,combi,Lying,Lying
2025-01-28 23:52:54.500000+00:00,combi,Lying,Lying
2025-01-28 23:53:54.500000+00:00,combi,Lying,Lying
2025-01-28 23:54:54.500000+00:00,combi,Lying,Lying
2025-01-28 23:55:54.500000+00:00,combi,Lying,Lying
2025-01-28 23:56:54.500000+00:00,combi,Lying,Lying
2025-01-28 23:57:54.500000+00:00,combi,Lying,Lying
2025-01-28 23:58:54.500000+00:00,combi,Lying,Lying
2025-01-28 23:59:54.500000+00:00,combi,Lying,Lying
2025-01-29 00:00:54.500000+00:00,combi,Lying,Lying
2025-01-29 00:01:54.500000+00:00,combi,Lying,Lying
2025-01-29 00:02:54.500000+00:00,combi,Lying,Lying
2025-01-29 00:03:54.500000+00:00,combi,Sitting,Sitting
2025-01-29 00:04:54.500000+00:00,combi,Lying,Lying
2025-01-29 00:05:54.500000+00:00,combi,Lying,Lying
2025-01-29 00:06:54.500000+00:00,combi,Lying,Lying
2025-01-29 00:07:54.500000+00:00,combi,Lying,Lying
2025-01-29 00:08:54.500000+00:00,combi,Lying,Lying
2025-01-29 00:09:54.500000+00:00,combi,Standing,Standing
2025-01-29 00:10:54.500000+00:00,combi,Standing,Standing
2025-01-29 00:11:54.500000+00:00,combi,Standing,Standing
2025-01-29 00:12:54.500000+00:00,combi,Sitting,Sitting
2025-01-29 00:13:54.500000+00:00,combi,Sitting,Sitting
2025-01-29 00:14:54.500000+00:00,combi,Standing,Dynamic
2025-01-29 00:15:54.500000+00:00,combi,Standing,Standing
2025-01-29 00:16:54.500000+00:00,combi,Standing,Standing
2025-01-29 00:17:54.500000+00:00,combi,Standing,Standing
2025-01-29 00:18:54.500000+00:00,combi,Standing,Dynamic
2025-01-29 00:19:54.500000+00:00,combi,Standing,Dynamic
2025-01-29 00:20:54.500000+00:00,combi,Standing,Dynamic
2025-01-29 00:21:54.500000+00:00,combi,Standing,Dynamic
2025-01-29 00:22:54.500000+00:00,combi,Standing,Dynamic
2025-01-29 00:23:54.500000+00:00,combi,Standing,Dynamic
2025-01-29 00:24:54.500000+00:00,combi,Standing,Dynamic
2025-01-29 00:25:54.500000+00:00,combi,Standing,Dynamic
2025-01-29 00:26:54.500000+00:00,combi,Standing,Dynamic
2025-01-29 00:27:54.500000+00:00,combi,Standing,Dynamic
2025-01-29 00:28:54.500000+00:00,combi,Standing,Dynamic
2025-01-29 00:29:54.500000+00:00,combi,Standing,Standing
2025-01-29 00:30:54.500000+00:00,combi,Standing,Dynamic
2025-01-29 00:31:54.500000+00:00,combi,Standing,Dynamic
2025-01-29 00:32:54.500000+00:00,combi,Standing,Standing
2025-01-29 00:33:54.500000+00:00,combi,Standing,Dynamic
2025-01-29 00:34:54.500000+00:00,combi,Standing,Standing
2025-01-29 00:35:54.500000+00:00,combi,Standing,Dynamic
2025-01-29 00:36:54.500000+00:00,combi,Sitting,Sitting
2025-01-29 00:37:54.500000+00:00,combi,Sitting,Sitting
2025-01-29 00:38:54.500000+00:00,combi,Standing,Dynamic
2025-01-29 00:39:54.500000+00:00,combi,Standing,Dynamic
2025-01-29 00:40:54.500000+00:00,combi,Standing,Standing
2025-01-29 00:41:54.500000+00:00,combi,Standing,Dynamic
2025-01-29 00:42:54.500000+00:00,combi,Standing,Dynamic
2025-01-29 00:43:54.500000+00:00,combi,Standing,Dynamic
2025-01-29 00:44:54.500000+00:00,combi,Lying,Lying
2025-01-29 00:45:54.500000+00:00,combi,Lying,Lying
2025-01-29 00:46:54.500000+00:00,combi,Standing,Dynamic
2025-01-29 00:47:54.500000+00:00,combi,Standing,Dynamic
2025-01-29 00:48:54.500000+00:00,combi,Standing,Dynamic
2025-01-29 00:49:54.500000+00:00,combi,Sitting,Sitting
2025-01-29 00:50:54.500000+00:00,combi,Standing,Dynamic
2025-01-29 00:51:54.500000+00:00,combi,Standing,Dynamic
2025-01-29 00:52:54.500000+00:00,combi,Standing,Dynamic
2025-01-29 00:53:54.500000+00:00,combi,Standing,Standing
2025-01-29 00:54:54.500000+00:00,combi,Standing,Dynamic
2025-01-29 00:55:54.500000+00:00,combi,Sitting,Sitting
2025-01-29 00:56:54.500000+00:00,combi,Lying,Lying
2025-01-29 00:57:54.500000+00:00,combi,Lying,Lying
2025-01-29 00:58:54.500000+00:00,combi,Lying,Lying
2025-01-29 00:59:54.500000+00:00,combi,Lying,Lying
2025-01-29 01:00:54.500000+00:00,combi,Lying,Lying
2025-01-29 01:01:54.500000+00:00,combi,Lying,Lying
2025-01-29 01:02:54.500000+00:00,combi,Lying,Lying
2025-01-29 01:03:54.500000+00:00,combi,Lying,Lying
2025-01-29 01:04:54.500000+00:00,combi,Sitting,Sitting
2025-01-29 01:05:54.500000+00:00,combi,Lying,Lying
2025-01-29 01:06:54.500000+00:00,combi,Lying,Lying
2025-01-29 01:07:54.500000+00:00,combi,Lying,Lying
2025-01-29 01:08:54.500000+00:00,combi,Lying,Lying
2025-01-29 01:09:54.500000+00:00,combi,Lying,Lying
2025-01-29 01:10:54.500000+00:00,combi,Lying,Lying
2025-01-29 01:11:54.500000+00:00,combi,Sitting,Sitting
2025-01-29 01:12:54.500000+00:00,combi,Standing,Standing
2025-01-29 01:13:54.500000+00:00,combi,Sitting,Sitting
2025-01-29 01:14:54.500000+00:00,combi,Standing,Standing
2025-01-29 01:15:54.500000+00:00,combi,Sitting,Sitting
2025-01-29 01:16:54.500000+00:00,combi,Sitting,Sitting
2025-01-29 01:17:54.500000+00:00,combi,Sitting,Sitting
2025-01-29 01:18:54.500000+00:00,combi,Sitting,Sitting
2025-01-29 01:19:54.500000+00:00,combi,Lying,Lying
2025-01-29 01:20:54.500000+00:00,combi,Lying,Lying
2025-01-29 01:21:54.500000+00:00,combi,Lying,Lying
2025-01-29 01:22:54.500000+00:00,combi,Sitting,Sitting
2025-01-29 01:23:54.500000+00:00,combi,Sitting,Sitting
2025-01-29 01:24:54.500000+00:00,combi,Sitting,Sitting
2025-01-29 01:25:54.500000+00:00,combi,Lying,Lying
2025-01-29 01:26:54.500000+00:00,combi,Sitting,Sitting
2025-01-29 01:27:54.500000+00:00,combi,Lying,Lying
2025-01-29 01:28:54.500000+00:00,combi,Sitting,Sitting
2025-01-29 01:29:54.500000+00:00,combi,Sitting,Sitting
2025-01-29 01:30:54.500000+00:00,combi,Sitting,Sitting
2025-01-29 01:31:54.500000+00:00,combi,Standing,Sitting
2025-01-29 01:32:54.500000+00:00,combi,Standing,Standing
2025-01-29 01:33:54.500000+00:00,combi,Standing,Standing
2025-01-29 01:34:54.500000+00:00,combi,Standing,Standing
2025-01-29 01:35:54.500000+00:00,combi,Standing,Standing
2025-01-29 01:36:54.500000+00:00,combi,Sitting,Sitting
2025-01-29 01:37:54.500000+00:00,combi,Sitting,Sitting
2025-01-29 01:38:54.500000+00:00,combi,Standing,Dynamic
2025-01-29 01:39:54.500000+00:00,combi,Standing,Dynamic
2025-01-29 01:40:54.500000+00:00,combi,Sitting,Sitting
2025-01-29 01:41:54.500000+00:00,combi,Sitting,Sitting
2025-01-29 01:42:54.500000+00:00,combi,Standing,Standing
2025-01-29 01:43:54.500000+00:00,combi,Standing,Standing
2025-01-29 01:44:54.500000+00:00,combi,Standing,Standing
2025-01-29 01:45:54.500000+00:00,combi,Standing,Standing
2025-01-29 01:46:54.500000+00:00,combi,Standing,Standing
2025-01-29 01:47:54.500000+00:00,combi,Sitting,Sitting
2025-01-29 01:48:54.500000+00:00,combi,Sitting,Sitting
2025-01-29 01:49:54.500000+00:00,combi,Sitting,Sitting
2025-01-29 01:50:54.500000+00:00,combi,Lying,Lying
2025-01-29 01:51:54.500000+00:00,combi,Lying,Lying
2025-01-29 01:52:54.500000+00:00,combi,Lying,Lying
2025-01-29 01:53:54.500000+00:00,combi,Standing,Lying
2025-01-29 01:54:54.500000+00:00,combi,Sitting,Sitting
2025-01-29 01:55:54.500000+00:00,combi,Sitting,Sitting
2025-01-29 01:56:54.500000+00:00,combi,Sitting,Sitting
2025-01-29 01:57:54.500000+00:00,combi,Sitting,Sitting
2025-01-29 01:58:54.500000+00:00,combi,Sitting,Sitting
2025-01-29 01:59:54.500000+00:00,combi,Sitting,Sitting
2025-01-29 02:00:54.500000+00:00,combi,Sitting,Sitting
2025-01-29 02:01:54.500000+00:00,combi,Sitting,Sitting
2025-01-29 02:02:54.500000+00:00,combi,Sitting,Sitting
2025-01-29 02:03:54.500000+00:00,combi,Sitting,Sitting
2025-01-29 02:04:54.500000+00:00,combi,Sitting,Sitting
2025-01-29 02:05:54.500000+00:00,combi,Sitting,Sitting
2025-01-29 02:06:54.500000+00:00,combi,Sitting,Sitting
2025-01-29 02:07:54.500000+00:00,combi,Sitting,Sitting
2025-01-29 02:08:54.500000+00:00,combi,Sitting,Sitting
2025-01-29 02:09:54.500000+00:00,combi,Standing,Sitting
2025-01-29 02:10:54.500000+00:00,combi,Standing,Dynamic
2025-01-29 02:11:54.500000+00:00,combi,Standing,Dynamic
2025-01-29 02:12:54.500000+00:00,combi,Sitting,Sitting
2025-01-29 02:13:54.500000+00:00,combi,Sitting,Sitting
2025-01-29 02:14:54.500000+00:00,combi,Lying,Lying
2025-01-29 02:15:54.500000+00:00,combi,Lying,Sitting
2025-01-29 02:16:54.500000+00:00,combi,Lying,Lying
2025-01-29 02:17:54.500000+00:00,combi,Lying,Lying
2025-01-29 02:18:54.500000+00:00,combi,Standing,Dynamic
2025-01-29 02:19:54.500000+00:00,combi,Standing,Dynamic
2025-01-29 02:20:54.500000+00:00,combi,Standing,Dynamic
2025-01-29 02:21:54.500000+00:00,combi,Standing,Dynamic
2025-01-29 02:22:54.500000+00:00,combi,Standing,Dynamic
2025-01-29 02:23:54.500000+00:00,combi,Standing,Dynamic
2025-01-29 02:24:54.500000+00:00,combi,Standing,Dynamic
2025-01-29 02:25:54.500000+00:00,combi,Standing,Dynamic
2025-01-29 02:26:54.500000+00:00,combi,Standing,Dynamic
2025-01-29 02:27:54.500000+00:00,combi,Standing,Dynamic
2025-01-29 02:28:54.500000+00:00,combi,Standing,Dynamic
2025-01-29 02:29:54.500000+00:00,combi,Standing,Dynamic
2025-01-29 02:30:54.500000+00:00,combi,Standing,Dynamic
2025-01-29 02:31:54.500000+00:00,combi,Standing,Dynamic
2025-01-29 02:32:54.500000+00:00,combi,Standing,Dynamic
2025-01-29 02:33:54.500000+00:00,combi,Standing,Dynamic
2025-01-29 02:34:54.500000+00:00,combi,Standing,Dynamic
2025-01-29 02:35:54.500000+00:00,combi,Standing,Dynamic
2025-01-29 02:36:54.500000+00:00,combi,Standing,Dynamic
2025-01-29 02:37:54.500000+00:00,combi,Standing,Dynamic
2025-01-29 02:38:54.500000+00:00,combi,Standing,Dynamic
2025-01-29 02:39:54.500000+00:00,combi,Standing,Dynamic
2025-01-29 02:40:54.500000+00:00,combi,Standing,Dynamic
2025-01-29 02:41:54.500000+00:00,combi,Standing,Dynamic
2025-01-29 02:42:54.500000+00:00,combi,Standing,Dynamic
2025-01-29 02:43:54.500000+00:00,combi,Standing,Dynamic
2025-01-29 02:44:54.500000+00:00,combi,Standing,Dynamic
2025-01-29 02:45:54.500000+00:00,combi,Standing,Dynamic
2025-01-29 02:46:54.500000+00:00,combi,Standing,Dynamic
2025-01-29 02:47:54.500000+00:00,combi,Standing,Dynamic
2025-01-29 02:48:54.500000+00:00,combi,Standing,Dynamic
2025-01-29 02:49:54.500000+00:00,combi,Standing,Dynamic
2025-01-29 02:50:54.500000+00:00,combi,Standing,Dynamic
2025-01-29 02:51:54.500000+00:00,combi,Standing,Dynamic
2025-01-29 02:52:54.500000+00:00,combi,Standing,Dynamic
2025-01-29 02:53:54.500000+00:00,combi,Standing,Dynamic
2025-01-29 02:54:54.500000+00:00,combi,Standing,Dynamic
2025-01-29 02:55:54.500000+00:00,combi,Standing,Dynamic
2025-01-29 02:56:54.500000+00:00,combi,Standing,Dynamic
2025-01-29 02:57:54.500000+00:00,combi,Standing,Dynamic
2025-01-29 02:58:54.500000+00:00,combi,Standing,Dynamic
2025-01-29 02:59:54.500000+00:00,combi,Standing,Dynamic
2025-01-29 03:00:54.500000+00:00,combi,Standing,Dynamic
2025-01-29 03:01:54.500000+00:00,combi,Lying,Lying
2025-01-29 03:02:54.500000+00:00,combi,Standing,Standing
2025-01-29 03:03:54.500000+00:00,combi,Sitting,Dynamic
2025-01-29 03:04:54.500000+00:00,combi,Sitting,Sitting
2025-01-29 03:05:54.500000+00:00,combi,Sitting,Dynamic
2025-01-29 03:06:54.500000+00:00,combi,Sitting,Sitting
2025-01-29 03:07:54.500000+00:00,combi,Sitting,Sitting
2025-01-29 03:08:54.500000+00:00,combi,Sitting,Sitting
2025-01-29 03:09:54.500000+00:00,combi,Sitting,Sitting
2025-01-29 03:10:54.500000+00:00,combi,Sitting,Sitting
2025-01-29 03:11:54.500000+00:00,combi,Sitting,Sitting
2025-01-29 03:12:54.500000+00:00,combi,Lying,Lying
2025-01-29 03:13:54.500000+00:00,combi,Lying,Lying
2025-01-29 03:14:54.500000+00:00,combi,Lying,Lying
2025-01-29 03:15:54.500000+00:00,combi,Sitting,Sitting
2025-01-29 03:16:54.500000+00:00,combi,Sitting,Sitting
2025-01-29 03:17:54.500000+00:00,combi,Standing,Dynamic
2025-01-29 03:18:54.500000+00:00,combi,Standing,Standing
2025-01-29 03:19:54.500000+00:00,combi,Sitting,Sitting
2025-01-29 03:20:54.500000+00:00,combi,Sitting,Sitting
2025-01-29 03:21:54.500000+00:00,combi,Sitting,Sitting
2025-01-29 03:22:54.500000+00:00,combi,Sitting,Sitting
2025-01-29 03:23:54.500000+00:00,combi,Sitting,Sitting
2025-01-29 03:24:54.500000+00:00,combi,Sitting,Dynamic
2025-01-29 03:25:54.500000+00:00,combi,Standing,Standing
2025-01-29 03:26:54.500000+00:00,combi,Sitting,Sitting
2025-01-29 03:27:54.500000+00:00,combi,Sitting,Sitting
2025-01-29 03:28:54.500000+00:00,combi,Lying,Dynamic
2025-01-29 03:29:54.500000+00:00,combi,Lying,Lying
2025-01-29 03:30:54.500000+00:00,combi,Lying,Lying
2025-01-29 03:31:54.500000+00:00,combi,Lying,Lying
2025-01-29 03:32:54.500000+00:00,combi,Lying,Lying
2025-01-29 03:33:54.500000+00:00,combi,Lying,Lying
2025-01-29 03:34:54.500000+00:00,combi,Lying,Lying
2025-01-29 03:35:54.500000+00:00,combi,Lying,Lying
2025-01-29 03:36:54.500000+00:00,combi,Lying,Lying
2025-01-29 03:37:54.500000+00:00,combi,Lying,Lying
2025-01-29 03:38:54.500000+00:00,combi,Lying,Lying
2025-01-29 03:39:54.500000+00:00,combi,Lying,Lying
2025-01-29 03:40:54.500000+00:00,combi,Lying,Lying
2025-01-29 03:41:54.500000+00:00,combi,Lying,Lying
2025-01-29 03:42:54.500000+00:00,combi,Lying,Lying
2025-01-29 03:43:54.500000+00:00,combi,Lying,Lying
2025-01-29 03:44:54.500000+00:00,combi,Lying,Lying
2025-01-29 03:45:54.500000+00:00,combi,Lying,Lying
2025-01-29 03:46:54.500000+00:00,combi,Lying,Lying
2025-01-29 03:47:54.500000+00:00,combi,Lying,Lying
2025-01-29 03:48:54.500000+00:00,combi,Lying,Lying
2025-01-29 03:49:54.500000+00:00,combi,Lying,Lying
2025-01-29 03:50:54.500000+00:00,combi,Lying,Lying
2025-01-29 03:51:54.500000+00:00,combi,Lying,Lying
2025-01-29 03:52:54.500000+00:00,combi,Lying,Lying
2025-01-29 03:53:54.500000+00:00,combi,Lying,Lying
2025-01-29 03:54:54.500000+00:00,combi,Lying,Lying
2025-01-29 03:55:54.500000+00:00,combi,Lying,Lying
2025-01-29 03:56:54.500000+00:00,combi,Lying,Lying
2025-01-29 03:57:54.500000+00:00,combi,Lying,Lying
2025-01-29 03:58:54.500000+00:00,combi,Lying,Lying
2025-01-29 03:59:54.500000+00:00,combi,Lying,Lying
2025-01-29 04:00:54.500000+00:00,combi,Lying,Lying
2025-01-29 04:01:54.500000+00:00,combi,Lying,Lying
2025-01-29 04:02:54.500000+00:00,combi,Lying,Lying
2025-01-29 04:03:54.500000+00:00,combi,Lying,Lying
2025-01-29 04:04:54.500000+00:00,combi,Lying,Lying
2025-01-29 04:05:54.500000+00:00,combi,Lying,Lying
2025-01-29 04:06:54.500000+00:00,combi,Lying,Lying
2025-01-29 04:07:54.500000+00:00,combi,Lying,Lying
2025-01-29 04:08:54.500000+00:00,combi,Lying,Lying
2025-01-29 04:09:54.500000+00:00,combi,Lying,Lying
2025-01-29 04:10:54.500000+00:00,combi,Lying,Lying
2025-01-29 04:11:54.500000+00:00,combi,Lying,Lying
2025-01-29 04:12:54.500000+00:00,combi,Lying,Lying
2025-01-29 04:13:54.500000+00:00,combi,Lying,Lying
2025-01-29 04:14:54.500000+00:00,combi,Lying,Lying
2025-01-29 04:15:54.500000+00:00,combi,Lying,Lying
2025-01-29 04:16:54.500000+00:00,combi,Lying,Lying
2025-01-29 04:17:54.500000+00:00,combi,Lying,Lying
2025-01-29 04:18:54.500000+00:00,combi,Lying,Lying
2025-01-29 04:19:54.500000+00:00,combi,Lying,Lying
2025-01-29 04:20:54.500000+00:00,combi,Lying,Lying
2025-01-29 04:21:54.500000+00:00,combi,Lying,Lying
2025-01-29 04:22:54.500000+00:00,combi,Lying,Lying
2025-01-29 04:23:54.500000+00:00,combi,Lying,Lying
2025-01-29 04:24:54.500000+00:00,combi,Lying,Lying
2025-01-29 04:25:54.500000+00:00,combi,Lying,Lying
2025-01-29 04:26:54.500000+00:00,combi,Lying,Lying
2025-01-29 04:27:54.500000+00:00,combi,Lying,Lying
2025-01-29 04:28:54.500000+00:00,combi,Lying,Lying
2025-01-29 04:29:54.500000+00:00,combi,Lying,Lying
2025-01-29 04:30:54.500000+00:00,combi,Lying,Lying
2025-01-29 04:31:54.500000+00:00,combi,Lying,Lying
2025-01-29 04:32:54.500000+00:00,combi,Lying,Lying
2025-01-29 04:33:54.500000+00:00,combi,Lying,Lying
2025-01-29 04:34:54.500000+00:00,combi,Lying,Lying
2025-01-29 04:35:54.500000+00:00,combi,Lying,Lying
2025-01-29 04:36:54.500000+00:00,combi,Lying,Lying
2025-01-29 04:37:54.500000+00:00,combi,Lying,Lying
2025-01-29 04:38:54.500000+00:00,combi,Lying,Lying
2025-01-29 04:39:54.500000+00:00,combi,Lying,Lying
2025-01-29 04:40:54.500000+00:00,combi,Lying,Lying
2025-01-29 04:41:54.500000+00:00,combi,Lying,Lying
2025-01-29 04:42:54.500000+00:00,combi,Lying,Lying
2025-01-29 04:43:54.500000+00:00,combi,Lying,Lying
2025-01-29 04:44:54.500000+00:00,combi,Lying,Lying
2025-01-29 04:45:54.500000+00:00,combi,Lying,Lying
2025-01-29 04:46:54.500000+00:00,combi,Lying,Lying
2025-01-29 04:47:54.500000+00:00,combi,Lying,Lying
2025-01-29 04:48:54.500000+00:00,combi,Lying,Lying
2025-01-29 04:49:54.500000+00:00,combi,Lying,Lying
2025-01-29 04:50:54.500000+00:00,combi,Lying,Lying
2025-01-29 04:51:54.500000+00:00,combi,Lying,Lying
2025-01-29 04:52:54.500000+00:00,combi,Lying,Lying
2025-01-29 04:53:54.500000+00:00,combi,Lying,Lying
2025-01-29 04:54:54.500000+00:00,combi,Lying,Lying
2025-01-29 04:55:54.500000+00:00,combi,Lying,Lying
2025-01-29 04:56:54.500000+00:00,combi,Lying,Lying
2025-01-29 04:57:54.500000+00:00,combi,Lying,Lying
2025-01-29 04:58:54.500000+00:00,combi,Lying,Lying
2025-01-29 04:59:54.500000+00:00,combi,Lying,Lying
2025-01-29 05:00:54.500000+00:00,combi,Sitting,Sitting
2025-01-29 05:01:54.500000+00:00,combi,Sitting,Sitting
2025-01-29 05:02:54.500000+00:00,combi,Sitting,Sitting
2025-01-29 05:03:54.500000+00:00,combi,Lying,Lying
2025-01-29 05:04:54.500000+00:00,combi,Lying,Lying
2025-01-29 05:05:54.500000+00:00,combi,Lying,Lying
2025-01-29 05:06:54.500000+00:00,combi,Lying,Lying
2025-01-29 05:07:54.500000+00:00,combi,Lying,Lying
2025-01-29 05:08:54.500000+00:00,combi,Lying,Lying
2025-01-29 05:09:54.500000+00:00,combi,Lying,Lying
2025-01-29 05:10:54.500000+00:00,combi,Lying,Lying
2025-01-29 05:11:54.500000+00:00,combi,Lying,Lying
2025-01-29 05:12:54.500000+00:00,combi,Lying,Lying
2025-01-29 05:13:54.500000+00:00,combi,Lying,Lying
2025-01-29 05:14:54.500000+00:00,combi,Lying,Lying
2025-01-29 05:15:54.500000+00:00,combi,Lying,Lying
2025-01-29 05:16:54.500000+00:00,combi,Lying,Lying
2025-01-29 05:17:54.500000+00:00,combi,Lying,Lying
2025-01-29 05:18:54.500000+00:00,combi,Lying,Lying
2025-01-29 05:19:54.500000+00:00,combi,Lying,Lying
2025-01-29 05:20:54.500000+00:00,combi,Lying,Lying
2025-01-29 05:21:54.500000+00:00,combi,Lying,Lying
2025-01-29 05:22:54.500000+00:00,combi,Lying,Lying
2025-01-29 05:23:54.500000+00:00,combi,Lying,Lying
2025-01-29 05:24:54.500000+00:00,combi,Lying,Lying
2025-01-29 05:25:54.500000+00:00,combi,Lying,Lying
2025-01-29 05:26:54.500000+00:00,combi,Lying,Lying
2025-01-29 05:27:54.500000+00:00,combi,Lying,Lying
2025-01-29 05:28:54.500000+00:00,combi,Lying,Lying
2025-01-29 05:29:54.500000+00:00,combi,Lying,Lying
2025-01-29 05:30:54.500000+00:00,combi,Lying,Lying
2025-01-29 05:31:54.500000+00:00,combi,Lying,Lying
2025-01-29 05:32:54.500000+00:00,combi,Lying,Lying
2025-01-29 05:33:54.500000+00:00,combi,Lying,Lying
2025-01-29 05:34:54.500000+00:00,combi,Lying,Lying
2025-01-29 05:35:54.500000+00:00,combi,Lying,Lying
2025-01-29 05:36:54.500000+00:00,combi,Lying,Lying
2025-01-29 05:37:54.500000+00:00,combi,Lying,Lying
2025-01-29 05:38:54.500000+00:00,combi,Lying,Lying
2025-01-29 05:39:54.500000+00:00,combi,Lying,Lying
2025-01-29 05:40:54.500000+00:00,combi,Lying,Lying
2025-01-29 05:41:54.500000+00:00,combi,Lying,Lying
2025-01-29 05:42:54.500000+00:00,combi,Lying,Lying
2025-01-29 05:43:54.500000+00:00,combi,Lying,Lying
2025-01-29 05:44:54.500000+00:00,combi,Lying,Lying
2025-01-29 05:45:54.500000+00:00,combi,Lying,Lying
2025-01-29 05:46:54.500000+00:00,combi,Lying,Lying
2025-01-29 05:47:54.500000+00:00,combi,Lying,Lying
2025-01-29 05:48:54.500000+00:00,combi,Lying,Lying
2025-01-29 05:49:54.500000+00:00,combi,Lying,Lying
2025-01-29 05:50:54.500000+00:00,combi,Lying,Lying
2025-01-29 05:51:54.500000+00:00,combi,Lying,Lying
2025-01-29 05:52:54.500000+00:00,combi,Lying,Lying
2025-01-29 05:53:54.500000+00:00,combi,Lying,Lying
2025-01-29 05:54:54.500000+00:00,combi,Lying,Lying
2025-01-29 05:55:54.500000+00:00,combi,Lying,Lying
2025-01-29 05:56:54.500000+00:00,combi,Lying,Lying
2025-01-29 05:57:54.500000+00:00,combi,Lying,Lying
2025-01-29 05:58:54.500000+00:00,combi,Lying,Lying
2025-01-29 05:59:54.500000+00:00,combi,Lying,Lying
2025-01-29 06:00:54.500000+00:00,combi,Lying,Lying
2025-01-29 06:01:54.500000+00:00,combi,Lying,Lying
2025-01-29 06:02:54.500000+00:00,combi,Lying,Lying
2025-01-29 06:03:54.500000+00:00,combi,Lying,Lying
2025-01-29 06:04:54.500000+00:00,combi,Lying,Lying
2025-01-29 06:05:54.500000+00:00,combi,Lying,Lying
2025-01-29 06:06:54.500000+00:00,combi,Lying,Lying
2025-01-29 06:07:54.500000+00:00,combi,Lying,Lying
2025-01-29 06:08:54.500000+00:00,combi,Lying,Lying
2025-01-29 06:09:54.500000+00:00,combi,Lying,Lying
2025-01-29 06:10:54.500000+00:00,combi,Lying,Lying
2025-01-29 06:11:54.500000+00:00,combi,Lying,Lying
2025-01-29 06:12:54.500000+00:00,combi,Lying,Lying
2025-01-29 06:13:54.500000+00:00,combi,Lying,Lying
2025-01-29 06:14:54.500000+00:00,combi,Lying,Lying
2025-01-29 06:15:54.500000+00:00,combi,Lying,Lying
2025-01-29 06:16:54.500000+00:00,combi,Lying,Lying
2025-01-29 06:17:54.500000+00:00,combi,Lying,Lying
2025-01-29 06:18:54.500000+00:00,combi,Lying,Lying
2025-01-29 06:19:54.500000+00:00,combi,Lying,Lying
2025-01-29 06:20:54.500000+00:00,combi,Lying,Lying
2025-01-29 06:21:54.500000+00:00,combi,Lying,Lying
2025-01-29 06:22:54.500000+00:00,combi,Lying,Lying
2025-01-29 06:23:54.500000+00:00,combi,Lying,Lying
2025-01-29 06:24:54.500000+00:00,combi,Lying,Lying
2025-01-29 06:25:54.500000+00:00,combi,Lying,Lying
2025-01-29 06:26:54.500000+00:00,combi,Lying,Lying
2025-01-29 06:27:54.500000+00:00,combi,Lying,Lying
2025-01-29 06:28:54.500000+00:00,combi,Lying,Lying
2025-01-29 06:29:54.500000+00:00,combi,Lying,Lying
2025-01-29 06:30:54.500000+00:00,combi,Lying,Lying
2025-01-29 06:31:54.500000+00:00,combi,Lying,Lying
2025-01-29 06:32:54.500000+00:00,combi,Lying,Lying
2025-01-29 06:33:54.500000+00:00,combi,Lying,Lying
2025-01-29 06:34:54.500000+00:00,combi,Lying,Lying
2025-01-29 06:35:54.500000+00:00,combi,Lying,Lying
2025-01-29 06:36:54.500000+00:00,combi,Lying,Lying
2025-01-29 06:37:54.500000+00:00,combi,Lying,Lying
2025-01-29 06:38:54.500000+00:00,combi,Lying,Lying
2025-01-29 06:39:54.500000+00:00,combi,Lying,Lying
2025-01-29 06:40:54.500000+00:00,combi,Lying,Lying
2025-01-29 06:41:54.500000+00:00,combi,Lying,Lying
2025-01-29 06:42:54.500000+00:00,combi,Lying,Lying
2025-01-29 06:43:54.500000+00:00,combi,Lying,Lying
2025-01-29 06:44:54.500000+00:00,combi,Lying,Lying
2025-01-29 06:45:54.500000+00:00,combi,Lying,Lying
2025-01-29 06:46:54.500000+00:00,combi,Lying,Lying
2025-01-29 06:47:54.500000+00:00,combi,Lying,Lying
2025-01-29 06:48:54.500000+00:00,combi,Lying,Lying
2025-01-29 06:49:54.500000+00:00,combi,Lying,Lying
2025-01-29 06:50:54.500000+00:00,combi,Lying,Lying
2025-01-29 06:51:54.500000+00:00,combi,Sitting,Sitting
2025-01-29 06:52:54.500000+00:00,combi,Lying,Lying
