Time,Participant,Majority_postures,Majority_including_dynamic
2024-11-15 10:42:18.500000+00:00,combi,Standing,Standing
2024-11-15 10:43:18.500000+00:00,combi,Standing,Standing
2024-11-15 10:44:18.500000+00:00,combi,Standing,Standing
2024-11-15 10:45:18.500000+00:00,combi,Standing,Standing
2024-11-15 10:46:18.500000+00:00,combi,Standing,Standing
2024-11-15 10:47:18.500000+00:00,combi,Standing,Standing
2024-11-15 10:48:18.500000+00:00,combi,Standing,Standing
2024-11-15 10:49:18.500000+00:00,combi,Standing,Standing
2024-11-15 10:50:18.500000+00:00,combi,Standing,Standing
2024-11-15 10:51:18.500000+00:00,combi,Standing,Standing
2024-11-15 10:52:18.500000+00:00,combi,Standing,Standing
2024-11-15 10:53:18.500000+00:00,combi,Standing,Dynamic
2024-11-15 10:54:18.500000+00:00,combi,Standing,Standing
2024-11-15 10:55:18.500000+00:00,combi,Sitting,Sitting
2024-11-15 10:56:18.500000+00:00,combi,Standing,Standing
2024-11-15 10:57:18.500000+00:00,combi,Sitting,Sitting
2024-11-15 10:58:18.500000+00:00,combi,Sitting,Sitting
2024-11-15 10:59:18.500000+00:00,combi,Sitting,Sitting
2024-11-15 11:00:18.500000+00:00,combi,Sitting,Sitting
2024-11-15 11:01:18.500000+00:00,combi,Lying,Lying
2024-11-15 11:02:18.500000+00:00,combi,Lying,Lying
2024-11-15 11:03:18.500000+00:00,combi,Lying,Lying
2024-11-15 11:04:18.500000+00:00,combi,Lying,Lying
2024-11-15 11:05:18.500000+00:00,combi,Sitting,Sitting
2024-11-15 11:06:18.500000+00:00,combi,Sitting,Sitting
2024-11-15 11:07:18.500000+00:00,combi,Sitting,Sitting
2024-11-15 11:08:18.500000+00:00,combi,Sitting,Sitting
2024-11-15 11:09:18.500000+00:00,combi,Sitting,Sitting
2024-11-15 11:10:18.500000+00:00,combi,Sitting,Sitting
2024-11-15 11:11:18.500000+00:00,combi,Sitting,Sitting
2024-11-15 11:12:18.500000+00:00,combi,Sitting,Sitting
2024-11-15 11:13:18.500000+00:00,combi,Sitting,Sitting
2024-11-15 11:14:18.500000+00:00,combi,Standing,Standing
2024-11-15 11:15:18.500000+00:00,combi,Standing,Sitting
2024-11-15 11:16:18.500000+00:00,combi,Standing,Standing
2024-11-15 11:17:18.500000+00:00,combi,Standing,Standing
2024-11-15 11:18:18.500000+00:00,combi,Standing,Standing
2024-11-15 11:19:18.500000+00:00,combi,Lying,Lying
2024-11-15 11:20:18.500000+00:00,combi,Lying,Lying
2024-11-15 11:21:18.500000+00:00,combi,Lying,Lying
2024-11-15 11:22:18.500000+00:00,combi,Lying,Lying
2024-11-15 11:23:18.500000+00:00,combi,Lying,Lying
2024-11-15 11:24:18.500000+00:00,combi,Lying,Lying
2024-11-15 11:25:18.500000+00:00,combi,Lying,Lying
2024-11-15 11:26:18.500000+00:00,combi,Lying,Lying
2024-11-15 11:27:18.500000+00:00,combi,Lying,Lying
2024-11-15 11:28:18.500000+00:00,combi,Lying,Lying
2024-11-15 11:29:18.500000+00:00,combi,Lying,Lying
2024-11-15 11:30:18.500000+00:00,combi,Sitting,Sitting
2024-11-15 11:31:18.500000+00:00,combi,Standing,Standing
2024-11-15 11:32:18.500000+00:00,combi,Standing,Standing
2024-11-15 11:33:18.500000+00:00,combi,Sitting,Sitting
2024-11-15 11:34:18.500000+00:00,combi,Sitting,Sitting
2024-11-15 11:35:18.500000+00:00,combi,Sitting,Sitting
2024-11-15 11:36:18.500000+00:00,combi,Sitting,Sitting
2024-11-15 11:37:18.500000+00:00,combi,Sitting,Sitting
2024-11-15 11:38:18.500000+00:00,combi,Sitting,Sitting
2024-11-15 11:39:18.500000+00:00,combi,Standing,Standing
2024-11-15 11:40:18.500000+00:00,combi,Standing,Standing
2024-11-15 11:41:18.500000+00:00,combi,Standing,Standing
2024-11-15 11:42:18.500000+00:00,combi,Standing,Standing
2024-11-15 11:43:18.500000+00:00,combi,Standing,Standing
2024-11-15 11:44:18.500000+00:00,combi,Standing,Standing
2024-11-15 11:45:18.500000+00:00,combi,Standing,Standing
2024-11-15 11:46:18.500000+00:00,combi,Standing,Standing
2024-11-15 11:47:18.500000+00:00,combi,Standing,Standing
2024-11-15 11:48:18.500000+00:00,combi,Standing,Standing
2024-11-15 11:49:18.500000+00:00,combi,Standing,Standing
2024-11-15 11:50:18.500000+00:00,combi,Sitting,Sitting
2024-11-15 11:51:18.500000+00:00,combi,Sitting,Sitting
2024-11-15 11:52:18.500000+00:00,combi,Sitting,Sitting
2024-11-15 11:53:18.500000+00:00,combi,Sitting,Sitting
2024-11-15 11:54:18.500000+00:00,combi,Sitting,Sitting
2024-11-15 11:55:18.500000+00:00,combi,Sitting,Sitting
2024-11-15 11:56:18.500000+00:00,combi,Sitting,Sitting
2024-11-15 11:57:18.500000+00:00,combi,Sitting,Sitting
2024-11-15 11:58:18.500000+00:00,combi,Sitting,Sitting
2024-11-15 11:59:18.500000+00:00,combi,Sitting,Sitting
2024-11-15 12:00:18.500000+00:00,combi,Sitting,Sitting
2024-11-15 12:01:18.500000+00:00,combi,Sitting,Sitting
2024-11-15 12:02:18.500000+00:00,combi,Sitting,Sitting
2024-11-15 12:03:18.500000+00:00,combi,Sitting,Sitting
2024-11-15 12:04:18.500000+00:00,combi,Sitting,Sitting
2024-11-15 12:05:18.500000+00:00,combi,Sitting,Sitting
2024-11-15 12:06:18.500000+00:00,combi,Sitting,Sitting
2024-11-15 12:07:18.500000+00:00,combi,Sitting,Sitting
2024-11-15 12:08:18.500000+00:00,combi,Sitting,Sitting
2024-11-15 12:09:18.500000+00:00,combi,Sitting,Sitting
2024-11-15 12:10:18.500000+00:00,combi,Sitting,Sitting
2024-11-15 12:11:18.500000+00:00,combi,Sitting,Sitting
2024-11-15 12:12:18.500000+00:00,combi,Sitting,Sitting
2024-11-15 12:13:18.500000+00:00,combi,Sitting,Sitting
2024-11-15 12:14:18.500000+00:00,combi,Sitting,Sitting
2024-11-15 12:15:18.500000+00:00,combi,Standing,Standing
2024-11-15 12:16:18.500000+00:00,combi,Standing,Standing
2024-11-15 12:17:18.500000+00:00,combi,Standing,Standing
2024-11-15 12:18:18.500000+00:00,combi,Standing,Standing
2024-11-15 12:19:18.500000+00:00,combi,Standing,Standing
2024-11-15 12:20:18.500000+00:00,combi,Standing,Standing
2024-11-15 12:21:18.500000+00:00,combi,Standing,Standing
2024-11-15 12:22:18.500000+00:00,combi,Standing,Dynamic
2024-11-15 12:23:18.500000+00:00,combi,Standing,Dynamic
2024-11-15 12:24:18.500000+00:00,combi,Standing,Standing
2024-11-15 12:25:18.500000+00:00,combi,Standing,Dynamic
2024-11-15 12:26:18.500000+00:00,combi,Lying,Dynamic
2024-11-15 12:27:18.500000+00:00,combi,Lying,Dynamic
2024-11-15 12:28:18.500000+00:00,combi,Lying,Dynamic
2024-11-15 12:29:18.500000+00:00,combi,Lying,Dynamic
2024-11-15 12:30:18.500000+00:00,combi,Lying,Dynamic
2024-11-15 12:31:18.500000+00:00,combi,Lying,Dynamic
2024-11-15 12:32:18.500000+00:00,combi,Lying,Dynamic
2024-11-15 12:33:18.500000+00:00,combi,Standing,Dynamic
2024-11-15 12:34:18.500000+00:00,combi,Standing,Dynamic
2024-11-15 12:35:18.500000+00:00,combi,Standing,Standing
2024-11-15 12:36:18.500000+00:00,combi,Sitting,Sitting
2024-11-15 12:37:18.500000+00:00,combi,Sitting,Sitting
2024-11-15 12:38:18.500000+00:00,combi,Sitting,Sitting
2024-11-15 12:39:18.500000+00:00,combi,Sitting,Sitting
2024-11-15 12:40:18.500000+00:00,combi,Sitting,Sitting
2024-11-15 12:41:18.500000+00:00,combi,Sitting,Sitting
2024-11-15 12:42:18.500000+00:00,combi,Standing,Standing
2024-11-15 12:43:18.500000+00:00,combi,Sitting,Sitting
2024-11-15 12:44:18.500000+00:00,combi,Standing,Standing
2024-11-15 12:45:18.500000+00:00,combi,Sitting,Sitting
2024-11-15 12:46:18.500000+00:00,combi,Standing,Dynamic
2024-11-15 12:47:18.500000+00:00,combi,Standing,Standing
2024-11-15 12:48:18.500000+00:00,combi,Standing,Standing
2024-11-15 12:49:18.500000+00:00,combi,Standing,Standing
2024-11-15 12:50:18.500000+00:00,combi,Standing,Dynamic
2024-11-15 12:51:18.500000+00:00,combi,Sitting,Sitting
2024-11-15 12:52:18.500000+00:00,combi,Sitting,Sitting
2024-11-15 12:53:18.500000+00:00,combi,Sitting,Sitting
2024-11-15 12:54:18.500000+00:00,combi,Sitting,Sitting
2024-11-15 12:55:18.500000+00:00,combi,Standing,Sitting
2024-11-15 12:56:18.500000+00:00,combi,Standing,Standing
2024-11-15 12:57:18.500000+00:00,combi,Standing,Dynamic
2024-11-15 12:58:18.500000+00:00,combi,Standing,Dynamic
2024-11-15 12:59:18.500000+00:00,combi,Standing,Standing
2024-11-15 13:00:18.500000+00:00,combi,Standing,Dynamic
2024-11-15 13:01:18.500000+00:00,combi,Sitting,Sitting
2024-11-15 13:02:18.500000+00:00,combi,Sitting,Dynamic
2024-11-15 13:03:18.500000+00:00,combi,Sitting,Sitting
2024-11-15 13:04:18.500000+00:00,combi,Standing,Standing
2024-11-15 13:05:18.500000+00:00,combi,Standing,Standing
2024-11-15 13:06:18.500000+00:00,combi,Standing,Dynamic
2024-11-15 13:07:18.500000+00:00,combi,Standing,Dynamic
2024-11-15 13:08:18.500000+00:00,combi,Sitting,Dynamic
2024-11-15 13:09:18.500000+00:00,combi,Sitting,Sitting
2024-11-15 13:10:18.500000+00:00,combi,Sitting,Sitting
2024-11-15 13:11:18.500000+00:00,combi,Sitting,Sitting
2024-11-15 13:12:18.500000+00:00,combi,Sitting,Sitting
2024-11-15 13:13:18.500000+00:00,combi,Sitting,Sitting
2024-11-15 13:14:18.500000+00:00,combi,Sitting,Sitting
2024-11-15 13:15:18.500000+00:00,combi,Sitting,Sitting
2024-11-15 13:16:18.500000+00:00,combi,Sitting,Sitting
2024-11-15 13:17:18.500000+00:00,combi,Standing,Standing
2024-11-15 13:18:18.500000+00:00,combi,Sitting,Sitting
2024-11-15 13:19:18.500000+00:00,combi,Sitting,Sitting
2024-11-15 13:20:18.500000+00:00,combi,Sitting,Sitting
2024-11-15 13:21:18.500000+00:00,combi,Sitting,Sitting
2024-11-15 13:22:18.500000+00:00,combi,Sitting,Sitting
2024-11-15 13:23:18.500000+00:00,combi,Standing,Standing
2024-11-15 13:24:18.500000+00:00,combi,Sitting,Sitting
2024-11-15 13:25:18.500000+00:00,combi,Sitting,Sitting
2024-11-15 13:26:18.500000+00:00,combi,Sitting,Sitting
2024-11-15 13:27:18.500000+00:00,combi,Sitting,Sitting
2024-11-15 13:28:18.500000+00:00,combi,Sitting,Sitting
2024-11-15 13:29:18.500000+00:00,combi,Sitting,Sitting
2024-11-15 13:30:18.500000+00:00,combi,Sitting,Sitting
2024-11-15 13:31:18.500000+00:00,combi,Sitting,Sitting
2024-11-15 13:32:18.500000+00:00,combi,Sitting,Sitting
2024-11-15 13:33:18.500000+00:00,combi,Sitting,Sitting
2024-11-15 13:34:18.500000+00:00,combi,Sitting,Sitting
2024-11-15 13:35:18.500000+00:00,combi,Sitting,Sitting
2024-11-15 13:36:18.500000+00:00,combi,Standing,Standing
2024-11-15 13:37:18.500000+00:00,combi,Sitting,Sitting
2024-11-15 13:38:18.500000+00:00,combi,Sitting,Sitting
2024-11-15 13:39:18.500000+00:00,combi,Sitting,Sitting
2024-11-15 13:40:18.500000+00:00,combi,Sitting,Sitting
2024-11-15 13:41:18.500000+00:00,combi,Sitting,Sitting
2024-11-15 13:42:18.500000+00:00,combi,Sitting,Sitting
2024-11-15 13:43:18.500000+00:00,combi,Sitting,Sitting
2024-11-15 13:44:18.500000+00:00,combi,Sitting,Sitting
2024-11-15 13:45:18.500000+00:00,combi,Sitting,Sitting
2024-11-15 13:46:18.500000+00:00,combi,Sitting,Sitting
2024-11-15 13:47:18.500000+00:00,combi,Sitting,Sitting
2024-11-15 13:48:18.500000+00:00,combi,Sitting,Sitting
2024-11-15 13:49:18.500000+00:00,combi,Sitting,Sitting
2024-11-15 13:50:18.500000+00:00,combi,Sitting,Sitting
2024-11-15 13:51:18.500000+00:00,combi,Standing,Standing
2024-11-15 13:52:18.500000+00:00,combi,Standing,Standing
2024-11-15 13:53:18.500000+00:00,combi,Standing,Standing
2024-11-15 13:54:18.500000+00:00,combi,Standing,Standing
2024-11-15 13:55:18.500000+00:00,combi,Standing,Standing
2024-11-15 13:56:18.500000+00:00,combi,Standing,Standing
2024-11-15 13:57:18.500000+00:00,combi,Standing,Standing
2024-11-15 13:58:18.500000+00:00,combi,Standing,Standing
2024-11-15 13:59:18.500000+00:00,combi,Standing,Dynamic
2024-11-15 14:00:18.500000+00:00,combi,Standing,Standing
2024-11-15 14:01:18.500000+00:00,combi,Standing,Standing
2024-11-15 14:02:18.500000+00:00,combi,Standing,Standing
2024-11-15 14:03:18.500000+00:00,combi,Standing,Standing
2024-11-15 14:04:18.500000+00:00,combi,Standing,Standing
2024-11-15 14:05:18.500000+00:00,combi,Standing,Standing
2024-11-15 14:06:18.500000+00:00,combi,Standing,Standing
2024-11-15 14:07:18.500000+00:00,combi,Standing,Standing
2024-11-15 14:08:18.500000+00:00,combi,Standing,Standing
2024-11-15 14:09:18.500000+00:00,combi,Standing,Standing
2024-11-15 14:10:18.500000+00:00,combi,Standing,Standing
2024-11-15 14:11:18.500000+00:00,combi,Standing,Standing
2024-11-15 14:12:18.500000+00:00,combi,Standing,Standing
2024-11-15 14:13:18.500000+00:00,combi,Standing,Standing
2024-11-15 14:14:18.500000+00:00,combi,Standing,Standing
2024-11-15 14:15:18.500000+00:00,combi,Standing,Standing
2024-11-15 14:16:18.500000+00:00,combi,Sitting,Sitting
2024-11-15 14:17:18.500000+00:00,combi,Sitting,Sitting
2024-11-15 14:18:18.500000+00:00,combi,Standing,Standing
2024-11-15 14:19:18.500000+00:00,combi,Sitting,Sitting
2024-11-15 14:20:18.500000+00:00,combi,Sitting,Sitting
2024-11-15 14:21:18.500000+00:00,combi,Sitting,Sitting
2024-11-15 14:22:18.500000+00:00,combi,Sitting,Sitting
2024-11-15 14:23:18.500000+00:00,combi,Sitting,Sitting
2024-11-15 14:24:18.500000+00:00,combi,Standing,Dynamic
2024-11-15 14:25:18.500000+00:00,combi,Sitting,Dynamic
2024-11-15 14:26:18.500000+00:00,combi,Sitting,Sitting
2024-11-15 14:27:18.500000+00:00,combi,Sitting,Sitting
2024-11-15 14:28:18.500000+00:00,combi,Sitting,Sitting
2024-11-15 14:29:18.500000+00:00,combi,Sitting,Sitting
2024-11-15 14:30:18.500000+00:00,combi,Sitting,Sitting
2024-11-15 14:31:18.500000+00:00,combi,Sitting,Sitting
2024-11-15 14:32:18.500000+00:00,combi,Sitting,Sitting
2024-11-15 14:33:18.500000+00:00,combi,Sitting,Sitting
2024-11-15 14:34:18.500000+00:00,combi,Sitting,Sitting
2024-11-15 14:35:18.500000+00:00,combi,Sitting,Sitting
2024-11-15 14:36:18.500000+00:00,combi,Sitting,Sitting
2024-11-15 14:37:18.500000+00:00,combi,Sitting,Dynamic
2024-11-15 14:38:18.500000+00:00,combi,Standing,Standing
2024-11-15 14:39:18.500000+00:00,combi,Standing,Standing
2024-11-15 14:40:18.500000+00:00,combi,Standing,Standing
2024-11-15 14:41:18.500000+00:00,combi,Standing,Standing
2024-11-15 14:42:18.500000+00:00,combi,Standing,Dynamic
2024-11-15 14:43:18.500000+00:00,combi,Sitting,Sitting
2024-11-15 14:44:18.500000+00:00,combi,Standing,Dynamic
2024-11-15 14:45:18.500000+00:00,combi,Standing,Dynamic
2024-11-15 14:46:18.500000+00:00,combi,Standing,Dynamic
2024-11-15 14:47:18.500000+00:00,combi,Standing,Dynamic
2024-11-15 14:48:18.500000+00:00,combi,Lying,Dynamic
2024-11-15 14:49:18.500000+00:00,combi,Standing,Standing
2024-11-15 14:50:18.500000+00:00,combi,Standing,Dynamic
2024-11-15 14:51:18.500000+00:00,combi,Standing,Dynamic
2024-11-15 14:52:18.500000+00:00,combi,Lying,Dynamic
2024-11-15 14:53:18.500000+00:00,combi,Standing,Standing
2024-11-15 14:54:18.500000+00:00,combi,Lying,Dynamic
2024-11-15 14:55:18.500000+00:00,combi,Lying,Dynamic
2024-11-15 14:56:18.500000+00:00,combi,Lying,Dynamic
2024-11-15 14:57:18.500000+00:00,combi,Lying,Dynamic
2024-11-15 14:58:18.500000+00:00,combi,Sitting,Dynamic
2024-11-15 14:59:18.500000+00:00,combi,Standing,Dynamic
2024-11-15 15:00:18.500000+00:00,combi,Standing,Dynamic
2024-11-15 15:01:18.500000+00:00,combi,Lying,Dynamic
2024-11-15 15:02:18.500000+00:00,combi,Lying,Dynamic
2024-11-15 15:03:18.500000+00:00,combi,Lying,Dynamic
2024-11-15 15:04:18.500000+00:00,combi,Lying,Dynamic
2024-11-15 15:05:18.500000+00:00,combi,Lying,Dynamic
2024-11-15 15:06:18.500000+00:00,combi,Lying,Dynamic
2024-11-15 15:07:18.500000+00:00,combi,Standing,Standing
2024-11-15 15:08:18.500000+00:00,combi,Standing,Standing
2024-11-15 15:09:18.500000+00:00,combi,Standing,Standing
2024-11-15 15:10:18.500000+00:00,combi,Standing,Standing
2024-11-15 15:11:18.500000+00:00,combi,Standing,Standing
2024-11-15 15:12:18.500000+00:00,combi,Standing,Standing
2024-11-15 15:13:18.500000+00:00,combi,Standing,Standing
2024-11-15 15:14:18.500000+00:00,combi,Standing,Standing
2024-11-15 15:15:18.500000+00:00,combi,Standing,Standing
2024-11-15 15:16:18.500000+00:00,combi,Standing,Standing
2024-11-15 15:17:18.500000+00:00,combi,Lying,Dynamic
2024-11-15 15:18:18.500000+00:00,combi,Lying,Dynamic
2024-11-15 15:19:18.500000+00:00,combi,Lying,Dynamic
2024-11-15 15:20:18.500000+00:00,combi,Lying,Dynamic
2024-11-15 15:21:18.500000+00:00,combi,Lying,Dynamic
2024-11-15 15:22:18.500000+00:00,combi,Lying,Dynamic
2024-11-15 15:23:18.500000+00:00,combi,Standing,Dynamic
2024-11-15 15:24:18.500000+00:00,combi,Standing,Dynamic
2024-11-15 15:25:18.500000+00:00,combi,Standing,Dynamic
2024-11-15 15:26:18.500000+00:00,combi,Sitting,Sitting
2024-11-15 15:27:18.500000+00:00,combi,Sitting,Sitting
2024-11-15 15:28:18.500000+00:00,combi,Sitting,Sitting
2024-11-15 15:29:18.500000+00:00,combi,Sitting,Sitting
2024-11-15 15:30:18.500000+00:00,combi,Sitting,Sitting
2024-11-15 15:31:18.500000+00:00,combi,Sitting,Sitting
2024-11-15 15:32:18.500000+00:00,combi,Standing,Dynamic
2024-11-15 15:33:18.500000+00:00,combi,Standing,Dynamic
2024-11-15 15:34:18.500000+00:00,combi,Sitting,Sitting
2024-11-15 15:35:18.500000+00:00,combi,Sitting,Sitting
2024-11-15 15:36:18.500000+00:00,combi,Sitting,Sitting
2024-11-15 15:37:18.500000+00:00,combi,Sitting,Sitting
2024-11-15 15:38:18.500000+00:00,combi,Sitting,Sitting
2024-11-15 15:39:18.500000+00:00,combi,Sitting,Sitting
2024-11-15 15:40:18.500000+00:00,combi,Sitting,Sitting
2024-11-15 15:41:18.500000+00:00,combi,Sitting,Sitting
2024-11-15 15:42:18.500000+00:00,combi,Sitting,Sitting
2024-11-15 15:43:18.500000+00:00,combi,Sitting,Sitting
2024-11-15 15:44:18.500000+00:00,combi,Sitting,Sitting
2024-11-15 15:45:18.500000+00:00,combi,Sitting,Sitting
2024-11-15 15:46:18.500000+00:00,combi,Sitting,Sitting
2024-11-15 15:47:18.500000+00:00,combi,Sitting,Sitting
2024-11-15 15:48:18.500000+00:00,combi,Sitting,Sitting
2024-11-15 15:49:18.500000+00:00,combi,Sitting,Sitting
2024-11-15 15:50:18.500000+00:00,combi,Sitting,Sitting
2024-11-15 15:51:18.500000+00:00,combi,Sitting,Sitting
2024-11-15 15:52:18.500000+00:00,combi,Sitting,Sitting
2024-11-15 15:53:18.500000+00:00,combi,Sitting,Sitting
2024-11-15 15:54:18.500000+00:00,combi,Sitting,Sitting
2024-11-15 15:55:18.500000+00:00,combi,Sitting,Sitting
2024-11-15 15:56:18.500000+00:00,combi,Sitting,Sitting
2024-11-15 15:57:18.500000+00:00,combi,Sitting,Sitting
2024-11-15 15:58:18.500000+00:00,combi,Sitting,Sitting
2024-11-15 15:59:18.500000+00:00,combi,Sitting,Sitting
2024-11-15 16:00:18.500000+00:00,combi,Sitting,Sitting
2024-11-15 16:01:18.500000+00:00,combi,Sitting,Sitting
2024-11-15 16:02:18.500000+00:00,combi,Standing,Dynamic
2024-11-15 16:03:18.500000+00:00,combi,Standing,Dynamic
2024-11-15 16:04:18.500000+00:00,combi,Sitting,Sitting
2024-11-15 16:05:18.500000+00:00,combi,Sitting,Sitting
2024-11-15 16:06:18.500000+00:00,combi,Sitting,Sitting
2024-11-15 16:07:18.500000+00:00,combi,Sitting,Sitting
2024-11-15 16:08:18.500000+00:00,combi,Sitting,Sitting
2024-11-15 16:09:18.500000+00:00,combi,Sitting,Sitting
2024-11-15 16:10:18.500000+00:00,combi,Standing,Dynamic
2024-11-15 16:11:18.500000+00:00,combi,Standing,Dynamic
2024-11-15 16:12:18.500000+00:00,combi,Standing,Standing
2024-11-15 16:13:18.500000+00:00,combi,Standing,Standing
2024-11-15 16:14:18.500000+00:00,combi,Standing,Standing
2024-11-15 16:15:18.500000+00:00,combi,Standing,Standing
2024-11-15 16:16:18.500000+00:00,combi,Standing,Standing
2024-11-15 16:17:18.500000+00:00,combi,Standing,Standing
2024-11-15 16:18:18.500000+00:00,combi,Sitting,Sitting
2024-11-15 16:19:18.500000+00:00,combi,Sitting,Sitting
2024-11-15 16:20:18.500000+00:00,combi,Sitting,Sitting
2024-11-15 16:21:18.500000+00:00,combi,Sitting,Sitting
2024-11-15 16:22:18.500000+00:00,combi,Sitting,Sitting
2024-11-15 16:23:18.500000+00:00,combi,Sitting,Sitting
2024-11-15 16:24:18.500000+00:00,combi,Standing,Standing
2024-11-15 16:25:18.500000+00:00,combi,Sitting,Sitting
2024-11-15 16:26:18.500000+00:00,combi,Sitting,Sitting
2024-11-15 16:27:18.500000+00:00,combi,Sitting,Sitting
2024-11-15 16:28:18.500000+00:00,combi,Standing,Dynamic
2024-11-15 16:29:18.500000+00:00,combi,Standing,Dynamic
2024-11-15 16:30:18.500000+00:00,combi,Sitting,Sitting
2024-11-15 16:31:18.500000+00:00,combi,Sitting,Sitting
2024-11-15 16:32:18.500000+00:00,combi,Standing,Dynamic
2024-11-15 16:33:18.500000+00:00,combi,Standing,Dynamic
2024-11-15 16:34:18.500000+00:00,combi,Standing,Dynamic
2024-11-15 16:35:18.500000+00:00,combi,Sitting,Sitting
2024-11-15 16:36:18.500000+00:00,combi,Standing,Standing
2024-11-15 16:37:18.500000+00:00,combi,Standing,Standing
2024-11-15 16:38:18.500000+00:00,combi,Standing,Standing
2024-11-15 16:39:18.500000+00:00,combi,Standing,Standing
2024-11-15 16:40:18.500000+00:00,combi,Standing,Standing
2024-11-15 16:41:18.500000+00:00,combi,Standing,Standing
2024-11-15 16:42:18.500000+00:00,combi,Standing,Standing
2024-11-15 16:43:18.500000+00:00,combi,Sitting,Sitting
2024-11-15 16:44:18.500000+00:00,combi,Sitting,Sitting
2024-11-15 16:45:18.500000+00:00,combi,Sitting,Sitting
2024-11-15 16:46:18.500000+00:00,combi,Sitting,Sitting
2024-11-15 16:47:18.500000+00:00,combi,Sitting,Sitting
2024-11-15 16:48:18.500000+00:00,combi,Sitting,Sitting
2024-11-15 16:49:18.500000+00:00,combi,Sitting,Sitting
2024-11-15 16:50:18.500000+00:00,combi,Sitting,Sitting
2024-11-15 16:51:18.500000+00:00,combi,Sitting,Sitting
2024-11-15 16:52:18.500000+00:00,combi,Standing,Dynamic
2024-11-15 16:53:18.500000+00:00,combi,Sitting,Sitting
2024-11-15 16:54:18.500000+00:00,combi,Sitting,Sitting
2024-11-15 16:55:18.500000+00:00,combi,Sitting,Sitting
2024-11-15 16:56:18.500000+00:00,combi,Sitting,Sitting
2024-11-15 16:57:18.500000+00:00,combi,Sitting,Sitting
2024-11-15 16:58:18.500000+00:00,combi,Sitting,Sitting
2024-11-15 16:59:18.500000+00:00,combi,Sitting,Sitting
2024-11-15 17:00:18.500000+00:00,combi,Sitting,Sitting
2024-11-15 17:01:18.500000+00:00,combi,Sitting,Sitting
2024-11-15 17:02:18.500000+00:00,combi,Sitting,Sitting
2024-11-15 17:03:18.500000+00:00,combi,Sitting,Sitting
2024-11-15 17:04:18.500000+00:00,combi,Sitting,Sitting
2024-11-15 17:05:18.500000+00:00,combi,Sitting,Sitting
2024-11-15 17:06:18.500000+00:00,combi,Sitting,Sitting
2024-11-15 17:07:18.500000+00:00,combi,Sitting,Sitting
2024-11-15 17:08:18.500000+00:00,combi,Sitting,Sitting
2024-11-15 17:09:18.500000+00:00,combi,Sitting,Sitting
2024-11-15 17:10:18.500000+00:00,combi,Sitting,Sitting
2024-11-15 17:11:18.500000+00:00,combi,Sitting,Sitting
2024-11-15 17:12:18.500000+00:00,combi,Standing,Dynamic
2024-11-15 17:13:18.500000+00:00,combi,Sitting,Sitting
2024-11-15 17:14:18.500000+00:00,combi,Sitting,Sitting
2024-11-15 17:15:18.500000+00:00,combi,Sitting,Sitting
2024-11-15 17:16:18.500000+00:00,combi,Sitting,Sitting
2024-11-15 17:17:18.500000+00:00,combi,Sitting,Sitting
2024-11-15 17:18:18.500000+00:00,combi,Sitting,Sitting
2024-11-15 17:19:18.500000+00:00,combi,Sitting,Sitting
2024-11-15 17:20:18.500000+00:00,combi,Sitting,Sitting
2024-11-15 17:21:18.500000+00:00,combi,Sitting,Sitting
2024-11-15 17:22:18.500000+00:00,combi,Standing,Standing
2024-11-15 17:23:18.500000+00:00,combi,Sitting,Sitting
2024-11-15 17:24:18.500000+00:00,combi,Sitting,Sitting
2024-11-15 17:25:18.500000+00:00,combi,Sitting,Sitting
2024-11-15 17:26:18.500000+00:00,combi,Sitting,Sitting
2024-11-15 17:27:18.500000+00:00,combi,Sitting,Sitting
2024-11-15 17:28:18.500000+00:00,combi,Sitting,Sitting
2024-11-15 17:29:18.500000+00:00,combi,Sitting,Sitting
2024-11-15 17:30:18.500000+00:00,combi,Standing,Sitting
2024-11-15 17:31:18.500000+00:00,combi,Standing,Standing
2024-11-15 17:32:18.500000+00:00,combi,Sitting,Sitting
2024-11-15 17:33:18.500000+00:00,combi,Sitting,Sitting
2024-11-15 17:34:18.500000+00:00,combi,Sitting,Sitting
2024-11-15 17:35:18.500000+00:00,combi,Sitting,Sitting
2024-11-15 17:36:18.500000+00:00,combi,Standing,Dynamic
2024-11-15 17:37:18.500000+00:00,combi,Standing,Dynamic
2024-11-15 17:38:18.500000+00:00,combi,Sitting,Sitting
2024-11-15 17:39:18.500000+00:00,combi,Standing,Dynamic
2024-11-15 17:40:18.500000+00:00,combi,Standing,Standing
2024-11-15 17:41:18.500000+00:00,combi,Standing,Dynamic
2024-11-15 17:42:18.500000+00:00,combi,Standing,Dynamic
2024-11-15 17:43:18.500000+00:00,combi,Standing,Standing
2024-11-15 17:44:18.500000+00:00,combi,Standing,Standing
2024-11-15 17:45:18.500000+00:00,combi,Standing,Dynamic
2024-11-15 17:46:18.500000+00:00,combi,Standing,Standing
2024-11-15 17:47:18.500000+00:00,combi,Standing,Dynamic
2024-11-15 17:48:18.500000+00:00,combi,Standing,Dynamic
2024-11-15 17:49:18.500000+00:00,combi,Standing,Dynamic
2024-11-15 17:50:18.500000+00:00,combi,Standing,Dynamic
2024-11-15 17:51:18.500000+00:00,combi,Standing,Dynamic
2024-11-15 17:52:18.500000+00:00,combi,Standing,Dynamic
2024-11-15 17:53:18.500000+00:00,combi,Standing,Standing
2024-11-15 17:54:18.500000+00:00,combi,Standing,Standing
2024-11-15 17:55:18.500000+00:00,combi,Standing,Standing
2024-11-15 17:56:18.500000+00:00,combi,Standing,Dynamic
2024-11-15 17:57:18.500000+00:00,combi,Standing,Dynamic
2024-11-15 17:58:18.500000+00:00,combi,Standing,Dynamic
2024-11-15 17:59:18.500000+00:00,combi,Standing,Dynamic
2024-11-15 18:00:18.500000+00:00,combi,Standing,Dynamic
2024-11-15 18:01:18.500000+00:00,combi,Standing,Standing
2024-11-15 18:02:18.500000+00:00,combi,Standing,Dynamic
2024-11-15 18:03:18.500000+00:00,combi,Standing,Dynamic
2024-11-15 18:04:18.500000+00:00,combi,Standing,Dynamic
2024-11-15 18:05:18.500000+00:00,combi,Sitting,Dynamic
2024-11-15 18:06:18.500000+00:00,combi,Standing,Dynamic
2024-11-15 18:07:18.500000+00:00,combi,Standing,Dynamic
2024-11-15 18:08:18.500000+00:00,combi,Standing,Standing
2024-11-15 18:09:18.500000+00:00,combi,Standing,Dynamic
2024-11-15 18:10:18.500000+00:00,combi,Standing,Dynamic
2024-11-15 18:11:18.500000+00:00,combi,Standing,Dynamic
2024-11-15 18:12:18.500000+00:00,combi,Standing,Dynamic
2024-11-15 18:13:18.500000+00:00,combi,Standing,Dynamic
2024-11-15 18:14:18.500000+00:00,combi,Standing,Dynamic
2024-11-15 18:15:18.500000+00:00,combi,Standing,Dynamic
2024-11-15 18:16:18.500000+00:00,combi,Standing,Dynamic
2024-11-15 18:17:18.500000+00:00,combi,Standing,Dynamic
2024-11-15 18:18:18.500000+00:00,combi,Standing,Dynamic
2024-11-15 18:19:18.500000+00:00,combi,Standing,Standing
2024-11-15 18:20:18.500000+00:00,combi,Standing,Standing
2024-11-15 18:21:18.500000+00:00,combi,Standing,Standing
2024-11-15 18:22:18.500000+00:00,combi,Standing,Standing
2024-11-15 18:23:18.500000+00:00,combi,Standing,Standing
2024-11-15 18:24:18.500000+00:00,combi,Standing,Standing
2024-11-15 18:25:18.500000+00:00,combi,Standing,Standing
2024-11-15 18:26:18.500000+00:00,combi,Standing,Standing
2024-11-15 18:27:18.500000+00:00,combi,Standing,Dynamic
2024-11-15 18:28:18.500000+00:00,combi,Standing,Dynamic
2024-11-15 18:29:18.500000+00:00,combi,Standing,Dynamic
2024-11-15 18:30:18.500000+00:00,combi,Standing,Dynamic
2024-11-15 18:31:18.500000+00:00,combi,Standing,Dynamic
2024-11-15 18:32:18.500000+00:00,combi,Standing,Dynamic
2024-11-15 18:33:18.500000+00:00,combi,Standing,Dynamic
2024-11-15 18:34:18.500000+00:00,combi,Standing,Dynamic
2024-11-15 18:35:18.500000+00:00,combi,Sitting,Sitting
2024-11-15 18:36:18.500000+00:00,combi,Standing,Standing
2024-11-15 18:37:18.500000+00:00,combi,Sitting,Sitting
2024-11-15 18:38:18.500000+00:00,combi,Sitting,Sitting
2024-11-15 18:39:18.500000+00:00,combi,Sitting,Sitting
2024-11-15 18:40:18.500000+00:00,combi,Sitting,Sitting
2024-11-15 18:41:18.500000+00:00,combi,Standing,Sitting
2024-11-15 18:42:18.500000+00:00,combi,Sitting,Sitting
2024-11-15 18:43:18.500000+00:00,combi,Standing,Standing
2024-11-15 18:44:18.500000+00:00,combi,Sitting,Sitting
2024-11-15 18:45:18.500000+00:00,combi,Sitting,Sitting
2024-11-15 18:46:18.500000+00:00,combi,Sitting,Sitting
2024-11-15 18:47:18.500000+00:00,combi,Sitting,Sitting
2024-11-15 18:48:18.500000+00:00,combi,Sitting,Sitting
2024-11-15 18:49:18.500000+00:00,combi,Sitting,Sitting
2024-11-15 18:50:18.500000+00:00,combi,Sitting,Sitting
2024-11-15 18:51:18.500000+00:00,combi,Sitting,Sitting
2024-11-15 18:52:18.500000+00:00,combi,Sitting,Sitting
2024-11-15 18:53:18.500000+00:00,combi,Standing,Dynamic
2024-11-15 18:54:18.500000+00:00,combi,Sitting,Sitting
2024-11-15 18:55:18.500000+00:00,combi,Sitting,Sitting
2024-11-15 18:56:18.500000+00:00,combi,Sitting,Sitting
2024-11-15 18:57:18.500000+00:00,combi,Sitting,Sitting
2024-11-15 18:58:18.500000+00:00,combi,Standing,Dynamic
2024-11-15 18:59:18.500000+00:00,combi,Standing,Dynamic
2024-11-15 19:00:18.500000+00:00,combi,Sitting,Dynamic
2024-11-15 19:01:18.500000+00:00,combi,Standing,Dynamic
2024-11-15 19:02:18.500000+00:00,combi,Standing,Dynamic
2024-11-15 19:03:18.500000+00:00,combi,Sitting,Sitting
2024-11-15 19:04:18.500000+00:00,combi,Sitting,Sitting
2024-11-15 19:05:18.500000+00:00,combi,Sitting,Sitting
2024-11-15 19:06:18.500000+00:00,combi,Sitting,Sitting
2024-11-15 19:07:18.500000+00:00,combi,Sitting,Sitting
2024-11-15 19:08:18.500000+00:00,combi,Standing,Standing
2024-11-15 19:09:18.500000+00:00,combi,Standing,Standing
2024-11-15 19:10:18.500000+00:00,combi,Standing,Standing
2024-11-15 19:11:18.500000+00:00,combi,Standing,Standing
2024-11-15 19:12:18.500000+00:00,combi,Standing,Standing
2024-11-15 19:13:18.500000+00:00,combi,Standing,Standing
2024-11-15 19:14:18.500000+00:00,combi,Standing,Standing
2024-11-15 19:15:18.500000+00:00,combi,Standing,Standing
2024-11-15 19:16:18.500000+00:00,combi,Standing,Standing
2024-11-15 19:17:18.500000+00:00,combi,Standing,Sitting
2024-11-15 19:18:18.500000+00:00,combi,Standing,Sitting
2024-11-15 19:19:18.500000+00:00,combi,Standing,Standing
2024-11-15 19:20:18.500000+00:00,combi,Standing,Standing
2024-11-15 19:21:18.500000+00:00,combi,Standing,Standing
2024-11-15 19:22:18.500000+00:00,combi,Standing,Dynamic
2024-11-15 19:23:18.500000+00:00,combi,Standing,Standing
2024-11-15 19:24:18.500000+00:00,combi,Standing,Dynamic
2024-11-15 19:25:18.500000+00:00,combi,Standing,Standing
2024-11-15 19:26:18.500000+00:00,combi,Standing,Standing
2024-11-15 19:27:18.500000+00:00,combi,Standing,Dynamic
2024-11-15 19:28:18.500000+00:00,combi,Sitting,Sitting
2024-11-15 19:29:18.500000+00:00,combi,Standing,Standing
2024-11-15 19:30:18.500000+00:00,combi,Standing,Standing
2024-11-15 19:31:18.500000+00:00,combi,Standing,Standing
2024-11-15 19:32:18.500000+00:00,combi,Standing,Standing
2024-11-15 19:33:18.500000+00:00,combi,Standing,Standing
2024-11-15 19:34:18.500000+00:00,combi,Standing,Standing
2024-11-15 19:35:18.500000+00:00,combi,Standing,Standing
2024-11-15 19:36:18.500000+00:00,combi,Standing,Standing
2024-11-15 19:37:18.500000+00:00,combi,Sitting,Sitting
2024-11-15 19:38:18.500000+00:00,combi,Sitting,Sitting
2024-11-15 19:39:18.500000+00:00,combi,Sitting,Sitting
2024-11-15 19:40:18.500000+00:00,combi,Sitting,Sitting
2024-11-15 19:41:18.500000+00:00,combi,Standing,Sitting
2024-11-15 19:42:18.500000+00:00,combi,Sitting,Sitting
2024-11-15 19:43:18.500000+00:00,combi,Standing,Dynamic
2024-11-15 19:44:18.500000+00:00,combi,Standing,Sitting
2024-11-15 19:45:18.500000+00:00,combi,Sitting,Sitting
2024-11-15 19:46:18.500000+00:00,combi,Sitting,Sitting
2024-11-15 19:47:18.500000+00:00,combi,Standing,Dynamic
2024-11-15 19:48:18.500000+00:00,combi,Standing,Dynamic
2024-11-15 19:49:18.500000+00:00,combi,Standing,Dynamic
2024-11-15 19:50:18.500000+00:00,combi,Standing,Standing
2024-11-15 19:51:18.500000+00:00,combi,Standing,Standing
2024-11-15 19:52:18.500000+00:00,combi,Standing,Standing
2024-11-15 19:53:18.500000+00:00,combi,Standing,Dynamic
2024-11-15 19:54:18.500000+00:00,combi,Standing,Dynamic
2024-11-15 19:55:18.500000+00:00,combi,Standing,Dynamic
2024-11-15 19:56:18.500000+00:00,combi,Sitting,Sitting
2024-11-15 19:57:18.500000+00:00,combi,Sitting,Sitting
2024-11-15 19:58:18.500000+00:00,combi,Sitting,Sitting
2024-11-15 19:59:18.500000+00:00,combi,Sitting,Sitting
2024-11-15 20:00:18.500000+00:00,combi,Sitting,Sitting
2024-11-15 20:01:18.500000+00:00,combi,Sitting,Sitting
2024-11-15 20:02:18.500000+00:00,combi,Sitting,Sitting
2024-11-15 20:03:18.500000+00:00,combi,Sitting,Sitting
2024-11-15 20:04:18.500000+00:00,combi,Sitting,Sitting
2024-11-15 20:05:18.500000+00:00,combi,Sitting,Sitting
2024-11-15 20:06:18.500000+00:00,combi,Sitting,Sitting
2024-11-15 20:07:18.500000+00:00,combi,Standing,Dynamic
2024-11-15 20:08:18.500000+00:00,combi,Standing,Dynamic
2024-11-15 20:09:18.500000+00:00,combi,Sitting,Sitting
2024-11-15 20:10:18.500000+00:00,combi,Sitting,Sitting
2024-11-15 20:11:18.500000+00:00,combi,Standing,Dynamic
2024-11-15 20:12:18.500000+00:00,combi,Standing,Dynamic
2024-11-15 20:13:18.500000+00:00,combi,Standing,Dynamic
2024-11-15 20:14:18.500000+00:00,combi,Standing,Dynamic
2024-11-15 20:15:18.500000+00:00,combi,Standing,Dynamic
2024-11-15 20:16:18.500000+00:00,combi,Standing,Dynamic
2024-11-15 20:17:18.500000+00:00,combi,Standing,Dynamic
2024-11-15 20:18:18.500000+00:00,combi,Standing,Dynamic
2024-11-15 20:19:18.500000+00:00,combi,Standing,Dynamic
2024-11-15 20:20:18.500000+00:00,combi,Sitting,Sitting
2024-11-15 20:21:18.500000+00:00,combi,Sitting,Sitting
2024-11-15 20:22:18.500000+00:00,combi,Sitting,Sitting
2024-11-15 20:23:18.500000+00:00,combi,Sitting,Sitting
2024-11-15 20:24:18.500000+00:00,combi,Sitting,Sitting
2024-11-15 20:25:18.500000+00:00,combi,Sitting,Sitting
2024-11-15 20:26:18.500000+00:00,combi,Sitting,Sitting
2024-11-15 20:27:18.500000+00:00,combi,Sitting,Sitting
2024-11-15 20:28:18.500000+00:00,combi,Sitting,Sitting
2024-11-15 20:29:18.500000+00:00,combi,Sitting,Sitting
2024-11-15 20:30:18.500000+00:00,combi,Standing,Dynamic
2024-11-15 20:31:18.500000+00:00,combi,Sitting,Sitting
2024-11-15 20:32:18.500000+00:00,combi,Sitting,Sitting
2024-11-15 20:33:18.500000+00:00,combi,Sitting,Sitting
2024-11-15 20:34:18.500000+00:00,combi,Sitting,Sitting
2024-11-15 20:35:18.500000+00:00,combi,Sitting,Sitting
2024-11-15 20:36:18.500000+00:00,combi,Standing,Standing
2024-11-15 20:37:18.500000+00:00,combi,Sitting,Sitting
2024-11-15 20:38:18.500000+00:00,combi,Sitting,Sitting
2024-11-15 20:39:18.500000+00:00,combi,Standing,Sitting
2024-11-15 20:40:18.500000+00:00,combi,Standing,Dynamic
2024-11-15 20:41:18.500000+00:00,combi,Sitting,Sitting
2024-11-15 20:42:18.500000+00:00,combi,Standing,Dynamic
2024-11-15 20:43:18.500000+00:00,combi,Standing,Dynamic
2024-11-15 20:44:18.500000+00:00,combi,Standing,Standing
2024-11-15 20:45:18.500000+00:00,combi,Standing,Dynamic
2024-11-15 20:46:18.500000+00:00,combi,Standing,Dynamic
2024-11-15 20:47:18.500000+00:00,combi,Standing,Standing
2024-11-15 20:48:18.500000+00:00,combi,Standing,Dynamic
2024-11-15 20:49:18.500000+00:00,combi,Standing,Dynamic
2024-11-15 20:50:18.500000+00:00,combi,Standing,Dynamic
2024-11-15 20:51:18.500000+00:00,combi,Standing,Dynamic
2024-11-15 20:52:18.500000+00:00,combi,Standing,Dynamic
2024-11-15 20:53:18.500000+00:00,combi,Standing,Dynamic
2024-11-15 20:54:18.500000+00:00,combi,Standing,Dynamic
2024-11-15 20:55:18.500000+00:00,combi,Standing,Standing
2024-11-15 20:56:18.500000+00:00,combi,Standing,Standing
2024-11-15 20:57:18.500000+00:00,combi,Standing,Dynamic
2024-11-15 20:58:18.500000+00:00,combi,Standing,Standing
2024-11-15 20:59:18.500000+00:00,combi,Standing,Standing
2024-11-15 21:00:18.500000+00:00,combi,Standing,Dynamic
2024-11-15 21:01:18.500000+00:00,combi,Standing,Dynamic
2024-11-15 21:02:18.500000+00:00,combi,Standing,Dynamic
2024-11-15 21:03:18.500000+00:00,combi,Standing,Dynamic
2024-11-15 21:04:18.500000+00:00,combi,Sitting,Dynamic
2024-11-15 21:05:18.500000+00:00,combi,Standing,Dynamic
2024-11-15 21:06:18.500000+00:00,combi,Standing,Dynamic
2024-11-15 21:07:18.500000+00:00,combi,Sitting,Sitting
2024-11-15 21:08:18.500000+00:00,combi,Sitting,Sitting
2024-11-15 21:09:18.500000+00:00,combi,Standing,Standing
2024-11-15 21:10:18.500000+00:00,combi,Standing,Dynamic
2024-11-15 21:11:18.500000+00:00,combi,Standing,Standing
2024-11-15 21:12:18.500000+00:00,combi,Standing,Standing
2024-11-15 21:13:18.500000+00:00,combi,Sitting,Sitting
2024-11-15 21:14:18.500000+00:00,combi,Sitting,Sitting
2024-11-15 21:15:18.500000+00:00,combi,Standing,Standing
2024-11-15 21:16:18.500000+00:00,combi,Standing,Dynamic
2024-11-15 21:17:18.500000+00:00,combi,Standing,Standing
2024-11-15 21:18:18.500000+00:00,combi,Standing,Standing
2024-11-15 21:19:18.500000+00:00,combi,Sitting,Sitting
2024-11-15 21:20:18.500000+00:00,combi,Standing,Dynamic
2024-11-15 21:21:18.500000+00:00,combi,Standing,Dynamic
2024-11-15 21:22:18.500000+00:00,combi,Lying,Lying
2024-11-15 21:23:18.500000+00:00,combi,Lying,Lying
2024-11-15 21:24:18.500000+00:00,combi,Lying,Lying
2024-11-15 21:25:18.500000+00:00,combi,Lying,Lying
2024-11-15 21:26:18.500000+00:00,combi,Lying,Lying
2024-11-15 21:27:18.500000+00:00,combi,Lying,Lying
2024-11-15 21:28:18.500000+00:00,combi,Lying,Lying
2024-11-15 21:29:18.500000+00:00,combi,Lying,Lying
2024-11-15 21:30:18.500000+00:00,combi,Lying,Lying
2024-11-15 21:31:18.500000+00:00,combi,Lying,Lying
2024-11-15 21:32:18.500000+00:00,combi,Lying,Lying
2024-11-15 21:33:18.500000+00:00,combi,Lying,Lying
2024-11-15 21:34:18.500000+00:00,combi,Lying,Lying
2024-11-15 21:35:18.500000+00:00,combi,Lying,Lying
2024-11-15 21:36:18.500000+00:00,combi,Lying,Lying
2024-11-15 21:37:18.500000+00:00,combi,Lying,Lying
2024-11-15 21:38:18.500000+00:00,combi,Lying,Lying
2024-11-15 21:39:18.500000+00:00,combi,Lying,Lying
2024-11-15 21:40:18.500000+00:00,combi,Lying,Lying
2024-11-15 21:41:18.500000+00:00,combi,Lying,Lying
2024-11-15 21:42:18.500000+00:00,combi,Lying,Lying
2024-11-15 21:43:18.500000+00:00,combi,Lying,Lying
2024-11-15 21:44:18.500000+00:00,combi,Lying,Lying
2024-11-15 21:45:18.500000+00:00,combi,Lying,Lying
2024-11-15 21:46:18.500000+00:00,combi,Lying,Lying
2024-11-15 21:47:18.500000+00:00,combi,Lying,Lying
2024-11-15 21:48:18.500000+00:00,combi,Lying,Lying
2024-11-15 21:49:18.500000+00:00,combi,Lying,Lying
2024-11-15 21:50:18.500000+00:00,combi,Lying,Lying
2024-11-15 21:51:18.500000+00:00,combi,Lying,Lying
2024-11-15 21:52:18.500000+00:00,combi,Lying,Lying
2024-11-15 21:53:18.500000+00:00,combi,Lying,Lying
2024-11-15 21:54:18.500000+00:00,combi,Lying,Lying
2024-11-15 21:55:18.500000+00:00,combi,Lying,Lying
2024-11-15 21:56:18.500000+00:00,combi,Lying,Lying
2024-11-15 21:57:18.500000+00:00,combi,Lying,Lying
2024-11-15 21:58:18.500000+00:00,combi,Lying,Lying
2024-11-15 21:59:18.500000+00:00,combi,Lying,Lying
2024-11-15 22:00:18.500000+00:00,combi,Lying,Lying
2024-11-15 22:01:18.500000+00:00,combi,Lying,Lying
2024-11-15 22:02:18.500000+00:00,combi,Lying,Lying
2024-11-15 22:03:18.500000+00:00,combi,Lying,Lying
2024-11-15 22:04:18.500000+00:00,combi,Lying,Lying
2024-11-15 22:05:18.500000+00:00,combi,Lying,Lying
2024-11-15 22:06:18.500000+00:00,combi,Lying,Lying
2024-11-15 22:07:18.500000+00:00,combi,Lying,Lying
2024-11-15 22:08:18.500000+00:00,combi,Lying,Lying
2024-11-15 22:09:18.500000+00:00,combi,Lying,Lying
2024-11-15 22:10:18.500000+00:00,combi,Lying,Lying
2024-11-15 22:11:18.500000+00:00,combi,Lying,Lying
2024-11-15 22:12:18.500000+00:00,combi,Lying,Lying
2024-11-15 22:13:18.500000+00:00,combi,Lying,Lying
2024-11-15 22:14:18.500000+00:00,combi,Lying,Lying
2024-11-15 22:15:18.500000+00:00,combi,Lying,Lying
2024-11-15 22:16:18.500000+00:00,combi,Lying,Lying
2024-11-15 22:17:18.500000+00:00,combi,Lying,Lying
2024-11-15 22:18:18.500000+00:00,combi,Lying,Lying
2024-11-15 22:19:18.500000+00:00,combi,Lying,Lying
2024-11-15 22:20:18.500000+00:00,combi,Lying,Lying
2024-11-15 22:21:18.500000+00:00,combi,Lying,Lying
2024-11-15 22:22:18.500000+00:00,combi,Lying,Lying
2024-11-15 22:23:18.500000+00:00,combi,Lying,Lying
2024-11-15 22:24:18.500000+00:00,combi,Lying,Lying
2024-11-15 22:25:18.500000+00:00,combi,Lying,Lying
2024-11-15 22:26:18.500000+00:00,combi,Lying,Lying
2024-11-15 22:27:18.500000+00:00,combi,Lying,Lying
2024-11-15 22:28:18.500000+00:00,combi,Lying,Lying
2024-11-15 22:29:18.500000+00:00,combi,Lying,Lying
2024-11-15 22:30:18.500000+00:00,combi,Lying,Lying
2024-11-15 22:31:18.500000+00:00,combi,Lying,Lying
2024-11-15 22:32:18.500000+00:00,combi,Lying,Lying
2024-11-15 22:33:18.500000+00:00,combi,Lying,Lying
2024-11-15 22:34:18.500000+00:00,combi,Lying,Dynamic
2024-11-15 22:35:18.500000+00:00,combi,Standing,Dynamic
2024-11-15 22:36:18.500000+00:00,combi,Standing,Dynamic
2024-11-15 22:37:18.500000+00:00,combi,Sitting,Sitting
2024-11-15 22:38:18.500000+00:00,combi,Sitting,Sitting
2024-11-15 22:39:18.500000+00:00,combi,Sitting,Sitting
2024-11-15 22:40:18.500000+00:00,combi,Sitting,Sitting
2024-11-15 22:41:18.500000+00:00,combi,Sitting,Sitting
2024-11-15 22:42:18.500000+00:00,combi,Sitting,Sitting
2024-11-15 22:43:18.500000+00:00,combi,Sitting,Sitting
2024-11-15 22:44:18.500000+00:00,combi,Sitting,Sitting
2024-11-15 22:45:18.500000+00:00,combi,Sitting,Sitting
2024-11-15 22:46:18.500000+00:00,combi,Sitting,Sitting
2024-11-15 22:47:18.500000+00:00,combi,Sitting,Sitting
2024-11-15 22:48:18.500000+00:00,combi,Sitting,Dynamic
2024-11-15 22:49:18.500000+00:00,combi,Standing,Standing
2024-11-15 22:50:18.500000+00:00,combi,Standing,Standing
2024-11-15 22:51:18.500000+00:00,combi,Standing,Standing
2024-11-15 22:52:18.500000+00:00,combi,Lying,Lying
2024-11-15 22:53:18.500000+00:00,combi,Lying,Lying
2024-11-15 22:54:18.500000+00:00,combi,Lying,Lying
2024-11-15 22:55:18.500000+00:00,combi,Lying,Lying
2024-11-15 22:56:18.500000+00:00,combi,Lying,Lying
2024-11-15 22:57:18.500000+00:00,combi,Lying,Lying
2024-11-15 22:58:18.500000+00:00,combi,Lying,Lying
2024-11-15 22:59:18.500000+00:00,combi,Lying,Lying
2024-11-15 23:00:18.500000+00:00,combi,Lying,Lying
2024-11-15 23:01:18.500000+00:00,combi,Lying,Lying
2024-11-15 23:02:18.500000+00:00,combi,Lying,Lying
2024-11-15 23:03:18.500000+00:00,combi,Lying,Lying
2024-11-15 23:04:18.500000+00:00,combi,Lying,Lying
2024-11-15 23:05:18.500000+00:00,combi,Lying,Lying
2024-11-15 23:06:18.500000+00:00,combi,Lying,Lying
2024-11-15 23:07:18.500000+00:00,combi,Lying,Lying
2024-11-15 23:08:18.500000+00:00,combi,Lying,Lying
2024-11-15 23:09:18.500000+00:00,combi,Lying,Lying
2024-11-15 23:10:18.500000+00:00,combi,Lying,Lying
2024-11-15 23:11:18.500000+00:00,combi,Lying,Lying
2024-11-15 23:12:18.500000+00:00,combi,Lying,Lying
2024-11-15 23:13:18.500000+00:00,combi,Lying,Lying
2024-11-15 23:14:18.500000+00:00,combi,Lying,Lying
2024-11-15 23:15:18.500000+00:00,combi,Lying,Lying
2024-11-15 23:16:18.500000+00:00,combi,Lying,Lying
2024-11-15 23:17:18.500000+00:00,combi,Lying,Lying
2024-11-15 23:18:18.500000+00:00,combi,Lying,Lying
2024-11-15 23:19:18.500000+00:00,combi,Lying,Lying
2024-11-15 23:20:18.500000+00:00,combi,Lying,Lying
2024-11-15 23:21:18.500000+00:00,combi,Lying,Lying
2024-11-15 23:22:18.500000+00:00,combi,Lying,Lying
2024-11-15 23:23:18.500000+00:00,combi,Lying,Lying
2024-11-15 23:24:18.500000+00:00,combi,Lying,Lying
2024-11-15 23:25:18.500000+00:00,combi,Lying,Lying
2024-11-15 23:26:18.500000+00:00,combi,Lying,Lying
2024-11-15 23:27:18.500000+00:00,combi,Lying,Lying
2024-11-15 23:28:18.500000+00:00,combi,Lying,Lying
2024-11-15 23:29:18.500000+00:00,combi,Lying,Lying
2024-11-15 23:30:18.500000+00:00,combi,Lying,Lying
2024-11-15 23:31:18.500000+00:00,combi,Lying,Lying
2024-11-15 23:32:18.500000+00:00,combi,Lying,Lying
2024-11-15 23:33:18.500000+00:00,combi,Lying,Lying
2024-11-15 23:34:18.500000+00:00,combi,Lying,Lying
2024-11-15 23:35:18.500000+00:00,combi,Lying,Lying
2024-11-15 23:36:18.500000+00:00,combi,Lying,Lying
2024-11-15 23:37:18.500000+00:00,combi,Lying,Lying
2024-11-15 23:38:18.500000+00:00,combi,Lying,Lying
2024-11-15 23:39:18.500000+00:00,combi,Lying,Lying
2024-11-15 23:40:18.500000+00:00,combi,Lying,Lying
2024-11-15 23:41:18.500000+00:00,combi,Lying,Lying
2024-11-15 23:42:18.500000+00:00,combi,Lying,Lying
2024-11-15 23:43:18.500000+00:00,combi,Lying,Lying
2024-11-15 23:44:18.500000+00:00,combi,Lying,Lying
2024-11-15 23:45:18.500000+00:00,combi,Lying,Lying
2024-11-15 23:46:18.500000+00:00,combi,Lying,Lying
2024-11-15 23:47:18.500000+00:00,combi,Lying,Lying
2024-11-15 23:48:18.500000+00:00,combi,Lying,Lying
2024-11-15 23:49:18.500000+00:00,combi,Lying,Lying
2024-11-15 23:50:18.500000+00:00,combi,Lying,Lying
2024-11-15 23:51:18.500000+00:00,combi,Lying,Lying
2024-11-15 23:52:18.500000+00:00,combi,Lying,Lying
2024-11-15 23:53:18.500000+00:00,combi,Lying,Lying
2024-11-15 23:54:18.500000+00:00,combi,Lying,Lying
2024-11-15 23:55:18.500000+00:00,combi,Lying,Lying
2024-11-15 23:56:18.500000+00:00,combi,Lying,Lying
2024-11-15 23:57:18.500000+00:00,combi,Lying,Lying
2024-11-15 23:58:18.500000+00:00,combi,Lying,Lying
2024-11-15 23:59:18.500000+00:00,combi,Lying,Lying
2024-11-16 00:00:18.500000+00:00,combi,Lying,Lying
2024-11-16 00:01:18.500000+00:00,combi,Lying,Lying
2024-11-16 00:02:18.500000+00:00,combi,Lying,Lying
2024-11-16 00:03:18.500000+00:00,combi,Lying,Lying
2024-11-16 00:04:18.500000+00:00,combi,Lying,Lying
2024-11-16 00:05:18.500000+00:00,combi,Lying,Lying
2024-11-16 00:06:18.500000+00:00,combi,Lying,Lying
2024-11-16 00:07:18.500000+00:00,combi,Lying,Lying
2024-11-16 00:08:18.500000+00:00,combi,Lying,Lying
2024-11-16 00:09:18.500000+00:00,combi,Lying,Lying
2024-11-16 00:10:18.500000+00:00,combi,Lying,Lying
2024-11-16 00:11:18.500000+00:00,combi,Lying,Lying
2024-11-16 00:12:18.500000+00:00,combi,Lying,Lying
2024-11-16 00:13:18.500000+00:00,combi,Lying,Lying
2024-11-16 00:14:18.500000+00:00,combi,Lying,Lying
2024-11-16 00:15:18.500000+00:00,combi,Lying,Lying
2024-11-16 00:16:18.500000+00:00,combi,Lying,Lying
2024-11-16 00:17:18.500000+00:00,combi,Lying,Lying
2024-11-16 00:18:18.500000+00:00,combi,Lying,Lying
2024-11-16 00:19:18.500000+00:00,combi,Lying,Lying
2024-11-16 00:20:18.500000+00:00,combi,Lying,Lying
2024-11-16 00:21:18.500000+00:00,combi,Lying,Lying
2024-11-16 00:22:18.500000+00:00,combi,Lying,Lying
2024-11-16 00:23:18.500000+00:00,combi,Lying,Lying
2024-11-16 00:24:18.500000+00:00,combi,Lying,Lying
2024-11-16 00:25:18.500000+00:00,combi,Lying,Lying
2024-11-16 00:26:18.500000+00:00,combi,Lying,Lying
2024-11-16 00:27:18.500000+00:00,combi,Lying,Lying
2024-11-16 00:28:18.500000+00:00,combi,Lying,Lying
2024-11-16 00:29:18.500000+00:00,combi,Sitting,Sitting
2024-11-16 00:30:18.500000+00:00,combi,Sitting,Sitting
2024-11-16 00:31:18.500000+00:00,combi,Sitting,Sitting
2024-11-16 00:32:18.500000+00:00,combi,Sitting,Sitting
2024-11-16 00:33:18.500000+00:00,combi,Sitting,Sitting
2024-11-16 00:34:18.500000+00:00,combi,Sitting,Sitting
2024-11-16 00:35:18.500000+00:00,combi,Sitting,Sitting
2024-11-16 00:36:18.500000+00:00,combi,Lying,Lying
2024-11-16 00:37:18.500000+00:00,combi,Lying,Lying
2024-11-16 00:38:18.500000+00:00,combi,Sitting,Sitting
2024-11-16 00:39:18.500000+00:00,combi,Sitting,Sitting
2024-11-16 00:40:18.500000+00:00,combi,Sitting,Sitting
2024-11-16 00:41:18.500000+00:00,combi,Sitting,Sitting
2024-11-16 00:42:18.500000+00:00,combi,Sitting,Sitting
2024-11-16 00:43:18.500000+00:00,combi,Sitting,Sitting
2024-11-16 00:44:18.500000+00:00,combi,Sitting,Sitting
2024-11-16 00:45:18.500000+00:00,combi,Sitting,Sitting
2024-11-16 00:46:18.500000+00:00,combi,Lying,Sitting
2024-11-16 00:47:18.500000+00:00,combi,Sitting,Sitting
2024-11-16 00:48:18.500000+00:00,combi,Lying,Sitting
2024-11-16 00:49:18.500000+00:00,combi,Lying,Lying
2024-11-16 00:50:18.500000+00:00,combi,Sitting,Sitting
2024-11-16 00:51:18.500000+00:00,combi,Lying,Lying
2024-11-16 00:52:18.500000+00:00,combi,Lying,Sitting
2024-11-16 00:53:18.500000+00:00,combi,Lying,Lying
2024-11-16 00:54:18.500000+00:00,combi,Lying,Lying
2024-11-16 00:55:18.500000+00:00,combi,Lying,Lying
2024-11-16 00:56:18.500000+00:00,combi,Lying,Lying
2024-11-16 00:57:18.500000+00:00,combi,Sitting,Sitting
2024-11-16 00:58:18.500000+00:00,combi,Sitting,Sitting
2024-11-16 00:59:18.500000+00:00,combi,Lying,Lying
2024-11-16 01:00:18.500000+00:00,combi,Lying,Sitting
2024-11-16 01:01:18.500000+00:00,combi,Sitting,Sitting
2024-11-16 01:02:18.500000+00:00,combi,Sitting,Sitting
2024-11-16 01:03:18.500000+00:00,combi,Sitting,Sitting
2024-11-16 01:04:18.500000+00:00,combi,Sitting,Sitting
2024-11-16 01:05:18.500000+00:00,combi,Sitting,Sitting
2024-11-16 01:06:18.500000+00:00,combi,Sitting,Sitting
2024-11-16 01:07:18.500000+00:00,combi,Sitting,Sitting
2024-11-16 01:08:18.500000+00:00,combi,Sitting,Sitting
2024-11-16 01:09:18.500000+00:00,combi,Sitting,Sitting
2024-11-16 01:10:18.500000+00:00,combi,Sitting,Sitting
2024-11-16 01:11:18.500000+00:00,combi,Sitting,Sitting
2024-11-16 01:12:18.500000+00:00,combi,Sitting,Sitting
2024-11-16 01:13:18.500000+00:00,combi,Sitting,Sitting
2024-11-16 01:14:18.500000+00:00,combi,Sitting,Sitting
2024-11-16 01:15:18.500000+00:00,combi,Sitting,Sitting
2024-11-16 01:16:18.500000+00:00,combi,Sitting,Sitting
2024-11-16 01:17:18.500000+00:00,combi,Lying,Lying
2024-11-16 01:18:18.500000+00:00,combi,Lying,Lying
2024-11-16 01:19:18.500000+00:00,combi,Lying,Lying
2024-11-16 01:20:18.500000+00:00,combi,Lying,Lying
2024-11-16 01:21:18.500000+00:00,combi,Lying,Lying
2024-11-16 01:22:18.500000+00:00,combi,Lying,Lying
2024-11-16 01:23:18.500000+00:00,combi,Lying,Lying
2024-11-16 01:24:18.500000+00:00,combi,Lying,Lying
2024-11-16 01:25:18.500000+00:00,combi,Lying,Lying
2024-11-16 01:26:18.500000+00:00,combi,Lying,Lying
2024-11-16 01:27:18.500000+00:00,combi,Lying,Lying
2024-11-16 01:28:18.500000+00:00,combi,Lying,Lying
2024-11-16 01:29:18.500000+00:00,combi,Lying,Lying
2024-11-16 01:30:18.500000+00:00,combi,Lying,Lying
2024-11-16 01:31:18.500000+00:00,combi,Lying,Lying
2024-11-16 01:32:18.500000+00:00,combi,Lying,Lying
2024-11-16 01:33:18.500000+00:00,combi,Lying,Lying
2024-11-16 01:34:18.500000+00:00,combi,Lying,Lying
2024-11-16 01:35:18.500000+00:00,combi,Lying,Lying
2024-11-16 01:36:18.500000+00:00,combi,Lying,Lying
2024-11-16 01:37:18.500000+00:00,combi,Lying,Lying
2024-11-16 01:38:18.500000+00:00,combi,Lying,Lying
2024-11-16 01:39:18.500000+00:00,combi,Lying,Lying
2024-11-16 01:40:18.500000+00:00,combi,Lying,Lying
2024-11-16 01:41:18.500000+00:00,combi,Lying,Lying
2024-11-16 01:42:18.500000+00:00,combi,Lying,Lying
2024-11-16 01:43:18.500000+00:00,combi,Lying,Lying
2024-11-16 01:44:18.500000+00:00,combi,Lying,Lying
2024-11-16 01:45:18.500000+00:00,combi,Lying,Lying
2024-11-16 01:46:18.500000+00:00,combi,Lying,Lying
2024-11-16 01:47:18.500000+00:00,combi,Lying,Lying
2024-11-16 01:48:18.500000+00:00,combi,Lying,Lying
2024-11-16 01:49:18.500000+00:00,combi,Lying,Lying
2024-11-16 01:50:18.500000+00:00,combi,Lying,Lying
2024-11-16 01:51:18.500000+00:00,combi,Lying,Lying
2024-11-16 01:52:18.500000+00:00,combi,Lying,Lying
2024-11-16 01:53:18.500000+00:00,combi,Lying,Lying
2024-11-16 01:54:18.500000+00:00,combi,Lying,Lying
2024-11-16 01:55:18.500000+00:00,combi,Lying,Lying
2024-11-16 01:56:18.500000+00:00,combi,Lying,Lying
2024-11-16 01:57:18.500000+00:00,combi,Lying,Lying
2024-11-16 01:58:18.500000+00:00,combi,Lying,Lying
2024-11-16 01:59:18.500000+00:00,combi,Lying,Lying
2024-11-16 02:00:18.500000+00:00,combi,Lying,Lying
2024-11-16 02:01:18.500000+00:00,combi,Lying,Lying
2024-11-16 02:02:18.500000+00:00,combi,Lying,Lying
2024-11-16 02:03:18.500000+00:00,combi,Lying,Lying
2024-11-16 02:04:18.500000+00:00,combi,Lying,Lying
2024-11-16 02:05:18.500000+00:00,combi,Lying,Lying
2024-11-16 02:06:18.500000+00:00,combi,Lying,Lying
2024-11-16 02:07:18.500000+00:00,combi,Lying,Lying
2024-11-16 02:08:18.500000+00:00,combi,Lying,Lying
2024-11-16 02:09:18.500000+00:00,combi,Lying,Lying
2024-11-16 02:10:18.500000+00:00,combi,Lying,Lying
2024-11-16 02:11:18.500000+00:00,combi,Lying,Lying
2024-11-16 02:12:18.500000+00:00,combi,Lying,Lying
2024-11-16 02:13:18.500000+00:00,combi,Lying,Lying
2024-11-16 02:14:18.500000+00:00,combi,Lying,Lying
2024-11-16 02:15:18.500000+00:00,combi,Lying,Lying
2024-11-16 02:16:18.500000+00:00,combi,Lying,Lying
2024-11-16 02:17:18.500000+00:00,combi,Lying,Lying
2024-11-16 02:18:18.500000+00:00,combi,Lying,Lying
2024-11-16 02:19:18.500000+00:00,combi,Lying,Lying
2024-11-16 02:20:18.500000+00:00,combi,Lying,Lying
2024-11-16 02:21:18.500000+00:00,combi,Lying,Lying
2024-11-16 02:22:18.500000+00:00,combi,Lying,Lying
2024-11-16 02:23:18.500000+00:00,combi,Lying,Lying
2024-11-16 02:24:18.500000+00:00,combi,Lying,Lying
2024-11-16 02:25:18.500000+00:00,combi,Lying,Lying
2024-11-16 02:26:18.500000+00:00,combi,Lying,Lying
2024-11-16 02:27:18.500000+00:00,combi,Lying,Lying
2024-11-16 02:28:18.500000+00:00,combi,Lying,Lying
2024-11-16 02:29:18.500000+00:00,combi,Lying,Lying
2024-11-16 02:30:18.500000+00:00,combi,Lying,Lying
2024-11-16 02:31:18.500000+00:00,combi,Lying,Lying
2024-11-16 02:32:18.500000+00:00,combi,Lying,Lying
2024-11-16 02:33:18.500000+00:00,combi,Lying,Lying
2024-11-16 02:34:18.500000+00:00,combi,Lying,Lying
2024-11-16 02:35:18.500000+00:00,combi,Lying,Lying
2024-11-16 02:36:18.500000+00:00,combi,Lying,Lying
2024-11-16 02:37:18.500000+00:00,combi,Lying,Lying
2024-11-16 02:38:18.500000+00:00,combi,Lying,Lying
2024-11-16 02:39:18.500000+00:00,combi,Lying,Lying
2024-11-16 02:40:18.500000+00:00,combi,Lying,Lying
2024-11-16 02:41:18.500000+00:00,combi,Lying,Lying
2024-11-16 02:42:18.500000+00:00,combi,Lying,Lying
2024-11-16 02:43:18.500000+00:00,combi,Lying,Lying
2024-11-16 02:44:18.500000+00:00,combi,Lying,Lying
2024-11-16 02:45:18.500000+00:00,combi,Lying,Lying
2024-11-16 02:46:18.500000+00:00,combi,Lying,Lying
2024-11-16 02:47:18.500000+00:00,combi,Lying,Lying
2024-11-16 02:48:18.500000+00:00,combi,Lying,Lying
2024-11-16 02:49:18.500000+00:00,combi,Lying,Lying
2024-11-16 02:50:18.500000+00:00,combi,Lying,Lying
2024-11-16 02:51:18.500000+00:00,combi,Lying,Lying
2024-11-16 02:52:18.500000+00:00,combi,Lying,Lying
2024-11-16 02:53:18.500000+00:00,combi,Lying,Lying
2024-11-16 02:54:18.500000+00:00,combi,Lying,Lying
2024-11-16 02:55:18.500000+00:00,combi,Lying,Lying
2024-11-16 02:56:18.500000+00:00,combi,Lying,Lying
2024-11-16 02:57:18.500000+00:00,combi,Lying,Lying
2024-11-16 02:58:18.500000+00:00,combi,Lying,Lying
2024-11-16 02:59:18.500000+00:00,combi,Lying,Lying
2024-11-16 03:00:18.500000+00:00,combi,Lying,Lying
2024-11-16 03:01:18.500000+00:00,combi,Lying,Lying
2024-11-16 03:02:18.500000+00:00,combi,Lying,Lying
2024-11-16 03:03:18.500000+00:00,combi,Lying,Lying
2024-11-16 03:04:18.500000+00:00,combi,Lying,Lying
2024-11-16 03:05:18.500000+00:00,combi,Lying,Lying
2024-11-16 03:06:18.500000+00:00,combi,Lying,Lying
2024-11-16 03:07:18.500000+00:00,combi,Lying,Lying
2024-11-16 03:08:18.500000+00:00,combi,Lying,Lying
2024-11-16 03:09:18.500000+00:00,combi,Lying,Lying
2024-11-16 03:10:18.500000+00:00,combi,Lying,Lying
2024-11-16 03:11:18.500000+00:00,combi,Lying,Lying
2024-11-16 03:12:18.500000+00:00,combi,Lying,Lying
2024-11-16 03:13:18.500000+00:00,combi,Lying,Lying
2024-11-16 03:14:18.500000+00:00,combi,Lying,Lying
2024-11-16 03:15:18.500000+00:00,combi,Lying,Lying
2024-11-16 03:16:18.500000+00:00,combi,Lying,Lying
2024-11-16 03:17:18.500000+00:00,combi,Lying,Lying
2024-11-16 03:18:18.500000+00:00,combi,Sitting,Sitting
2024-11-16 03:19:18.500000+00:00,combi,Sitting,Sitting
2024-11-16 03:20:18.500000+00:00,combi,Sitting,Sitting
2024-11-16 03:21:18.500000+00:00,combi,Sitting,Sitting
2024-11-16 03:22:18.500000+00:00,combi,Lying,Lying
2024-11-16 03:23:18.500000+00:00,combi,Lying,Lying
2024-11-16 03:24:18.500000+00:00,combi,Lying,Lying
2024-11-16 03:25:18.500000+00:00,combi,Lying,Lying
2024-11-16 03:26:18.500000+00:00,combi,Lying,Lying
2024-11-16 03:27:18.500000+00:00,combi,Lying,Lying
2024-11-16 03:28:18.500000+00:00,combi,Lying,Lying
2024-11-16 03:29:18.500000+00:00,combi,Lying,Lying
2024-11-16 03:30:18.500000+00:00,combi,Lying,Lying
2024-11-16 03:31:18.500000+00:00,combi,Lying,Lying
2024-11-16 03:32:18.500000+00:00,combi,Lying,Lying
2024-11-16 03:33:18.500000+00:00,combi,Lying,Lying
2024-11-16 03:34:18.500000+00:00,combi,Lying,Lying
2024-11-16 03:35:18.500000+00:00,combi,Lying,Lying
2024-11-16 03:36:18.500000+00:00,combi,Lying,Lying
2024-11-16 03:37:18.500000+00:00,combi,Lying,Lying
2024-11-16 03:38:18.500000+00:00,combi,Lying,Lying
2024-11-16 03:39:18.500000+00:00,combi,Lying,Lying
2024-11-16 03:40:18.500000+00:00,combi,Lying,Lying
2024-11-16 03:41:18.500000+00:00,combi,Lying,Lying
2024-11-16 03:42:18.500000+00:00,combi,Lying,Lying
2024-11-16 03:43:18.500000+00:00,combi,Lying,Lying
2024-11-16 03:44:18.500000+00:00,combi,Lying,Lying
2024-11-16 03:45:18.500000+00:00,combi,Lying,Lying
2024-11-16 03:46:18.500000+00:00,combi,Lying,Lying
2024-11-16 03:47:18.500000+00:00,combi,Lying,Lying
2024-11-16 03:48:18.500000+00:00,combi,Lying,Lying
2024-11-16 03:49:18.500000+00:00,combi,Lying,Lying
2024-11-16 03:50:18.500000+00:00,combi,Lying,Lying
2024-11-16 03:51:18.500000+00:00,combi,Lying,Lying
2024-11-16 03:52:18.500000+00:00,combi,Lying,Lying
2024-11-16 03:53:18.500000+00:00,combi,Lying,Lying
2024-11-16 03:54:18.500000+00:00,combi,Lying,Lying
2024-11-16 03:55:18.500000+00:00,combi,Lying,Lying
2024-11-16 03:56:18.500000+00:00,combi,Lying,Lying
2024-11-16 03:57:18.500000+00:00,combi,Lying,Lying
2024-11-16 03:58:18.500000+00:00,combi,Lying,Lying
2024-11-16 03:59:18.500000+00:00,combi,Lying,Lying
2024-11-16 04:00:18.500000+00:00,combi,Lying,Lying
2024-11-16 04:01:18.500000+00:00,combi,Lying,Lying
2024-11-16 04:02:18.500000+00:00,combi,Lying,Lying
2024-11-16 04:03:18.500000+00:00,combi,Lying,Lying
2024-11-16 04:04:18.500000+00:00,combi,Lying,Lying
2024-11-16 04:05:18.500000+00:00,combi,Lying,Lying
2024-11-16 04:06:18.500000+00:00,combi,Lying,Lying
2024-11-16 04:07:18.500000+00:00,combi,Lying,Lying
2024-11-16 04:08:18.500000+00:00,combi,Lying,Lying
2024-11-16 04:09:18.500000+00:00,combi,Lying,Lying
2024-11-16 04:10:18.500000+00:00,combi,Lying,Lying
2024-11-16 04:11:18.500000+00:00,combi,Lying,Lying
2024-11-16 04:12:18.500000+00:00,combi,Lying,Lying
2024-11-16 04:13:18.500000+00:00,combi,Lying,Lying
2024-11-16 04:14:18.500000+00:00,combi,Lying,Lying
2024-11-16 04:15:18.500000+00:00,combi,Lying,Lying
2024-11-16 04:16:18.500000+00:00,combi,Lying,Lying
2024-11-16 04:17:18.500000+00:00,combi,Lying,Lying
2024-11-16 04:18:18.500000+00:00,combi,Lying,Lying
2024-11-16 04:19:18.500000+00:00,combi,Lying,Lying
2024-11-16 04:20:18.500000+00:00,combi,Lying,Lying
2024-11-16 04:21:18.500000+00:00,combi,Lying,Lying
2024-11-16 04:22:18.500000+00:00,combi,Lying,Lying
2024-11-16 04:23:18.500000+00:00,combi,Lying,Lying
2024-11-16 04:24:18.500000+00:00,combi,Lying,Lying
2024-11-16 04:25:18.500000+00:00,combi,Lying,Lying
2024-11-16 04:26:18.500000+00:00,combi,Lying,Lying
2024-11-16 04:27:18.500000+00:00,combi,Lying,Lying
2024-11-16 04:28:18.500000+00:00,combi,Lying,Lying
2024-11-16 04:29:18.500000+00:00,combi,Lying,Lying
2024-11-16 04:30:18.500000+00:00,combi,Lying,Lying
2024-11-16 04:31:18.500000+00:00,combi,Lying,Lying
2024-11-16 04:32:18.500000+00:00,combi,Lying,Lying
2024-11-16 04:33:18.500000+00:00,combi,Lying,Lying
2024-11-16 04:34:18.500000+00:00,combi,Lying,Lying
2024-11-16 04:35:18.500000+00:00,combi,Lying,Lying
2024-11-16 04:36:18.500000+00:00,combi,Lying,Lying
2024-11-16 04:37:18.500000+00:00,combi,Lying,Lying
2024-11-16 04:38:18.500000+00:00,combi,Lying,Lying
2024-11-16 04:39:18.500000+00:00,combi,Lying,Lying
2024-11-16 04:40:18.500000+00:00,combi,Lying,Lying
2024-11-16 04:41:18.500000+00:00,combi,Lying,Lying
