Time,Participant,Majority_postures,Majority_including_dynamic
2024-09-20 09:45:40.500000+00:00,combi,Standing,Standing
2024-09-20 09:46:40.500000+00:00,combi,Standing,Standing
2024-09-20 09:47:40.500000+00:00,combi,Standing,Standing
2024-09-20 09:48:40.500000+00:00,combi,Standing,Dynamic
2024-09-20 09:49:40.500000+00:00,combi,Standing,Dynamic
2024-09-20 09:50:40.500000+00:00,combi,Standing,Standing
2024-09-20 09:51:40.500000+00:00,combi,Standing,Standing
2024-09-20 09:52:40.500000+00:00,combi,Standing,Standing
2024-09-20 09:53:40.500000+00:00,combi,Standing,Standing
2024-09-20 09:54:40.500000+00:00,combi,Standing,Standing
2024-09-20 09:55:40.500000+00:00,combi,Standing,Standing
2024-09-20 09:56:40.500000+00:00,combi,Standing,Standing
2024-09-20 09:57:40.500000+00:00,combi,Standing,Standing
2024-09-20 09:58:40.500000+00:00,combi,Sitting,Sitting
2024-09-20 09:59:40.500000+00:00,combi,Sitting,Sitting
2024-09-20 10:00:40.500000+00:00,combi,Sitting,Sitting
2024-09-20 10:01:40.500000+00:00,combi,Sitting,Sitting
2024-09-20 10:02:40.500000+00:00,combi,Sitting,Sitting
2024-09-20 10:03:40.500000+00:00,combi,Sitting,Sitting
2024-09-20 10:04:40.500000+00:00,combi,Sitting,Sitting
2024-09-20 10:05:40.500000+00:00,combi,Lying,Lying
2024-09-20 10:06:40.500000+00:00,combi,Lying,Lying
2024-09-20 10:07:40.500000+00:00,combi,Lying,Lying
2024-09-20 10:08:40.500000+00:00,combi,Standing,Dynamic
2024-09-20 10:09:40.500000+00:00,combi,Standing,Standing
2024-09-20 10:10:40.500000+00:00,combi,Standing,Standing
2024-09-20 10:11:40.500000+00:00,combi,Standing,Standing
2024-09-20 10:12:40.500000+00:00,combi,Standing,Standing
2024-09-20 10:13:40.500000+00:00,combi,Standing,Standing
2024-09-20 10:14:40.500000+00:00,combi,Standing,Standing
2024-09-20 10:15:40.500000+00:00,combi,Standing,Standing
2024-09-20 10:16:40.500000+00:00,combi,Standing,Standing
2024-09-20 10:17:40.500000+00:00,combi,Standing,Standing
2024-09-20 10:18:40.500000+00:00,combi,Standing,Standing
2024-09-20 10:19:40.500000+00:00,combi,Standing,Dynamic
2024-09-20 10:20:40.500000+00:00,combi,Standing,Standing
2024-09-20 10:21:40.500000+00:00,combi,Sitting,Sitting
2024-09-20 10:22:40.500000+00:00,combi,Sitting,Sitting
2024-09-20 10:23:40.500000+00:00,combi,Standing,Sitting
2024-09-20 10:24:40.500000+00:00,combi,Sitting,Sitting
2024-09-20 10:25:40.500000+00:00,combi,Standing,Standing
2024-09-20 10:26:40.500000+00:00,combi,Sitting,Sitting
2024-09-20 10:27:40.500000+00:00,combi,Sitting,Sitting
2024-09-20 10:28:40.500000+00:00,combi,Sitting,Sitting
2024-09-20 10:29:40.500000+00:00,combi,Lying,Lying
2024-09-20 10:30:40.500000+00:00,combi,Lying,Lying
2024-09-20 10:31:40.500000+00:00,combi,Lying,Lying
2024-09-20 10:32:40.500000+00:00,combi,Lying,Lying
2024-09-20 10:33:40.500000+00:00,combi,Lying,Lying
2024-09-20 10:34:40.500000+00:00,combi,Lying,Lying
2024-09-20 10:35:40.500000+00:00,combi,Lying,Lying
2024-09-20 10:36:40.500000+00:00,combi,Lying,Lying
2024-09-20 10:37:40.500000+00:00,combi,Lying,Lying
2024-09-20 10:38:40.500000+00:00,combi,Lying,Lying
2024-09-20 10:39:40.500000+00:00,combi,Sitting,Sitting
2024-09-20 10:40:40.500000+00:00,combi,Sitting,Sitting
2024-09-20 10:41:40.500000+00:00,combi,Sitting,Sitting
2024-09-20 10:42:40.500000+00:00,combi,Sitting,Sitting
2024-09-20 10:43:40.500000+00:00,combi,Sitting,Sitting
2024-09-20 10:44:40.500000+00:00,combi,Sitting,Sitting
2024-09-20 10:45:40.500000+00:00,combi,Sitting,Sitting
2024-09-20 10:46:40.500000+00:00,combi,Sitting,Sitting
2024-09-20 10:47:40.500000+00:00,combi,Sitting,Sitting
2024-09-20 10:48:40.500000+00:00,combi,Sitting,Sitting
2024-09-20 10:49:40.500000+00:00,combi,Sitting,Sitting
2024-09-20 10:50:40.500000+00:00,combi,Sitting,Sitting
2024-09-20 10:51:40.500000+00:00,combi,Sitting,Sitting
2024-09-20 10:52:40.500000+00:00,combi,Sitting,Sitting
2024-09-20 10:53:40.500000+00:00,combi,Sitting,Sitting
2024-09-20 10:54:40.500000+00:00,combi,Sitting,Sitting
2024-09-20 10:55:40.500000+00:00,combi,Sitting,Sitting
2024-09-20 10:56:40.500000+00:00,combi,Sitting,Sitting
2024-09-20 10:57:40.500000+00:00,combi,Standing,Standing
2024-09-20 10:58:40.500000+00:00,combi,Standing,Standing
2024-09-20 10:59:40.500000+00:00,combi,Standing,Standing
2024-09-20 11:00:40.500000+00:00,combi,Standing,Standing
2024-09-20 11:01:40.500000+00:00,combi,Standing,Standing
2024-09-20 11:02:40.500000+00:00,combi,Standing,Standing
2024-09-20 11:03:40.500000+00:00,combi,Standing,Dynamic
2024-09-20 11:04:40.500000+00:00,combi,Standing,Dynamic
2024-09-20 11:05:40.500000+00:00,combi,Standing,Dynamic
2024-09-20 11:06:40.500000+00:00,combi,Standing,Dynamic
2024-09-20 11:07:40.500000+00:00,combi,Standing,Dynamic
2024-09-20 11:08:40.500000+00:00,combi,Standing,Dynamic
2024-09-20 11:09:40.500000+00:00,combi,Standing,Dynamic
2024-09-20 11:10:40.500000+00:00,combi,Lying,Dynamic
2024-09-20 11:11:40.500000+00:00,combi,Standing,Dynamic
2024-09-20 11:12:40.500000+00:00,combi,Sitting,Dynamic
2024-09-20 11:13:40.500000+00:00,combi,Standing,Dynamic
2024-09-20 11:14:40.500000+00:00,combi,Standing,Dynamic
2024-09-20 11:15:40.500000+00:00,combi,Standing,Dynamic
2024-09-20 11:16:40.500000+00:00,combi,Standing,Dynamic
2024-09-20 11:17:40.500000+00:00,combi,Standing,Dynamic
2024-09-20 11:18:40.500000+00:00,combi,Standing,Dynamic
2024-09-20 11:19:40.500000+00:00,combi,Standing,Dynamic
2024-09-20 11:20:40.500000+00:00,combi,Standing,Dynamic
2024-09-20 11:21:40.500000+00:00,combi,Sitting,Sitting
2024-09-20 11:22:40.500000+00:00,combi,Sitting,Sitting
2024-09-20 11:23:40.500000+00:00,combi,Sitting,Sitting
2024-09-20 11:24:40.500000+00:00,combi,Sitting,Sitting
2024-09-20 11:25:40.500000+00:00,combi,Sitting,Sitting
2024-09-20 11:26:40.500000+00:00,combi,Sitting,Sitting
2024-09-20 11:27:40.500000+00:00,combi,Sitting,Sitting
2024-09-20 11:28:40.500000+00:00,combi,Sitting,Sitting
2024-09-20 11:29:40.500000+00:00,combi,Sitting,Sitting
2024-09-20 11:30:40.500000+00:00,combi,Sitting,Sitting
2024-09-20 11:31:40.500000+00:00,combi,Sitting,Sitting
2024-09-20 11:32:40.500000+00:00,combi,Sitting,Sitting
2024-09-20 11:33:40.500000+00:00,combi,Sitting,Sitting
2024-09-20 11:34:40.500000+00:00,combi,Sitting,Sitting
2024-09-20 11:35:40.500000+00:00,combi,Sitting,Sitting
2024-09-20 11:36:40.500000+00:00,combi,Sitting,Sitting
2024-09-20 11:37:40.500000+00:00,combi,Standing,Dynamic
2024-09-20 11:38:40.500000+00:00,combi,Lying,Dynamic
2024-09-20 11:39:40.500000+00:00,combi,Lying,Dynamic
2024-09-20 11:40:40.500000+00:00,combi,Standing,Dynamic
2024-09-20 11:41:40.500000+00:00,combi,Standing,Dynamic
2024-09-20 11:42:40.500000+00:00,combi,Standing,Dynamic
2024-09-20 11:43:40.500000+00:00,combi,Standing,Dynamic
2024-09-20 11:44:40.500000+00:00,combi,Standing,Dynamic
2024-09-20 11:45:40.500000+00:00,combi,Sitting,Sitting
2024-09-20 11:46:40.500000+00:00,combi,Sitting,Sitting
2024-09-20 11:47:40.500000+00:00,combi,Sitting,Sitting
2024-09-20 11:48:40.500000+00:00,combi,Standing,Dynamic
2024-09-20 11:49:40.500000+00:00,combi,Standing,Standing
2024-09-20 11:50:40.500000+00:00,combi,Standing,Standing
2024-09-20 11:51:40.500000+00:00,combi,Standing,Standing
2024-09-20 11:52:40.500000+00:00,combi,Standing,Dynamic
2024-09-20 11:53:40.500000+00:00,combi,Standing,Dynamic
2024-09-20 11:54:40.500000+00:00,combi,Standing,Dynamic
2024-09-20 11:55:40.500000+00:00,combi,Standing,Dynamic
2024-09-20 11:56:40.500000+00:00,combi,Standing,Dynamic
2024-09-20 11:57:40.500000+00:00,combi,Standing,Dynamic
2024-09-20 11:58:40.500000+00:00,combi,Standing,Dynamic
2024-09-20 11:59:40.500000+00:00,combi,Standing,Standing
2024-09-20 12:00:40.500000+00:00,combi,Standing,Standing
2024-09-20 12:01:40.500000+00:00,combi,Standing,Standing
2024-09-20 12:02:40.500000+00:00,combi,Standing,Dynamic
2024-09-20 12:03:40.500000+00:00,combi,Standing,Standing
2024-09-20 12:04:40.500000+00:00,combi,Standing,Standing
2024-09-20 12:05:40.500000+00:00,combi,Lying,Dynamic
2024-09-20 12:06:40.500000+00:00,combi,Standing,Dynamic
2024-09-20 12:07:40.500000+00:00,combi,Standing,Dynamic
2024-09-20 12:08:40.500000+00:00,combi,Standing,Dynamic
2024-09-20 12:09:40.500000+00:00,combi,Sitting,Sitting
2024-09-20 12:10:40.500000+00:00,combi,Sitting,Sitting
2024-09-20 12:11:40.500000+00:00,combi,Sitting,Sitting
2024-09-20 12:12:40.500000+00:00,combi,Sitting,Sitting
2024-09-20 12:13:40.500000+00:00,combi,Sitting,Sitting
2024-09-20 12:14:40.500000+00:00,combi,Sitting,Sitting
2024-09-20 12:15:40.500000+00:00,combi,Sitting,Sitting
2024-09-20 12:16:40.500000+00:00,combi,Standing,Standing
2024-09-20 12:17:40.500000+00:00,combi,Sitting,Sitting
2024-09-20 12:18:40.500000+00:00,combi,Sitting,Sitting
2024-09-20 12:19:40.500000+00:00,combi,Sitting,Sitting
2024-09-20 12:20:40.500000+00:00,combi,Sitting,Sitting
2024-09-20 12:21:40.500000+00:00,combi,Sitting,Sitting
2024-09-20 12:22:40.500000+00:00,combi,Standing,Dynamic
2024-09-20 12:23:40.500000+00:00,combi,Standing,Dynamic
2024-09-20 12:24:40.500000+00:00,combi,Standing,Dynamic
2024-09-20 12:25:40.500000+00:00,combi,Standing,Dynamic
2024-09-20 12:26:40.500000+00:00,combi,Sitting,Sitting
2024-09-20 12:27:40.500000+00:00,combi,Sitting,Sitting
2024-09-20 12:28:40.500000+00:00,combi,Standing,Dynamic
2024-09-20 12:29:40.500000+00:00,combi,Sitting,Standing
2024-09-20 12:30:40.500000+00:00,combi,Standing,Dynamic
2024-09-20 12:31:40.500000+00:00,combi,Sitting,Sitting
2024-09-20 12:32:40.500000+00:00,combi,Sitting,Sitting
2024-09-20 12:33:40.500000+00:00,combi,Sitting,Sitting
2024-09-20 12:34:40.500000+00:00,combi,Sitting,Sitting
2024-09-20 12:35:40.500000+00:00,combi,Sitting,Sitting
2024-09-20 12:36:40.500000+00:00,combi,Sitting,Sitting
2024-09-20 12:37:40.500000+00:00,combi,Sitting,Sitting
2024-09-20 12:38:40.500000+00:00,combi,Sitting,Sitting
2024-09-20 12:39:40.500000+00:00,combi,Sitting,Sitting
2024-09-20 12:40:40.500000+00:00,combi,Sitting,Sitting
2024-09-20 12:41:40.500000+00:00,combi,Sitting,Sitting
2024-09-20 12:42:40.500000+00:00,combi,Sitting,Sitting
2024-09-20 12:43:40.500000+00:00,combi,Sitting,Sitting
2024-09-20 12:44:40.500000+00:00,combi,Sitting,Sitting
2024-09-20 12:45:40.500000+00:00,combi,Sitting,Sitting
2024-09-20 12:46:40.500000+00:00,combi,Sitting,Sitting
2024-09-20 12:47:40.500000+00:00,combi,Sitting,Sitting
2024-09-20 12:48:40.500000+00:00,combi,Sitting,Sitting
2024-09-20 12:49:40.500000+00:00,combi,Sitting,Sitting
2024-09-20 12:50:40.500000+00:00,combi,Sitting,Sitting
2024-09-20 12:51:40.500000+00:00,combi,Standing,Dynamic
2024-09-20 12:52:40.500000+00:00,combi,Sitting,Sitting
2024-09-20 12:53:40.500000+00:00,combi,Sitting,Sitting
2024-09-20 12:54:40.500000+00:00,combi,Sitting,Sitting
2024-09-20 12:55:40.500000+00:00,combi,Sitting,Sitting
2024-09-20 12:56:40.500000+00:00,combi,Sitting,Sitting
2024-09-20 12:57:40.500000+00:00,combi,Sitting,Sitting
2024-09-20 12:58:40.500000+00:00,combi,Sitting,Sitting
2024-09-20 12:59:40.500000+00:00,combi,Sitting,Sitting
2024-09-20 13:00:40.500000+00:00,combi,Sitting,Sitting
2024-09-20 13:01:40.500000+00:00,combi,Sitting,Sitting
2024-09-20 13:02:40.500000+00:00,combi,Sitting,Sitting
2024-09-20 13:03:40.500000+00:00,combi,Sitting,Sitting
2024-09-20 13:04:40.500000+00:00,combi,Sitting,Sitting
2024-09-20 13:05:40.500000+00:00,combi,Sitting,Sitting
2024-09-20 13:06:40.500000+00:00,combi,Sitting,Sitting
2024-09-20 13:07:40.500000+00:00,combi,Sitting,Sitting
2024-09-20 13:08:40.500000+00:00,combi,Sitting,Sitting
2024-09-20 13:09:40.500000+00:00,combi,Sitting,Sitting
2024-09-20 13:10:40.500000+00:00,combi,Sitting,Sitting
2024-09-20 13:11:40.500000+00:00,combi,Sitting,Sitting
2024-09-20 13:12:40.500000+00:00,combi,Sitting,Sitting
2024-09-20 13:13:40.500000+00:00,combi,Sitting,Sitting
2024-09-20 13:14:40.500000+00:00,combi,Sitting,Sitting
2024-09-20 13:15:40.500000+00:00,combi,Sitting,Sitting
2024-09-20 13:16:40.500000+00:00,combi,Sitting,Sitting
2024-09-20 13:17:40.500000+00:00,combi,Sitting,Sitting
2024-09-20 13:18:40.500000+00:00,combi,Sitting,Sitting
2024-09-20 13:19:40.500000+00:00,combi,Sitting,Sitting
2024-09-20 13:20:40.500000+00:00,combi,Sitting,Sitting
2024-09-20 13:21:40.500000+00:00,combi,Sitting,Sitting
2024-09-20 13:22:40.500000+00:00,combi,Sitting,Sitting
2024-09-20 13:23:40.500000+00:00,combi,Sitting,Sitting
2024-09-20 13:24:40.500000+00:00,combi,Sitting,Sitting
2024-09-20 13:25:40.500000+00:00,combi,Sitting,Sitting
2024-09-20 13:26:40.500000+00:00,combi,Sitting,Sitting
2024-09-20 13:27:40.500000+00:00,combi,Sitting,Sitting
2024-09-20 13:28:40.500000+00:00,combi,Sitting,Sitting
2024-09-20 13:29:40.500000+00:00,combi,Sitting,Sitting
2024-09-20 13:30:40.500000+00:00,combi,Sitting,Sitting
2024-09-20 13:31:40.500000+00:00,combi,Sitting,Sitting
2024-09-20 13:32:40.500000+00:00,combi,Sitting,Sitting
2024-09-20 13:33:40.500000+00:00,combi,Sitting,Sitting
2024-09-20 13:34:40.500000+00:00,combi,Sitting,Sitting
2024-09-20 13:35:40.500000+00:00,combi,Sitting,Sitting
2024-09-20 13:36:40.500000+00:00,combi,Sitting,Sitting
2024-09-20 13:37:40.500000+00:00,combi,Sitting,Sitting
2024-09-20 13:38:40.500000+00:00,combi,Sitting,Sitting
2024-09-20 13:39:40.500000+00:00,combi,Sitting,Sitting
2024-09-20 13:40:40.500000+00:00,combi,Sitting,Sitting
2024-09-20 13:41:40.500000+00:00,combi,Sitting,Sitting
2024-09-20 13:42:40.500000+00:00,combi,Sitting,Sitting
2024-09-20 13:43:40.500000+00:00,combi,Sitting,Sitting
2024-09-20 13:44:40.500000+00:00,combi,Standing,Dynamic
2024-09-20 13:45:40.500000+00:00,combi,Standing,Dynamic
2024-09-20 13:46:40.500000+00:00,combi,Standing,Dynamic
2024-09-20 13:47:40.500000+00:00,combi,Standing,Dynamic
2024-09-20 13:48:40.500000+00:00,combi,Standing,Standing
2024-09-20 13:49:40.500000+00:00,combi,Standing,Standing
2024-09-20 13:50:40.500000+00:00,combi,Standing,Standing
2024-09-20 13:51:40.500000+00:00,combi,Standing,Standing
2024-09-20 13:52:40.500000+00:00,combi,Standing,Standing
2024-09-20 13:53:40.500000+00:00,combi,Standing,Dynamic
2024-09-20 13:54:40.500000+00:00,combi,Standing,Dynamic
2024-09-20 13:55:40.500000+00:00,combi,Standing,Dynamic
2024-09-20 13:56:40.500000+00:00,combi,Sitting,Sitting
2024-09-20 13:57:40.500000+00:00,combi,Sitting,Sitting
2024-09-20 13:58:40.500000+00:00,combi,Sitting,Sitting
2024-09-20 13:59:40.500000+00:00,combi,Sitting,Sitting
2024-09-20 14:00:40.500000+00:00,combi,Sitting,Sitting
2024-09-20 14:01:40.500000+00:00,combi,Sitting,Sitting
2024-09-20 14:02:40.500000+00:00,combi,Sitting,Sitting
2024-09-20 14:03:40.500000+00:00,combi,Sitting,Sitting
2024-09-20 14:04:40.500000+00:00,combi,Standing,Standing
2024-09-20 14:05:40.500000+00:00,combi,Sitting,Sitting
2024-09-20 14:06:40.500000+00:00,combi,Sitting,Sitting
2024-09-20 14:07:40.500000+00:00,combi,Sitting,Sitting
2024-09-20 14:08:40.500000+00:00,combi,Sitting,Sitting
2024-09-20 14:09:40.500000+00:00,combi,Sitting,Sitting
2024-09-20 14:10:40.500000+00:00,combi,Sitting,Sitting
2024-09-20 14:11:40.500000+00:00,combi,Sitting,Sitting
2024-09-20 14:12:40.500000+00:00,combi,Sitting,Sitting
2024-09-20 14:13:40.500000+00:00,combi,Sitting,Sitting
2024-09-20 14:14:40.500000+00:00,combi,Sitting,Sitting
2024-09-20 14:15:40.500000+00:00,combi,Sitting,Sitting
2024-09-20 14:16:40.500000+00:00,combi,Sitting,Sitting
2024-09-20 14:17:40.500000+00:00,combi,Sitting,Sitting
2024-09-20 14:18:40.500000+00:00,combi,Sitting,Dynamic
2024-09-20 14:19:40.500000+00:00,combi,Standing,Dynamic
2024-09-20 14:20:40.500000+00:00,combi,Standing,Dynamic
2024-09-20 14:21:40.500000+00:00,combi,Standing,Dynamic
2024-09-20 14:22:40.500000+00:00,combi,Standing,Dynamic
2024-09-20 14:23:40.500000+00:00,combi,Standing,Dynamic
2024-09-20 14:24:40.500000+00:00,combi,Standing,Dynamic
2024-09-20 14:25:40.500000+00:00,combi,Standing,Dynamic
2024-09-20 14:26:40.500000+00:00,combi,Standing,Dynamic
2024-09-20 14:27:40.500000+00:00,combi,Standing,Dynamic
2024-09-20 14:28:40.500000+00:00,combi,Standing,Dynamic
2024-09-20 14:29:40.500000+00:00,combi,Standing,Dynamic
2024-09-20 14:30:40.500000+00:00,combi,Standing,Standing
2024-09-20 14:31:40.500000+00:00,combi,Standing,Standing
2024-09-20 14:32:40.500000+00:00,combi,Standing,Standing
2024-09-20 14:33:40.500000+00:00,combi,Standing,Dynamic
2024-09-20 14:34:40.500000+00:00,combi,Standing,Dynamic
2024-09-20 14:35:40.500000+00:00,combi,Sitting,Sitting
2024-09-20 14:36:40.500000+00:00,combi,Sitting,Sitting
2024-09-20 14:37:40.500000+00:00,combi,Standing,Dynamic
2024-09-20 14:38:40.500000+00:00,combi,Lying,Dynamic
2024-09-20 14:39:40.500000+00:00,combi,Lying,Dynamic
2024-09-20 14:40:40.500000+00:00,combi,Lying,Dynamic
2024-09-20 14:41:40.500000+00:00,combi,Lying,Dynamic
2024-09-20 14:42:40.500000+00:00,combi,Sitting,Sitting
2024-09-20 14:43:40.500000+00:00,combi,Sitting,Sitting
2024-09-20 14:44:40.500000+00:00,combi,Sitting,Sitting
2024-09-20 14:45:40.500000+00:00,combi,Sitting,Sitting
2024-09-20 14:46:40.500000+00:00,combi,Sitting,Sitting
2024-09-20 14:47:40.500000+00:00,combi,Sitting,Sitting
2024-09-20 14:48:40.500000+00:00,combi,Sitting,Sitting
2024-09-20 14:49:40.500000+00:00,combi,Sitting,Sitting
2024-09-20 14:50:40.500000+00:00,combi,Sitting,Sitting
2024-09-20 14:51:40.500000+00:00,combi,Sitting,Sitting
2024-09-20 14:52:40.500000+00:00,combi,Sitting,Sitting
2024-09-20 14:53:40.500000+00:00,combi,Lying,Dynamic
2024-09-20 14:54:40.500000+00:00,combi,Standing,Dynamic
2024-09-20 14:55:40.500000+00:00,combi,Standing,Dynamic
2024-09-20 14:56:40.500000+00:00,combi,Standing,Dynamic
2024-09-20 14:57:40.500000+00:00,combi,Sitting,Sitting
2024-09-20 14:58:40.500000+00:00,combi,Sitting,Sitting
2024-09-20 14:59:40.500000+00:00,combi,Sitting,Sitting
2024-09-20 15:00:40.500000+00:00,combi,Sitting,Sitting
2024-09-20 15:01:40.500000+00:00,combi,Sitting,Sitting
2024-09-20 15:02:40.500000+00:00,combi,Sitting,Sitting
2024-09-20 15:03:40.500000+00:00,combi,Sitting,Sitting
2024-09-20 15:04:40.500000+00:00,combi,Sitting,Sitting
2024-09-20 15:05:40.500000+00:00,combi,Standing,Dynamic
2024-09-20 15:06:40.500000+00:00,combi,Sitting,Sitting
2024-09-20 15:07:40.500000+00:00,combi,Sitting,Sitting
2024-09-20 15:08:40.500000+00:00,combi,Sitting,Sitting
2024-09-20 15:09:40.500000+00:00,combi,Sitting,Sitting
2024-09-20 15:10:40.500000+00:00,combi,Sitting,Sitting
2024-09-20 15:11:40.500000+00:00,combi,Sitting,Sitting
2024-09-20 15:12:40.500000+00:00,combi,Sitting,Sitting
2024-09-20 15:13:40.500000+00:00,combi,Sitting,Sitting
2024-09-20 15:14:40.500000+00:00,combi,Standing,Dynamic
2024-09-20 15:15:40.500000+00:00,combi,Lying,Dynamic
2024-09-20 15:16:40.500000+00:00,combi,Lying,Dynamic
2024-09-20 15:17:40.500000+00:00,combi,Standing,Dynamic
2024-09-20 15:18:40.500000+00:00,combi,Standing,Standing
2024-09-20 15:19:40.500000+00:00,combi,Standing,Dynamic
2024-09-20 15:20:40.500000+00:00,combi,Standing,Dynamic
2024-09-20 15:21:40.500000+00:00,combi,Standing,Standing
2024-09-20 15:22:40.500000+00:00,combi,Standing,Dynamic
2024-09-20 15:23:40.500000+00:00,combi,Lying,Dynamic
2024-09-20 15:24:40.500000+00:00,combi,Standing,Dynamic
2024-09-20 15:25:40.500000+00:00,combi,Standing,Standing
2024-09-20 15:26:40.500000+00:00,combi,Sitting,Sitting
2024-09-20 15:27:40.500000+00:00,combi,Sitting,Sitting
2024-09-20 15:28:40.500000+00:00,combi,Sitting,Sitting
2024-09-20 15:29:40.500000+00:00,combi,Sitting,Sitting
2024-09-20 15:30:40.500000+00:00,combi,Sitting,Sitting
2024-09-20 15:31:40.500000+00:00,combi,Sitting,Sitting
2024-09-20 15:32:40.500000+00:00,combi,Sitting,Sitting
2024-09-20 15:33:40.500000+00:00,combi,Sitting,Sitting
2024-09-20 15:34:40.500000+00:00,combi,Standing,Dynamic
2024-09-20 15:35:40.500000+00:00,combi,Standing,Dynamic
2024-09-20 15:36:40.500000+00:00,combi,Lying,Dynamic
2024-09-20 15:37:40.500000+00:00,combi,Standing,Dynamic
2024-09-20 15:38:40.500000+00:00,combi,Standing,Dynamic
2024-09-20 15:39:40.500000+00:00,combi,Standing,Dynamic
2024-09-20 15:40:40.500000+00:00,combi,Standing,Dynamic
2024-09-20 15:41:40.500000+00:00,combi,Standing,Dynamic
2024-09-20 15:42:40.500000+00:00,combi,Standing,Dynamic
2024-09-20 15:43:40.500000+00:00,combi,Standing,Dynamic
2024-09-20 15:44:40.500000+00:00,combi,Standing,Dynamic
2024-09-20 15:45:40.500000+00:00,combi,Standing,Dynamic
2024-09-20 15:46:40.500000+00:00,combi,Standing,Dynamic
2024-09-20 15:47:40.500000+00:00,combi,Standing,Dynamic
2024-09-20 15:48:40.500000+00:00,combi,Standing,Dynamic
2024-09-20 15:49:40.500000+00:00,combi,Standing,Standing
2024-09-20 15:50:40.500000+00:00,combi,Standing,Sitting
2024-09-20 15:51:40.500000+00:00,combi,Sitting,Sitting
2024-09-20 15:52:40.500000+00:00,combi,Sitting,Sitting
2024-09-20 15:53:40.500000+00:00,combi,Sitting,Sitting
2024-09-20 15:54:40.500000+00:00,combi,Sitting,Sitting
2024-09-20 15:55:40.500000+00:00,combi,Sitting,Sitting
2024-09-20 15:56:40.500000+00:00,combi,Sitting,Sitting
2024-09-20 15:57:40.500000+00:00,combi,Sitting,Dynamic
2024-09-20 15:58:40.500000+00:00,combi,Lying,Dynamic
2024-09-20 15:59:40.500000+00:00,combi,Sitting,Sitting
2024-09-20 16:00:40.500000+00:00,combi,Sitting,Sitting
2024-09-20 16:01:40.500000+00:00,combi,Sitting,Sitting
2024-09-20 16:02:40.500000+00:00,combi,Sitting,Sitting
2024-09-20 16:03:40.500000+00:00,combi,Sitting,Sitting
2024-09-20 16:04:40.500000+00:00,combi,Sitting,Sitting
2024-09-20 16:05:40.500000+00:00,combi,Sitting,Sitting
2024-09-20 16:06:40.500000+00:00,combi,Sitting,Sitting
2024-09-20 16:07:40.500000+00:00,combi,Sitting,Sitting
2024-09-20 16:08:40.500000+00:00,combi,Sitting,Sitting
2024-09-20 16:09:40.500000+00:00,combi,Sitting,Sitting
2024-09-20 16:10:40.500000+00:00,combi,Sitting,Sitting
2024-09-20 16:11:40.500000+00:00,combi,Sitting,Sitting
2024-09-20 16:12:40.500000+00:00,combi,Sitting,Sitting
2024-09-20 16:13:40.500000+00:00,combi,Sitting,Sitting
2024-09-20 16:14:40.500000+00:00,combi,Sitting,Sitting
2024-09-20 16:15:40.500000+00:00,combi,Sitting,Sitting
2024-09-20 16:16:40.500000+00:00,combi,Sitting,Sitting
2024-09-20 16:17:40.500000+00:00,combi,Sitting,Sitting
2024-09-20 16:18:40.500000+00:00,combi,Sitting,Sitting
2024-09-20 16:19:40.500000+00:00,combi,Sitting,Sitting
2024-09-20 16:20:40.500000+00:00,combi,Sitting,Sitting
2024-09-20 16:21:40.500000+00:00,combi,Sitting,Sitting
2024-09-20 16:22:40.500000+00:00,combi,Sitting,Sitting
2024-09-20 16:23:40.500000+00:00,combi,Sitting,Sitting
2024-09-20 16:24:40.500000+00:00,combi,Lying,Dynamic
2024-09-20 16:25:40.500000+00:00,combi,Lying,Lying
2024-09-20 16:26:40.500000+00:00,combi,Lying,Lying
2024-09-20 16:27:40.500000+00:00,combi,Lying,Lying
2024-09-20 16:28:40.500000+00:00,combi,Lying,Lying
2024-09-20 16:29:40.500000+00:00,combi,Lying,Lying
2024-09-20 16:30:40.500000+00:00,combi,Lying,Lying
2024-09-20 16:31:40.500000+00:00,combi,Lying,Lying
2024-09-20 16:32:40.500000+00:00,combi,Lying,Lying
2024-09-20 16:33:40.500000+00:00,combi,Lying,Lying
2024-09-20 16:34:40.500000+00:00,combi,Lying,Lying
2024-09-20 16:35:40.500000+00:00,combi,Lying,Lying
2024-09-20 16:36:40.500000+00:00,combi,Lying,Lying
2024-09-20 16:37:40.500000+00:00,combi,Lying,Lying
2024-09-20 16:38:40.500000+00:00,combi,Lying,Lying
2024-09-20 16:39:40.500000+00:00,combi,Lying,Lying
2024-09-20 16:40:40.500000+00:00,combi,Lying,Lying
2024-09-20 16:41:40.500000+00:00,combi,Lying,Lying
2024-09-20 16:42:40.500000+00:00,combi,Lying,Lying
2024-09-20 16:43:40.500000+00:00,combi,Lying,Lying
2024-09-20 16:44:40.500000+00:00,combi,Lying,Lying
2024-09-20 16:45:40.500000+00:00,combi,Lying,Lying
2024-09-20 16:46:40.500000+00:00,combi,Lying,Lying
2024-09-20 16:47:40.500000+00:00,combi,Lying,Lying
2024-09-20 16:48:40.500000+00:00,combi,Lying,Lying
2024-09-20 16:49:40.500000+00:00,combi,Lying,Lying
2024-09-20 16:50:40.500000+00:00,combi,Lying,Lying
2024-09-20 16:51:40.500000+00:00,combi,Lying,Lying
2024-09-20 16:52:40.500000+00:00,combi,Lying,Lying
2024-09-20 16:53:40.500000+00:00,combi,Lying,Lying
2024-09-20 16:54:40.500000+00:00,combi,Lying,Lying
2024-09-20 16:55:40.500000+00:00,combi,Lying,Lying
2024-09-20 16:56:40.500000+00:00,combi,Lying,Lying
2024-09-20 16:57:40.500000+00:00,combi,Lying,Lying
2024-09-20 16:58:40.500000+00:00,combi,Lying,Lying
2024-09-20 16:59:40.500000+00:00,combi,Lying,Lying
2024-09-20 17:00:40.500000+00:00,combi,Lying,Lying
2024-09-20 17:01:40.500000+00:00,combi,Lying,Lying
2024-09-20 17:02:40.500000+00:00,combi,Lying,Lying
2024-09-20 17:03:40.500000+00:00,combi,Lying,Lying
2024-09-20 17:04:40.500000+00:00,combi,Lying,Lying
2024-09-20 17:05:40.500000+00:00,combi,Lying,Lying
2024-09-20 17:06:40.500000+00:00,combi,Lying,Lying
2024-09-20 17:07:40.500000+00:00,combi,Lying,Lying
2024-09-20 17:08:40.500000+00:00,combi,Lying,Lying
2024-09-20 17:09:40.500000+00:00,combi,Lying,Lying
2024-09-20 17:10:40.500000+00:00,combi,Lying,Lying
2024-09-20 17:11:40.500000+00:00,combi,Lying,Lying
2024-09-20 17:12:40.500000+00:00,combi,Lying,Lying
2024-09-20 17:13:40.500000+00:00,combi,Lying,Lying
2024-09-20 17:14:40.500000+00:00,combi,Lying,Lying
2024-09-20 17:15:40.500000+00:00,combi,Lying,Lying
2024-09-20 17:16:40.500000+00:00,combi,Lying,Lying
2024-09-20 17:17:40.500000+00:00,combi,Lying,Lying
2024-09-20 17:18:40.500000+00:00,combi,Lying,Lying
2024-09-20 17:19:40.500000+00:00,combi,Lying,Lying
2024-09-20 17:20:40.500000+00:00,combi,Lying,Lying
2024-09-20 17:21:40.500000+00:00,combi,Lying,Lying
2024-09-20 17:22:40.500000+00:00,combi,Lying,Lying
2024-09-20 17:23:40.500000+00:00,combi,Lying,Lying
2024-09-20 17:24:40.500000+00:00,combi,Lying,Lying
2024-09-20 17:25:40.500000+00:00,combi,Lying,Lying
2024-09-20 17:26:40.500000+00:00,combi,Lying,Lying
2024-09-20 17:27:40.500000+00:00,combi,Lying,Lying
2024-09-20 17:28:40.500000+00:00,combi,Lying,Lying
2024-09-20 17:29:40.500000+00:00,combi,Lying,Lying
2024-09-20 17:30:40.500000+00:00,combi,Lying,Lying
2024-09-20 17:31:40.500000+00:00,combi,Lying,Lying
2024-09-20 17:32:40.500000+00:00,combi,Lying,Lying
2024-09-20 17:33:40.500000+00:00,combi,Lying,Lying
2024-09-20 17:34:40.500000+00:00,combi,Lying,Lying
2024-09-20 17:35:40.500000+00:00,combi,Lying,Lying
2024-09-20 17:36:40.500000+00:00,combi,Lying,Lying
2024-09-20 17:37:40.500000+00:00,combi,Lying,Lying
2024-09-20 17:38:40.500000+00:00,combi,Lying,Lying
2024-09-20 17:39:40.500000+00:00,combi,Lying,Lying
2024-09-20 17:40:40.500000+00:00,combi,Lying,Lying
2024-09-20 17:41:40.500000+00:00,combi,Lying,Lying
2024-09-20 17:42:40.500000+00:00,combi,Lying,Lying
2024-09-20 17:43:40.500000+00:00,combi,Lying,Lying
2024-09-20 17:44:40.500000+00:00,combi,Lying,Lying
2024-09-20 17:45:40.500000+00:00,combi,Lying,Lying
2024-09-20 17:46:40.500000+00:00,combi,Lying,Lying
2024-09-20 17:47:40.500000+00:00,combi,Lying,Lying
2024-09-20 17:48:40.500000+00:00,combi,Lying,Lying
2024-09-20 17:49:40.500000+00:00,combi,Lying,Lying
2024-09-20 17:50:40.500000+00:00,combi,Lying,Lying
2024-09-20 17:51:40.500000+00:00,combi,Lying,Lying
2024-09-20 17:52:40.500000+00:00,combi,Lying,Lying
2024-09-20 17:53:40.500000+00:00,combi,Lying,Lying
2024-09-20 17:54:40.500000+00:00,combi,Lying,Lying
2024-09-20 17:55:40.500000+00:00,combi,Lying,Lying
2024-09-20 17:56:40.500000+00:00,combi,Lying,Lying
2024-09-20 17:57:40.500000+00:00,combi,Lying,Lying
2024-09-20 17:58:40.500000+00:00,combi,Lying,Lying
2024-09-20 17:59:40.500000+00:00,combi,Lying,Lying
2024-09-20 18:00:40.500000+00:00,combi,Lying,Lying
2024-09-20 18:01:40.500000+00:00,combi,Lying,Lying
2024-09-20 18:02:40.500000+00:00,combi,Lying,Lying
2024-09-20 18:03:40.500000+00:00,combi,Lying,Lying
2024-09-20 18:04:40.500000+00:00,combi,Lying,Lying
2024-09-20 18:05:40.500000+00:00,combi,Lying,Lying
2024-09-20 18:06:40.500000+00:00,combi,Lying,Lying
2024-09-20 18:07:40.500000+00:00,combi,Lying,Lying
2024-09-20 18:08:40.500000+00:00,combi,Lying,Dynamic
2024-09-20 18:09:40.500000+00:00,combi,Lying,Lying
2024-09-20 18:10:40.500000+00:00,combi,Lying,Lying
2024-09-20 18:11:40.500000+00:00,combi,Lying,Lying
2024-09-20 18:12:40.500000+00:00,combi,Lying,Lying
2024-09-20 18:13:40.500000+00:00,combi,Lying,Dynamic
2024-09-20 18:14:40.500000+00:00,combi,Standing,Standing
2024-09-20 18:15:40.500000+00:00,combi,Standing,Standing
2024-09-20 18:16:40.500000+00:00,combi,Standing,Dynamic
2024-09-20 18:17:40.500000+00:00,combi,Standing,Dynamic
2024-09-20 18:18:40.500000+00:00,combi,Standing,Dynamic
2024-09-20 18:19:40.500000+00:00,combi,Standing,Dynamic
2024-09-20 18:20:40.500000+00:00,combi,Standing,Dynamic
2024-09-20 18:21:40.500000+00:00,combi,Standing,Dynamic
2024-09-20 18:22:40.500000+00:00,combi,Standing,Dynamic
2024-09-20 18:23:40.500000+00:00,combi,Standing,Dynamic
2024-09-20 18:24:40.500000+00:00,combi,Standing,Dynamic
2024-09-20 18:25:40.500000+00:00,combi,Standing,Standing
2024-09-20 18:26:40.500000+00:00,combi,Standing,Dynamic
2024-09-20 18:27:40.500000+00:00,combi,Lying,Dynamic
2024-09-20 18:28:40.500000+00:00,combi,Standing,Dynamic
2024-09-20 18:29:40.500000+00:00,combi,Standing,Standing
2024-09-20 18:30:40.500000+00:00,combi,Standing,Dynamic
2024-09-20 18:31:40.500000+00:00,combi,Standing,Dynamic
2024-09-20 18:32:40.500000+00:00,combi,Sitting,Sitting
2024-09-20 18:33:40.500000+00:00,combi,Sitting,Dynamic
2024-09-20 18:34:40.500000+00:00,combi,Sitting,Sitting
2024-09-20 18:35:40.500000+00:00,combi,Sitting,Sitting
2024-09-20 18:36:40.500000+00:00,combi,Sitting,Sitting
2024-09-20 18:37:40.500000+00:00,combi,Sitting,Sitting
2024-09-20 18:38:40.500000+00:00,combi,Standing,Standing
2024-09-20 18:39:40.500000+00:00,combi,Standing,Standing
2024-09-20 18:40:40.500000+00:00,combi,Standing,Dynamic
2024-09-20 18:41:40.500000+00:00,combi,Sitting,Dynamic
2024-09-20 18:42:40.500000+00:00,combi,Sitting,Sitting
2024-09-20 18:43:40.500000+00:00,combi,Standing,Dynamic
2024-09-20 18:44:40.500000+00:00,combi,Sitting,Dynamic
2024-09-20 18:45:40.500000+00:00,combi,Sitting,Sitting
2024-09-20 18:46:40.500000+00:00,combi,Standing,Dynamic
2024-09-20 18:47:40.500000+00:00,combi,Sitting,Sitting
2024-09-20 18:48:40.500000+00:00,combi,Standing,Standing
2024-09-20 18:49:40.500000+00:00,combi,Standing,Standing
2024-09-20 18:50:40.500000+00:00,combi,Standing,Dynamic
2024-09-20 18:51:40.500000+00:00,combi,Sitting,Sitting
2024-09-20 18:52:40.500000+00:00,combi,Sitting,Sitting
2024-09-20 18:53:40.500000+00:00,combi,Sitting,Sitting
2024-09-20 18:54:40.500000+00:00,combi,Sitting,Sitting
2024-09-20 18:55:40.500000+00:00,combi,Sitting,Sitting
2024-09-20 18:56:40.500000+00:00,combi,Sitting,Sitting
2024-09-20 18:57:40.500000+00:00,combi,Standing,Dynamic
2024-09-20 18:58:40.500000+00:00,combi,Standing,Standing
2024-09-20 18:59:40.500000+00:00,combi,Standing,Standing
2024-09-20 19:00:40.500000+00:00,combi,Standing,Dynamic
2024-09-20 19:01:40.500000+00:00,combi,Sitting,Sitting
2024-09-20 19:02:40.500000+00:00,combi,Sitting,Sitting
2024-09-20 19:03:40.500000+00:00,combi,Standing,Standing
2024-09-20 19:04:40.500000+00:00,combi,Sitting,Sitting
2024-09-20 19:05:40.500000+00:00,combi,Sitting,Sitting
2024-09-20 19:06:40.500000+00:00,combi,Sitting,Sitting
2024-09-20 19:07:40.500000+00:00,combi,Sitting,Sitting
2024-09-20 19:08:40.500000+00:00,combi,Sitting,Sitting
2024-09-20 19:09:40.500000+00:00,combi,Standing,Standing
2024-09-20 19:10:40.500000+00:00,combi,Standing,Dynamic
2024-09-20 19:11:40.500000+00:00,combi,Sitting,Sitting
2024-09-20 19:12:40.500000+00:00,combi,Sitting,Sitting
2024-09-20 19:13:40.500000+00:00,combi,Sitting,Sitting
2024-09-20 19:14:40.500000+00:00,combi,Sitting,Sitting
2024-09-20 19:15:40.500000+00:00,combi,Sitting,Sitting
2024-09-20 19:16:40.500000+00:00,combi,Sitting,Sitting
2024-09-20 19:17:40.500000+00:00,combi,Sitting,Sitting
2024-09-20 19:18:40.500000+00:00,combi,Sitting,Sitting
2024-09-20 19:19:40.500000+00:00,combi,Sitting,Sitting
2024-09-20 19:20:40.500000+00:00,combi,Sitting,Sitting
2024-09-20 19:21:40.500000+00:00,combi,Sitting,Sitting
2024-09-20 19:22:40.500000+00:00,combi,Sitting,Sitting
2024-09-20 19:23:40.500000+00:00,combi,Sitting,Sitting
2024-09-20 19:24:40.500000+00:00,combi,Sitting,Sitting
2024-09-20 19:25:40.500000+00:00,combi,Sitting,Sitting
2024-09-20 19:26:40.500000+00:00,combi,Sitting,Sitting
2024-09-20 19:27:40.500000+00:00,combi,Sitting,Sitting
2024-09-20 19:28:40.500000+00:00,combi,Sitting,Sitting
2024-09-20 19:29:40.500000+00:00,combi,Sitting,Sitting
2024-09-20 19:30:40.500000+00:00,combi,Sitting,Sitting
2024-09-20 19:31:40.500000+00:00,combi,Standing,Sitting
2024-09-20 19:32:40.500000+00:00,combi,Standing,Standing
2024-09-20 19:33:40.500000+00:00,combi,Standing,Standing
2024-09-20 19:34:40.500000+00:00,combi,Sitting,Dynamic
2024-09-20 19:35:40.500000+00:00,combi,Sitting,Sitting
2024-09-20 19:36:40.500000+00:00,combi,Standing,Standing
2024-09-20 19:37:40.500000+00:00,combi,Standing,Standing
2024-09-20 19:38:40.500000+00:00,combi,Standing,Sitting
2024-09-20 19:39:40.500000+00:00,combi,Standing,Dynamic
2024-09-20 19:40:40.500000+00:00,combi,Standing,Dynamic
2024-09-20 19:41:40.500000+00:00,combi,Standing,Standing
2024-09-20 19:42:40.500000+00:00,combi,Standing,Standing
2024-09-20 19:43:40.500000+00:00,combi,Standing,Dynamic
2024-09-20 19:44:40.500000+00:00,combi,Sitting,Sitting
2024-09-20 19:45:40.500000+00:00,combi,Sitting,Sitting
2024-09-20 19:46:40.500000+00:00,combi,Lying,Lying
2024-09-20 19:47:40.500000+00:00,combi,Lying,Lying
2024-09-20 19:48:40.500000+00:00,combi,Lying,Lying
2024-09-20 19:49:40.500000+00:00,combi,Lying,Lying
2024-09-20 19:50:40.500000+00:00,combi,Sitting,Sitting
2024-09-20 19:51:40.500000+00:00,combi,Lying,Lying
2024-09-20 19:52:40.500000+00:00,combi,Sitting,Sitting
2024-09-20 19:53:40.500000+00:00,combi,Sitting,Sitting
2024-09-20 19:54:40.500000+00:00,combi,Lying,Lying
2024-09-20 19:55:40.500000+00:00,combi,Lying,Lying
2024-09-20 19:56:40.500000+00:00,combi,Lying,Lying
2024-09-20 19:57:40.500000+00:00,combi,Lying,Lying
2024-09-20 19:58:40.500000+00:00,combi,Lying,Sitting
2024-09-20 19:59:40.500000+00:00,combi,Lying,Lying
2024-09-20 20:00:40.500000+00:00,combi,Lying,Lying
2024-09-20 20:01:40.500000+00:00,combi,Lying,Lying
2024-09-20 20:02:40.500000+00:00,combi,Lying,Lying
2024-09-20 20:03:40.500000+00:00,combi,Lying,Lying
2024-09-20 20:04:40.500000+00:00,combi,Lying,Lying
2024-09-20 20:05:40.500000+00:00,combi,Lying,Lying
2024-09-20 20:06:40.500000+00:00,combi,Lying,Lying
2024-09-20 20:07:40.500000+00:00,combi,Lying,Lying
2024-09-20 20:08:40.500000+00:00,combi,Lying,Lying
2024-09-20 20:09:40.500000+00:00,combi,Lying,Lying
2024-09-20 20:10:40.500000+00:00,combi,Lying,Lying
2024-09-20 20:11:40.500000+00:00,combi,Lying,Lying
2024-09-20 20:12:40.500000+00:00,combi,Lying,Lying
2024-09-20 20:13:40.500000+00:00,combi,Lying,Lying
2024-09-20 20:14:40.500000+00:00,combi,Lying,Lying
2024-09-20 20:15:40.500000+00:00,combi,Lying,Lying
2024-09-20 20:16:40.500000+00:00,combi,Lying,Dynamic
2024-09-20 20:17:40.500000+00:00,combi,Standing,Dynamic
2024-09-20 20:18:40.500000+00:00,combi,Sitting,Dynamic
2024-09-20 20:19:40.500000+00:00,combi,Sitting,Sitting
2024-09-20 20:20:40.500000+00:00,combi,Standing,Dynamic
2024-09-20 20:21:40.500000+00:00,combi,Standing,Dynamic
2024-09-20 20:22:40.500000+00:00,combi,Standing,Dynamic
2024-09-20 20:23:40.500000+00:00,combi,Standing,Dynamic
2024-09-20 20:24:40.500000+00:00,combi,Standing,Dynamic
2024-09-20 20:25:40.500000+00:00,combi,Standing,Dynamic
2024-09-20 20:26:40.500000+00:00,combi,Standing,Dynamic
2024-09-20 20:27:40.500000+00:00,combi,Sitting,Sitting
2024-09-20 20:28:40.500000+00:00,combi,Sitting,Sitting
2024-09-20 20:29:40.500000+00:00,combi,Sitting,Sitting
2024-09-20 20:30:40.500000+00:00,combi,Sitting,Sitting
2024-09-20 20:31:40.500000+00:00,combi,Sitting,Sitting
2024-09-20 20:32:40.500000+00:00,combi,Standing,Dynamic
2024-09-20 20:33:40.500000+00:00,combi,Standing,Dynamic
2024-09-20 20:34:40.500000+00:00,combi,Standing,Standing
2024-09-20 20:35:40.500000+00:00,combi,Standing,Standing
2024-09-20 20:36:40.500000+00:00,combi,Standing,Standing
2024-09-20 20:37:40.500000+00:00,combi,Sitting,Dynamic
2024-09-20 20:38:40.500000+00:00,combi,Sitting,Sitting
2024-09-20 20:39:40.500000+00:00,combi,Sitting,Sitting
2024-09-20 20:40:40.500000+00:00,combi,Sitting,Sitting
2024-09-20 20:41:40.500000+00:00,combi,Sitting,Sitting
2024-09-20 20:42:40.500000+00:00,combi,Sitting,Sitting
2024-09-20 20:43:40.500000+00:00,combi,Lying,Lying
2024-09-20 20:44:40.500000+00:00,combi,Lying,Lying
2024-09-20 20:45:40.500000+00:00,combi,Lying,Lying
2024-09-20 20:46:40.500000+00:00,combi,Lying,Lying
2024-09-20 20:47:40.500000+00:00,combi,Lying,Lying
2024-09-20 20:48:40.500000+00:00,combi,Lying,Lying
2024-09-20 20:49:40.500000+00:00,combi,Lying,Lying
2024-09-20 20:50:40.500000+00:00,combi,Lying,Lying
2024-09-20 20:51:40.500000+00:00,combi,Lying,Lying
2024-09-20 20:52:40.500000+00:00,combi,Lying,Lying
2024-09-20 20:53:40.500000+00:00,combi,Lying,Lying
2024-09-20 20:54:40.500000+00:00,combi,Lying,Lying
2024-09-20 20:55:40.500000+00:00,combi,Lying,Lying
2024-09-20 20:56:40.500000+00:00,combi,Lying,Lying
2024-09-20 20:57:40.500000+00:00,combi,Lying,Lying
2024-09-20 20:58:40.500000+00:00,combi,Lying,Lying
2024-09-20 20:59:40.500000+00:00,combi,Lying,Lying
2024-09-20 21:00:40.500000+00:00,combi,Lying,Lying
2024-09-20 21:01:40.500000+00:00,combi,Lying,Lying
2024-09-20 21:02:40.500000+00:00,combi,Lying,Lying
2024-09-20 21:03:40.500000+00:00,combi,Lying,Lying
2024-09-20 21:04:40.500000+00:00,combi,Lying,Lying
2024-09-20 21:05:40.500000+00:00,combi,Lying,Lying
2024-09-20 21:06:40.500000+00:00,combi,Lying,Sitting
2024-09-20 21:07:40.500000+00:00,combi,Lying,Lying
2024-09-20 21:08:40.500000+00:00,combi,Lying,Lying
2024-09-20 21:09:40.500000+00:00,combi,Lying,Lying
2024-09-20 21:10:40.500000+00:00,combi,Lying,Lying
2024-09-20 21:11:40.500000+00:00,combi,Lying,Lying
2024-09-20 21:12:40.500000+00:00,combi,Lying,Lying
2024-09-20 21:13:40.500000+00:00,combi,Sitting,Sitting
2024-09-20 21:14:40.500000+00:00,combi,Lying,Lying
2024-09-20 21:15:40.500000+00:00,combi,Lying,Lying
2024-09-20 21:16:40.500000+00:00,combi,Lying,Lying
2024-09-20 21:17:40.500000+00:00,combi,Lying,Lying
2024-09-20 21:18:40.500000+00:00,combi,Sitting,Sitting
2024-09-20 21:19:40.500000+00:00,combi,Lying,Lying
2024-09-20 21:20:40.500000+00:00,combi,Lying,Sitting
2024-09-20 21:21:40.500000+00:00,combi,Lying,Lying
2024-09-20 21:22:40.500000+00:00,combi,Lying,Lying
2024-09-20 21:23:40.500000+00:00,combi,Sitting,Sitting
2024-09-20 21:24:40.500000+00:00,combi,Lying,Lying
2024-09-20 21:25:40.500000+00:00,combi,Lying,Lying
2024-09-20 21:26:40.500000+00:00,combi,Lying,Lying
2024-09-20 21:27:40.500000+00:00,combi,Lying,Lying
2024-09-20 21:28:40.500000+00:00,combi,Lying,Lying
2024-09-20 21:29:40.500000+00:00,combi,Lying,Lying
2024-09-20 21:30:40.500000+00:00,combi,Lying,Lying
2024-09-20 21:31:40.500000+00:00,combi,Lying,Lying
2024-09-20 21:32:40.500000+00:00,combi,Lying,Lying
2024-09-20 21:33:40.500000+00:00,combi,Lying,Lying
2024-09-20 21:34:40.500000+00:00,combi,Lying,Lying
2024-09-20 21:35:40.500000+00:00,combi,Lying,Lying
2024-09-20 21:36:40.500000+00:00,combi,Lying,Lying
2024-09-20 21:37:40.500000+00:00,combi,Lying,Lying
2024-09-20 21:38:40.500000+00:00,combi,Lying,Lying
2024-09-20 21:39:40.500000+00:00,combi,Lying,Lying
2024-09-20 21:40:40.500000+00:00,combi,Lying,Lying
2024-09-20 21:41:40.500000+00:00,combi,Lying,Lying
2024-09-20 21:42:40.500000+00:00,combi,Lying,Lying
2024-09-20 21:43:40.500000+00:00,combi,Lying,Lying
2024-09-20 21:44:40.500000+00:00,combi,Lying,Lying
2024-09-20 21:45:40.500000+00:00,combi,Lying,Lying
2024-09-20 21:46:40.500000+00:00,combi,Lying,Lying
2024-09-20 21:47:40.500000+00:00,combi,Lying,Lying
2024-09-20 21:48:40.500000+00:00,combi,Lying,Lying
2024-09-20 21:49:40.500000+00:00,combi,Lying,Lying
2024-09-20 21:50:40.500000+00:00,combi,Lying,Lying
2024-09-20 21:51:40.500000+00:00,combi,Lying,Sitting
2024-09-20 21:52:40.500000+00:00,combi,Sitting,Sitting
2024-09-20 21:53:40.500000+00:00,combi,Sitting,Sitting
2024-09-20 21:54:40.500000+00:00,combi,Sitting,Sitting
2024-09-20 21:55:40.500000+00:00,combi,Sitting,Sitting
2024-09-20 21:56:40.500000+00:00,combi,Sitting,Sitting
2024-09-20 21:57:40.500000+00:00,combi,Sitting,Sitting
2024-09-20 21:58:40.500000+00:00,combi,Sitting,Sitting
2024-09-20 21:59:40.500000+00:00,combi,Sitting,Sitting
2024-09-20 22:00:40.500000+00:00,combi,Sitting,Sitting
2024-09-20 22:01:40.500000+00:00,combi,Sitting,Sitting
2024-09-20 22:02:40.500000+00:00,combi,Sitting,Sitting
2024-09-20 22:03:40.500000+00:00,combi,Sitting,Sitting
2024-09-20 22:04:40.500000+00:00,combi,Sitting,Sitting
2024-09-20 22:05:40.500000+00:00,combi,Sitting,Sitting
2024-09-20 22:06:40.500000+00:00,combi,Sitting,Sitting
2024-09-20 22:07:40.500000+00:00,combi,Sitting,Sitting
2024-09-20 22:08:40.500000+00:00,combi,Sitting,Sitting
2024-09-20 22:09:40.500000+00:00,combi,Sitting,Sitting
2024-09-20 22:10:40.500000+00:00,combi,Sitting,Sitting
2024-09-20 22:11:40.500000+00:00,combi,Sitting,Sitting
2024-09-20 22:12:40.500000+00:00,combi,Sitting,Sitting
2024-09-20 22:13:40.500000+00:00,combi,Sitting,Sitting
2024-09-20 22:14:40.500000+00:00,combi,Sitting,Sitting
2024-09-20 22:15:40.500000+00:00,combi,Sitting,Sitting
2024-09-20 22:16:40.500000+00:00,combi,Sitting,Sitting
2024-09-20 22:17:40.500000+00:00,combi,Sitting,Sitting
2024-09-20 22:18:40.500000+00:00,combi,Sitting,Sitting
2024-09-20 22:19:40.500000+00:00,combi,Sitting,Sitting
2024-09-20 22:20:40.500000+00:00,combi,Sitting,Sitting
2024-09-20 22:21:40.500000+00:00,combi,Sitting,Sitting
2024-09-20 22:22:40.500000+00:00,combi,Sitting,Sitting
2024-09-20 22:23:40.500000+00:00,combi,Sitting,Sitting
2024-09-20 22:24:40.500000+00:00,combi,Sitting,Sitting
2024-09-20 22:25:40.500000+00:00,combi,Sitting,Sitting
2024-09-20 22:26:40.500000+00:00,combi,Sitting,Sitting
2024-09-20 22:27:40.500000+00:00,combi,Sitting,Sitting
2024-09-20 22:28:40.500000+00:00,combi,Sitting,Sitting
2024-09-20 22:29:40.500000+00:00,combi,Sitting,Sitting
2024-09-20 22:30:40.500000+00:00,combi,Sitting,Sitting
2024-09-20 22:31:40.500000+00:00,combi,Sitting,Sitting
2024-09-20 22:32:40.500000+00:00,combi,Sitting,Sitting
2024-09-20 22:33:40.500000+00:00,combi,Sitting,Sitting
2024-09-20 22:34:40.500000+00:00,combi,Sitting,Dynamic
2024-09-20 22:35:40.500000+00:00,combi,Sitting,Sitting
2024-09-20 22:36:40.500000+00:00,combi,Lying,Lying
2024-09-20 22:37:40.500000+00:00,combi,Lying,Lying
2024-09-20 22:38:40.500000+00:00,combi,Lying,Lying
2024-09-20 22:39:40.500000+00:00,combi,Lying,Lying
2024-09-20 22:40:40.500000+00:00,combi,Lying,Lying
2024-09-20 22:41:40.500000+00:00,combi,Lying,Lying
2024-09-20 22:42:40.500000+00:00,combi,Lying,Lying
2024-09-20 22:43:40.500000+00:00,combi,Lying,Lying
2024-09-20 22:44:40.500000+00:00,combi,Lying,Lying
2024-09-20 22:45:40.500000+00:00,combi,Lying,Lying
2024-09-20 22:46:40.500000+00:00,combi,Lying,Lying
2024-09-20 22:47:40.500000+00:00,combi,Sitting,Dynamic
2024-09-20 22:48:40.500000+00:00,combi,Sitting,Dynamic
2024-09-20 22:49:40.500000+00:00,combi,Sitting,Dynamic
2024-09-20 22:50:40.500000+00:00,combi,Sitting,Sitting
2024-09-20 22:51:40.500000+00:00,combi,Sitting,Sitting
2024-09-20 22:52:40.500000+00:00,combi,Sitting,Sitting
2024-09-20 22:53:40.500000+00:00,combi,Sitting,Sitting
2024-09-20 22:54:40.500000+00:00,combi,Sitting,Sitting
2024-09-20 22:55:40.500000+00:00,combi,Sitting,Sitting
2024-09-20 22:56:40.500000+00:00,combi,Sitting,Sitting
2024-09-20 22:57:40.500000+00:00,combi,Sitting,Sitting
2024-09-20 22:58:40.500000+00:00,combi,Sitting,Sitting
2024-09-20 22:59:40.500000+00:00,combi,Sitting,Sitting
2024-09-20 23:00:40.500000+00:00,combi,Sitting,Sitting
2024-09-20 23:01:40.500000+00:00,combi,Sitting,Sitting
2024-09-20 23:02:40.500000+00:00,combi,Lying,Lying
2024-09-20 23:03:40.500000+00:00,combi,Lying,Lying
2024-09-20 23:04:40.500000+00:00,combi,Lying,Lying
2024-09-20 23:05:40.500000+00:00,combi,Lying,Lying
2024-09-20 23:06:40.500000+00:00,combi,Sitting,Sitting
2024-09-20 23:07:40.500000+00:00,combi,Sitting,Sitting
2024-09-20 23:08:40.500000+00:00,combi,Sitting,Sitting
2024-09-20 23:09:40.500000+00:00,combi,Sitting,Sitting
2024-09-20 23:10:40.500000+00:00,combi,Sitting,Sitting
2024-09-20 23:11:40.500000+00:00,combi,Sitting,Sitting
2024-09-20 23:12:40.500000+00:00,combi,Standing,Dynamic
2024-09-20 23:13:40.500000+00:00,combi,Standing,Dynamic
2024-09-20 23:14:40.500000+00:00,combi,Standing,Standing
2024-09-20 23:15:40.500000+00:00,combi,Sitting,Sitting
2024-09-20 23:16:40.500000+00:00,combi,Sitting,Dynamic
2024-09-20 23:17:40.500000+00:00,combi,Sitting,Dynamic
2024-09-20 23:18:40.500000+00:00,combi,Sitting,Sitting
2024-09-20 23:19:40.500000+00:00,combi,Standing,Dynamic
2024-09-20 23:20:40.500000+00:00,combi,Standing,Dynamic
2024-09-20 23:21:40.500000+00:00,combi,Sitting,Dynamic
2024-09-20 23:22:40.500000+00:00,combi,Standing,Standing
2024-09-20 23:23:40.500000+00:00,combi,Standing,Dynamic
2024-09-20 23:24:40.500000+00:00,combi,Standing,Dynamic
2024-09-20 23:25:40.500000+00:00,combi,Standing,Dynamic
2024-09-20 23:26:40.500000+00:00,combi,Standing,Dynamic
2024-09-20 23:27:40.500000+00:00,combi,Standing,Dynamic
2024-09-20 23:28:40.500000+00:00,combi,Standing,Dynamic
2024-09-20 23:29:40.500000+00:00,combi,Standing,Dynamic
2024-09-20 23:30:40.500000+00:00,combi,Standing,Dynamic
2024-09-20 23:31:40.500000+00:00,combi,Lying,Dynamic
2024-09-20 23:32:40.500000+00:00,combi,Lying,Lying
2024-09-20 23:33:40.500000+00:00,combi,Lying,Lying
2024-09-20 23:34:40.500000+00:00,combi,Lying,Lying
2024-09-20 23:35:40.500000+00:00,combi,Lying,Lying
2024-09-20 23:36:40.500000+00:00,combi,Lying,Lying
2024-09-20 23:37:40.500000+00:00,combi,Lying,Lying
2024-09-20 23:38:40.500000+00:00,combi,Lying,Lying
2024-09-20 23:39:40.500000+00:00,combi,Lying,Lying
2024-09-20 23:40:40.500000+00:00,combi,Sitting,Sitting
2024-09-20 23:41:40.500000+00:00,combi,Lying,Lying
2024-09-20 23:42:40.500000+00:00,combi,Lying,Lying
2024-09-20 23:43:40.500000+00:00,combi,Lying,Lying
2024-09-20 23:44:40.500000+00:00,combi,Lying,Lying
2024-09-20 23:45:40.500000+00:00,combi,Lying,Lying
2024-09-20 23:46:40.500000+00:00,combi,Lying,Lying
2024-09-20 23:47:40.500000+00:00,combi,Lying,Lying
2024-09-20 23:48:40.500000+00:00,combi,Lying,Lying
2024-09-20 23:49:40.500000+00:00,combi,Lying,Lying
2024-09-20 23:50:40.500000+00:00,combi,Lying,Lying
2024-09-20 23:51:40.500000+00:00,combi,Lying,Lying
2024-09-20 23:52:40.500000+00:00,combi,Lying,Lying
2024-09-20 23:53:40.500000+00:00,combi,Lying,Lying
2024-09-20 23:54:40.500000+00:00,combi,Lying,Lying
2024-09-20 23:55:40.500000+00:00,combi,Lying,Lying
2024-09-20 23:56:40.500000+00:00,combi,Lying,Lying
2024-09-20 23:57:40.500000+00:00,combi,Lying,Lying
2024-09-20 23:58:40.500000+00:00,combi,Lying,Lying
2024-09-20 23:59:40.500000+00:00,combi,Lying,Lying
2024-09-21 00:00:40.500000+00:00,combi,Lying,Lying
2024-09-21 00:01:40.500000+00:00,combi,Lying,Lying
2024-09-21 00:02:40.500000+00:00,combi,Lying,Lying
2024-09-21 00:03:40.500000+00:00,combi,Lying,Lying
2024-09-21 00:04:40.500000+00:00,combi,Lying,Lying
2024-09-21 00:05:40.500000+00:00,combi,Lying,Lying
2024-09-21 00:06:40.500000+00:00,combi,Lying,Lying
2024-09-21 00:07:40.500000+00:00,combi,Lying,Lying
2024-09-21 00:08:40.500000+00:00,combi,Lying,Lying
2024-09-21 00:09:40.500000+00:00,combi,Lying,Lying
2024-09-21 00:10:40.500000+00:00,combi,Lying,Lying
2024-09-21 00:11:40.500000+00:00,combi,Lying,Lying
2024-09-21 00:12:40.500000+00:00,combi,Lying,Lying
2024-09-21 00:13:40.500000+00:00,combi,Lying,Lying
2024-09-21 00:14:40.500000+00:00,combi,Lying,Lying
2024-09-21 00:15:40.500000+00:00,combi,Lying,Lying
2024-09-21 00:16:40.500000+00:00,combi,Lying,Lying
2024-09-21 00:17:40.500000+00:00,combi,Lying,Lying
2024-09-21 00:18:40.500000+00:00,combi,Lying,Lying
2024-09-21 00:19:40.500000+00:00,combi,Lying,Lying
2024-09-21 00:20:40.500000+00:00,combi,Lying,Lying
2024-09-21 00:21:40.500000+00:00,combi,Lying,Lying
2024-09-21 00:22:40.500000+00:00,combi,Lying,Lying
2024-09-21 00:23:40.500000+00:00,combi,Lying,Lying
2024-09-21 00:24:40.500000+00:00,combi,Lying,Lying
2024-09-21 00:25:40.500000+00:00,combi,Lying,Lying
2024-09-21 00:26:40.500000+00:00,combi,Lying,Lying
2024-09-21 00:27:40.500000+00:00,combi,Lying,Lying
2024-09-21 00:28:40.500000+00:00,combi,Lying,Lying
2024-09-21 00:29:40.500000+00:00,combi,Lying,Lying
2024-09-21 00:30:40.500000+00:00,combi,Lying,Lying
2024-09-21 00:31:40.500000+00:00,combi,Lying,Lying
2024-09-21 00:32:40.500000+00:00,combi,Lying,Lying
2024-09-21 00:33:40.500000+00:00,combi,Lying,Lying
2024-09-21 00:34:40.500000+00:00,combi,Lying,Lying
2024-09-21 00:35:40.500000+00:00,combi,Lying,Lying
2024-09-21 00:36:40.500000+00:00,combi,Lying,Lying
2024-09-21 00:37:40.500000+00:00,combi,Lying,Lying
2024-09-21 00:38:40.500000+00:00,combi,Lying,Lying
2024-09-21 00:39:40.500000+00:00,combi,Lying,Lying
2024-09-21 00:40:40.500000+00:00,combi,Lying,Lying
2024-09-21 00:41:40.500000+00:00,combi,Lying,Lying
2024-09-21 00:42:40.500000+00:00,combi,Lying,Lying
2024-09-21 00:43:40.500000+00:00,combi,Lying,Lying
2024-09-21 00:44:40.500000+00:00,combi,Lying,Lying
2024-09-21 00:45:40.500000+00:00,combi,Lying,Lying
2024-09-21 00:46:40.500000+00:00,combi,Lying,Lying
2024-09-21 00:47:40.500000+00:00,combi,Lying,Lying
2024-09-21 00:48:40.500000+00:00,combi,Lying,Lying
2024-09-21 00:49:40.500000+00:00,combi,Lying,Lying
2024-09-21 00:50:40.500000+00:00,combi,Lying,Lying
2024-09-21 00:51:40.500000+00:00,combi,Lying,Lying
2024-09-21 00:52:40.500000+00:00,combi,Lying,Lying
2024-09-21 00:53:40.500000+00:00,combi,Lying,Lying
2024-09-21 00:54:40.500000+00:00,combi,Lying,Lying
2024-09-21 00:55:40.500000+00:00,combi,Lying,Lying
2024-09-21 00:56:40.500000+00:00,combi,Lying,Lying
2024-09-21 00:57:40.500000+00:00,combi,Lying,Lying
2024-09-21 00:58:40.500000+00:00,combi,Lying,Lying
2024-09-21 00:59:40.500000+00:00,combi,Lying,Lying
2024-09-21 01:00:40.500000+00:00,combi,Lying,Lying
2024-09-21 01:01:40.500000+00:00,combi,Lying,Lying
2024-09-21 01:02:40.500000+00:00,combi,Lying,Lying
2024-09-21 01:03:40.500000+00:00,combi,Lying,Lying
2024-09-21 01:04:40.500000+00:00,combi,Lying,Lying
2024-09-21 01:05:40.500000+00:00,combi,Lying,Lying
2024-09-21 01:06:40.500000+00:00,combi,Lying,Lying
2024-09-21 01:07:40.500000+00:00,combi,Lying,Lying
2024-09-21 01:08:40.500000+00:00,combi,Lying,Lying
2024-09-21 01:09:40.500000+00:00,combi,Lying,Lying
2024-09-21 01:10:40.500000+00:00,combi,Lying,Lying
2024-09-21 01:11:40.500000+00:00,combi,Lying,Lying
2024-09-21 01:12:40.500000+00:00,combi,Lying,Lying
2024-09-21 01:13:40.500000+00:00,combi,Lying,Lying
2024-09-21 01:14:40.500000+00:00,combi,Lying,Lying
2024-09-21 01:15:40.500000+00:00,combi,Lying,Lying
2024-09-21 01:16:40.500000+00:00,combi,Lying,Lying
2024-09-21 01:17:40.500000+00:00,combi,Lying,Lying
2024-09-21 01:18:40.500000+00:00,combi,Lying,Lying
2024-09-21 01:19:40.500000+00:00,combi,Lying,Lying
2024-09-21 01:20:40.500000+00:00,combi,Lying,Lying
2024-09-21 01:21:40.500000+00:00,combi,Lying,Lying
2024-09-21 01:22:40.500000+00:00,combi,Lying,Lying
2024-09-21 01:23:40.500000+00:00,combi,Lying,Lying
2024-09-21 01:24:40.500000+00:00,combi,Lying,Lying
2024-09-21 01:25:40.500000+00:00,combi,Lying,Lying
2024-09-21 01:26:40.500000+00:00,combi,Lying,Lying
2024-09-21 01:27:40.500000+00:00,combi,Lying,Lying
2024-09-21 01:28:40.500000+00:00,combi,Lying,Lying
2024-09-21 01:29:40.500000+00:00,combi,Lying,Lying
2024-09-21 01:30:40.500000+00:00,combi,Lying,Lying
2024-09-21 01:31:40.500000+00:00,combi,Lying,Lying
2024-09-21 01:32:40.500000+00:00,combi,Lying,Lying
2024-09-21 01:33:40.500000+00:00,combi,Lying,Lying
2024-09-21 01:34:40.500000+00:00,combi,Lying,Lying
2024-09-21 01:35:40.500000+00:00,combi,Lying,Lying
2024-09-21 01:36:40.500000+00:00,combi,Lying,Lying
2024-09-21 01:37:40.500000+00:00,combi,Lying,Lying
2024-09-21 01:38:40.500000+00:00,combi,Lying,Lying
2024-09-21 01:39:40.500000+00:00,combi,Lying,Lying
2024-09-21 01:40:40.500000+00:00,combi,Lying,Lying
2024-09-21 01:41:40.500000+00:00,combi,Lying,Lying
2024-09-21 01:42:40.500000+00:00,combi,Lying,Lying
2024-09-21 01:43:40.500000+00:00,combi,Lying,Lying
2024-09-21 01:44:40.500000+00:00,combi,Lying,Lying
