Time,Participant,Majority_postures,Majority_including_dynamic
2025-02-11 10:34:56.500000+00:00,combi,Standing,Standing
2025-02-11 10:35:56.500000+00:00,combi,Standing,Dynamic
2025-02-11 10:36:56.500000+00:00,combi,Standing,Standing
2025-02-11 10:37:56.500000+00:00,combi,Standing,Sitting
2025-02-11 10:38:56.500000+00:00,combi,Sitting,Sitting
2025-02-11 10:39:56.500000+00:00,combi,Standing,Dynamic
2025-02-11 10:40:56.500000+00:00,combi,Standing,Standing
2025-02-11 10:41:56.500000+00:00,combi,Standing,Standing
2025-02-11 10:42:56.500000+00:00,combi,Sitting,Sitting
2025-02-11 10:43:56.500000+00:00,combi,Sitting,Sitting
2025-02-11 10:44:56.500000+00:00,combi,Sitting,Sitting
2025-02-11 10:45:56.500000+00:00,combi,Sitting,Sitting
2025-02-11 10:46:56.500000+00:00,combi,Sitting,Sitting
2025-02-11 10:47:56.500000+00:00,combi,Sitting,Sitting
2025-02-11 10:48:56.500000+00:00,combi,Lying,Lying
2025-02-11 10:49:56.500000+00:00,combi,Lying,Lying
2025-02-11 10:50:56.500000+00:00,combi,Lying,Lying
2025-02-11 10:51:56.500000+00:00,combi,Sitting,Sitting
2025-02-11 10:52:56.500000+00:00,combi,Sitting,Sitting
2025-02-11 10:53:56.500000+00:00,combi,Sitting,Sitting
2025-02-11 10:54:56.500000+00:00,combi,Sitting,Sitting
2025-02-11 10:55:56.500000+00:00,combi,Standing,Standing
2025-02-11 10:56:56.500000+00:00,combi,Standing,Standing
2025-02-11 10:57:56.500000+00:00,combi,Standing,Standing
2025-02-11 10:58:56.500000+00:00,combi,Standing,Standing
2025-02-11 10:59:56.500000+00:00,combi,Lying,Lying
2025-02-11 11:00:56.500000+00:00,combi,Lying,Lying
2025-02-11 11:01:56.500000+00:00,combi,Lying,Lying
2025-02-11 11:02:56.500000+00:00,combi,Lying,Lying
2025-02-11 11:03:56.500000+00:00,combi,Lying,Lying
2025-02-11 11:04:56.500000+00:00,combi,Lying,Lying
2025-02-11 11:05:56.500000+00:00,combi,Lying,Lying
2025-02-11 11:06:56.500000+00:00,combi,Lying,Lying
2025-02-11 11:07:56.500000+00:00,combi,Lying,Lying
2025-02-11 11:08:56.500000+00:00,combi,Lying,Lying
2025-02-11 11:09:56.500000+00:00,combi,Sitting,Sitting
2025-02-11 11:10:56.500000+00:00,combi,Sitting,Sitting
2025-02-11 11:11:56.500000+00:00,combi,Sitting,Sitting
2025-02-11 11:12:56.500000+00:00,combi,Sitting,Sitting
2025-02-11 11:13:56.500000+00:00,combi,Sitting,Sitting
2025-02-11 11:14:56.500000+00:00,combi,Sitting,Sitting
2025-02-11 11:15:56.500000+00:00,combi,Sitting,Sitting
2025-02-11 11:16:56.500000+00:00,combi,Sitting,Sitting
2025-02-11 11:17:56.500000+00:00,combi,Sitting,Sitting
2025-02-11 11:18:56.500000+00:00,combi,Sitting,Sitting
2025-02-11 11:19:56.500000+00:00,combi,Standing,Standing
2025-02-11 11:20:56.500000+00:00,combi,Standing,Standing
2025-02-11 11:21:56.500000+00:00,combi,Standing,Standing
2025-02-11 11:22:56.500000+00:00,combi,Standing,Standing
2025-02-11 11:23:56.500000+00:00,combi,Standing,Standing
2025-02-11 11:24:56.500000+00:00,combi,Standing,Standing
2025-02-11 11:25:56.500000+00:00,combi,Standing,Standing
2025-02-11 11:26:56.500000+00:00,combi,Standing,Standing
2025-02-11 11:27:56.500000+00:00,combi,Standing,Sitting
2025-02-11 11:28:56.500000+00:00,combi,Sitting,Sitting
2025-02-11 11:29:56.500000+00:00,combi,Sitting,Sitting
2025-02-11 11:30:56.500000+00:00,combi,Sitting,Sitting
2025-02-11 11:31:56.500000+00:00,combi,Sitting,Sitting
2025-02-11 11:32:56.500000+00:00,combi,Sitting,Sitting
2025-02-11 11:33:56.500000+00:00,combi,Sitting,Sitting
2025-02-11 11:34:56.500000+00:00,combi,Sitting,Sitting
2025-02-11 11:35:56.500000+00:00,combi,Sitting,Sitting
2025-02-11 11:36:56.500000+00:00,combi,Sitting,Sitting
2025-02-11 11:37:56.500000+00:00,combi,Sitting,Sitting
2025-02-11 11:38:56.500000+00:00,combi,Sitting,Sitting
2025-02-11 11:39:56.500000+00:00,combi,Sitting,Sitting
2025-02-11 11:40:56.500000+00:00,combi,Sitting,Sitting
2025-02-11 11:41:56.500000+00:00,combi,Sitting,Sitting
2025-02-11 11:42:56.500000+00:00,combi,Sitting,Sitting
2025-02-11 11:43:56.500000+00:00,combi,Sitting,Sitting
2025-02-11 11:44:56.500000+00:00,combi,Sitting,Sitting
2025-02-11 11:45:56.500000+00:00,combi,Standing,Standing
2025-02-11 11:46:56.500000+00:00,combi,Standing,Standing
2025-02-11 11:47:56.500000+00:00,combi,Standing,Standing
2025-02-11 11:48:56.500000+00:00,combi,Standing,Standing
2025-02-11 11:49:56.500000+00:00,combi,Standing,Standing
2025-02-11 11:50:56.500000+00:00,combi,Standing,Sitting
2025-02-11 11:51:56.500000+00:00,combi,Sitting,Dynamic
2025-02-11 11:52:56.500000+00:00,combi,Standing,Dynamic
2025-02-11 11:53:56.500000+00:00,combi,Standing,Dynamic
2025-02-11 11:54:56.500000+00:00,combi,Standing,Dynamic
2025-02-11 11:55:56.500000+00:00,combi,Sitting,Sitting
2025-02-11 11:56:56.500000+00:00,combi,Sitting,Sitting
2025-02-11 11:57:56.500000+00:00,combi,Sitting,Sitting
2025-02-11 11:58:56.500000+00:00,combi,Sitting,Sitting
2025-02-11 11:59:56.500000+00:00,combi,Sitting,Sitting
2025-02-11 12:00:56.500000+00:00,combi,Sitting,Sitting
2025-02-11 12:01:56.500000+00:00,combi,Sitting,Sitting
2025-02-11 12:02:56.500000+00:00,combi,Sitting,Sitting
2025-02-11 12:03:56.500000+00:00,combi,Sitting,Sitting
2025-02-11 12:04:56.500000+00:00,combi,Lying,Dynamic
2025-02-11 12:05:56.500000+00:00,combi,Lying,Dynamic
2025-02-11 12:06:56.500000+00:00,combi,Lying,Dynamic
2025-02-11 12:07:56.500000+00:00,combi,Lying,Dynamic
2025-02-11 12:08:56.500000+00:00,combi,Standing,Standing
2025-02-11 12:09:56.500000+00:00,combi,Sitting,Sitting
2025-02-11 12:10:56.500000+00:00,combi,Sitting,Sitting
2025-02-11 12:11:56.500000+00:00,combi,Sitting,Sitting
2025-02-11 12:12:56.500000+00:00,combi,Sitting,Sitting
2025-02-11 12:13:56.500000+00:00,combi,Sitting,Sitting
2025-02-11 12:14:56.500000+00:00,combi,Sitting,Sitting
2025-02-11 12:15:56.500000+00:00,combi,Sitting,Sitting
2025-02-11 12:16:56.500000+00:00,combi,Sitting,Sitting
2025-02-11 12:17:56.500000+00:00,combi,Sitting,Sitting
2025-02-11 12:18:56.500000+00:00,combi,Sitting,Sitting
2025-02-11 12:19:56.500000+00:00,combi,Sitting,Sitting
2025-02-11 12:20:56.500000+00:00,combi,Sitting,Sitting
2025-02-11 12:21:56.500000+00:00,combi,Sitting,Sitting
2025-02-11 12:22:56.500000+00:00,combi,Sitting,Sitting
2025-02-11 12:23:56.500000+00:00,combi,Sitting,Sitting
2025-02-11 12:24:56.500000+00:00,combi,Sitting,Sitting
2025-02-11 12:25:56.500000+00:00,combi,Sitting,Sitting
2025-02-11 12:26:56.500000+00:00,combi,Sitting,Sitting
2025-02-11 12:27:56.500000+00:00,combi,Lying,Dynamic
2025-02-11 12:28:56.500000+00:00,combi,Lying,Dynamic
2025-02-11 12:29:56.500000+00:00,combi,Lying,Dynamic
2025-02-11 12:30:56.500000+00:00,combi,Lying,Dynamic
2025-02-11 12:31:56.500000+00:00,combi,Lying,Dynamic
2025-02-11 12:32:56.500000+00:00,combi,Lying,Dynamic
2025-02-11 12:33:56.500000+00:00,combi,Standing,Dynamic
2025-02-11 12:34:56.500000+00:00,combi,Standing,Dynamic
2025-02-11 12:35:56.500000+00:00,combi,Standing,Standing
2025-02-11 12:36:56.500000+00:00,combi,Lying,Dynamic
2025-02-11 12:37:56.500000+00:00,combi,Lying,Dynamic
2025-02-11 12:38:56.500000+00:00,combi,Lying,Dynamic
2025-02-11 12:39:56.500000+00:00,combi,Standing,Dynamic
2025-02-11 12:40:56.500000+00:00,combi,Standing,Dynamic
2025-02-11 12:41:56.500000+00:00,combi,Standing,Dynamic
2025-02-11 12:42:56.500000+00:00,combi,Sitting,Sitting
2025-02-11 12:43:56.500000+00:00,combi,Sitting,Sitting
2025-02-11 12:44:56.500000+00:00,combi,Sitting,Sitting
2025-02-11 12:45:56.500000+00:00,combi,Standing,Dynamic
2025-02-11 12:46:56.500000+00:00,combi,Standing,Dynamic
2025-02-11 12:47:56.500000+00:00,combi,Standing,Dynamic
2025-02-11 12:48:56.500000+00:00,combi,Standing,Dynamic
2025-02-11 12:49:56.500000+00:00,combi,Standing,Dynamic
2025-02-11 12:50:56.500000+00:00,combi,Standing,Sitting
2025-02-11 12:51:56.500000+00:00,combi,Standing,Sitting
2025-02-11 12:52:56.500000+00:00,combi,Standing,Dynamic
2025-02-11 12:53:56.500000+00:00,combi,Sitting,Sitting
2025-02-11 12:54:56.500000+00:00,combi,Sitting,Sitting
2025-02-11 12:55:56.500000+00:00,combi,Standing,Dynamic
2025-02-11 12:56:56.500000+00:00,combi,Standing,Standing
2025-02-11 12:57:56.500000+00:00,combi,Standing,Standing
2025-02-11 12:58:56.500000+00:00,combi,Standing,Standing
2025-02-11 12:59:56.500000+00:00,combi,Standing,Standing
2025-02-11 13:00:56.500000+00:00,combi,Standing,Standing
2025-02-11 13:01:56.500000+00:00,combi,Sitting,Sitting
2025-02-11 13:02:56.500000+00:00,combi,Sitting,Sitting
2025-02-11 13:03:56.500000+00:00,combi,Sitting,Sitting
2025-02-11 13:04:56.500000+00:00,combi,Standing,Dynamic
2025-02-11 13:05:56.500000+00:00,combi,Standing,Dynamic
2025-02-11 13:06:56.500000+00:00,combi,Standing,Dynamic
2025-02-11 13:07:56.500000+00:00,combi,Standing,Dynamic
2025-02-11 13:08:56.500000+00:00,combi,Sitting,Sitting
2025-02-11 13:09:56.500000+00:00,combi,Sitting,Sitting
2025-02-11 13:10:56.500000+00:00,combi,Standing,Standing
2025-02-11 13:11:56.500000+00:00,combi,Sitting,Dynamic
2025-02-11 13:12:56.500000+00:00,combi,Standing,Dynamic
2025-02-11 13:13:56.500000+00:00,combi,Sitting,Sitting
2025-02-11 13:14:56.500000+00:00,combi,Sitting,Sitting
2025-02-11 13:15:56.500000+00:00,combi,Sitting,Sitting
2025-02-11 13:16:56.500000+00:00,combi,Sitting,Sitting
2025-02-11 13:17:56.500000+00:00,combi,Sitting,Sitting
2025-02-11 13:18:56.500000+00:00,combi,Sitting,Sitting
2025-02-11 13:19:56.500000+00:00,combi,Sitting,Sitting
2025-02-11 13:20:56.500000+00:00,combi,Sitting,Sitting
2025-02-11 13:21:56.500000+00:00,combi,Sitting,Sitting
2025-02-11 13:22:56.500000+00:00,combi,Sitting,Sitting
2025-02-11 13:23:56.500000+00:00,combi,Sitting,Sitting
2025-02-11 13:24:56.500000+00:00,combi,Sitting,Sitting
2025-02-11 13:25:56.500000+00:00,combi,Sitting,Sitting
2025-02-11 13:26:56.500000+00:00,combi,Sitting,Sitting
2025-02-11 13:27:56.500000+00:00,combi,Sitting,Sitting
2025-02-11 13:28:56.500000+00:00,combi,Sitting,Sitting
2025-02-11 13:29:56.500000+00:00,combi,Sitting,Sitting
2025-02-11 13:30:56.500000+00:00,combi,Sitting,Sitting
2025-02-11 13:31:56.500000+00:00,combi,Sitting,Sitting
2025-02-11 13:32:56.500000+00:00,combi,Sitting,Sitting
2025-02-11 13:33:56.500000+00:00,combi,Sitting,Sitting
2025-02-11 13:34:56.500000+00:00,combi,Sitting,Sitting
2025-02-11 13:35:56.500000+00:00,combi,Sitting,Sitting
2025-02-11 13:36:56.500000+00:00,combi,Sitting,Sitting
2025-02-11 13:37:56.500000+00:00,combi,Sitting,Sitting
2025-02-11 13:38:56.500000+00:00,combi,Sitting,Sitting
2025-02-11 13:39:56.500000+00:00,combi,Sitting,Sitting
2025-02-11 13:40:56.500000+00:00,combi,Sitting,Sitting
2025-02-11 13:41:56.500000+00:00,combi,Sitting,Sitting
2025-02-11 13:42:56.500000+00:00,combi,Sitting,Sitting
2025-02-11 13:43:56.500000+00:00,combi,Sitting,Dynamic
2025-02-11 13:44:56.500000+00:00,combi,Lying,Dynamic
2025-02-11 13:45:56.500000+00:00,combi,Standing,Dynamic
2025-02-11 13:46:56.500000+00:00,combi,Standing,Dynamic
2025-02-11 13:47:56.500000+00:00,combi,Sitting,Sitting
2025-02-11 13:48:56.500000+00:00,combi,Lying,Dynamic
2025-02-11 13:49:56.500000+00:00,combi,Sitting,Sitting
2025-02-11 13:50:56.500000+00:00,combi,Sitting,Sitting
2025-02-11 13:51:56.500000+00:00,combi,Sitting,Sitting
2025-02-11 13:52:56.500000+00:00,combi,Sitting,Sitting
2025-02-11 13:53:56.500000+00:00,combi,Sitting,Sitting
2025-02-11 13:54:56.500000+00:00,combi,Sitting,Sitting
2025-02-11 13:55:56.500000+00:00,combi,Sitting,Sitting
2025-02-11 13:56:56.500000+00:00,combi,Sitting,Sitting
2025-02-11 13:57:56.500000+00:00,combi,Sitting,Sitting
2025-02-11 13:58:56.500000+00:00,combi,Sitting,Sitting
2025-02-11 13:59:56.500000+00:00,combi,Sitting,Sitting
2025-02-11 14:00:56.500000+00:00,combi,Sitting,Sitting
2025-02-11 14:01:56.500000+00:00,combi,Sitting,Sitting
2025-02-11 14:02:56.500000+00:00,combi,Sitting,Sitting
2025-02-11 14:03:56.500000+00:00,combi,Sitting,Sitting
2025-02-11 14:04:56.500000+00:00,combi,Sitting,Sitting
2025-02-11 14:05:56.500000+00:00,combi,Sitting,Sitting
2025-02-11 14:06:56.500000+00:00,combi,Sitting,Sitting
2025-02-11 14:07:56.500000+00:00,combi,Sitting,Sitting
2025-02-11 14:08:56.500000+00:00,combi,Sitting,Sitting
2025-02-11 14:09:56.500000+00:00,combi,Sitting,Sitting
2025-02-11 14:10:56.500000+00:00,combi,Sitting,Sitting
2025-02-11 14:11:56.500000+00:00,combi,Sitting,Sitting
2025-02-11 14:12:56.500000+00:00,combi,Sitting,Sitting
2025-02-11 14:13:56.500000+00:00,combi,Sitting,Sitting
2025-02-11 14:14:56.500000+00:00,combi,Sitting,Sitting
2025-02-11 14:15:56.500000+00:00,combi,Sitting,Sitting
2025-02-11 14:16:56.500000+00:00,combi,Sitting,Sitting
2025-02-11 14:17:56.500000+00:00,combi,Sitting,Sitting
2025-02-11 14:18:56.500000+00:00,combi,Sitting,Sitting
2025-02-11 14:19:56.500000+00:00,combi,Sitting,Sitting
2025-02-11 14:20:56.500000+00:00,combi,Sitting,Sitting
2025-02-11 14:21:56.500000+00:00,combi,Sitting,Sitting
2025-02-11 14:22:56.500000+00:00,combi,Sitting,Sitting
2025-02-11 14:23:56.500000+00:00,combi,Sitting,Sitting
2025-02-11 14:24:56.500000+00:00,combi,Sitting,Sitting
2025-02-11 14:25:56.500000+00:00,combi,Sitting,Sitting
2025-02-11 14:26:56.500000+00:00,combi,Sitting,Sitting
2025-02-11 14:27:56.500000+00:00,combi,Sitting,Sitting
2025-02-11 14:28:56.500000+00:00,combi,Sitting,Sitting
2025-02-11 14:29:56.500000+00:00,combi,Sitting,Sitting
2025-02-11 14:30:56.500000+00:00,combi,Sitting,Sitting
2025-02-11 14:31:56.500000+00:00,combi,Sitting,Sitting
2025-02-11 14:32:56.500000+00:00,combi,Sitting,Sitting
2025-02-11 14:33:56.500000+00:00,combi,Sitting,Sitting
2025-02-11 14:34:56.500000+00:00,combi,Sitting,Sitting
2025-02-11 14:35:56.500000+00:00,combi,Sitting,Sitting
2025-02-11 14:36:56.500000+00:00,combi,Sitting,Sitting
2025-02-11 14:37:56.500000+00:00,combi,Sitting,Sitting
2025-02-11 14:38:56.500000+00:00,combi,Sitting,Sitting
2025-02-11 14:39:56.500000+00:00,combi,Sitting,Sitting
2025-02-11 14:40:56.500000+00:00,combi,Sitting,Sitting
2025-02-11 14:41:56.500000+00:00,combi,Sitting,Sitting
2025-02-11 14:42:56.500000+00:00,combi,Sitting,Sitting
2025-02-11 14:43:56.500000+00:00,combi,Sitting,Sitting
2025-02-11 14:44:56.500000+00:00,combi,Sitting,Sitting
2025-02-11 14:45:56.500000+00:00,combi,Sitting,Sitting
2025-02-11 14:46:56.500000+00:00,combi,Sitting,Sitting
2025-02-11 14:47:56.500000+00:00,combi,Sitting,Sitting
2025-02-11 14:48:56.500000+00:00,combi,Sitting,Sitting
2025-02-11 14:49:56.500000+00:00,combi,Sitting,Sitting
2025-02-11 14:50:56.500000+00:00,combi,Sitting,Sitting
2025-02-11 14:51:56.500000+00:00,combi,Sitting,Sitting
2025-02-11 14:52:56.500000+00:00,combi,Sitting,Sitting
2025-02-11 14:53:56.500000+00:00,combi,Sitting,Sitting
2025-02-11 14:54:56.500000+00:00,combi,Sitting,Sitting
2025-02-11 14:55:56.500000+00:00,combi,Sitting,Sitting
2025-02-11 14:56:56.500000+00:00,combi,Sitting,Sitting
2025-02-11 14:57:56.500000+00:00,combi,Sitting,Dynamic
2025-02-11 14:58:56.500000+00:00,combi,Sitting,Sitting
2025-02-11 14:59:56.500000+00:00,combi,Sitting,Dynamic
2025-02-11 15:00:56.500000+00:00,combi,Standing,Dynamic
2025-02-11 15:01:56.500000+00:00,combi,Sitting,Sitting
2025-02-11 15:02:56.500000+00:00,combi,Sitting,Sitting
2025-02-11 15:03:56.500000+00:00,combi,Sitting,Sitting
2025-02-11 15:04:56.500000+00:00,combi,Sitting,Sitting
2025-02-11 15:05:56.500000+00:00,combi,Sitting,Sitting
2025-02-11 15:06:56.500000+00:00,combi,Sitting,Sitting
2025-02-11 15:07:56.500000+00:00,combi,Sitting,Sitting
2025-02-11 15:08:56.500000+00:00,combi,Sitting,Sitting
2025-02-11 15:09:56.500000+00:00,combi,Sitting,Sitting
2025-02-11 15:10:56.500000+00:00,combi,Sitting,Sitting
2025-02-11 15:11:56.500000+00:00,combi,Sitting,Sitting
2025-02-11 15:12:56.500000+00:00,combi,Sitting,Sitting
2025-02-11 15:13:56.500000+00:00,combi,Sitting,Sitting
2025-02-11 15:14:56.500000+00:00,combi,Sitting,Sitting
2025-02-11 15:15:56.500000+00:00,combi,Sitting,Sitting
2025-02-11 15:16:56.500000+00:00,combi,Sitting,Sitting
2025-02-11 15:17:56.500000+00:00,combi,Sitting,Sitting
2025-02-11 15:18:56.500000+00:00,combi,Sitting,Sitting
2025-02-11 15:19:56.500000+00:00,combi,Sitting,Sitting
2025-02-11 15:20:56.500000+00:00,combi,Sitting,Sitting
2025-02-11 15:21:56.500000+00:00,combi,Sitting,Sitting
2025-02-11 15:22:56.500000+00:00,combi,Sitting,Sitting
2025-02-11 15:23:56.500000+00:00,combi,Sitting,Sitting
2025-02-11 15:24:56.500000+00:00,combi,Sitting,Sitting
2025-02-11 15:25:56.500000+00:00,combi,Sitting,Sitting
2025-02-11 15:26:56.500000+00:00,combi,Sitting,Sitting
2025-02-11 15:27:56.500000+00:00,combi,Sitting,Sitting
2025-02-11 15:28:56.500000+00:00,combi,Sitting,Sitting
2025-02-11 15:29:56.500000+00:00,combi,Sitting,Sitting
2025-02-11 15:30:56.500000+00:00,combi,Sitting,Sitting
2025-02-11 15:31:56.500000+00:00,combi,Sitting,Sitting
2025-02-11 15:32:56.500000+00:00,combi,Sitting,Sitting
2025-02-11 15:33:56.500000+00:00,combi,Sitting,Sitting
2025-02-11 15:34:56.500000+00:00,combi,Sitting,Sitting
2025-02-11 15:35:56.500000+00:00,combi,Sitting,Dynamic
2025-02-11 15:36:56.500000+00:00,combi,Sitting,Sitting
2025-02-11 15:37:56.500000+00:00,combi,Sitting,Sitting
2025-02-11 15:38:56.500000+00:00,combi,Sitting,Sitting
2025-02-11 15:39:56.500000+00:00,combi,Sitting,Sitting
2025-02-11 15:40:56.500000+00:00,combi,Sitting,Sitting
2025-02-11 15:41:56.500000+00:00,combi,Sitting,Sitting
2025-02-11 15:42:56.500000+00:00,combi,Sitting,Sitting
2025-02-11 15:43:56.500000+00:00,combi,Sitting,Sitting
2025-02-11 15:44:56.500000+00:00,combi,Sitting,Sitting
2025-02-11 15:45:56.500000+00:00,combi,Sitting,Sitting
2025-02-11 15:46:56.500000+00:00,combi,Sitting,Sitting
2025-02-11 15:47:56.500000+00:00,combi,Sitting,Sitting
2025-02-11 15:48:56.500000+00:00,combi,Sitting,Sitting
2025-02-11 15:49:56.500000+00:00,combi,Sitting,Sitting
2025-02-11 15:50:56.500000+00:00,combi,Sitting,Sitting
2025-02-11 15:51:56.500000+00:00,combi,Sitting,Sitting
2025-02-11 15:52:56.500000+00:00,combi,Sitting,Sitting
2025-02-11 15:53:56.500000+00:00,combi,Sitting,Sitting
2025-02-11 15:54:56.500000+00:00,combi,Sitting,Sitting
2025-02-11 15:55:56.500000+00:00,combi,Sitting,Sitting
2025-02-11 15:56:56.500000+00:00,combi,Sitting,Sitting
2025-02-11 15:57:56.500000+00:00,combi,Sitting,Sitting
2025-02-11 15:58:56.500000+00:00,combi,Sitting,Sitting
2025-02-11 15:59:56.500000+00:00,combi,Sitting,Sitting
2025-02-11 16:00:56.500000+00:00,combi,Sitting,Sitting
2025-02-11 16:01:56.500000+00:00,combi,Sitting,Sitting
2025-02-11 16:02:56.500000+00:00,combi,Sitting,Sitting
2025-02-11 16:03:56.500000+00:00,combi,Sitting,Sitting
2025-02-11 16:04:56.500000+00:00,combi,Sitting,Sitting
2025-02-11 16:05:56.500000+00:00,combi,Sitting,Sitting
2025-02-11 16:06:56.500000+00:00,combi,Sitting,Sitting
2025-02-11 16:07:56.500000+00:00,combi,Sitting,Sitting
2025-02-11 16:08:56.500000+00:00,combi,Sitting,Sitting
2025-02-11 16:09:56.500000+00:00,combi,Sitting,Sitting
2025-02-11 16:10:56.500000+00:00,combi,Sitting,Sitting
2025-02-11 16:11:56.500000+00:00,combi,Sitting,Sitting
2025-02-11 16:12:56.500000+00:00,combi,Sitting,Sitting
2025-02-11 16:13:56.500000+00:00,combi,Sitting,Sitting
2025-02-11 16:14:56.500000+00:00,combi,Sitting,Sitting
2025-02-11 16:15:56.500000+00:00,combi,Sitting,Sitting
2025-02-11 16:16:56.500000+00:00,combi,Sitting,Sitting
2025-02-11 16:17:56.500000+00:00,combi,Sitting,Sitting
2025-02-11 16:18:56.500000+00:00,combi,Sitting,Sitting
2025-02-11 16:19:56.500000+00:00,combi,Sitting,Sitting
2025-02-11 16:20:56.500000+00:00,combi,Sitting,Sitting
2025-02-11 16:21:56.500000+00:00,combi,Sitting,Sitting
2025-02-11 16:22:56.500000+00:00,combi,Sitting,Dynamic
2025-02-11 16:23:56.500000+00:00,combi,Standing,Dynamic
2025-02-11 16:24:56.500000+00:00,combi,Sitting,Sitting
2025-02-11 16:25:56.500000+00:00,combi,Standing,Dynamic
2025-02-11 16:26:56.500000+00:00,combi,Standing,Dynamic
2025-02-11 16:27:56.500000+00:00,combi,Standing,Dynamic
2025-02-11 16:28:56.500000+00:00,combi,Sitting,Dynamic
2025-02-11 16:29:56.500000+00:00,combi,Sitting,Dynamic
2025-02-11 16:30:56.500000+00:00,combi,Sitting,Dynamic
2025-02-11 16:31:56.500000+00:00,combi,Sitting,Dynamic
2025-02-11 16:32:56.500000+00:00,combi,Sitting,Dynamic
2025-02-11 16:33:56.500000+00:00,combi,Sitting,Dynamic
2025-02-11 16:34:56.500000+00:00,combi,Sitting,Dynamic
2025-02-11 16:35:56.500000+00:00,combi,Sitting,Dynamic
2025-02-11 16:36:56.500000+00:00,combi,Sitting,Dynamic
2025-02-11 16:37:56.500000+00:00,combi,Standing,Dynamic
2025-02-11 16:38:56.500000+00:00,combi,Standing,Standing
2025-02-11 16:39:56.500000+00:00,combi,Standing,Dynamic
2025-02-11 16:40:56.500000+00:00,combi,Sitting,Sitting
2025-02-11 16:41:56.500000+00:00,combi,Sitting,Sitting
2025-02-11 16:42:56.500000+00:00,combi,Sitting,Sitting
2025-02-11 16:43:56.500000+00:00,combi,Standing,Standing
2025-02-11 16:44:56.500000+00:00,combi,Sitting,Sitting
2025-02-11 16:45:56.500000+00:00,combi,Sitting,Sitting
2025-02-11 16:46:56.500000+00:00,combi,Sitting,Sitting
2025-02-11 16:47:56.500000+00:00,combi,Sitting,Sitting
2025-02-11 16:48:56.500000+00:00,combi,Sitting,Sitting
2025-02-11 16:49:56.500000+00:00,combi,Sitting,Sitting
2025-02-11 16:50:56.500000+00:00,combi,Sitting,Sitting
2025-02-11 16:51:56.500000+00:00,combi,Sitting,Sitting
2025-02-11 16:52:56.500000+00:00,combi,Sitting,Sitting
2025-02-11 16:53:56.500000+00:00,combi,Sitting,Sitting
2025-02-11 16:54:56.500000+00:00,combi,Sitting,Sitting
2025-02-11 16:55:56.500000+00:00,combi,Sitting,Sitting
2025-02-11 16:56:56.500000+00:00,combi,Sitting,Sitting
2025-02-11 16:57:56.500000+00:00,combi,Sitting,Sitting
2025-02-11 16:58:56.500000+00:00,combi,Sitting,Sitting
2025-02-11 16:59:56.500000+00:00,combi,Sitting,Sitting
2025-02-11 17:00:56.500000+00:00,combi,Sitting,Sitting
2025-02-11 17:01:56.500000+00:00,combi,Sitting,Sitting
2025-02-11 17:02:56.500000+00:00,combi,Sitting,Sitting
2025-02-11 17:03:56.500000+00:00,combi,Sitting,Sitting
2025-02-11 17:04:56.500000+00:00,combi,Sitting,Sitting
2025-02-11 17:05:56.500000+00:00,combi,Sitting,Sitting
2025-02-11 17:06:56.500000+00:00,combi,Sitting,Sitting
2025-02-11 17:07:56.500000+00:00,combi,Sitting,Sitting
2025-02-11 17:08:56.500000+00:00,combi,Sitting,Sitting
2025-02-11 17:09:56.500000+00:00,combi,Sitting,Sitting
2025-02-11 17:10:56.500000+00:00,combi,Sitting,Sitting
2025-02-11 17:11:56.500000+00:00,combi,Sitting,Sitting
2025-02-11 17:12:56.500000+00:00,combi,Sitting,Sitting
2025-02-11 17:13:56.500000+00:00,combi,Sitting,Sitting
2025-02-11 17:14:56.500000+00:00,combi,Sitting,Sitting
2025-02-11 17:15:56.500000+00:00,combi,Sitting,Sitting
2025-02-11 17:16:56.500000+00:00,combi,Sitting,Sitting
2025-02-11 17:17:56.500000+00:00,combi,Sitting,Sitting
2025-02-11 17:18:56.500000+00:00,combi,Sitting,Sitting
2025-02-11 17:19:56.500000+00:00,combi,Sitting,Sitting
2025-02-11 17:20:56.500000+00:00,combi,Sitting,Sitting
2025-02-11 17:21:56.500000+00:00,combi,Sitting,Sitting
2025-02-11 17:22:56.500000+00:00,combi,Sitting,Sitting
2025-02-11 17:23:56.500000+00:00,combi,Sitting,Sitting
2025-02-11 17:24:56.500000+00:00,combi,Sitting,Sitting
2025-02-11 17:25:56.500000+00:00,combi,Sitting,Sitting
2025-02-11 17:26:56.500000+00:00,combi,Sitting,Sitting
2025-02-11 17:27:56.500000+00:00,combi,Sitting,Sitting
2025-02-11 17:28:56.500000+00:00,combi,Sitting,Sitting
2025-02-11 17:29:56.500000+00:00,combi,Sitting,Sitting
2025-02-11 17:30:56.500000+00:00,combi,Sitting,Sitting
2025-02-11 17:31:56.500000+00:00,combi,Sitting,Sitting
2025-02-11 17:32:56.500000+00:00,combi,Sitting,Sitting
2025-02-11 17:33:56.500000+00:00,combi,Sitting,Sitting
2025-02-11 17:34:56.500000+00:00,combi,Sitting,Sitting
2025-02-11 17:35:56.500000+00:00,combi,Sitting,Sitting
2025-02-11 17:36:56.500000+00:00,combi,Sitting,Sitting
2025-02-11 17:37:56.500000+00:00,combi,Sitting,Sitting
2025-02-11 17:38:56.500000+00:00,combi,Sitting,Sitting
2025-02-11 17:39:56.500000+00:00,combi,Sitting,Sitting
2025-02-11 17:40:56.500000+00:00,combi,Sitting,Sitting
2025-02-11 17:41:56.500000+00:00,combi,Sitting,Sitting
2025-02-11 17:42:56.500000+00:00,combi,Sitting,Sitting
2025-02-11 17:43:56.500000+00:00,combi,Sitting,Sitting
2025-02-11 17:44:56.500000+00:00,combi,Sitting,Sitting
2025-02-11 17:45:56.500000+00:00,combi,Standing,Dynamic
2025-02-11 17:46:56.500000+00:00,combi,Standing,Standing
2025-02-11 17:47:56.500000+00:00,combi,Standing,Dynamic
2025-02-11 17:48:56.500000+00:00,combi,Sitting,Dynamic
2025-02-11 17:49:56.500000+00:00,combi,Sitting,Dynamic
2025-02-11 17:50:56.500000+00:00,combi,Sitting,Dynamic
2025-02-11 17:51:56.500000+00:00,combi,Sitting,Dynamic
2025-02-11 17:52:56.500000+00:00,combi,Sitting,Dynamic
2025-02-11 17:53:56.500000+00:00,combi,Sitting,Dynamic
2025-02-11 17:54:56.500000+00:00,combi,Sitting,Dynamic
2025-02-11 17:55:56.500000+00:00,combi,Sitting,Dynamic
2025-02-11 17:56:56.500000+00:00,combi,Sitting,Dynamic
2025-02-11 17:57:56.500000+00:00,combi,Standing,Dynamic
2025-02-11 17:58:56.500000+00:00,combi,Standing,Standing
2025-02-11 17:59:56.500000+00:00,combi,Standing,Dynamic
2025-02-11 18:00:56.500000+00:00,combi,Sitting,Dynamic
2025-02-11 18:01:56.500000+00:00,combi,Sitting,Dynamic
2025-02-11 18:02:56.500000+00:00,combi,Sitting,Dynamic
2025-02-11 18:03:56.500000+00:00,combi,Standing,Dynamic
2025-02-11 18:04:56.500000+00:00,combi,Sitting,Sitting
2025-02-11 18:05:56.500000+00:00,combi,Sitting,Sitting
2025-02-11 18:06:56.500000+00:00,combi,Sitting,Sitting
2025-02-11 18:07:56.500000+00:00,combi,Sitting,Sitting
2025-02-11 18:08:56.500000+00:00,combi,Sitting,Sitting
2025-02-11 18:09:56.500000+00:00,combi,Sitting,Sitting
2025-02-11 18:10:56.500000+00:00,combi,Sitting,Sitting
2025-02-11 18:11:56.500000+00:00,combi,Sitting,Sitting
2025-02-11 18:12:56.500000+00:00,combi,Sitting,Sitting
2025-02-11 18:13:56.500000+00:00,combi,Sitting,Sitting
2025-02-11 18:14:56.500000+00:00,combi,Sitting,Sitting
2025-02-11 18:15:56.500000+00:00,combi,Sitting,Sitting
2025-02-11 18:16:56.500000+00:00,combi,Sitting,Sitting
2025-02-11 18:17:56.500000+00:00,combi,Sitting,Sitting
2025-02-11 18:18:56.500000+00:00,combi,Sitting,Sitting
2025-02-11 18:19:56.500000+00:00,combi,Sitting,Sitting
2025-02-11 18:20:56.500000+00:00,combi,Sitting,Sitting
2025-02-11 18:21:56.500000+00:00,combi,Sitting,Sitting
2025-02-11 18:22:56.500000+00:00,combi,Sitting,Sitting
2025-02-11 18:23:56.500000+00:00,combi,Sitting,Sitting
2025-02-11 18:24:56.500000+00:00,combi,Sitting,Sitting
2025-02-11 18:25:56.500000+00:00,combi,Sitting,Sitting
2025-02-11 18:26:56.500000+00:00,combi,Sitting,Sitting
2025-02-11 18:27:56.500000+00:00,combi,Sitting,Sitting
2025-02-11 18:28:56.500000+00:00,combi,Sitting,Sitting
2025-02-11 18:29:56.500000+00:00,combi,Sitting,Sitting
2025-02-11 18:30:56.500000+00:00,combi,Sitting,Sitting
2025-02-11 18:31:56.500000+00:00,combi,Sitting,Sitting
2025-02-11 18:32:56.500000+00:00,combi,Sitting,Sitting
2025-02-11 18:33:56.500000+00:00,combi,Sitting,Sitting
2025-02-11 18:34:56.500000+00:00,combi,Sitting,Sitting
2025-02-11 18:35:56.500000+00:00,combi,Sitting,Sitting
2025-02-11 18:36:56.500000+00:00,combi,Sitting,Sitting
2025-02-11 18:37:56.500000+00:00,combi,Sitting,Sitting
2025-02-11 18:38:56.500000+00:00,combi,Sitting,Sitting
2025-02-11 18:39:56.500000+00:00,combi,Sitting,Sitting
2025-02-11 18:40:56.500000+00:00,combi,Sitting,Sitting
2025-02-11 18:41:56.500000+00:00,combi,Sitting,Sitting
2025-02-11 18:42:56.500000+00:00,combi,Sitting,Sitting
2025-02-11 18:43:56.500000+00:00,combi,Sitting,Sitting
2025-02-11 18:44:56.500000+00:00,combi,Sitting,Sitting
2025-02-11 18:45:56.500000+00:00,combi,Sitting,Sitting
2025-02-11 18:46:56.500000+00:00,combi,Sitting,Sitting
2025-02-11 18:47:56.500000+00:00,combi,Sitting,Sitting
2025-02-11 18:48:56.500000+00:00,combi,Sitting,Sitting
2025-02-11 18:49:56.500000+00:00,combi,Sitting,Sitting
2025-02-11 18:50:56.500000+00:00,combi,Sitting,Sitting
2025-02-11 18:51:56.500000+00:00,combi,Sitting,Sitting
2025-02-11 18:52:56.500000+00:00,combi,Sitting,Sitting
2025-02-11 18:53:56.500000+00:00,combi,Sitting,Sitting
2025-02-11 18:54:56.500000+00:00,combi,Sitting,Sitting
2025-02-11 18:55:56.500000+00:00,combi,Sitting,Sitting
2025-02-11 18:56:56.500000+00:00,combi,Sitting,Sitting
2025-02-11 18:57:56.500000+00:00,combi,Sitting,Sitting
2025-02-11 18:58:56.500000+00:00,combi,Sitting,Sitting
2025-02-11 18:59:56.500000+00:00,combi,Sitting,Sitting
2025-02-11 19:00:56.500000+00:00,combi,Sitting,Sitting
2025-02-11 19:01:56.500000+00:00,combi,Sitting,Sitting
2025-02-11 19:02:56.500000+00:00,combi,Sitting,Sitting
2025-02-11 19:03:56.500000+00:00,combi,Sitting,Sitting
2025-02-11 19:04:56.500000+00:00,combi,Sitting,Sitting
2025-02-11 19:05:56.500000+00:00,combi,Sitting,Sitting
2025-02-11 19:06:56.500000+00:00,combi,Sitting,Sitting
2025-02-11 19:07:56.500000+00:00,combi,Sitting,Sitting
2025-02-11 19:08:56.500000+00:00,combi,Sitting,Sitting
2025-02-11 19:09:56.500000+00:00,combi,Sitting,Sitting
2025-02-11 19:10:56.500000+00:00,combi,Lying,Dynamic
2025-02-11 19:11:56.500000+00:00,combi,Standing,Dynamic
2025-02-11 19:12:56.500000+00:00,combi,Standing,Dynamic
2025-02-11 19:13:56.500000+00:00,combi,Standing,Standing
2025-02-11 19:14:56.500000+00:00,combi,Lying,Dynamic
2025-02-11 19:15:56.500000+00:00,combi,Sitting,Dynamic
2025-02-11 19:16:56.500000+00:00,combi,Standing,Dynamic
2025-02-11 19:17:56.500000+00:00,combi,Standing,Dynamic
2025-02-11 19:18:56.500000+00:00,combi,Standing,Dynamic
2025-02-11 19:19:56.500000+00:00,combi,Standing,Standing
2025-02-11 19:20:56.500000+00:00,combi,Standing,Dynamic
2025-02-11 19:21:56.500000+00:00,combi,Standing,Dynamic
2025-02-11 19:22:56.500000+00:00,combi,Standing,Standing
2025-02-11 19:23:56.500000+00:00,combi,Standing,Standing
2025-02-11 19:24:56.500000+00:00,combi,Standing,Standing
2025-02-11 19:25:56.500000+00:00,combi,Standing,Dynamic
2025-02-11 19:26:56.500000+00:00,combi,Standing,Dynamic
2025-02-11 19:27:56.500000+00:00,combi,Standing,Dynamic
2025-02-11 19:28:56.500000+00:00,combi,Standing,Dynamic
2025-02-11 19:29:56.500000+00:00,combi,Standing,Dynamic
2025-02-11 19:30:56.500000+00:00,combi,Standing,Dynamic
2025-02-11 19:31:56.500000+00:00,combi,Standing,Dynamic
2025-02-11 19:32:56.500000+00:00,combi,Standing,Dynamic
2025-02-11 19:33:56.500000+00:00,combi,Standing,Dynamic
2025-02-11 19:34:56.500000+00:00,combi,Sitting,Sitting
2025-02-11 19:35:56.500000+00:00,combi,Sitting,Sitting
2025-02-11 19:36:56.500000+00:00,combi,Sitting,Sitting
2025-02-11 19:37:56.500000+00:00,combi,Sitting,Sitting
2025-02-11 19:38:56.500000+00:00,combi,Sitting,Sitting
2025-02-11 19:39:56.500000+00:00,combi,Sitting,Sitting
2025-02-11 19:40:56.500000+00:00,combi,Sitting,Sitting
2025-02-11 19:41:56.500000+00:00,combi,Sitting,Sitting
2025-02-11 19:42:56.500000+00:00,combi,Sitting,Sitting
2025-02-11 19:43:56.500000+00:00,combi,Sitting,Sitting
2025-02-11 19:44:56.500000+00:00,combi,Sitting,Sitting
2025-02-11 19:45:56.500000+00:00,combi,Sitting,Sitting
2025-02-11 19:46:56.500000+00:00,combi,Standing,Dynamic
2025-02-11 19:47:56.500000+00:00,combi,Lying,Dynamic
2025-02-11 19:48:56.500000+00:00,combi,Standing,Dynamic
2025-02-11 19:49:56.500000+00:00,combi,Sitting,Dynamic
2025-02-11 19:50:56.500000+00:00,combi,Standing,Dynamic
2025-02-11 19:51:56.500000+00:00,combi,Lying,Dynamic
2025-02-11 19:52:56.500000+00:00,combi,Standing,Dynamic
2025-02-11 19:53:56.500000+00:00,combi,Sitting,Sitting
2025-02-11 19:54:56.500000+00:00,combi,Sitting,Sitting
2025-02-11 19:55:56.500000+00:00,combi,Sitting,Dynamic
2025-02-11 19:56:56.500000+00:00,combi,Standing,Dynamic
2025-02-11 19:57:56.500000+00:00,combi,Sitting,Dynamic
2025-02-11 19:58:56.500000+00:00,combi,Sitting,Sitting
2025-02-11 19:59:56.500000+00:00,combi,Sitting,Sitting
2025-02-11 20:00:56.500000+00:00,combi,Sitting,Sitting
2025-02-11 20:01:56.500000+00:00,combi,Sitting,Sitting
2025-02-11 20:02:56.500000+00:00,combi,Sitting,Sitting
2025-02-11 20:03:56.500000+00:00,combi,Sitting,Sitting
2025-02-11 20:04:56.500000+00:00,combi,Sitting,Sitting
2025-02-11 20:05:56.500000+00:00,combi,Sitting,Sitting
2025-02-11 20:06:56.500000+00:00,combi,Sitting,Sitting
2025-02-11 20:07:56.500000+00:00,combi,Sitting,Sitting
2025-02-11 20:08:56.500000+00:00,combi,Sitting,Sitting
2025-02-11 20:09:56.500000+00:00,combi,Sitting,Sitting
2025-02-11 20:10:56.500000+00:00,combi,Sitting,Sitting
2025-02-11 20:11:56.500000+00:00,combi,Sitting,Sitting
2025-02-11 20:12:56.500000+00:00,combi,Sitting,Sitting
2025-02-11 20:13:56.500000+00:00,combi,Sitting,Sitting
2025-02-11 20:14:56.500000+00:00,combi,Sitting,Sitting
2025-02-11 20:15:56.500000+00:00,combi,Sitting,Sitting
2025-02-11 20:16:56.500000+00:00,combi,Sitting,Sitting
2025-02-11 20:17:56.500000+00:00,combi,Sitting,Sitting
2025-02-11 20:18:56.500000+00:00,combi,Sitting,Sitting
2025-02-11 20:19:56.500000+00:00,combi,Sitting,Sitting
2025-02-11 20:20:56.500000+00:00,combi,Sitting,Sitting
2025-02-11 20:21:56.500000+00:00,combi,Sitting,Sitting
2025-02-11 20:22:56.500000+00:00,combi,Sitting,Sitting
2025-02-11 20:23:56.500000+00:00,combi,Sitting,Sitting
2025-02-11 20:24:56.500000+00:00,combi,Sitting,Sitting
2025-02-11 20:25:56.500000+00:00,combi,Sitting,Sitting
2025-02-11 20:26:56.500000+00:00,combi,Sitting,Sitting
2025-02-11 20:27:56.500000+00:00,combi,Sitting,Sitting
2025-02-11 20:28:56.500000+00:00,combi,Sitting,Sitting
2025-02-11 20:29:56.500000+00:00,combi,Sitting,Sitting
2025-02-11 20:30:56.500000+00:00,combi,Sitting,Sitting
2025-02-11 20:31:56.500000+00:00,combi,Sitting,Sitting
2025-02-11 20:32:56.500000+00:00,combi,Sitting,Sitting
2025-02-11 20:33:56.500000+00:00,combi,Sitting,Dynamic
2025-02-11 20:34:56.500000+00:00,combi,Sitting,Sitting
2025-02-11 20:35:56.500000+00:00,combi,Sitting,Sitting
2025-02-11 20:36:56.500000+00:00,combi,Sitting,Sitting
2025-02-11 20:37:56.500000+00:00,combi,Lying,Lying
2025-02-11 20:38:56.500000+00:00,combi,Sitting,Sitting
2025-02-11 20:39:56.500000+00:00,combi,Lying,Lying
2025-02-11 20:40:56.500000+00:00,combi,Lying,Lying
2025-02-11 20:41:56.500000+00:00,combi,Sitting,Dynamic
2025-02-11 20:42:56.500000+00:00,combi,Sitting,Dynamic
2025-02-11 20:43:56.500000+00:00,combi,Sitting,Dynamic
2025-02-11 20:44:56.500000+00:00,combi,Lying,Dynamic
2025-02-11 20:45:56.500000+00:00,combi,Standing,Dynamic
2025-02-11 20:46:56.500000+00:00,combi,Sitting,Sitting
2025-02-11 20:47:56.500000+00:00,combi,Sitting,Sitting
2025-02-11 20:48:56.500000+00:00,combi,Sitting,Sitting
2025-02-11 20:49:56.500000+00:00,combi,Sitting,Sitting
2025-02-11 20:50:56.500000+00:00,combi,Sitting,Sitting
2025-02-11 20:51:56.500000+00:00,combi,Sitting,Sitting
2025-02-11 20:52:56.500000+00:00,combi,Sitting,Sitting
2025-02-11 20:53:56.500000+00:00,combi,Sitting,Sitting
2025-02-11 20:54:56.500000+00:00,combi,Sitting,Sitting
2025-02-11 20:55:56.500000+00:00,combi,Sitting,Sitting
2025-02-11 20:56:56.500000+00:00,combi,Sitting,Sitting
2025-02-11 20:57:56.500000+00:00,combi,Sitting,Sitting
2025-02-11 20:58:56.500000+00:00,combi,Sitting,Sitting
2025-02-11 20:59:56.500000+00:00,combi,Sitting,Sitting
2025-02-11 21:00:56.500000+00:00,combi,Sitting,Sitting
2025-02-11 21:01:56.500000+00:00,combi,Sitting,Sitting
2025-02-11 21:02:56.500000+00:00,combi,Sitting,Sitting
2025-02-11 21:03:56.500000+00:00,combi,Sitting,Sitting
2025-02-11 21:04:56.500000+00:00,combi,Sitting,Sitting
2025-02-11 21:05:56.500000+00:00,combi,Sitting,Sitting
2025-02-11 21:06:56.500000+00:00,combi,Sitting,Sitting
2025-02-11 21:07:56.500000+00:00,combi,Sitting,Sitting
2025-02-11 21:08:56.500000+00:00,combi,Sitting,Sitting
2025-02-11 21:09:56.500000+00:00,combi,Sitting,Sitting
2025-02-11 21:10:56.500000+00:00,combi,Sitting,Sitting
2025-02-11 21:11:56.500000+00:00,combi,Sitting,Dynamic
2025-02-11 21:12:56.500000+00:00,combi,Sitting,Sitting
2025-02-11 21:13:56.500000+00:00,combi,Lying,Lying
2025-02-11 21:14:56.500000+00:00,combi,Lying,Lying
2025-02-11 21:15:56.500000+00:00,combi,Lying,Lying
2025-02-11 21:16:56.500000+00:00,combi,Lying,Lying
2025-02-11 21:17:56.500000+00:00,combi,Lying,Lying
2025-02-11 21:18:56.500000+00:00,combi,Lying,Lying
2025-02-11 21:19:56.500000+00:00,combi,Lying,Lying
2025-02-11 21:20:56.500000+00:00,combi,Lying,Lying
2025-02-11 21:21:56.500000+00:00,combi,Lying,Lying
2025-02-11 21:22:56.500000+00:00,combi,Lying,Lying
2025-02-11 21:23:56.500000+00:00,combi,Lying,Lying
2025-02-11 21:24:56.500000+00:00,combi,Lying,Lying
2025-02-11 21:25:56.500000+00:00,combi,Lying,Lying
2025-02-11 21:26:56.500000+00:00,combi,Lying,Lying
2025-02-11 21:27:56.500000+00:00,combi,Lying,Lying
2025-02-11 21:28:56.500000+00:00,combi,Lying,Lying
2025-02-11 21:29:56.500000+00:00,combi,Lying,Lying
2025-02-11 21:30:56.500000+00:00,combi,Lying,Lying
2025-02-11 21:31:56.500000+00:00,combi,Lying,Lying
2025-02-11 21:32:56.500000+00:00,combi,Lying,Lying
2025-02-11 21:33:56.500000+00:00,combi,Lying,Lying
2025-02-11 21:34:56.500000+00:00,combi,Lying,Lying
2025-02-11 21:35:56.500000+00:00,combi,Lying,Lying
2025-02-11 21:36:56.500000+00:00,combi,Lying,Lying
2025-02-11 21:37:56.500000+00:00,combi,Lying,Lying
2025-02-11 21:38:56.500000+00:00,combi,Lying,Lying
2025-02-11 21:39:56.500000+00:00,combi,Lying,Lying
2025-02-11 21:40:56.500000+00:00,combi,Lying,Lying
2025-02-11 21:41:56.500000+00:00,combi,Lying,Lying
2025-02-11 21:42:56.500000+00:00,combi,Lying,Lying
2025-02-11 21:43:56.500000+00:00,combi,Lying,Lying
2025-02-11 21:44:56.500000+00:00,combi,Lying,Lying
2025-02-11 21:45:56.500000+00:00,combi,Lying,Lying
2025-02-11 21:46:56.500000+00:00,combi,Lying,Lying
2025-02-11 21:47:56.500000+00:00,combi,Lying,Lying
2025-02-11 21:48:56.500000+00:00,combi,Lying,Lying
2025-02-11 21:49:56.500000+00:00,combi,Lying,Lying
2025-02-11 21:50:56.500000+00:00,combi,Lying,Lying
2025-02-11 21:51:56.500000+00:00,combi,Lying,Lying
2025-02-11 21:52:56.500000+00:00,combi,Lying,Lying
2025-02-11 21:53:56.500000+00:00,combi,Lying,Lying
2025-02-11 21:54:56.500000+00:00,combi,Lying,Lying
2025-02-11 21:55:56.500000+00:00,combi,Lying,Lying
2025-02-11 21:56:56.500000+00:00,combi,Lying,Lying
2025-02-11 21:57:56.500000+00:00,combi,Lying,Lying
2025-02-11 21:58:56.500000+00:00,combi,Lying,Lying
2025-02-11 21:59:56.500000+00:00,combi,Lying,Lying
2025-02-11 22:00:56.500000+00:00,combi,Lying,Lying
2025-02-11 22:01:56.500000+00:00,combi,Lying,Lying
2025-02-11 22:02:56.500000+00:00,combi,Lying,Lying
2025-02-11 22:03:56.500000+00:00,combi,Lying,Lying
2025-02-11 22:04:56.500000+00:00,combi,Lying,Lying
2025-02-11 22:05:56.500000+00:00,combi,Lying,Lying
2025-02-11 22:06:56.500000+00:00,combi,Lying,Lying
2025-02-11 22:07:56.500000+00:00,combi,Lying,Lying
2025-02-11 22:08:56.500000+00:00,combi,Lying,Lying
2025-02-11 22:09:56.500000+00:00,combi,Lying,Lying
2025-02-11 22:10:56.500000+00:00,combi,Lying,Lying
2025-02-11 22:11:56.500000+00:00,combi,Lying,Lying
2025-02-11 22:12:56.500000+00:00,combi,Lying,Lying
2025-02-11 22:13:56.500000+00:00,combi,Lying,Lying
2025-02-11 22:14:56.500000+00:00,combi,Lying,Lying
2025-02-11 22:15:56.500000+00:00,combi,Lying,Lying
2025-02-11 22:16:56.500000+00:00,combi,Lying,Lying
2025-02-11 22:17:56.500000+00:00,combi,Lying,Lying
2025-02-11 22:18:56.500000+00:00,combi,Lying,Lying
2025-02-11 22:19:56.500000+00:00,combi,Lying,Lying
2025-02-11 22:20:56.500000+00:00,combi,Lying,Lying
2025-02-11 22:21:56.500000+00:00,combi,Lying,Lying
2025-02-11 22:22:56.500000+00:00,combi,Lying,Lying
2025-02-11 22:23:56.500000+00:00,combi,Lying,Lying
2025-02-11 22:24:56.500000+00:00,combi,Lying,Lying
2025-02-11 22:25:56.500000+00:00,combi,Lying,Lying
2025-02-11 22:26:56.500000+00:00,combi,Lying,Lying
2025-02-11 22:27:56.500000+00:00,combi,Lying,Lying
2025-02-11 22:28:56.500000+00:00,combi,Lying,Lying
2025-02-11 22:29:56.500000+00:00,combi,Lying,Lying
2025-02-11 22:30:56.500000+00:00,combi,Lying,Lying
2025-02-11 22:31:56.500000+00:00,combi,Lying,Lying
2025-02-11 22:32:56.500000+00:00,combi,Lying,Lying
2025-02-11 22:33:56.500000+00:00,combi,Lying,Lying
2025-02-11 22:34:56.500000+00:00,combi,Lying,Lying
2025-02-11 22:35:56.500000+00:00,combi,Lying,Lying
2025-02-11 22:36:56.500000+00:00,combi,Lying,Lying
2025-02-11 22:37:56.500000+00:00,combi,Lying,Lying
2025-02-11 22:38:56.500000+00:00,combi,Lying,Lying
2025-02-11 22:39:56.500000+00:00,combi,Lying,Lying
2025-02-11 22:40:56.500000+00:00,combi,Lying,Lying
2025-02-11 22:41:56.500000+00:00,combi,Lying,Lying
2025-02-11 22:42:56.500000+00:00,combi,Lying,Lying
2025-02-11 22:43:56.500000+00:00,combi,Lying,Lying
2025-02-11 22:44:56.500000+00:00,combi,Lying,Lying
2025-02-11 22:45:56.500000+00:00,combi,Lying,Lying
2025-02-11 22:46:56.500000+00:00,combi,Lying,Lying
2025-02-11 22:47:56.500000+00:00,combi,Lying,Lying
2025-02-11 22:48:56.500000+00:00,combi,Lying,Lying
2025-02-11 22:49:56.500000+00:00,combi,Lying,Lying
2025-02-11 22:50:56.500000+00:00,combi,Lying,Lying
2025-02-11 22:51:56.500000+00:00,combi,Lying,Lying
2025-02-11 22:52:56.500000+00:00,combi,Lying,Lying
2025-02-11 22:53:56.500000+00:00,combi,Lying,Lying
2025-02-11 22:54:56.500000+00:00,combi,Lying,Lying
2025-02-11 22:55:56.500000+00:00,combi,Lying,Lying
2025-02-11 22:56:56.500000+00:00,combi,Lying,Lying
2025-02-11 22:57:56.500000+00:00,combi,Lying,Lying
2025-02-11 22:58:56.500000+00:00,combi,Lying,Lying
2025-02-11 22:59:56.500000+00:00,combi,Lying,Lying
2025-02-11 23:00:56.500000+00:00,combi,Lying,Lying
2025-02-11 23:01:56.500000+00:00,combi,Lying,Lying
2025-02-11 23:02:56.500000+00:00,combi,Lying,Lying
2025-02-11 23:03:56.500000+00:00,combi,Lying,Lying
2025-02-11 23:04:56.500000+00:00,combi,Lying,Lying
2025-02-11 23:05:56.500000+00:00,combi,Lying,Lying
2025-02-11 23:06:56.500000+00:00,combi,Lying,Lying
2025-02-11 23:07:56.500000+00:00,combi,Lying,Lying
2025-02-11 23:08:56.500000+00:00,combi,Lying,Lying
2025-02-11 23:09:56.500000+00:00,combi,Lying,Lying
2025-02-11 23:10:56.500000+00:00,combi,Lying,Lying
2025-02-11 23:11:56.500000+00:00,combi,Lying,Lying
2025-02-11 23:12:56.500000+00:00,combi,Lying,Lying
2025-02-11 23:13:56.500000+00:00,combi,Lying,Lying
2025-02-11 23:14:56.500000+00:00,combi,Lying,Lying
2025-02-11 23:15:56.500000+00:00,combi,Lying,Lying
2025-02-11 23:16:56.500000+00:00,combi,Lying,Lying
2025-02-11 23:17:56.500000+00:00,combi,Lying,Lying
2025-02-11 23:18:56.500000+00:00,combi,Lying,Lying
2025-02-11 23:19:56.500000+00:00,combi,Lying,Lying
2025-02-11 23:20:56.500000+00:00,combi,Lying,Lying
2025-02-11 23:21:56.500000+00:00,combi,Lying,Lying
2025-02-11 23:22:56.500000+00:00,combi,Lying,Lying
2025-02-11 23:23:56.500000+00:00,combi,Lying,Lying
2025-02-11 23:24:56.500000+00:00,combi,Lying,Lying
2025-02-11 23:25:56.500000+00:00,combi,Lying,Lying
2025-02-11 23:26:56.500000+00:00,combi,Lying,Lying
2025-02-11 23:27:56.500000+00:00,combi,Lying,Lying
2025-02-11 23:28:56.500000+00:00,combi,Lying,Lying
2025-02-11 23:29:56.500000+00:00,combi,Lying,Lying
2025-02-11 23:30:56.500000+00:00,combi,Lying,Lying
2025-02-11 23:31:56.500000+00:00,combi,Lying,Lying
2025-02-11 23:32:56.500000+00:00,combi,Lying,Lying
2025-02-11 23:33:56.500000+00:00,combi,Lying,Lying
2025-02-11 23:34:56.500000+00:00,combi,Lying,Lying
2025-02-11 23:35:56.500000+00:00,combi,Lying,Lying
2025-02-11 23:36:56.500000+00:00,combi,Lying,Lying
2025-02-11 23:37:56.500000+00:00,combi,Lying,Lying
2025-02-11 23:38:56.500000+00:00,combi,Lying,Lying
2025-02-11 23:39:56.500000+00:00,combi,Lying,Lying
2025-02-11 23:40:56.500000+00:00,combi,Lying,Lying
2025-02-11 23:41:56.500000+00:00,combi,Lying,Lying
2025-02-11 23:42:56.500000+00:00,combi,Lying,Lying
2025-02-11 23:43:56.500000+00:00,combi,Lying,Lying
2025-02-11 23:44:56.500000+00:00,combi,Lying,Lying
2025-02-11 23:45:56.500000+00:00,combi,Lying,Lying
2025-02-11 23:46:56.500000+00:00,combi,Lying,Lying
2025-02-11 23:47:56.500000+00:00,combi,Lying,Lying
2025-02-11 23:48:56.500000+00:00,combi,Lying,Lying
2025-02-11 23:49:56.500000+00:00,combi,Lying,Lying
2025-02-11 23:50:56.500000+00:00,combi,Lying,Lying
2025-02-11 23:51:56.500000+00:00,combi,Lying,Lying
2025-02-11 23:52:56.500000+00:00,combi,Lying,Lying
2025-02-11 23:53:56.500000+00:00,combi,Lying,Lying
2025-02-11 23:54:56.500000+00:00,combi,Lying,Lying
2025-02-11 23:55:56.500000+00:00,combi,Lying,Lying
2025-02-11 23:56:56.500000+00:00,combi,Lying,Lying
2025-02-11 23:57:56.500000+00:00,combi,Lying,Lying
2025-02-11 23:58:56.500000+00:00,combi,Lying,Lying
2025-02-11 23:59:56.500000+00:00,combi,Lying,Lying
2025-02-12 00:00:56.500000+00:00,combi,Lying,Lying
2025-02-12 00:01:56.500000+00:00,combi,Lying,Lying
2025-02-12 00:02:56.500000+00:00,combi,Lying,Lying
2025-02-12 00:03:56.500000+00:00,combi,Lying,Lying
2025-02-12 00:04:56.500000+00:00,combi,Lying,Lying
2025-02-12 00:05:56.500000+00:00,combi,Lying,Lying
2025-02-12 00:06:56.500000+00:00,combi,Lying,Lying
2025-02-12 00:07:56.500000+00:00,combi,Lying,Dynamic
2025-02-12 00:08:56.500000+00:00,combi,Standing,Dynamic
2025-02-12 00:09:56.500000+00:00,combi,Sitting,Sitting
2025-02-12 00:10:56.500000+00:00,combi,Sitting,Dynamic
2025-02-12 00:11:56.500000+00:00,combi,Sitting,Dynamic
2025-02-12 00:12:56.500000+00:00,combi,Sitting,Sitting
2025-02-12 00:13:56.500000+00:00,combi,Sitting,Sitting
2025-02-12 00:14:56.500000+00:00,combi,Sitting,Sitting
2025-02-12 00:15:56.500000+00:00,combi,Sitting,Dynamic
2025-02-12 00:16:56.500000+00:00,combi,Standing,Dynamic
2025-02-12 00:17:56.500000+00:00,combi,Lying,Lying
2025-02-12 00:18:56.500000+00:00,combi,Lying,Lying
2025-02-12 00:19:56.500000+00:00,combi,Lying,Lying
2025-02-12 00:20:56.500000+00:00,combi,Lying,Lying
2025-02-12 00:21:56.500000+00:00,combi,Lying,Lying
2025-02-12 00:22:56.500000+00:00,combi,Lying,Lying
2025-02-12 00:23:56.500000+00:00,combi,Lying,Lying
2025-02-12 00:24:56.500000+00:00,combi,Lying,Lying
2025-02-12 00:25:56.500000+00:00,combi,Lying,Lying
2025-02-12 00:26:56.500000+00:00,combi,Lying,Lying
2025-02-12 00:27:56.500000+00:00,combi,Lying,Lying
2025-02-12 00:28:56.500000+00:00,combi,Lying,Lying
2025-02-12 00:29:56.500000+00:00,combi,Lying,Lying
2025-02-12 00:30:56.500000+00:00,combi,Lying,Lying
2025-02-12 00:31:56.500000+00:00,combi,Lying,Lying
2025-02-12 00:32:56.500000+00:00,combi,Lying,Lying
2025-02-12 00:33:56.500000+00:00,combi,Lying,Lying
2025-02-12 00:34:56.500000+00:00,combi,Lying,Lying
2025-02-12 00:35:56.500000+00:00,combi,Lying,Lying
2025-02-12 00:36:56.500000+00:00,combi,Lying,Lying
2025-02-12 00:37:56.500000+00:00,combi,Lying,Lying
2025-02-12 00:38:56.500000+00:00,combi,Lying,Lying
2025-02-12 00:39:56.500000+00:00,combi,Lying,Lying
2025-02-12 00:40:56.500000+00:00,combi,Lying,Lying
2025-02-12 00:41:56.500000+00:00,combi,Lying,Lying
2025-02-12 00:42:56.500000+00:00,combi,Lying,Lying
2025-02-12 00:43:56.500000+00:00,combi,Lying,Lying
2025-02-12 00:44:56.500000+00:00,combi,Lying,Lying
2025-02-12 00:45:56.500000+00:00,combi,Lying,Lying
2025-02-12 00:46:56.500000+00:00,combi,Lying,Lying
2025-02-12 00:47:56.500000+00:00,combi,Lying,Dynamic
2025-02-12 00:48:56.500000+00:00,combi,Lying,Lying
2025-02-12 00:49:56.500000+00:00,combi,Lying,Lying
2025-02-12 00:50:56.500000+00:00,combi,Lying,Lying
2025-02-12 00:51:56.500000+00:00,combi,Lying,Lying
2025-02-12 00:52:56.500000+00:00,combi,Lying,Lying
2025-02-12 00:53:56.500000+00:00,combi,Lying,Lying
2025-02-12 00:54:56.500000+00:00,combi,Lying,Lying
2025-02-12 00:55:56.500000+00:00,combi,Lying,Lying
2025-02-12 00:56:56.500000+00:00,combi,Lying,Lying
2025-02-12 00:57:56.500000+00:00,combi,Lying,Lying
2025-02-12 00:58:56.500000+00:00,combi,Lying,Lying
2025-02-12 00:59:56.500000+00:00,combi,Lying,Lying
2025-02-12 01:00:56.500000+00:00,combi,Lying,Lying
2025-02-12 01:01:56.500000+00:00,combi,Lying,Lying
2025-02-12 01:02:56.500000+00:00,combi,Lying,Lying
2025-02-12 01:03:56.500000+00:00,combi,Lying,Lying
2025-02-12 01:04:56.500000+00:00,combi,Lying,Lying
2025-02-12 01:05:56.500000+00:00,combi,Lying,Lying
2025-02-12 01:06:56.500000+00:00,combi,Lying,Lying
2025-02-12 01:07:56.500000+00:00,combi,Lying,Lying
2025-02-12 01:08:56.500000+00:00,combi,Lying,Lying
2025-02-12 01:09:56.500000+00:00,combi,Lying,Lying
2025-02-12 01:10:56.500000+00:00,combi,Lying,Lying
2025-02-12 01:11:56.500000+00:00,combi,Lying,Lying
2025-02-12 01:12:56.500000+00:00,combi,Lying,Lying
2025-02-12 01:13:56.500000+00:00,combi,Lying,Lying
2025-02-12 01:14:56.500000+00:00,combi,Lying,Lying
2025-02-12 01:15:56.500000+00:00,combi,Lying,Lying
2025-02-12 01:16:56.500000+00:00,combi,Lying,Lying
2025-02-12 01:17:56.500000+00:00,combi,Lying,Lying
2025-02-12 01:18:56.500000+00:00,combi,Lying,Lying
2025-02-12 01:19:56.500000+00:00,combi,Sitting,Sitting
2025-02-12 01:20:56.500000+00:00,combi,Lying,Lying
2025-02-12 01:21:56.500000+00:00,combi,Lying,Lying
2025-02-12 01:22:56.500000+00:00,combi,Lying,Lying
2025-02-12 01:23:56.500000+00:00,combi,Lying,Lying
2025-02-12 01:24:56.500000+00:00,combi,Lying,Lying
2025-02-12 01:25:56.500000+00:00,combi,Lying,Lying
2025-02-12 01:26:56.500000+00:00,combi,Lying,Lying
2025-02-12 01:27:56.500000+00:00,combi,Lying,Lying
2025-02-12 01:28:56.500000+00:00,combi,Lying,Lying
2025-02-12 01:29:56.500000+00:00,combi,Lying,Lying
2025-02-12 01:30:56.500000+00:00,combi,Lying,Lying
2025-02-12 01:31:56.500000+00:00,combi,Lying,Lying
2025-02-12 01:32:56.500000+00:00,combi,Lying,Lying
2025-02-12 01:33:56.500000+00:00,combi,Lying,Lying
2025-02-12 01:34:56.500000+00:00,combi,Lying,Lying
2025-02-12 01:35:56.500000+00:00,combi,Lying,Lying
2025-02-12 01:36:56.500000+00:00,combi,Lying,Lying
2025-02-12 01:37:56.500000+00:00,combi,Lying,Lying
2025-02-12 01:38:56.500000+00:00,combi,Lying,Lying
2025-02-12 01:39:56.500000+00:00,combi,Lying,Lying
2025-02-12 01:40:56.500000+00:00,combi,Lying,Lying
2025-02-12 01:41:56.500000+00:00,combi,Lying,Lying
2025-02-12 01:42:56.500000+00:00,combi,Lying,Lying
2025-02-12 01:43:56.500000+00:00,combi,Lying,Lying
2025-02-12 01:44:56.500000+00:00,combi,Lying,Lying
2025-02-12 01:45:56.500000+00:00,combi,Lying,Lying
2025-02-12 01:46:56.500000+00:00,combi,Lying,Lying
2025-02-12 01:47:56.500000+00:00,combi,Lying,Lying
2025-02-12 01:48:56.500000+00:00,combi,Lying,Lying
2025-02-12 01:49:56.500000+00:00,combi,Lying,Lying
2025-02-12 01:50:56.500000+00:00,combi,Lying,Lying
2025-02-12 01:51:56.500000+00:00,combi,Lying,Lying
2025-02-12 01:52:56.500000+00:00,combi,Lying,Lying
2025-02-12 01:53:56.500000+00:00,combi,Lying,Lying
2025-02-12 01:54:56.500000+00:00,combi,Lying,Lying
2025-02-12 01:55:56.500000+00:00,combi,Lying,Lying
2025-02-12 01:56:56.500000+00:00,combi,Lying,Lying
2025-02-12 01:57:56.500000+00:00,combi,Lying,Lying
2025-02-12 01:58:56.500000+00:00,combi,Sitting,Sitting
2025-02-12 01:59:56.500000+00:00,combi,Sitting,Sitting
2025-02-12 02:00:56.500000+00:00,combi,Lying,Lying
2025-02-12 02:01:56.500000+00:00,combi,Lying,Lying
2025-02-12 02:02:56.500000+00:00,combi,Lying,Lying
2025-02-12 02:03:56.500000+00:00,combi,Lying,Lying
2025-02-12 02:04:56.500000+00:00,combi,Lying,Lying
2025-02-12 02:05:56.500000+00:00,combi,Lying,Lying
2025-02-12 02:06:56.500000+00:00,combi,Lying,Lying
2025-02-12 02:07:56.500000+00:00,combi,Lying,Lying
2025-02-12 02:08:56.500000+00:00,combi,Lying,Lying
2025-02-12 02:09:56.500000+00:00,combi,Lying,Lying
2025-02-12 02:10:56.500000+00:00,combi,Lying,Lying
2025-02-12 02:11:56.500000+00:00,combi,Lying,Lying
2025-02-12 02:12:56.500000+00:00,combi,Lying,Lying
2025-02-12 02:13:56.500000+00:00,combi,Lying,Lying
2025-02-12 02:14:56.500000+00:00,combi,Lying,Lying
2025-02-12 02:15:56.500000+00:00,combi,Lying,Lying
2025-02-12 02:16:56.500000+00:00,combi,Lying,Lying
2025-02-12 02:17:56.500000+00:00,combi,Lying,Lying
2025-02-12 02:18:56.500000+00:00,combi,Lying,Lying
2025-02-12 02:19:56.500000+00:00,combi,Lying,Lying
2025-02-12 02:20:56.500000+00:00,combi,Lying,Lying
2025-02-12 02:21:56.500000+00:00,combi,Lying,Lying
2025-02-12 02:22:56.500000+00:00,combi,Lying,Lying
2025-02-12 02:23:56.500000+00:00,combi,Lying,Lying
2025-02-12 02:24:56.500000+00:00,combi,Lying,Lying
2025-02-12 02:25:56.500000+00:00,combi,Lying,Lying
2025-02-12 02:26:56.500000+00:00,combi,Lying,Lying
2025-02-12 02:27:56.500000+00:00,combi,Lying,Lying
2025-02-12 02:28:56.500000+00:00,combi,Lying,Lying
2025-02-12 02:29:56.500000+00:00,combi,Lying,Lying
2025-02-12 02:30:56.500000+00:00,combi,Lying,Lying
2025-02-12 02:31:56.500000+00:00,combi,Lying,Lying
2025-02-12 02:32:56.500000+00:00,combi,Lying,Lying
2025-02-12 02:33:56.500000+00:00,combi,Lying,Lying
2025-02-12 02:34:56.500000+00:00,combi,Lying,Lying
2025-02-12 02:35:56.500000+00:00,combi,Lying,Lying
2025-02-12 02:36:56.500000+00:00,combi,Lying,Lying
2025-02-12 02:37:56.500000+00:00,combi,Lying,Lying
2025-02-12 02:38:56.500000+00:00,combi,Lying,Lying
2025-02-12 02:39:56.500000+00:00,combi,Lying,Lying
2025-02-12 02:40:56.500000+00:00,combi,Lying,Lying
2025-02-12 02:41:56.500000+00:00,combi,Lying,Lying
2025-02-12 02:42:56.500000+00:00,combi,Lying,Lying
2025-02-12 02:43:56.500000+00:00,combi,Lying,Lying
2025-02-12 02:44:56.500000+00:00,combi,Lying,Lying
2025-02-12 02:45:56.500000+00:00,combi,Lying,Lying
2025-02-12 02:46:56.500000+00:00,combi,Lying,Lying
2025-02-12 02:47:56.500000+00:00,combi,Lying,Lying
2025-02-12 02:48:56.500000+00:00,combi,Lying,Lying
2025-02-12 02:49:56.500000+00:00,combi,Lying,Lying
2025-02-12 02:50:56.500000+00:00,combi,Lying,Lying
2025-02-12 02:51:56.500000+00:00,combi,Lying,Lying
2025-02-12 02:52:56.500000+00:00,combi,Lying,Lying
2025-02-12 02:53:56.500000+00:00,combi,Lying,Lying
2025-02-12 02:54:56.500000+00:00,combi,Lying,Lying
2025-02-12 02:55:56.500000+00:00,combi,Lying,Lying
2025-02-12 02:56:56.500000+00:00,combi,Lying,Lying
2025-02-12 02:57:56.500000+00:00,combi,Lying,Lying
2025-02-12 02:58:56.500000+00:00,combi,Lying,Lying
2025-02-12 02:59:56.500000+00:00,combi,Lying,Lying
2025-02-12 03:00:56.500000+00:00,combi,Lying,Lying
2025-02-12 03:01:56.500000+00:00,combi,Lying,Lying
2025-02-12 03:02:56.500000+00:00,combi,Lying,Lying
2025-02-12 03:03:56.500000+00:00,combi,Lying,Lying
2025-02-12 03:04:56.500000+00:00,combi,Lying,Lying
2025-02-12 03:05:56.500000+00:00,combi,Lying,Lying
2025-02-12 03:06:56.500000+00:00,combi,Lying,Lying
2025-02-12 03:07:56.500000+00:00,combi,Lying,Lying
2025-02-12 03:08:56.500000+00:00,combi,Lying,Lying
2025-02-12 03:09:56.500000+00:00,combi,Lying,Lying
2025-02-12 03:10:56.500000+00:00,combi,Lying,Lying
2025-02-12 03:11:56.500000+00:00,combi,Lying,Lying
2025-02-12 03:12:56.500000+00:00,combi,Lying,Lying
2025-02-12 03:13:56.500000+00:00,combi,Lying,Lying
2025-02-12 03:14:56.500000+00:00,combi,Lying,Lying
2025-02-12 03:15:56.500000+00:00,combi,Lying,Lying
2025-02-12 03:16:56.500000+00:00,combi,Lying,Lying
2025-02-12 03:17:56.500000+00:00,combi,Lying,Lying
2025-02-12 03:18:56.500000+00:00,combi,Lying,Lying
2025-02-12 03:19:56.500000+00:00,combi,Sitting,Sitting
2025-02-12 03:20:56.500000+00:00,combi,Lying,Lying
2025-02-12 03:21:56.500000+00:00,combi,Lying,Lying
2025-02-12 03:22:56.500000+00:00,combi,Lying,Lying
2025-02-12 03:23:56.500000+00:00,combi,Lying,Lying
2025-02-12 03:24:56.500000+00:00,combi,Lying,Lying
2025-02-12 03:25:56.500000+00:00,combi,Lying,Lying
2025-02-12 03:26:56.500000+00:00,combi,Lying,Lying
2025-02-12 03:27:56.500000+00:00,combi,Lying,Lying
2025-02-12 03:28:56.500000+00:00,combi,Lying,Lying
2025-02-12 03:29:56.500000+00:00,combi,Lying,Lying
2025-02-12 03:30:56.500000+00:00,combi,Lying,Lying
2025-02-12 03:31:56.500000+00:00,combi,Lying,Lying
2025-02-12 03:32:56.500000+00:00,combi,Lying,Lying
2025-02-12 03:33:56.500000+00:00,combi,Lying,Lying
2025-02-12 03:34:56.500000+00:00,combi,Lying,Lying
2025-02-12 03:35:56.500000+00:00,combi,Lying,Lying
2025-02-12 03:36:56.500000+00:00,combi,Lying,Lying
2025-02-12 03:37:56.500000+00:00,combi,Lying,Lying
2025-02-12 03:38:56.500000+00:00,combi,Lying,Lying
2025-02-12 03:39:56.500000+00:00,combi,Lying,Lying
2025-02-12 03:40:56.500000+00:00,combi,Lying,Lying
2025-02-12 03:41:56.500000+00:00,combi,Lying,Lying
2025-02-12 03:42:56.500000+00:00,combi,Lying,Lying
2025-02-12 03:43:56.500000+00:00,combi,Lying,Lying
2025-02-12 03:44:56.500000+00:00,combi,Lying,Lying
2025-02-12 03:45:56.500000+00:00,combi,Lying,Lying
2025-02-12 03:46:56.500000+00:00,combi,Lying,Lying
2025-02-12 03:47:56.500000+00:00,combi,Lying,Lying
2025-02-12 03:48:56.500000+00:00,combi,Lying,Lying
2025-02-12 03:49:56.500000+00:00,combi,Lying,Lying
2025-02-12 03:50:56.500000+00:00,combi,Lying,Lying
2025-02-12 03:51:56.500000+00:00,combi,Lying,Lying
2025-02-12 03:52:56.500000+00:00,combi,Lying,Lying
2025-02-12 03:53:56.500000+00:00,combi,Lying,Lying
2025-02-12 03:54:56.500000+00:00,combi,Lying,Lying
2025-02-12 03:55:56.500000+00:00,combi,Lying,Lying
2025-02-12 03:56:56.500000+00:00,combi,Lying,Lying
2025-02-12 03:57:56.500000+00:00,combi,Lying,Lying
2025-02-12 03:58:56.500000+00:00,combi,Lying,Lying
2025-02-12 03:59:56.500000+00:00,combi,Lying,Lying
2025-02-12 04:00:56.500000+00:00,combi,Lying,Lying
2025-02-12 04:01:56.500000+00:00,combi,Lying,Lying
2025-02-12 04:02:56.500000+00:00,combi,Lying,Lying
2025-02-12 04:03:56.500000+00:00,combi,Lying,Lying
2025-02-12 04:04:56.500000+00:00,combi,Lying,Lying
2025-02-12 04:05:56.500000+00:00,combi,Lying,Lying
2025-02-12 04:06:56.500000+00:00,combi,Lying,Lying
2025-02-12 04:07:56.500000+00:00,combi,Lying,Lying
2025-02-12 04:08:56.500000+00:00,combi,Lying,Lying
2025-02-12 04:09:56.500000+00:00,combi,Lying,Lying
2025-02-12 04:10:56.500000+00:00,combi,Lying,Lying
2025-02-12 04:11:56.500000+00:00,combi,Lying,Lying
2025-02-12 04:12:56.500000+00:00,combi,Lying,Lying
2025-02-12 04:13:56.500000+00:00,combi,Lying,Lying
2025-02-12 04:14:56.500000+00:00,combi,Lying,Lying
2025-02-12 04:15:56.500000+00:00,combi,Lying,Lying
2025-02-12 04:16:56.500000+00:00,combi,Lying,Lying
2025-02-12 04:17:56.500000+00:00,combi,Lying,Lying
2025-02-12 04:18:56.500000+00:00,combi,Lying,Lying
2025-02-12 04:19:56.500000+00:00,combi,Lying,Lying
2025-02-12 04:20:56.500000+00:00,combi,Lying,Lying
2025-02-12 04:21:56.500000+00:00,combi,Lying,Lying
2025-02-12 04:22:56.500000+00:00,combi,Lying,Lying
2025-02-12 04:23:56.500000+00:00,combi,Lying,Lying
2025-02-12 04:24:56.500000+00:00,combi,Lying,Lying
2025-02-12 04:25:56.500000+00:00,combi,Lying,Lying
2025-02-12 04:26:56.500000+00:00,combi,Lying,Lying
2025-02-12 04:27:56.500000+00:00,combi,Lying,Lying
2025-02-12 04:28:56.500000+00:00,combi,Lying,Lying
2025-02-12 04:29:56.500000+00:00,combi,Lying,Lying
2025-02-12 04:30:56.500000+00:00,combi,Lying,Lying
2025-02-12 04:31:56.500000+00:00,combi,Lying,Lying
2025-02-12 04:32:56.500000+00:00,combi,Lying,Lying
2025-02-12 04:33:56.500000+00:00,combi,Lying,Lying
