Time,Participant,Majority_postures,Majority_including_dynamic
2025-02-12 04:35:39.500000+00:00,combi,Lying,Lying
2025-02-12 04:36:39.500000+00:00,combi,Lying,Lying
2025-02-12 04:37:39.500000+00:00,combi,Lying,Lying
2025-02-12 04:38:39.500000+00:00,combi,Lying,Lying
2025-02-12 04:39:39.500000+00:00,combi,Lying,Lying
2025-02-12 04:40:39.500000+00:00,combi,Lying,Lying
2025-02-12 04:41:39.500000+00:00,combi,Lying,Lying
2025-02-12 04:42:39.500000+00:00,combi,Lying,Lying
2025-02-12 04:43:39.500000+00:00,combi,Lying,Lying
2025-02-12 04:44:39.500000+00:00,combi,Lying,Lying
2025-02-12 04:45:39.500000+00:00,combi,Lying,Lying
2025-02-12 04:46:39.500000+00:00,combi,Lying,Lying
2025-02-12 04:47:39.500000+00:00,combi,Lying,Lying
2025-02-12 04:48:39.500000+00:00,combi,Lying,Lying
2025-02-12 04:49:39.500000+00:00,combi,Lying,Lying
2025-02-12 04:50:39.500000+00:00,combi,Lying,Lying
2025-02-12 04:51:39.500000+00:00,combi,Lying,Lying
2025-02-12 04:52:39.500000+00:00,combi,Lying,Lying
2025-02-12 04:53:39.500000+00:00,combi,Lying,Lying
2025-02-12 04:54:39.500000+00:00,combi,Lying,Lying
2025-02-12 04:55:39.500000+00:00,combi,Lying,Lying
2025-02-12 04:56:39.500000+00:00,combi,Lying,Lying
2025-02-12 04:57:39.500000+00:00,combi,Lying,Lying
2025-02-12 04:58:39.500000+00:00,combi,Lying,Lying
2025-02-12 04:59:39.500000+00:00,combi,Lying,Lying
2025-02-12 05:00:39.500000+00:00,combi,Lying,Lying
2025-02-12 05:01:39.500000+00:00,combi,Lying,Lying
2025-02-12 05:02:39.500000+00:00,combi,Lying,Lying
2025-02-12 05:03:39.500000+00:00,combi,Lying,Lying
2025-02-12 05:04:39.500000+00:00,combi,Lying,Lying
2025-02-12 05:05:39.500000+00:00,combi,Lying,Lying
2025-02-12 05:06:39.500000+00:00,combi,Lying,Lying
2025-02-12 05:07:39.500000+00:00,combi,Lying,Lying
2025-02-12 05:08:39.500000+00:00,combi,Lying,Lying
2025-02-12 05:09:39.500000+00:00,combi,Lying,Lying
2025-02-12 05:10:39.500000+00:00,combi,Lying,Lying
2025-02-12 05:11:39.500000+00:00,combi,Lying,Lying
2025-02-12 05:12:39.500000+00:00,combi,Lying,Lying
2025-02-12 05:13:39.500000+00:00,combi,Lying,Lying
2025-02-12 05:14:39.500000+00:00,combi,Lying,Lying
2025-02-12 05:15:39.500000+00:00,combi,Lying,Lying
2025-02-12 05:16:39.500000+00:00,combi,Lying,Lying
2025-02-12 05:17:39.500000+00:00,combi,Lying,Lying
2025-02-12 05:18:39.500000+00:00,combi,Lying,Lying
2025-02-12 05:19:39.500000+00:00,combi,Lying,Lying
2025-02-12 05:20:39.500000+00:00,combi,Lying,Lying
2025-02-12 05:21:39.500000+00:00,combi,Lying,Lying
2025-02-12 05:22:39.500000+00:00,combi,Lying,Lying
2025-02-12 05:23:39.500000+00:00,combi,Lying,Lying
2025-02-12 05:24:39.500000+00:00,combi,Sitting,Sitting
2025-02-12 05:25:39.500000+00:00,combi,Sitting,Sitting
2025-02-12 05:26:39.500000+00:00,combi,Sitting,Sitting
2025-02-12 05:27:39.500000+00:00,combi,Sitting,Sitting
2025-02-12 05:28:39.500000+00:00,combi,Sitting,Sitting
2025-02-12 05:29:39.500000+00:00,combi,Sitting,Sitting
2025-02-12 05:30:39.500000+00:00,combi,Sitting,Sitting
2025-02-12 05:31:39.500000+00:00,combi,Sitting,Sitting
2025-02-12 05:32:39.500000+00:00,combi,Lying,Lying
2025-02-12 05:33:39.500000+00:00,combi,Lying,Lying
2025-02-12 05:34:39.500000+00:00,combi,Lying,Lying
2025-02-12 05:35:39.500000+00:00,combi,Lying,Lying
2025-02-12 05:36:39.500000+00:00,combi,Lying,Lying
2025-02-12 05:37:39.500000+00:00,combi,Lying,Lying
2025-02-12 05:38:39.500000+00:00,combi,Lying,Lying
2025-02-12 05:39:39.500000+00:00,combi,Lying,Lying
2025-02-12 05:40:39.500000+00:00,combi,Lying,Lying
2025-02-12 05:41:39.500000+00:00,combi,Lying,Lying
2025-02-12 05:42:39.500000+00:00,combi,Lying,Lying
2025-02-12 05:43:39.500000+00:00,combi,Lying,Lying
2025-02-12 05:44:39.500000+00:00,combi,Lying,Lying
2025-02-12 05:45:39.500000+00:00,combi,Lying,Lying
2025-02-12 05:46:39.500000+00:00,combi,Lying,Lying
2025-02-12 05:47:39.500000+00:00,combi,Lying,Lying
2025-02-12 05:48:39.500000+00:00,combi,Lying,Lying
2025-02-12 05:49:39.500000+00:00,combi,Lying,Lying
2025-02-12 05:50:39.500000+00:00,combi,Lying,Lying
2025-02-12 05:51:39.500000+00:00,combi,Lying,Lying
2025-02-12 05:52:39.500000+00:00,combi,Lying,Lying
2025-02-12 05:53:39.500000+00:00,combi,Sitting,Sitting
2025-02-12 05:54:39.500000+00:00,combi,Lying,Lying
2025-02-12 05:55:39.500000+00:00,combi,Sitting,Sitting
2025-02-12 05:56:39.500000+00:00,combi,Lying,Lying
2025-02-12 05:57:39.500000+00:00,combi,Sitting,Sitting
2025-02-12 05:58:39.500000+00:00,combi,Sitting,Sitting
2025-02-12 05:59:39.500000+00:00,combi,Lying,Lying
2025-02-12 06:00:39.500000+00:00,combi,Lying,Lying
2025-02-12 06:01:39.500000+00:00,combi,Lying,Sitting
2025-02-12 06:02:39.500000+00:00,combi,Sitting,Sitting
2025-02-12 06:03:39.500000+00:00,combi,Sitting,Sitting
2025-02-12 06:04:39.500000+00:00,combi,Sitting,Sitting
2025-02-12 06:05:39.500000+00:00,combi,Lying,Sitting
2025-02-12 06:06:39.500000+00:00,combi,Lying,Lying
2025-02-12 06:07:39.500000+00:00,combi,Sitting,Sitting
2025-02-12 06:08:39.500000+00:00,combi,Lying,Lying
2025-02-12 06:09:39.500000+00:00,combi,Lying,Lying
2025-02-12 06:10:39.500000+00:00,combi,Lying,Lying
2025-02-12 06:11:39.500000+00:00,combi,Lying,Lying
2025-02-12 06:12:39.500000+00:00,combi,Lying,Lying
2025-02-12 06:13:39.500000+00:00,combi,Lying,Lying
2025-02-12 06:14:39.500000+00:00,combi,Lying,Lying
2025-02-12 06:15:39.500000+00:00,combi,Lying,Lying
2025-02-12 06:16:39.500000+00:00,combi,Lying,Lying
2025-02-12 06:17:39.500000+00:00,combi,Lying,Lying
2025-02-12 06:18:39.500000+00:00,combi,Lying,Lying
2025-02-12 06:19:39.500000+00:00,combi,Lying,Lying
2025-02-12 06:20:39.500000+00:00,combi,Lying,Lying
2025-02-12 06:21:39.500000+00:00,combi,Lying,Lying
2025-02-12 06:22:39.500000+00:00,combi,Lying,Lying
2025-02-12 06:23:39.500000+00:00,combi,Lying,Lying
2025-02-12 06:24:39.500000+00:00,combi,Lying,Lying
2025-02-12 06:25:39.500000+00:00,combi,Lying,Lying
2025-02-12 06:26:39.500000+00:00,combi,Lying,Lying
2025-02-12 06:27:39.500000+00:00,combi,Lying,Lying
2025-02-12 06:28:39.500000+00:00,combi,Lying,Lying
2025-02-12 06:29:39.500000+00:00,combi,Lying,Lying
2025-02-12 06:30:39.500000+00:00,combi,Lying,Lying
2025-02-12 06:31:39.500000+00:00,combi,Lying,Lying
2025-02-12 06:32:39.500000+00:00,combi,Lying,Lying
2025-02-12 06:33:39.500000+00:00,combi,Lying,Lying
2025-02-12 06:34:39.500000+00:00,combi,Lying,Lying
2025-02-12 06:35:39.500000+00:00,combi,Lying,Lying
2025-02-12 06:36:39.500000+00:00,combi,Lying,Lying
2025-02-12 06:37:39.500000+00:00,combi,Lying,Lying
2025-02-12 06:38:39.500000+00:00,combi,Lying,Lying
2025-02-12 06:39:39.500000+00:00,combi,Lying,Lying
2025-02-12 06:40:39.500000+00:00,combi,Lying,Lying
2025-02-12 06:41:39.500000+00:00,combi,Lying,Lying
2025-02-12 06:42:39.500000+00:00,combi,Lying,Lying
2025-02-12 06:43:39.500000+00:00,combi,Lying,Lying
2025-02-12 06:44:39.500000+00:00,combi,Lying,Lying
2025-02-12 06:45:39.500000+00:00,combi,Lying,Lying
2025-02-12 06:46:39.500000+00:00,combi,Lying,Lying
2025-02-12 06:47:39.500000+00:00,combi,Lying,Lying
2025-02-12 06:48:39.500000+00:00,combi,Lying,Lying
2025-02-12 06:49:39.500000+00:00,combi,Lying,Lying
2025-02-12 06:50:39.500000+00:00,combi,Lying,Lying
2025-02-12 06:51:39.500000+00:00,combi,Lying,Lying
2025-02-12 06:52:39.500000+00:00,combi,Lying,Lying
2025-02-12 06:53:39.500000+00:00,combi,Lying,Lying
2025-02-12 06:54:39.500000+00:00,combi,Lying,Lying
2025-02-12 06:55:39.500000+00:00,combi,Lying,Lying
2025-02-12 06:56:39.500000+00:00,combi,Lying,Lying
2025-02-12 06:57:39.500000+00:00,combi,Lying,Lying
2025-02-12 06:58:39.500000+00:00,combi,Lying,Lying
2025-02-12 06:59:39.500000+00:00,combi,Lying,Lying
2025-02-12 07:00:39.500000+00:00,combi,Lying,Lying
2025-02-12 07:01:39.500000+00:00,combi,Lying,Lying
2025-02-12 07:02:39.500000+00:00,combi,Lying,Lying
2025-02-12 07:03:39.500000+00:00,combi,Lying,Lying
2025-02-12 07:04:39.500000+00:00,combi,Lying,Lying
2025-02-12 07:05:39.500000+00:00,combi,Lying,Lying
2025-02-12 07:06:39.500000+00:00,combi,Lying,Lying
2025-02-12 07:07:39.500000+00:00,combi,Lying,Lying
2025-02-12 07:08:39.500000+00:00,combi,Sitting,Sitting
2025-02-12 07:09:39.500000+00:00,combi,Sitting,Sitting
2025-02-12 07:10:39.500000+00:00,combi,Sitting,Sitting
2025-02-12 07:11:39.500000+00:00,combi,Sitting,Sitting
2025-02-12 07:12:39.500000+00:00,combi,Sitting,Sitting
2025-02-12 07:13:39.500000+00:00,combi,Sitting,Sitting
2025-02-12 07:14:39.500000+00:00,combi,Sitting,Sitting
2025-02-12 07:15:39.500000+00:00,combi,Sitting,Sitting
2025-02-12 07:16:39.500000+00:00,combi,Sitting,Sitting
2025-02-12 07:17:39.500000+00:00,combi,Sitting,Sitting
2025-02-12 07:18:39.500000+00:00,combi,Sitting,Sitting
2025-02-12 07:19:39.500000+00:00,combi,Sitting,Sitting
2025-02-12 07:20:39.500000+00:00,combi,Sitting,Sitting
2025-02-12 07:21:39.500000+00:00,combi,Lying,Sitting
2025-02-12 07:22:39.500000+00:00,combi,Lying,Lying
2025-02-12 07:23:39.500000+00:00,combi,Lying,Lying
2025-02-12 07:24:39.500000+00:00,combi,Lying,Lying
2025-02-12 07:25:39.500000+00:00,combi,Lying,Lying
2025-02-12 07:26:39.500000+00:00,combi,Lying,Lying
2025-02-12 07:27:39.500000+00:00,combi,Lying,Lying
2025-02-12 07:28:39.500000+00:00,combi,Lying,Lying
2025-02-12 07:29:39.500000+00:00,combi,Lying,Lying
2025-02-12 07:30:39.500000+00:00,combi,Lying,Lying
2025-02-12 07:31:39.500000+00:00,combi,Lying,Lying
2025-02-12 07:32:39.500000+00:00,combi,Lying,Lying
2025-02-12 07:33:39.500000+00:00,combi,Lying,Lying
2025-02-12 07:34:39.500000+00:00,combi,Lying,Lying
2025-02-12 07:35:39.500000+00:00,combi,Lying,Lying
2025-02-12 07:36:39.500000+00:00,combi,Lying,Lying
2025-02-12 07:37:39.500000+00:00,combi,Lying,Lying
2025-02-12 07:38:39.500000+00:00,combi,Lying,Lying
2025-02-12 07:39:39.500000+00:00,combi,Lying,Lying
2025-02-12 07:40:39.500000+00:00,combi,Lying,Lying
2025-02-12 07:41:39.500000+00:00,combi,Lying,Lying
2025-02-12 07:42:39.500000+00:00,combi,Lying,Lying
2025-02-12 07:43:39.500000+00:00,combi,Lying,Lying
2025-02-12 07:44:39.500000+00:00,combi,Lying,Lying
2025-02-12 07:45:39.500000+00:00,combi,Lying,Lying
2025-02-12 07:46:39.500000+00:00,combi,Lying,Lying
2025-02-12 07:47:39.500000+00:00,combi,Lying,Lying
2025-02-12 07:48:39.500000+00:00,combi,Lying,Lying
2025-02-12 07:49:39.500000+00:00,combi,Lying,Lying
2025-02-12 07:50:39.500000+00:00,combi,Lying,Lying
2025-02-12 07:51:39.500000+00:00,combi,Lying,Lying
2025-02-12 07:52:39.500000+00:00,combi,Lying,Lying
2025-02-12 07:53:39.500000+00:00,combi,Sitting,Sitting
2025-02-12 07:54:39.500000+00:00,combi,Lying,Lying
2025-02-12 07:55:39.500000+00:00,combi,Lying,Lying
2025-02-12 07:56:39.500000+00:00,combi,Lying,Lying
2025-02-12 07:57:39.500000+00:00,combi,Lying,Lying
2025-02-12 07:58:39.500000+00:00,combi,Lying,Lying
2025-02-12 07:59:39.500000+00:00,combi,Lying,Lying
2025-02-12 08:00:39.500000+00:00,combi,Lying,Lying
2025-02-12 08:01:39.500000+00:00,combi,Lying,Lying
2025-02-12 08:02:39.500000+00:00,combi,Lying,Lying
2025-02-12 08:03:39.500000+00:00,combi,Lying,Lying
2025-02-12 08:04:39.500000+00:00,combi,Lying,Lying
2025-02-12 08:05:39.500000+00:00,combi,Sitting,Sitting
2025-02-12 08:06:39.500000+00:00,combi,Sitting,Sitting
2025-02-12 08:07:39.500000+00:00,combi,Sitting,Sitting
2025-02-12 08:08:39.500000+00:00,combi,Sitting,Sitting
2025-02-12 08:09:39.500000+00:00,combi,Sitting,Sitting
2025-02-12 08:10:39.500000+00:00,combi,Lying,Lying
2025-02-12 08:11:39.500000+00:00,combi,Lying,Lying
2025-02-12 08:12:39.500000+00:00,combi,Lying,Lying
2025-02-12 08:13:39.500000+00:00,combi,Lying,Lying
2025-02-12 08:14:39.500000+00:00,combi,Lying,Lying
2025-02-12 08:15:39.500000+00:00,combi,Lying,Lying
2025-02-12 08:16:39.500000+00:00,combi,Lying,Lying
2025-02-12 08:17:39.500000+00:00,combi,Lying,Lying
2025-02-12 08:18:39.500000+00:00,combi,Lying,Lying
2025-02-12 08:19:39.500000+00:00,combi,Lying,Lying
2025-02-12 08:20:39.500000+00:00,combi,Lying,Lying
2025-02-12 08:21:39.500000+00:00,combi,Lying,Lying
2025-02-12 08:22:39.500000+00:00,combi,Lying,Sitting
2025-02-12 08:23:39.500000+00:00,combi,Sitting,Sitting
2025-02-12 08:24:39.500000+00:00,combi,Lying,Lying
2025-02-12 08:25:39.500000+00:00,combi,Lying,Lying
2025-02-12 08:26:39.500000+00:00,combi,Lying,Lying
2025-02-12 08:27:39.500000+00:00,combi,Lying,Lying
2025-02-12 08:28:39.500000+00:00,combi,Lying,Sitting
2025-02-12 08:29:39.500000+00:00,combi,Sitting,Sitting
2025-02-12 08:30:39.500000+00:00,combi,Sitting,Sitting
2025-02-12 08:31:39.500000+00:00,combi,Sitting,Sitting
2025-02-12 08:32:39.500000+00:00,combi,Sitting,Sitting
2025-02-12 08:33:39.500000+00:00,combi,Sitting,Sitting
2025-02-12 08:34:39.500000+00:00,combi,Sitting,Sitting
2025-02-12 08:35:39.500000+00:00,combi,Sitting,Sitting
2025-02-12 08:36:39.500000+00:00,combi,Sitting,Sitting
2025-02-12 08:37:39.500000+00:00,combi,Sitting,Sitting
2025-02-12 08:38:39.500000+00:00,combi,Sitting,Sitting
2025-02-12 08:39:39.500000+00:00,combi,Sitting,Sitting
2025-02-12 08:40:39.500000+00:00,combi,Sitting,Sitting
2025-02-12 08:41:39.500000+00:00,combi,Sitting,Dynamic
2025-02-12 08:42:39.500000+00:00,combi,Sitting,Dynamic
2025-02-12 08:43:39.500000+00:00,combi,Sitting,Dynamic
2025-02-12 08:44:39.500000+00:00,combi,Sitting,Sitting
2025-02-12 08:45:39.500000+00:00,combi,Sitting,Dynamic
2025-02-12 08:46:39.500000+00:00,combi,Standing,Dynamic
2025-02-12 08:47:39.500000+00:00,combi,Sitting,Dynamic
2025-02-12 08:48:39.500000+00:00,combi,Lying,Dynamic
2025-02-12 08:49:39.500000+00:00,combi,Sitting,Dynamic
2025-02-12 08:50:39.500000+00:00,combi,Sitting,Sitting
2025-02-12 08:51:39.500000+00:00,combi,Standing,Dynamic
2025-02-12 08:52:39.500000+00:00,combi,Sitting,Sitting
2025-02-12 08:53:39.500000+00:00,combi,Standing,Dynamic
2025-02-12 08:54:39.500000+00:00,combi,Standing,Dynamic
2025-02-12 08:55:39.500000+00:00,combi,Standing,Dynamic
2025-02-12 08:56:39.500000+00:00,combi,Sitting,Standing
2025-02-12 08:57:39.500000+00:00,combi,Sitting,Sitting
2025-02-12 08:58:39.500000+00:00,combi,Sitting,Sitting
2025-02-12 08:59:39.500000+00:00,combi,Sitting,Sitting
2025-02-12 09:00:39.500000+00:00,combi,Sitting,Sitting
2025-02-12 09:01:39.500000+00:00,combi,Sitting,Dynamic
2025-02-12 09:02:39.500000+00:00,combi,Sitting,Standing
2025-02-12 09:03:39.500000+00:00,combi,Sitting,Sitting
2025-02-12 09:04:39.500000+00:00,combi,Sitting,Sitting
2025-02-12 09:05:39.500000+00:00,combi,Sitting,Sitting
2025-02-12 09:06:39.500000+00:00,combi,Sitting,Dynamic
2025-02-12 09:07:39.500000+00:00,combi,Lying,Dynamic
2025-02-12 09:08:39.500000+00:00,combi,Sitting,Dynamic
2025-02-12 09:09:39.500000+00:00,combi,Sitting,Dynamic
2025-02-12 09:10:39.500000+00:00,combi,Standing,Dynamic
2025-02-12 09:11:39.500000+00:00,combi,Sitting,Sitting
2025-02-12 09:12:39.500000+00:00,combi,Sitting,Sitting
2025-02-12 09:13:39.500000+00:00,combi,Standing,Standing
2025-02-12 09:14:39.500000+00:00,combi,Sitting,Sitting
2025-02-12 09:15:39.500000+00:00,combi,Sitting,Sitting
2025-02-12 09:16:39.500000+00:00,combi,Sitting,Sitting
2025-02-12 09:17:39.500000+00:00,combi,Sitting,Sitting
2025-02-12 09:18:39.500000+00:00,combi,Sitting,Sitting
2025-02-12 09:19:39.500000+00:00,combi,Sitting,Sitting
2025-02-12 09:20:39.500000+00:00,combi,Sitting,Sitting
2025-02-12 09:21:39.500000+00:00,combi,Sitting,Sitting
2025-02-12 09:22:39.500000+00:00,combi,Sitting,Dynamic
2025-02-12 09:23:39.500000+00:00,combi,Lying,Dynamic
2025-02-12 09:24:39.500000+00:00,combi,Lying,Dynamic
2025-02-12 09:25:39.500000+00:00,combi,Lying,Dynamic
2025-02-12 09:26:39.500000+00:00,combi,Lying,Dynamic
2025-02-12 09:27:39.500000+00:00,combi,Lying,Dynamic
2025-02-12 09:28:39.500000+00:00,combi,Lying,Dynamic
2025-02-12 09:29:39.500000+00:00,combi,Lying,Dynamic
2025-02-12 09:30:39.500000+00:00,combi,Lying,Dynamic
2025-02-12 09:31:39.500000+00:00,combi,Standing,Dynamic
2025-02-12 09:32:39.500000+00:00,combi,Standing,Dynamic
2025-02-12 09:33:39.500000+00:00,combi,Standing,Dynamic
2025-02-12 09:34:39.500000+00:00,combi,Standing,Standing
2025-02-12 09:35:39.500000+00:00,combi,Sitting,Sitting
2025-02-12 09:36:39.500000+00:00,combi,Standing,Dynamic
2025-02-12 09:37:39.500000+00:00,combi,Sitting,Sitting
2025-02-12 09:38:39.500000+00:00,combi,Sitting,Sitting
2025-02-12 09:39:39.500000+00:00,combi,Sitting,Sitting
2025-02-12 09:40:39.500000+00:00,combi,Sitting,Sitting
2025-02-12 09:41:39.500000+00:00,combi,Sitting,Sitting
2025-02-12 09:42:39.500000+00:00,combi,Sitting,Sitting
2025-02-12 09:43:39.500000+00:00,combi,Sitting,Sitting
2025-02-12 09:44:39.500000+00:00,combi,Sitting,Sitting
2025-02-12 09:45:39.500000+00:00,combi,Sitting,Sitting
2025-02-12 09:46:39.500000+00:00,combi,Sitting,Sitting
2025-02-12 09:47:39.500000+00:00,combi,Sitting,Sitting
2025-02-12 09:48:39.500000+00:00,combi,Sitting,Sitting
2025-02-12 09:49:39.500000+00:00,combi,Sitting,Sitting
2025-02-12 09:50:39.500000+00:00,combi,Sitting,Sitting
2025-02-12 09:51:39.500000+00:00,combi,Sitting,Sitting
2025-02-12 09:52:39.500000+00:00,combi,Sitting,Sitting
2025-02-12 09:53:39.500000+00:00,combi,Sitting,Sitting
2025-02-12 09:54:39.500000+00:00,combi,Sitting,Sitting
2025-02-12 09:55:39.500000+00:00,combi,Sitting,Sitting
2025-02-12 09:56:39.500000+00:00,combi,Sitting,Sitting
2025-02-12 09:57:39.500000+00:00,combi,Sitting,Sitting
2025-02-12 09:58:39.500000+00:00,combi,Lying,Dynamic
2025-02-12 09:59:39.500000+00:00,combi,Lying,Dynamic
2025-02-12 10:00:39.500000+00:00,combi,Lying,Dynamic
2025-02-12 10:01:39.500000+00:00,combi,Sitting,Dynamic
2025-02-12 10:02:39.500000+00:00,combi,Standing,Dynamic
2025-02-12 10:03:39.500000+00:00,combi,Sitting,Sitting
2025-02-12 10:04:39.500000+00:00,combi,Sitting,Sitting
2025-02-12 10:05:39.500000+00:00,combi,Sitting,Sitting
2025-02-12 10:06:39.500000+00:00,combi,Standing,Dynamic
2025-02-12 10:07:39.500000+00:00,combi,Sitting,Dynamic
2025-02-12 10:08:39.500000+00:00,combi,Sitting,Sitting
2025-02-12 10:09:39.500000+00:00,combi,Sitting,Sitting
2025-02-12 10:10:39.500000+00:00,combi,Standing,Dynamic
2025-02-12 10:11:39.500000+00:00,combi,Sitting,Sitting
2025-02-12 10:12:39.500000+00:00,combi,Sitting,Sitting
2025-02-12 10:13:39.500000+00:00,combi,Sitting,Sitting
2025-02-12 10:14:39.500000+00:00,combi,Sitting,Sitting
2025-02-12 10:15:39.500000+00:00,combi,Sitting,Sitting
2025-02-12 10:16:39.500000+00:00,combi,Sitting,Sitting
2025-02-12 10:17:39.500000+00:00,combi,Sitting,Sitting
2025-02-12 10:18:39.500000+00:00,combi,Sitting,Sitting
2025-02-12 10:19:39.500000+00:00,combi,Sitting,Sitting
2025-02-12 10:20:39.500000+00:00,combi,Sitting,Sitting
2025-02-12 10:21:39.500000+00:00,combi,Sitting,Sitting
2025-02-12 10:22:39.500000+00:00,combi,Sitting,Sitting
2025-02-12 10:23:39.500000+00:00,combi,Sitting,Sitting
2025-02-12 10:24:39.500000+00:00,combi,Sitting,Sitting
2025-02-12 10:25:39.500000+00:00,combi,Sitting,Sitting
2025-02-12 10:26:39.500000+00:00,combi,Sitting,Sitting
2025-02-12 10:27:39.500000+00:00,combi,Sitting,Sitting
2025-02-12 10:28:39.500000+00:00,combi,Standing,Sitting
2025-02-12 10:29:39.500000+00:00,combi,Standing,Sitting
2025-02-12 10:30:39.500000+00:00,combi,Sitting,Sitting
2025-02-12 10:31:39.500000+00:00,combi,Standing,Standing
2025-02-12 10:32:39.500000+00:00,combi,Standing,Dynamic
2025-02-12 10:33:39.500000+00:00,combi,Sitting,Sitting
2025-02-12 10:34:39.500000+00:00,combi,Sitting,Sitting
2025-02-12 10:35:39.500000+00:00,combi,Sitting,Sitting
2025-02-12 10:36:39.500000+00:00,combi,Sitting,Sitting
2025-02-12 10:37:39.500000+00:00,combi,Sitting,Sitting
2025-02-12 10:38:39.500000+00:00,combi,Sitting,Sitting
2025-02-12 10:39:39.500000+00:00,combi,Sitting,Sitting
2025-02-12 10:40:39.500000+00:00,combi,Sitting,Sitting
2025-02-12 10:41:39.500000+00:00,combi,Sitting,Sitting
2025-02-12 10:42:39.500000+00:00,combi,Sitting,Sitting
2025-02-12 10:43:39.500000+00:00,combi,Sitting,Sitting
2025-02-12 10:44:39.500000+00:00,combi,Sitting,Sitting
2025-02-12 10:45:39.500000+00:00,combi,Sitting,Dynamic
2025-02-12 10:46:39.500000+00:00,combi,Sitting,Sitting
2025-02-12 10:47:39.500000+00:00,combi,Sitting,Sitting
2025-02-12 10:48:39.500000+00:00,combi,Sitting,Sitting
2025-02-12 10:49:39.500000+00:00,combi,Sitting,Sitting
2025-02-12 10:50:39.500000+00:00,combi,Sitting,Sitting
2025-02-12 10:51:39.500000+00:00,combi,Sitting,Sitting
2025-02-12 10:52:39.500000+00:00,combi,Sitting,Sitting
2025-02-12 10:53:39.500000+00:00,combi,Sitting,Sitting
2025-02-12 10:54:39.500000+00:00,combi,Sitting,Sitting
2025-02-12 10:55:39.500000+00:00,combi,Sitting,Sitting
2025-02-12 10:56:39.500000+00:00,combi,Sitting,Sitting
2025-02-12 10:57:39.500000+00:00,combi,Sitting,Sitting
2025-02-12 10:58:39.500000+00:00,combi,Sitting,Sitting
2025-02-12 10:59:39.500000+00:00,combi,Sitting,Sitting
2025-02-12 11:00:39.500000+00:00,combi,Sitting,Sitting
2025-02-12 11:01:39.500000+00:00,combi,Sitting,Sitting
2025-02-12 11:02:39.500000+00:00,combi,Sitting,Sitting
2025-02-12 11:03:39.500000+00:00,combi,Sitting,Sitting
2025-02-12 11:04:39.500000+00:00,combi,Sitting,Sitting
2025-02-12 11:05:39.500000+00:00,combi,Sitting,Sitting
2025-02-12 11:06:39.500000+00:00,combi,Sitting,Sitting
2025-02-12 11:07:39.500000+00:00,combi,Sitting,Sitting
2025-02-12 11:08:39.500000+00:00,combi,Sitting,Sitting
2025-02-12 11:09:39.500000+00:00,combi,Sitting,Sitting
2025-02-12 11:10:39.500000+00:00,combi,Sitting,Sitting
2025-02-12 11:11:39.500000+00:00,combi,Sitting,Sitting
2025-02-12 11:12:39.500000+00:00,combi,Sitting,Sitting
2025-02-12 11:13:39.500000+00:00,combi,Sitting,Sitting
2025-02-12 11:14:39.500000+00:00,combi,Sitting,Sitting
2025-02-12 11:15:39.500000+00:00,combi,Sitting,Sitting
2025-02-12 11:16:39.500000+00:00,combi,Sitting,Sitting
2025-02-12 11:17:39.500000+00:00,combi,Sitting,Sitting
2025-02-12 11:18:39.500000+00:00,combi,Sitting,Sitting
2025-02-12 11:19:39.500000+00:00,combi,Sitting,Sitting
2025-02-12 11:20:39.500000+00:00,combi,Sitting,Sitting
2025-02-12 11:21:39.500000+00:00,combi,Sitting,Sitting
2025-02-12 11:22:39.500000+00:00,combi,Sitting,Sitting
2025-02-12 11:23:39.500000+00:00,combi,Sitting,Sitting
2025-02-12 11:24:39.500000+00:00,combi,Sitting,Sitting
2025-02-12 11:25:39.500000+00:00,combi,Sitting,Sitting
2025-02-12 11:26:39.500000+00:00,combi,Standing,Dynamic
2025-02-12 11:27:39.500000+00:00,combi,Sitting,Sitting
2025-02-12 11:28:39.500000+00:00,combi,Standing,Dynamic
2025-02-12 11:29:39.500000+00:00,combi,Sitting,Sitting
2025-02-12 11:30:39.500000+00:00,combi,Standing,Dynamic
2025-02-12 11:31:39.500000+00:00,combi,Standing,Dynamic
2025-02-12 11:32:39.500000+00:00,combi,Standing,Dynamic
2025-02-12 11:33:39.500000+00:00,combi,Lying,Dynamic
2025-02-12 11:34:39.500000+00:00,combi,Lying,Dynamic
2025-02-12 11:35:39.500000+00:00,combi,Lying,Dynamic
2025-02-12 11:36:39.500000+00:00,combi,Standing,Dynamic
2025-02-12 11:37:39.500000+00:00,combi,Sitting,Sitting
2025-02-12 11:38:39.500000+00:00,combi,Sitting,Sitting
2025-02-12 11:39:39.500000+00:00,combi,Sitting,Sitting
2025-02-12 11:40:39.500000+00:00,combi,Sitting,Sitting
2025-02-12 11:41:39.500000+00:00,combi,Sitting,Sitting
2025-02-12 11:42:39.500000+00:00,combi,Sitting,Sitting
2025-02-12 11:43:39.500000+00:00,combi,Sitting,Sitting
2025-02-12 11:44:39.500000+00:00,combi,Sitting,Sitting
2025-02-12 11:45:39.500000+00:00,combi,Sitting,Sitting
2025-02-12 11:46:39.500000+00:00,combi,Sitting,Sitting
2025-02-12 11:47:39.500000+00:00,combi,Sitting,Sitting
2025-02-12 11:48:39.500000+00:00,combi,Sitting,Sitting
2025-02-12 11:49:39.500000+00:00,combi,Sitting,Sitting
2025-02-12 11:50:39.500000+00:00,combi,Sitting,Sitting
2025-02-12 11:51:39.500000+00:00,combi,Sitting,Sitting
2025-02-12 11:52:39.500000+00:00,combi,Sitting,Sitting
2025-02-12 11:53:39.500000+00:00,combi,Sitting,Sitting
2025-02-12 11:54:39.500000+00:00,combi,Sitting,Sitting
2025-02-12 11:55:39.500000+00:00,combi,Sitting,Sitting
2025-02-12 11:56:39.500000+00:00,combi,Sitting,Sitting
2025-02-12 11:57:39.500000+00:00,combi,Sitting,Sitting
2025-02-12 11:58:39.500000+00:00,combi,Lying,Dynamic
2025-02-12 11:59:39.500000+00:00,combi,Standing,Dynamic
2025-02-12 12:00:39.500000+00:00,combi,Lying,Dynamic
2025-02-12 12:01:39.500000+00:00,combi,Lying,Dynamic
2025-02-12 12:02:39.500000+00:00,combi,Lying,Dynamic
2025-02-12 12:03:39.500000+00:00,combi,Lying,Dynamic
2025-02-12 12:04:39.500000+00:00,combi,Standing,Dynamic
2025-02-12 12:05:39.500000+00:00,combi,Lying,Dynamic
2025-02-12 12:06:39.500000+00:00,combi,Lying,Dynamic
2025-02-12 12:07:39.500000+00:00,combi,Lying,Dynamic
2025-02-12 12:08:39.500000+00:00,combi,Lying,Dynamic
2025-02-12 12:09:39.500000+00:00,combi,Standing,Dynamic
2025-02-12 12:10:39.500000+00:00,combi,Standing,Dynamic
2025-02-12 12:11:39.500000+00:00,combi,Sitting,Dynamic
2025-02-12 12:12:39.500000+00:00,combi,Sitting,Sitting
2025-02-12 12:13:39.500000+00:00,combi,Sitting,Sitting
2025-02-12 12:14:39.500000+00:00,combi,Sitting,Sitting
2025-02-12 12:15:39.500000+00:00,combi,Sitting,Sitting
2025-02-12 12:16:39.500000+00:00,combi,Sitting,Sitting
2025-02-12 12:17:39.500000+00:00,combi,Sitting,Sitting
2025-02-12 12:18:39.500000+00:00,combi,Sitting,Sitting
2025-02-12 12:19:39.500000+00:00,combi,Standing,Dynamic
2025-02-12 12:20:39.500000+00:00,combi,Standing,Dynamic
2025-02-12 12:21:39.500000+00:00,combi,Standing,Dynamic
2025-02-12 12:22:39.500000+00:00,combi,Standing,Standing
2025-02-12 12:23:39.500000+00:00,combi,Sitting,Sitting
2025-02-12 12:24:39.500000+00:00,combi,Standing,Dynamic
2025-02-12 12:25:39.500000+00:00,combi,Sitting,Sitting
2025-02-12 12:26:39.500000+00:00,combi,Standing,Standing
2025-02-12 12:27:39.500000+00:00,combi,Standing,Standing
2025-02-12 12:28:39.500000+00:00,combi,Standing,Standing
2025-02-12 12:29:39.500000+00:00,combi,Standing,Standing
2025-02-12 12:30:39.500000+00:00,combi,Standing,Standing
2025-02-12 12:31:39.500000+00:00,combi,Standing,Standing
2025-02-12 12:32:39.500000+00:00,combi,Standing,Standing
2025-02-12 12:33:39.500000+00:00,combi,Standing,Dynamic
2025-02-12 12:34:39.500000+00:00,combi,Lying,Dynamic
2025-02-12 12:35:39.500000+00:00,combi,Sitting,Sitting
2025-02-12 12:36:39.500000+00:00,combi,Sitting,Sitting
2025-02-12 12:37:39.500000+00:00,combi,Sitting,Sitting
2025-02-12 12:38:39.500000+00:00,combi,Sitting,Sitting
2025-02-12 12:39:39.500000+00:00,combi,Sitting,Sitting
2025-02-12 12:40:39.500000+00:00,combi,Sitting,Sitting
2025-02-12 12:41:39.500000+00:00,combi,Sitting,Sitting
2025-02-12 12:42:39.500000+00:00,combi,Sitting,Sitting
2025-02-12 12:43:39.500000+00:00,combi,Sitting,Sitting
2025-02-12 12:44:39.500000+00:00,combi,Sitting,Sitting
2025-02-12 12:45:39.500000+00:00,combi,Sitting,Sitting
2025-02-12 12:46:39.500000+00:00,combi,Sitting,Sitting
2025-02-12 12:47:39.500000+00:00,combi,Sitting,Sitting
2025-02-12 12:48:39.500000+00:00,combi,Sitting,Sitting
2025-02-12 12:49:39.500000+00:00,combi,Sitting,Sitting
2025-02-12 12:50:39.500000+00:00,combi,Sitting,Sitting
2025-02-12 12:51:39.500000+00:00,combi,Sitting,Sitting
2025-02-12 12:52:39.500000+00:00,combi,Sitting,Sitting
2025-02-12 12:53:39.500000+00:00,combi,Sitting,Sitting
2025-02-12 12:54:39.500000+00:00,combi,Sitting,Sitting
2025-02-12 12:55:39.500000+00:00,combi,Sitting,Sitting
2025-02-12 12:56:39.500000+00:00,combi,Sitting,Sitting
2025-02-12 12:57:39.500000+00:00,combi,Lying,Dynamic
2025-02-12 12:58:39.500000+00:00,combi,Lying,Dynamic
2025-02-12 12:59:39.500000+00:00,combi,Lying,Lying
2025-02-12 13:00:39.500000+00:00,combi,Lying,Lying
2025-02-12 13:01:39.500000+00:00,combi,Lying,Lying
2025-02-12 13:02:39.500000+00:00,combi,Lying,Lying
2025-02-12 13:03:39.500000+00:00,combi,Lying,Lying
2025-02-12 13:04:39.500000+00:00,combi,Lying,Lying
2025-02-12 13:05:39.500000+00:00,combi,Lying,Lying
2025-02-12 13:06:39.500000+00:00,combi,Lying,Lying
2025-02-12 13:07:39.500000+00:00,combi,Lying,Lying
2025-02-12 13:08:39.500000+00:00,combi,Lying,Lying
2025-02-12 13:09:39.500000+00:00,combi,Lying,Lying
2025-02-12 13:10:39.500000+00:00,combi,Lying,Lying
2025-02-12 13:11:39.500000+00:00,combi,Lying,Lying
2025-02-12 13:12:39.500000+00:00,combi,Lying,Lying
2025-02-12 13:13:39.500000+00:00,combi,Lying,Lying
2025-02-12 13:14:39.500000+00:00,combi,Lying,Lying
2025-02-12 13:15:39.500000+00:00,combi,Lying,Lying
2025-02-12 13:16:39.500000+00:00,combi,Lying,Lying
2025-02-12 13:17:39.500000+00:00,combi,Lying,Lying
2025-02-12 13:18:39.500000+00:00,combi,Lying,Lying
2025-02-12 13:19:39.500000+00:00,combi,Sitting,Dynamic
2025-02-12 13:20:39.500000+00:00,combi,Lying,Dynamic
2025-02-12 13:21:39.500000+00:00,combi,Sitting,Sitting
2025-02-12 13:22:39.500000+00:00,combi,Sitting,Sitting
2025-02-12 13:23:39.500000+00:00,combi,Sitting,Sitting
2025-02-12 13:24:39.500000+00:00,combi,Sitting,Sitting
2025-02-12 13:25:39.500000+00:00,combi,Sitting,Sitting
2025-02-12 13:26:39.500000+00:00,combi,Sitting,Sitting
2025-02-12 13:27:39.500000+00:00,combi,Sitting,Sitting
2025-02-12 13:28:39.500000+00:00,combi,Sitting,Sitting
2025-02-12 13:29:39.500000+00:00,combi,Sitting,Sitting
2025-02-12 13:30:39.500000+00:00,combi,Sitting,Sitting
2025-02-12 13:31:39.500000+00:00,combi,Sitting,Sitting
2025-02-12 13:32:39.500000+00:00,combi,Sitting,Sitting
2025-02-12 13:33:39.500000+00:00,combi,Sitting,Sitting
2025-02-12 13:34:39.500000+00:00,combi,Sitting,Sitting
2025-02-12 13:35:39.500000+00:00,combi,Sitting,Sitting
2025-02-12 13:36:39.500000+00:00,combi,Sitting,Sitting
2025-02-12 13:37:39.500000+00:00,combi,Sitting,Sitting
2025-02-12 13:38:39.500000+00:00,combi,Sitting,Sitting
2025-02-12 13:39:39.500000+00:00,combi,Sitting,Sitting
2025-02-12 13:40:39.500000+00:00,combi,Sitting,Sitting
2025-02-12 13:41:39.500000+00:00,combi,Sitting,Sitting
2025-02-12 13:42:39.500000+00:00,combi,Sitting,Sitting
2025-02-12 13:43:39.500000+00:00,combi,Sitting,Sitting
2025-02-12 13:44:39.500000+00:00,combi,Sitting,Sitting
2025-02-12 13:45:39.500000+00:00,combi,Sitting,Sitting
2025-02-12 13:46:39.500000+00:00,combi,Sitting,Sitting
2025-02-12 13:47:39.500000+00:00,combi,Sitting,Sitting
2025-02-12 13:48:39.500000+00:00,combi,Sitting,Sitting
2025-02-12 13:49:39.500000+00:00,combi,Lying,Dynamic
2025-02-12 13:50:39.500000+00:00,combi,Lying,Dynamic
2025-02-12 13:51:39.500000+00:00,combi,Sitting,Dynamic
2025-02-12 13:52:39.500000+00:00,combi,Sitting,Dynamic
2025-02-12 13:53:39.500000+00:00,combi,Standing,Dynamic
2025-02-12 13:54:39.500000+00:00,combi,Sitting,Dynamic
2025-02-12 13:55:39.500000+00:00,combi,Sitting,Dynamic
2025-02-12 13:56:39.500000+00:00,combi,Sitting,Sitting
2025-02-12 13:57:39.500000+00:00,combi,Sitting,Sitting
2025-02-12 13:58:39.500000+00:00,combi,Sitting,Sitting
2025-02-12 13:59:39.500000+00:00,combi,Sitting,Sitting
2025-02-12 14:00:39.500000+00:00,combi,Sitting,Sitting
2025-02-12 14:01:39.500000+00:00,combi,Sitting,Sitting
2025-02-12 14:02:39.500000+00:00,combi,Sitting,Sitting
2025-02-12 14:03:39.500000+00:00,combi,Sitting,Sitting
2025-02-12 14:04:39.500000+00:00,combi,Sitting,Sitting
2025-02-12 14:05:39.500000+00:00,combi,Sitting,Sitting
2025-02-12 14:06:39.500000+00:00,combi,Sitting,Sitting
2025-02-12 14:07:39.500000+00:00,combi,Sitting,Sitting
2025-02-12 14:08:39.500000+00:00,combi,Sitting,Sitting
2025-02-12 14:09:39.500000+00:00,combi,Sitting,Sitting
2025-02-12 14:10:39.500000+00:00,combi,Sitting,Sitting
2025-02-12 14:11:39.500000+00:00,combi,Sitting,Sitting
2025-02-12 14:12:39.500000+00:00,combi,Sitting,Dynamic
2025-02-12 14:13:39.500000+00:00,combi,Standing,Dynamic
2025-02-12 14:14:39.500000+00:00,combi,Standing,Dynamic
2025-02-12 14:15:39.500000+00:00,combi,Sitting,Dynamic
2025-02-12 14:16:39.500000+00:00,combi,Sitting,Sitting
2025-02-12 14:17:39.500000+00:00,combi,Sitting,Sitting
2025-02-12 14:18:39.500000+00:00,combi,Sitting,Sitting
2025-02-12 14:19:39.500000+00:00,combi,Sitting,Sitting
2025-02-12 14:20:39.500000+00:00,combi,Sitting,Sitting
2025-02-12 14:21:39.500000+00:00,combi,Sitting,Sitting
2025-02-12 14:22:39.500000+00:00,combi,Sitting,Sitting
2025-02-12 14:23:39.500000+00:00,combi,Sitting,Sitting
2025-02-12 14:24:39.500000+00:00,combi,Sitting,Sitting
2025-02-12 14:25:39.500000+00:00,combi,Sitting,Sitting
2025-02-12 14:26:39.500000+00:00,combi,Sitting,Sitting
2025-02-12 14:27:39.500000+00:00,combi,Sitting,Sitting
2025-02-12 14:28:39.500000+00:00,combi,Sitting,Sitting
2025-02-12 14:29:39.500000+00:00,combi,Sitting,Sitting
2025-02-12 14:30:39.500000+00:00,combi,Sitting,Sitting
2025-02-12 14:31:39.500000+00:00,combi,Sitting,Sitting
2025-02-12 14:32:39.500000+00:00,combi,Sitting,Sitting
2025-02-12 14:33:39.500000+00:00,combi,Sitting,Sitting
2025-02-12 14:34:39.500000+00:00,combi,Sitting,Sitting
2025-02-12 14:35:39.500000+00:00,combi,Sitting,Sitting
2025-02-12 14:36:39.500000+00:00,combi,Sitting,Sitting
2025-02-12 14:37:39.500000+00:00,combi,Sitting,Sitting
2025-02-12 14:38:39.500000+00:00,combi,Standing,Dynamic
2025-02-12 14:39:39.500000+00:00,combi,Sitting,Dynamic
2025-02-12 14:40:39.500000+00:00,combi,Sitting,Dynamic
2025-02-12 14:41:39.500000+00:00,combi,Standing,Dynamic
2025-02-12 14:42:39.500000+00:00,combi,Sitting,Dynamic
2025-02-12 14:43:39.500000+00:00,combi,Standing,Dynamic
2025-02-12 14:44:39.500000+00:00,combi,Standing,Dynamic
2025-02-12 14:45:39.500000+00:00,combi,Sitting,Sitting
2025-02-12 14:46:39.500000+00:00,combi,Sitting,Sitting
2025-02-12 14:47:39.500000+00:00,combi,Sitting,Sitting
2025-02-12 14:48:39.500000+00:00,combi,Sitting,Sitting
2025-02-12 14:49:39.500000+00:00,combi,Sitting,Sitting
2025-02-12 14:50:39.500000+00:00,combi,Sitting,Sitting
2025-02-12 14:51:39.500000+00:00,combi,Sitting,Sitting
2025-02-12 14:52:39.500000+00:00,combi,Sitting,Sitting
2025-02-12 14:53:39.500000+00:00,combi,Sitting,Sitting
2025-02-12 14:54:39.500000+00:00,combi,Sitting,Sitting
2025-02-12 14:55:39.500000+00:00,combi,Sitting,Sitting
2025-02-12 14:56:39.500000+00:00,combi,Sitting,Sitting
2025-02-12 14:57:39.500000+00:00,combi,Sitting,Sitting
2025-02-12 14:58:39.500000+00:00,combi,Sitting,Sitting
2025-02-12 14:59:39.500000+00:00,combi,Sitting,Sitting
2025-02-12 15:00:39.500000+00:00,combi,Sitting,Sitting
2025-02-12 15:01:39.500000+00:00,combi,Sitting,Sitting
2025-02-12 15:02:39.500000+00:00,combi,Sitting,Sitting
2025-02-12 15:03:39.500000+00:00,combi,Sitting,Sitting
2025-02-12 15:04:39.500000+00:00,combi,Sitting,Sitting
2025-02-12 15:05:39.500000+00:00,combi,Sitting,Sitting
2025-02-12 15:06:39.500000+00:00,combi,Sitting,Sitting
2025-02-12 15:07:39.500000+00:00,combi,Sitting,Sitting
2025-02-12 15:08:39.500000+00:00,combi,Sitting,Sitting
2025-02-12 15:09:39.500000+00:00,combi,Sitting,Sitting
2025-02-12 15:10:39.500000+00:00,combi,Sitting,Sitting
2025-02-12 15:11:39.500000+00:00,combi,Sitting,Sitting
2025-02-12 15:12:39.500000+00:00,combi,Sitting,Sitting
2025-02-12 15:13:39.500000+00:00,combi,Sitting,Sitting
2025-02-12 15:14:39.500000+00:00,combi,Sitting,Sitting
2025-02-12 15:15:39.500000+00:00,combi,Sitting,Sitting
2025-02-12 15:16:39.500000+00:00,combi,Sitting,Sitting
2025-02-12 15:17:39.500000+00:00,combi,Sitting,Sitting
2025-02-12 15:18:39.500000+00:00,combi,Sitting,Sitting
2025-02-12 15:19:39.500000+00:00,combi,Sitting,Sitting
2025-02-12 15:20:39.500000+00:00,combi,Sitting,Sitting
2025-02-12 15:21:39.500000+00:00,combi,Sitting,Sitting
2025-02-12 15:22:39.500000+00:00,combi,Sitting,Sitting
2025-02-12 15:23:39.500000+00:00,combi,Sitting,Sitting
2025-02-12 15:24:39.500000+00:00,combi,Sitting,Sitting
2025-02-12 15:25:39.500000+00:00,combi,Sitting,Sitting
2025-02-12 15:26:39.500000+00:00,combi,Sitting,Sitting
2025-02-12 15:27:39.500000+00:00,combi,Sitting,Sitting
2025-02-12 15:28:39.500000+00:00,combi,Sitting,Dynamic
2025-02-12 15:29:39.500000+00:00,combi,Sitting,Sitting
2025-02-12 15:30:39.500000+00:00,combi,Sitting,Dynamic
2025-02-12 15:31:39.500000+00:00,combi,Sitting,Sitting
2025-02-12 15:32:39.500000+00:00,combi,Sitting,Sitting
2025-02-12 15:33:39.500000+00:00,combi,Sitting,Sitting
2025-02-12 15:34:39.500000+00:00,combi,Sitting,Sitting
2025-02-12 15:35:39.500000+00:00,combi,Sitting,Sitting
2025-02-12 15:36:39.500000+00:00,combi,Sitting,Sitting
2025-02-12 15:37:39.500000+00:00,combi,Sitting,Sitting
2025-02-12 15:38:39.500000+00:00,combi,Sitting,Sitting
2025-02-12 15:39:39.500000+00:00,combi,Sitting,Sitting
2025-02-12 15:40:39.500000+00:00,combi,Sitting,Sitting
2025-02-12 15:41:39.500000+00:00,combi,Sitting,Dynamic
2025-02-12 15:42:39.500000+00:00,combi,Sitting,Sitting
2025-02-12 15:43:39.500000+00:00,combi,Sitting,Sitting
2025-02-12 15:44:39.500000+00:00,combi,Sitting,Sitting
2025-02-12 15:45:39.500000+00:00,combi,Sitting,Sitting
2025-02-12 15:46:39.500000+00:00,combi,Sitting,Sitting
2025-02-12 15:47:39.500000+00:00,combi,Sitting,Sitting
2025-02-12 15:48:39.500000+00:00,combi,Sitting,Sitting
2025-02-12 15:49:39.500000+00:00,combi,Sitting,Sitting
2025-02-12 15:50:39.500000+00:00,combi,Sitting,Sitting
2025-02-12 15:51:39.500000+00:00,combi,Sitting,Sitting
2025-02-12 15:52:39.500000+00:00,combi,Sitting,Sitting
2025-02-12 15:53:39.500000+00:00,combi,Sitting,Sitting
2025-02-12 15:54:39.500000+00:00,combi,Sitting,Sitting
2025-02-12 15:55:39.500000+00:00,combi,Sitting,Sitting
2025-02-12 15:56:39.500000+00:00,combi,Sitting,Sitting
2025-02-12 15:57:39.500000+00:00,combi,Sitting,Sitting
2025-02-12 15:58:39.500000+00:00,combi,Sitting,Sitting
2025-02-12 15:59:39.500000+00:00,combi,Sitting,Sitting
2025-02-12 16:00:39.500000+00:00,combi,Sitting,Sitting
2025-02-12 16:01:39.500000+00:00,combi,Sitting,Sitting
2025-02-12 16:02:39.500000+00:00,combi,Sitting,Sitting
2025-02-12 16:03:39.500000+00:00,combi,Sitting,Sitting
2025-02-12 16:04:39.500000+00:00,combi,Sitting,Sitting
2025-02-12 16:05:39.500000+00:00,combi,Sitting,Sitting
2025-02-12 16:06:39.500000+00:00,combi,Sitting,Sitting
2025-02-12 16:07:39.500000+00:00,combi,Sitting,Sitting
2025-02-12 16:08:39.500000+00:00,combi,Sitting,Sitting
2025-02-12 16:09:39.500000+00:00,combi,Sitting,Sitting
2025-02-12 16:10:39.500000+00:00,combi,Sitting,Sitting
2025-02-12 16:11:39.500000+00:00,combi,Sitting,Sitting
2025-02-12 16:12:39.500000+00:00,combi,Sitting,Sitting
2025-02-12 16:13:39.500000+00:00,combi,Sitting,Sitting
2025-02-12 16:14:39.500000+00:00,combi,Sitting,Sitting
2025-02-12 16:15:39.500000+00:00,combi,Sitting,Sitting
2025-02-12 16:16:39.500000+00:00,combi,Sitting,Sitting
2025-02-12 16:17:39.500000+00:00,combi,Sitting,Sitting
2025-02-12 16:18:39.500000+00:00,combi,Standing,Dynamic
2025-02-12 16:19:39.500000+00:00,combi,Sitting,Sitting
2025-02-12 16:20:39.500000+00:00,combi,Standing,Dynamic
2025-02-12 16:21:39.500000+00:00,combi,Lying,Dynamic
2025-02-12 16:22:39.500000+00:00,combi,Sitting,Sitting
2025-02-12 16:23:39.500000+00:00,combi,Sitting,Sitting
2025-02-12 16:24:39.500000+00:00,combi,Sitting,Sitting
2025-02-12 16:25:39.500000+00:00,combi,Sitting,Sitting
2025-02-12 16:26:39.500000+00:00,combi,Sitting,Sitting
2025-02-12 16:27:39.500000+00:00,combi,Sitting,Sitting
2025-02-12 16:28:39.500000+00:00,combi,Sitting,Sitting
2025-02-12 16:29:39.500000+00:00,combi,Sitting,Sitting
2025-02-12 16:30:39.500000+00:00,combi,Sitting,Sitting
2025-02-12 16:31:39.500000+00:00,combi,Sitting,Sitting
2025-02-12 16:32:39.500000+00:00,combi,Sitting,Sitting
2025-02-12 16:33:39.500000+00:00,combi,Sitting,Sitting
2025-02-12 16:34:39.500000+00:00,combi,Sitting,Sitting
2025-02-12 16:35:39.500000+00:00,combi,Sitting,Sitting
2025-02-12 16:36:39.500000+00:00,combi,Sitting,Sitting
2025-02-12 16:37:39.500000+00:00,combi,Sitting,Sitting
2025-02-12 16:38:39.500000+00:00,combi,Sitting,Sitting
2025-02-12 16:39:39.500000+00:00,combi,Sitting,Sitting
2025-02-12 16:40:39.500000+00:00,combi,Sitting,Sitting
2025-02-12 16:41:39.500000+00:00,combi,Sitting,Sitting
2025-02-12 16:42:39.500000+00:00,combi,Sitting,Sitting
2025-02-12 16:43:39.500000+00:00,combi,Sitting,Sitting
2025-02-12 16:44:39.500000+00:00,combi,Sitting,Sitting
2025-02-12 16:45:39.500000+00:00,combi,Sitting,Sitting
2025-02-12 16:46:39.500000+00:00,combi,Sitting,Sitting
2025-02-12 16:47:39.500000+00:00,combi,Sitting,Sitting
2025-02-12 16:48:39.500000+00:00,combi,Sitting,Sitting
2025-02-12 16:49:39.500000+00:00,combi,Sitting,Sitting
2025-02-12 16:50:39.500000+00:00,combi,Sitting,Sitting
2025-02-12 16:51:39.500000+00:00,combi,Sitting,Sitting
2025-02-12 16:52:39.500000+00:00,combi,Sitting,Sitting
2025-02-12 16:53:39.500000+00:00,combi,Sitting,Sitting
2025-02-12 16:54:39.500000+00:00,combi,Sitting,Sitting
2025-02-12 16:55:39.500000+00:00,combi,Sitting,Sitting
2025-02-12 16:56:39.500000+00:00,combi,Sitting,Sitting
2025-02-12 16:57:39.500000+00:00,combi,Sitting,Sitting
2025-02-12 16:58:39.500000+00:00,combi,Sitting,Sitting
2025-02-12 16:59:39.500000+00:00,combi,Sitting,Sitting
2025-02-12 17:00:39.500000+00:00,combi,Sitting,Sitting
2025-02-12 17:01:39.500000+00:00,combi,Sitting,Sitting
2025-02-12 17:02:39.500000+00:00,combi,Sitting,Sitting
2025-02-12 17:03:39.500000+00:00,combi,Sitting,Sitting
2025-02-12 17:04:39.500000+00:00,combi,Sitting,Sitting
2025-02-12 17:05:39.500000+00:00,combi,Sitting,Sitting
2025-02-12 17:06:39.500000+00:00,combi,Sitting,Sitting
2025-02-12 17:07:39.500000+00:00,combi,Sitting,Sitting
2025-02-12 17:08:39.500000+00:00,combi,Sitting,Sitting
2025-02-12 17:09:39.500000+00:00,combi,Sitting,Sitting
2025-02-12 17:10:39.500000+00:00,combi,Sitting,Sitting
2025-02-12 17:11:39.500000+00:00,combi,Sitting,Sitting
2025-02-12 17:12:39.500000+00:00,combi,Sitting,Sitting
2025-02-12 17:13:39.500000+00:00,combi,Sitting,Sitting
2025-02-12 17:14:39.500000+00:00,combi,Sitting,Sitting
2025-02-12 17:15:39.500000+00:00,combi,Sitting,Sitting
2025-02-12 17:16:39.500000+00:00,combi,Sitting,Sitting
2025-02-12 17:17:39.500000+00:00,combi,Sitting,Sitting
2025-02-12 17:18:39.500000+00:00,combi,Sitting,Sitting
2025-02-12 17:19:39.500000+00:00,combi,Sitting,Sitting
2025-02-12 17:20:39.500000+00:00,combi,Sitting,Sitting
2025-02-12 17:21:39.500000+00:00,combi,Sitting,Sitting
2025-02-12 17:22:39.500000+00:00,combi,Sitting,Sitting
2025-02-12 17:23:39.500000+00:00,combi,Sitting,Sitting
2025-02-12 17:24:39.500000+00:00,combi,Sitting,Sitting
2025-02-12 17:25:39.500000+00:00,combi,Sitting,Sitting
2025-02-12 17:26:39.500000+00:00,combi,Sitting,Sitting
2025-02-12 17:27:39.500000+00:00,combi,Sitting,Sitting
2025-02-12 17:28:39.500000+00:00,combi,Sitting,Sitting
2025-02-12 17:29:39.500000+00:00,combi,Sitting,Sitting
2025-02-12 17:30:39.500000+00:00,combi,Sitting,Sitting
2025-02-12 17:31:39.500000+00:00,combi,Sitting,Sitting
2025-02-12 17:32:39.500000+00:00,combi,Sitting,Sitting
2025-02-12 17:33:39.500000+00:00,combi,Sitting,Sitting
2025-02-12 17:34:39.500000+00:00,combi,Sitting,Sitting
2025-02-12 17:35:39.500000+00:00,combi,Sitting,Sitting
2025-02-12 17:36:39.500000+00:00,combi,Sitting,Sitting
2025-02-12 17:37:39.500000+00:00,combi,Sitting,Sitting
2025-02-12 17:38:39.500000+00:00,combi,Sitting,Sitting
2025-02-12 17:39:39.500000+00:00,combi,Sitting,Sitting
2025-02-12 17:40:39.500000+00:00,combi,Sitting,Sitting
2025-02-12 17:41:39.500000+00:00,combi,Sitting,Sitting
2025-02-12 17:42:39.500000+00:00,combi,Sitting,Sitting
2025-02-12 17:43:39.500000+00:00,combi,Sitting,Sitting
2025-02-12 17:44:39.500000+00:00,combi,Sitting,Sitting
2025-02-12 17:45:39.500000+00:00,combi,Sitting,Sitting
2025-02-12 17:46:39.500000+00:00,combi,Lying,Lying
2025-02-12 17:47:39.500000+00:00,combi,Lying,Lying
2025-02-12 17:48:39.500000+00:00,combi,Lying,Lying
2025-02-12 17:49:39.500000+00:00,combi,Lying,Lying
2025-02-12 17:50:39.500000+00:00,combi,Lying,Lying
2025-02-12 17:51:39.500000+00:00,combi,Lying,Lying
2025-02-12 17:52:39.500000+00:00,combi,Lying,Dynamic
2025-02-12 17:53:39.500000+00:00,combi,Lying,Dynamic
2025-02-12 17:54:39.500000+00:00,combi,Lying,Dynamic
2025-02-12 17:55:39.500000+00:00,combi,Lying,Dynamic
2025-02-12 17:56:39.500000+00:00,combi,Lying,Dynamic
2025-02-12 17:57:39.500000+00:00,combi,Standing,Dynamic
2025-02-12 17:58:39.500000+00:00,combi,Standing,Dynamic
2025-02-12 17:59:39.500000+00:00,combi,Lying,Dynamic
2025-02-12 18:00:39.500000+00:00,combi,Standing,Dynamic
2025-02-12 18:01:39.500000+00:00,combi,Standing,Dynamic
2025-02-12 18:02:39.500000+00:00,combi,Lying,Dynamic
2025-02-12 18:03:39.500000+00:00,combi,Lying,Dynamic
2025-02-12 18:04:39.500000+00:00,combi,Lying,Dynamic
2025-02-12 18:05:39.500000+00:00,combi,Lying,Dynamic
2025-02-12 18:06:39.500000+00:00,combi,Standing,Dynamic
2025-02-12 18:07:39.500000+00:00,combi,Standing,Dynamic
2025-02-12 18:08:39.500000+00:00,combi,Sitting,Sitting
2025-02-12 18:09:39.500000+00:00,combi,Standing,Dynamic
2025-02-12 18:10:39.500000+00:00,combi,Standing,Dynamic
2025-02-12 18:11:39.500000+00:00,combi,Standing,Dynamic
2025-02-12 18:12:39.500000+00:00,combi,Sitting,Sitting
2025-02-12 18:13:39.500000+00:00,combi,Standing,Standing
2025-02-12 18:14:39.500000+00:00,combi,Standing,Standing
2025-02-12 18:15:39.500000+00:00,combi,Standing,Standing
2025-02-12 18:16:39.500000+00:00,combi,Standing,Dynamic
2025-02-12 18:17:39.500000+00:00,combi,Standing,Dynamic
2025-02-12 18:18:39.500000+00:00,combi,Sitting,Dynamic
2025-02-12 18:19:39.500000+00:00,combi,Standing,Standing
2025-02-12 18:20:39.500000+00:00,combi,Standing,Dynamic
2025-02-12 18:21:39.500000+00:00,combi,Standing,Dynamic
2025-02-12 18:22:39.500000+00:00,combi,Standing,Standing
2025-02-12 18:23:39.500000+00:00,combi,Standing,Dynamic
2025-02-12 18:24:39.500000+00:00,combi,Standing,Dynamic
2025-02-12 18:25:39.500000+00:00,combi,Standing,Sitting
2025-02-12 18:26:39.500000+00:00,combi,Standing,Dynamic
2025-02-12 18:27:39.500000+00:00,combi,Standing,Dynamic
2025-02-12 18:28:39.500000+00:00,combi,Sitting,Dynamic
2025-02-12 18:29:39.500000+00:00,combi,Standing,Dynamic
2025-02-12 18:30:39.500000+00:00,combi,Sitting,Sitting
2025-02-12 18:31:39.500000+00:00,combi,Standing,Dynamic
2025-02-12 18:32:39.500000+00:00,combi,Standing,Dynamic
2025-02-12 18:33:39.500000+00:00,combi,Sitting,Sitting
2025-02-12 18:34:39.500000+00:00,combi,Standing,Dynamic
2025-02-12 18:35:39.500000+00:00,combi,Standing,Standing
2025-02-12 18:36:39.500000+00:00,combi,Sitting,Sitting
2025-02-12 18:37:39.500000+00:00,combi,Standing,Dynamic
2025-02-12 18:38:39.500000+00:00,combi,Standing,Dynamic
2025-02-12 18:39:39.500000+00:00,combi,Lying,Dynamic
2025-02-12 18:40:39.500000+00:00,combi,Sitting,Sitting
2025-02-12 18:41:39.500000+00:00,combi,Sitting,Sitting
2025-02-12 18:42:39.500000+00:00,combi,Sitting,Sitting
2025-02-12 18:43:39.500000+00:00,combi,Sitting,Sitting
2025-02-12 18:44:39.500000+00:00,combi,Sitting,Sitting
2025-02-12 18:45:39.500000+00:00,combi,Sitting,Sitting
2025-02-12 18:46:39.500000+00:00,combi,Sitting,Sitting
2025-02-12 18:47:39.500000+00:00,combi,Sitting,Sitting
2025-02-12 18:48:39.500000+00:00,combi,Sitting,Sitting
2025-02-12 18:49:39.500000+00:00,combi,Sitting,Sitting
2025-02-12 18:50:39.500000+00:00,combi,Sitting,Sitting
2025-02-12 18:51:39.500000+00:00,combi,Sitting,Sitting
2025-02-12 18:52:39.500000+00:00,combi,Sitting,Sitting
2025-02-12 18:53:39.500000+00:00,combi,Sitting,Sitting
2025-02-12 18:54:39.500000+00:00,combi,Sitting,Sitting
2025-02-12 18:55:39.500000+00:00,combi,Sitting,Sitting
2025-02-12 18:56:39.500000+00:00,combi,Sitting,Sitting
2025-02-12 18:57:39.500000+00:00,combi,Sitting,Sitting
2025-02-12 18:58:39.500000+00:00,combi,Sitting,Sitting
2025-02-12 18:59:39.500000+00:00,combi,Sitting,Sitting
2025-02-12 19:00:39.500000+00:00,combi,Sitting,Sitting
2025-02-12 19:01:39.500000+00:00,combi,Sitting,Sitting
2025-02-12 19:02:39.500000+00:00,combi,Sitting,Sitting
2025-02-12 19:03:39.500000+00:00,combi,Sitting,Sitting
2025-02-12 19:04:39.500000+00:00,combi,Sitting,Sitting
2025-02-12 19:05:39.500000+00:00,combi,Sitting,Sitting
2025-02-12 19:06:39.500000+00:00,combi,Sitting,Sitting
2025-02-12 19:07:39.500000+00:00,combi,Sitting,Sitting
2025-02-12 19:08:39.500000+00:00,combi,Sitting,Sitting
2025-02-12 19:09:39.500000+00:00,combi,Sitting,Sitting
2025-02-12 19:10:39.500000+00:00,combi,Sitting,Sitting
2025-02-12 19:11:39.500000+00:00,combi,Sitting,Sitting
2025-02-12 19:12:39.500000+00:00,combi,Sitting,Dynamic
2025-02-12 19:13:39.500000+00:00,combi,Standing,Dynamic
2025-02-12 19:14:39.500000+00:00,combi,Sitting,Sitting
2025-02-12 19:15:39.500000+00:00,combi,Sitting,Sitting
2025-02-12 19:16:39.500000+00:00,combi,Sitting,Sitting
2025-02-12 19:17:39.500000+00:00,combi,Sitting,Sitting
2025-02-12 19:18:39.500000+00:00,combi,Sitting,Sitting
2025-02-12 19:19:39.500000+00:00,combi,Sitting,Sitting
2025-02-12 19:20:39.500000+00:00,combi,Sitting,Sitting
2025-02-12 19:21:39.500000+00:00,combi,Sitting,Sitting
2025-02-12 19:22:39.500000+00:00,combi,Sitting,Sitting
2025-02-12 19:23:39.500000+00:00,combi,Sitting,Sitting
2025-02-12 19:24:39.500000+00:00,combi,Standing,Dynamic
2025-02-12 19:25:39.500000+00:00,combi,Standing,Standing
2025-02-12 19:26:39.500000+00:00,combi,Standing,Dynamic
2025-02-12 19:27:39.500000+00:00,combi,Sitting,Dynamic
2025-02-12 19:28:39.500000+00:00,combi,Sitting,Sitting
2025-02-12 19:29:39.500000+00:00,combi,Sitting,Sitting
2025-02-12 19:30:39.500000+00:00,combi,Sitting,Dynamic
2025-02-12 19:31:39.500000+00:00,combi,Lying,Dynamic
2025-02-12 19:32:39.500000+00:00,combi,Lying,Lying
2025-02-12 19:33:39.500000+00:00,combi,Lying,Lying
2025-02-12 19:34:39.500000+00:00,combi,Lying,Lying
2025-02-12 19:35:39.500000+00:00,combi,Lying,Lying
2025-02-12 19:36:39.500000+00:00,combi,Lying,Lying
2025-02-12 19:37:39.500000+00:00,combi,Lying,Lying
2025-02-12 19:38:39.500000+00:00,combi,Lying,Lying
2025-02-12 19:39:39.500000+00:00,combi,Lying,Lying
2025-02-12 19:40:39.500000+00:00,combi,Lying,Lying
2025-02-12 19:41:39.500000+00:00,combi,Lying,Lying
2025-02-12 19:42:39.500000+00:00,combi,Lying,Lying
2025-02-12 19:43:39.500000+00:00,combi,Lying,Lying
2025-02-12 19:44:39.500000+00:00,combi,Lying,Lying
2025-02-12 19:45:39.500000+00:00,combi,Lying,Lying
2025-02-12 19:46:39.500000+00:00,combi,Lying,Sitting
2025-02-12 19:47:39.500000+00:00,combi,Sitting,Sitting
2025-02-12 19:48:39.500000+00:00,combi,Sitting,Sitting
2025-02-12 19:49:39.500000+00:00,combi,Lying,Lying
2025-02-12 19:50:39.500000+00:00,combi,Lying,Lying
2025-02-12 19:51:39.500000+00:00,combi,Lying,Lying
2025-02-12 19:52:39.500000+00:00,combi,Lying,Lying
2025-02-12 19:53:39.500000+00:00,combi,Lying,Lying
2025-02-12 19:54:39.500000+00:00,combi,Lying,Lying
2025-02-12 19:55:39.500000+00:00,combi,Lying,Lying
2025-02-12 19:56:39.500000+00:00,combi,Lying,Lying
2025-02-12 19:57:39.500000+00:00,combi,Lying,Lying
2025-02-12 19:58:39.500000+00:00,combi,Lying,Lying
2025-02-12 19:59:39.500000+00:00,combi,Lying,Lying
2025-02-12 20:00:39.500000+00:00,combi,Lying,Lying
2025-02-12 20:01:39.500000+00:00,combi,Lying,Lying
2025-02-12 20:02:39.500000+00:00,combi,Lying,Lying
2025-02-12 20:03:39.500000+00:00,combi,Lying,Lying
2025-02-12 20:04:39.500000+00:00,combi,Lying,Lying
2025-02-12 20:05:39.500000+00:00,combi,Lying,Lying
2025-02-12 20:06:39.500000+00:00,combi,Lying,Dynamic
2025-02-12 20:07:39.500000+00:00,combi,Standing,Dynamic
2025-02-12 20:08:39.500000+00:00,combi,Lying,Dynamic
2025-02-12 20:09:39.500000+00:00,combi,Lying,Lying
2025-02-12 20:10:39.500000+00:00,combi,Lying,Lying
2025-02-12 20:11:39.500000+00:00,combi,Lying,Lying
2025-02-12 20:12:39.500000+00:00,combi,Lying,Lying
2025-02-12 20:13:39.500000+00:00,combi,Lying,Lying
2025-02-12 20:14:39.500000+00:00,combi,Lying,Lying
2025-02-12 20:15:39.500000+00:00,combi,Lying,Lying
2025-02-12 20:16:39.500000+00:00,combi,Lying,Lying
2025-02-12 20:17:39.500000+00:00,combi,Lying,Lying
2025-02-12 20:18:39.500000+00:00,combi,Lying,Lying
2025-02-12 20:19:39.500000+00:00,combi,Lying,Lying
2025-02-12 20:20:39.500000+00:00,combi,Sitting,Sitting
2025-02-12 20:21:39.500000+00:00,combi,Sitting,Sitting
2025-02-12 20:22:39.500000+00:00,combi,Sitting,Sitting
2025-02-12 20:23:39.500000+00:00,combi,Sitting,Sitting
2025-02-12 20:24:39.500000+00:00,combi,Sitting,Sitting
2025-02-12 20:25:39.500000+00:00,combi,Sitting,Sitting
2025-02-12 20:26:39.500000+00:00,combi,Sitting,Sitting
2025-02-12 20:27:39.500000+00:00,combi,Sitting,Sitting
2025-02-12 20:28:39.500000+00:00,combi,Sitting,Sitting
2025-02-12 20:29:39.500000+00:00,combi,Sitting,Sitting
2025-02-12 20:30:39.500000+00:00,combi,Sitting,Sitting
2025-02-12 20:31:39.500000+00:00,combi,Sitting,Sitting
2025-02-12 20:32:39.500000+00:00,combi,Sitting,Sitting
2025-02-12 20:33:39.500000+00:00,combi,Sitting,Sitting
2025-02-12 20:34:39.500000+00:00,combi,Sitting,Sitting
2025-02-12 20:35:39.500000+00:00,combi,Sitting,Sitting
2025-02-12 20:36:39.500000+00:00,combi,Sitting,Sitting
2025-02-12 20:37:39.500000+00:00,combi,Sitting,Sitting
2025-02-12 20:38:39.500000+00:00,combi,Sitting,Sitting
2025-02-12 20:39:39.500000+00:00,combi,Sitting,Sitting
2025-02-12 20:40:39.500000+00:00,combi,Sitting,Sitting
2025-02-12 20:41:39.500000+00:00,combi,Sitting,Sitting
2025-02-12 20:42:39.500000+00:00,combi,Sitting,Sitting
2025-02-12 20:43:39.500000+00:00,combi,Sitting,Sitting
2025-02-12 20:44:39.500000+00:00,combi,Sitting,Sitting
2025-02-12 20:45:39.500000+00:00,combi,Sitting,Sitting
2025-02-12 20:46:39.500000+00:00,combi,Sitting,Sitting
2025-02-12 20:47:39.500000+00:00,combi,Sitting,Sitting
2025-02-12 20:48:39.500000+00:00,combi,Sitting,Sitting
2025-02-12 20:49:39.500000+00:00,combi,Sitting,Sitting
2025-02-12 20:50:39.500000+00:00,combi,Sitting,Sitting
2025-02-12 20:51:39.500000+00:00,combi,Sitting,Sitting
2025-02-12 20:52:39.500000+00:00,combi,Sitting,Sitting
2025-02-12 20:53:39.500000+00:00,combi,Sitting,Sitting
2025-02-12 20:54:39.500000+00:00,combi,Sitting,Sitting
2025-02-12 20:55:39.500000+00:00,combi,Sitting,Sitting
2025-02-12 20:56:39.500000+00:00,combi,Sitting,Sitting
2025-02-12 20:57:39.500000+00:00,combi,Sitting,Sitting
2025-02-12 20:58:39.500000+00:00,combi,Sitting,Sitting
2025-02-12 20:59:39.500000+00:00,combi,Sitting,Sitting
2025-02-12 21:00:39.500000+00:00,combi,Sitting,Sitting
2025-02-12 21:01:39.500000+00:00,combi,Sitting,Sitting
2025-02-12 21:02:39.500000+00:00,combi,Sitting,Sitting
2025-02-12 21:03:39.500000+00:00,combi,Sitting,Sitting
2025-02-12 21:04:39.500000+00:00,combi,Sitting,Sitting
2025-02-12 21:05:39.500000+00:00,combi,Sitting,Sitting
2025-02-12 21:06:39.500000+00:00,combi,Sitting,Sitting
2025-02-12 21:07:39.500000+00:00,combi,Sitting,Sitting
2025-02-12 21:08:39.500000+00:00,combi,Sitting,Sitting
2025-02-12 21:09:39.500000+00:00,combi,Sitting,Sitting
2025-02-12 21:10:39.500000+00:00,combi,Sitting,Sitting
2025-02-12 21:11:39.500000+00:00,combi,Sitting,Sitting
2025-02-12 21:12:39.500000+00:00,combi,Sitting,Sitting
2025-02-12 21:13:39.500000+00:00,combi,Sitting,Sitting
2025-02-12 21:14:39.500000+00:00,combi,Sitting,Sitting
2025-02-12 21:15:39.500000+00:00,combi,Sitting,Sitting
2025-02-12 21:16:39.500000+00:00,combi,Sitting,Sitting
2025-02-12 21:17:39.500000+00:00,combi,Sitting,Sitting
2025-02-12 21:18:39.500000+00:00,combi,Sitting,Sitting
2025-02-12 21:19:39.500000+00:00,combi,Sitting,Sitting
2025-02-12 21:20:39.500000+00:00,combi,Sitting,Sitting
2025-02-12 21:21:39.500000+00:00,combi,Sitting,Sitting
2025-02-12 21:22:39.500000+00:00,combi,Sitting,Sitting
2025-02-12 21:23:39.500000+00:00,combi,Sitting,Sitting
2025-02-12 21:24:39.500000+00:00,combi,Sitting,Sitting
2025-02-12 21:25:39.500000+00:00,combi,Sitting,Sitting
2025-02-12 21:26:39.500000+00:00,combi,Sitting,Sitting
2025-02-12 21:27:39.500000+00:00,combi,Sitting,Sitting
2025-02-12 21:28:39.500000+00:00,combi,Sitting,Sitting
2025-02-12 21:29:39.500000+00:00,combi,Sitting,Sitting
2025-02-12 21:30:39.500000+00:00,combi,Sitting,Sitting
2025-02-12 21:31:39.500000+00:00,combi,Sitting,Sitting
2025-02-12 21:32:39.500000+00:00,combi,Sitting,Sitting
2025-02-12 21:33:39.500000+00:00,combi,Sitting,Sitting
2025-02-12 21:34:39.500000+00:00,combi,Sitting,Sitting
2025-02-12 21:35:39.500000+00:00,combi,Sitting,Sitting
2025-02-12 21:36:39.500000+00:00,combi,Sitting,Sitting
2025-02-12 21:37:39.500000+00:00,combi,Sitting,Sitting
2025-02-12 21:38:39.500000+00:00,combi,Sitting,Sitting
2025-02-12 21:39:39.500000+00:00,combi,Sitting,Sitting
2025-02-12 21:40:39.500000+00:00,combi,Sitting,Sitting
2025-02-12 21:41:39.500000+00:00,combi,Sitting,Sitting
2025-02-12 21:42:39.500000+00:00,combi,Sitting,Sitting
2025-02-12 21:43:39.500000+00:00,combi,Sitting,Sitting
2025-02-12 21:44:39.500000+00:00,combi,Sitting,Sitting
2025-02-12 21:45:39.500000+00:00,combi,Sitting,Sitting
2025-02-12 21:46:39.500000+00:00,combi,Sitting,Sitting
2025-02-12 21:47:39.500000+00:00,combi,Sitting,Sitting
2025-02-12 21:48:39.500000+00:00,combi,Sitting,Sitting
2025-02-12 21:49:39.500000+00:00,combi,Sitting,Sitting
2025-02-12 21:50:39.500000+00:00,combi,Sitting,Sitting
2025-02-12 21:51:39.500000+00:00,combi,Sitting,Sitting
2025-02-12 21:52:39.500000+00:00,combi,Sitting,Sitting
2025-02-12 21:53:39.500000+00:00,combi,Sitting,Sitting
2025-02-12 21:54:39.500000+00:00,combi,Sitting,Sitting
2025-02-12 21:55:39.500000+00:00,combi,Sitting,Sitting
2025-02-12 21:56:39.500000+00:00,combi,Sitting,Sitting
2025-02-12 21:57:39.500000+00:00,combi,Sitting,Sitting
2025-02-12 21:58:39.500000+00:00,combi,Sitting,Sitting
2025-02-12 21:59:39.500000+00:00,combi,Sitting,Sitting
