Time,Participant,Majority_postures,Majority_including_dynamic
2024-09-27 04:36:57.500000+00:00,combi,Lying,Lying
2024-09-27 04:37:57.500000+00:00,combi,Lying,Lying
2024-09-27 04:38:57.500000+00:00,combi,Lying,Lying
2024-09-27 04:39:57.500000+00:00,combi,Lying,Lying
2024-09-27 04:40:57.500000+00:00,combi,Lying,Lying
2024-09-27 04:41:57.500000+00:00,combi,Lying,Lying
2024-09-27 04:42:57.500000+00:00,combi,Lying,Lying
2024-09-27 04:43:57.500000+00:00,combi,Lying,Lying
2024-09-27 04:44:57.500000+00:00,combi,Lying,Lying
2024-09-27 04:45:57.500000+00:00,combi,Lying,Lying
2024-09-27 04:46:57.500000+00:00,combi,Lying,Lying
2024-09-27 04:47:57.500000+00:00,combi,Lying,Lying
2024-09-27 04:48:57.500000+00:00,combi,Lying,Lying
2024-09-27 04:49:57.500000+00:00,combi,Lying,Lying
2024-09-27 04:50:57.500000+00:00,combi,Lying,Lying
2024-09-27 04:51:57.500000+00:00,combi,Lying,Lying
2024-09-27 04:52:57.500000+00:00,combi,Lying,Lying
2024-09-27 04:53:57.500000+00:00,combi,Lying,Lying
2024-09-27 04:54:57.500000+00:00,combi,Lying,Lying
2024-09-27 04:55:57.500000+00:00,combi,Lying,Lying
2024-09-27 04:56:57.500000+00:00,combi,Lying,Lying
2024-09-27 04:57:57.500000+00:00,combi,Lying,Lying
2024-09-27 04:58:57.500000+00:00,combi,Lying,Lying
2024-09-27 04:59:57.500000+00:00,combi,Lying,Lying
2024-09-27 05:00:57.500000+00:00,combi,Lying,Lying
2024-09-27 05:01:57.500000+00:00,combi,Lying,Lying
2024-09-27 05:02:57.500000+00:00,combi,Lying,Lying
2024-09-27 05:03:57.500000+00:00,combi,Lying,Lying
2024-09-27 05:04:57.500000+00:00,combi,Lying,Lying
2024-09-27 05:05:57.500000+00:00,combi,Lying,Lying
2024-09-27 05:06:57.500000+00:00,combi,Lying,Lying
2024-09-27 05:07:57.500000+00:00,combi,Lying,Lying
2024-09-27 05:08:57.500000+00:00,combi,Lying,Lying
2024-09-27 05:09:57.500000+00:00,combi,Lying,Lying
2024-09-27 05:10:57.500000+00:00,combi,Lying,Lying
2024-09-27 05:11:57.500000+00:00,combi,Lying,Lying
2024-09-27 05:12:57.500000+00:00,combi,Lying,Lying
2024-09-27 05:13:57.500000+00:00,combi,Lying,Lying
2024-09-27 05:14:57.500000+00:00,combi,Lying,Lying
2024-09-27 05:15:57.500000+00:00,combi,Lying,Lying
2024-09-27 05:16:57.500000+00:00,combi,Lying,Lying
2024-09-27 05:17:57.500000+00:00,combi,Lying,Lying
2024-09-27 05:18:57.500000+00:00,combi,Lying,Lying
2024-09-27 05:19:57.500000+00:00,combi,Lying,Lying
2024-09-27 05:20:57.500000+00:00,combi,Lying,Lying
2024-09-27 05:21:57.500000+00:00,combi,Lying,Lying
2024-09-27 05:22:57.500000+00:00,combi,Lying,Lying
2024-09-27 05:23:57.500000+00:00,combi,Lying,Lying
2024-09-27 05:24:57.500000+00:00,combi,Lying,Lying
2024-09-27 05:25:57.500000+00:00,combi,Lying,Lying
2024-09-27 05:26:57.500000+00:00,combi,Lying,Lying
2024-09-27 05:27:57.500000+00:00,combi,Lying,Lying
2024-09-27 05:28:57.500000+00:00,combi,Lying,Lying
2024-09-27 05:29:57.500000+00:00,combi,Lying,Lying
2024-09-27 05:30:57.500000+00:00,combi,Lying,Lying
2024-09-27 05:31:57.500000+00:00,combi,Lying,Lying
2024-09-27 05:32:57.500000+00:00,combi,Lying,Lying
2024-09-27 05:33:57.500000+00:00,combi,Lying,Lying
2024-09-27 05:34:57.500000+00:00,combi,Lying,Lying
2024-09-27 05:35:57.500000+00:00,combi,Lying,Lying
2024-09-27 05:36:57.500000+00:00,combi,Lying,Lying
2024-09-27 05:37:57.500000+00:00,combi,Lying,Lying
2024-09-27 05:38:57.500000+00:00,combi,Lying,Lying
2024-09-27 05:39:57.500000+00:00,combi,Lying,Lying
2024-09-27 05:40:57.500000+00:00,combi,Lying,Lying
2024-09-27 05:41:57.500000+00:00,combi,Lying,Lying
2024-09-27 05:42:57.500000+00:00,combi,Lying,Lying
2024-09-27 05:43:57.500000+00:00,combi,Lying,Lying
2024-09-27 05:44:57.500000+00:00,combi,Lying,Lying
2024-09-27 05:45:57.500000+00:00,combi,Lying,Lying
2024-09-27 05:46:57.500000+00:00,combi,Lying,Lying
2024-09-27 05:47:57.500000+00:00,combi,Lying,Lying
2024-09-27 05:48:57.500000+00:00,combi,Lying,Lying
2024-09-27 05:49:57.500000+00:00,combi,Lying,Lying
2024-09-27 05:50:57.500000+00:00,combi,Lying,Lying
2024-09-27 05:51:57.500000+00:00,combi,Lying,Lying
2024-09-27 05:52:57.500000+00:00,combi,Lying,Lying
2024-09-27 05:53:57.500000+00:00,combi,Lying,Lying
2024-09-27 05:54:57.500000+00:00,combi,Lying,Lying
2024-09-27 05:55:57.500000+00:00,combi,Lying,Lying
2024-09-27 05:56:57.500000+00:00,combi,Lying,Lying
2024-09-27 05:57:57.500000+00:00,combi,Lying,Lying
2024-09-27 05:58:57.500000+00:00,combi,Lying,Lying
2024-09-27 05:59:57.500000+00:00,combi,Lying,Lying
2024-09-27 06:00:57.500000+00:00,combi,Lying,Lying
2024-09-27 06:01:57.500000+00:00,combi,Lying,Sitting
2024-09-27 06:02:57.500000+00:00,combi,Sitting,Sitting
2024-09-27 06:03:57.500000+00:00,combi,Sitting,Sitting
2024-09-27 06:04:57.500000+00:00,combi,Sitting,Sitting
2024-09-27 06:05:57.500000+00:00,combi,Sitting,Sitting
2024-09-27 06:06:57.500000+00:00,combi,Sitting,Sitting
2024-09-27 06:07:57.500000+00:00,combi,Sitting,Sitting
2024-09-27 06:08:57.500000+00:00,combi,Sitting,Sitting
2024-09-27 06:09:57.500000+00:00,combi,Sitting,Sitting
2024-09-27 06:10:57.500000+00:00,combi,Sitting,Sitting
2024-09-27 06:11:57.500000+00:00,combi,Sitting,Sitting
2024-09-27 06:12:57.500000+00:00,combi,Sitting,Sitting
2024-09-27 06:13:57.500000+00:00,combi,Sitting,Sitting
2024-09-27 06:14:57.500000+00:00,combi,Sitting,Sitting
2024-09-27 06:15:57.500000+00:00,combi,Sitting,Sitting
2024-09-27 06:16:57.500000+00:00,combi,Sitting,Sitting
2024-09-27 06:17:57.500000+00:00,combi,Sitting,Sitting
2024-09-27 06:18:57.500000+00:00,combi,Sitting,Sitting
2024-09-27 06:19:57.500000+00:00,combi,Sitting,Sitting
2024-09-27 06:20:57.500000+00:00,combi,Sitting,Sitting
2024-09-27 06:21:57.500000+00:00,combi,Sitting,Sitting
2024-09-27 06:22:57.500000+00:00,combi,Sitting,Sitting
2024-09-27 06:23:57.500000+00:00,combi,Sitting,Sitting
2024-09-27 06:24:57.500000+00:00,combi,Sitting,Sitting
2024-09-27 06:25:57.500000+00:00,combi,Sitting,Sitting
2024-09-27 06:26:57.500000+00:00,combi,Lying,Lying
2024-09-27 06:27:57.500000+00:00,combi,Lying,Lying
2024-09-27 06:28:57.500000+00:00,combi,Lying,Lying
2024-09-27 06:29:57.500000+00:00,combi,Lying,Lying
2024-09-27 06:30:57.500000+00:00,combi,Lying,Lying
2024-09-27 06:31:57.500000+00:00,combi,Lying,Lying
2024-09-27 06:32:57.500000+00:00,combi,Lying,Lying
2024-09-27 06:33:57.500000+00:00,combi,Lying,Lying
2024-09-27 06:34:57.500000+00:00,combi,Lying,Lying
2024-09-27 06:35:57.500000+00:00,combi,Lying,Lying
2024-09-27 06:36:57.500000+00:00,combi,Lying,Lying
2024-09-27 06:37:57.500000+00:00,combi,Lying,Lying
2024-09-27 06:38:57.500000+00:00,combi,Lying,Lying
2024-09-27 06:39:57.500000+00:00,combi,Lying,Lying
2024-09-27 06:40:57.500000+00:00,combi,Lying,Lying
2024-09-27 06:41:57.500000+00:00,combi,Lying,Lying
2024-09-27 06:42:57.500000+00:00,combi,Lying,Lying
2024-09-27 06:43:57.500000+00:00,combi,Lying,Lying
2024-09-27 06:44:57.500000+00:00,combi,Lying,Lying
2024-09-27 06:45:57.500000+00:00,combi,Lying,Lying
2024-09-27 06:46:57.500000+00:00,combi,Lying,Lying
2024-09-27 06:47:57.500000+00:00,combi,Lying,Lying
2024-09-27 06:48:57.500000+00:00,combi,Lying,Lying
2024-09-27 06:49:57.500000+00:00,combi,Lying,Lying
2024-09-27 06:50:57.500000+00:00,combi,Lying,Lying
2024-09-27 06:51:57.500000+00:00,combi,Lying,Lying
2024-09-27 06:52:57.500000+00:00,combi,Lying,Lying
2024-09-27 06:53:57.500000+00:00,combi,Lying,Lying
2024-09-27 06:54:57.500000+00:00,combi,Lying,Lying
2024-09-27 06:55:57.500000+00:00,combi,Lying,Lying
2024-09-27 06:56:57.500000+00:00,combi,Lying,Lying
2024-09-27 06:57:57.500000+00:00,combi,Lying,Lying
2024-09-27 06:58:57.500000+00:00,combi,Lying,Lying
2024-09-27 06:59:57.500000+00:00,combi,Lying,Lying
2024-09-27 07:00:57.500000+00:00,combi,Lying,Lying
2024-09-27 07:01:57.500000+00:00,combi,Lying,Lying
2024-09-27 07:02:57.500000+00:00,combi,Lying,Lying
2024-09-27 07:03:57.500000+00:00,combi,Lying,Lying
2024-09-27 07:04:57.500000+00:00,combi,Lying,Lying
2024-09-27 07:05:57.500000+00:00,combi,Lying,Lying
2024-09-27 07:06:57.500000+00:00,combi,Lying,Lying
2024-09-27 07:07:57.500000+00:00,combi,Lying,Lying
2024-09-27 07:08:57.500000+00:00,combi,Lying,Lying
2024-09-27 07:09:57.500000+00:00,combi,Lying,Lying
2024-09-27 07:10:57.500000+00:00,combi,Lying,Lying
2024-09-27 07:11:57.500000+00:00,combi,Lying,Lying
2024-09-27 07:12:57.500000+00:00,combi,Lying,Lying
2024-09-27 07:13:57.500000+00:00,combi,Lying,Lying
2024-09-27 07:14:57.500000+00:00,combi,Lying,Lying
2024-09-27 07:15:57.500000+00:00,combi,Lying,Lying
2024-09-27 07:16:57.500000+00:00,combi,Lying,Lying
2024-09-27 07:17:57.500000+00:00,combi,Lying,Lying
2024-09-27 07:18:57.500000+00:00,combi,Lying,Lying
2024-09-27 07:19:57.500000+00:00,combi,Lying,Lying
2024-09-27 07:20:57.500000+00:00,combi,Sitting,Dynamic
2024-09-27 07:21:57.500000+00:00,combi,Sitting,Sitting
2024-09-27 07:22:57.500000+00:00,combi,Sitting,Sitting
2024-09-27 07:23:57.500000+00:00,combi,Sitting,Sitting
2024-09-27 07:24:57.500000+00:00,combi,Sitting,Sitting
2024-09-27 07:25:57.500000+00:00,combi,Lying,Lying
2024-09-27 07:26:57.500000+00:00,combi,Lying,Lying
2024-09-27 07:27:57.500000+00:00,combi,Lying,Lying
2024-09-27 07:28:57.500000+00:00,combi,Lying,Lying
2024-09-27 07:29:57.500000+00:00,combi,Lying,Lying
2024-09-27 07:30:57.500000+00:00,combi,Lying,Lying
2024-09-27 07:31:57.500000+00:00,combi,Lying,Lying
2024-09-27 07:32:57.500000+00:00,combi,Lying,Lying
2024-09-27 07:33:57.500000+00:00,combi,Lying,Lying
2024-09-27 07:34:57.500000+00:00,combi,Lying,Lying
2024-09-27 07:35:57.500000+00:00,combi,Lying,Lying
2024-09-27 07:36:57.500000+00:00,combi,Lying,Lying
2024-09-27 07:37:57.500000+00:00,combi,Lying,Lying
2024-09-27 07:38:57.500000+00:00,combi,Lying,Lying
2024-09-27 07:39:57.500000+00:00,combi,Lying,Lying
2024-09-27 07:40:57.500000+00:00,combi,Lying,Lying
2024-09-27 07:41:57.500000+00:00,combi,Lying,Lying
2024-09-27 07:42:57.500000+00:00,combi,Lying,Lying
2024-09-27 07:43:57.500000+00:00,combi,Lying,Lying
2024-09-27 07:44:57.500000+00:00,combi,Standing,Dynamic
2024-09-27 07:45:57.500000+00:00,combi,Standing,Dynamic
2024-09-27 07:46:57.500000+00:00,combi,Standing,Dynamic
2024-09-27 07:47:57.500000+00:00,combi,Standing,Standing
2024-09-27 07:48:57.500000+00:00,combi,Standing,Dynamic
2024-09-27 07:49:57.500000+00:00,combi,Standing,Dynamic
2024-09-27 07:50:57.500000+00:00,combi,Standing,Dynamic
2024-09-27 07:51:57.500000+00:00,combi,Sitting,Dynamic
2024-09-27 07:52:57.500000+00:00,combi,Sitting,Sitting
2024-09-27 07:53:57.500000+00:00,combi,Standing,Dynamic
2024-09-27 07:54:57.500000+00:00,combi,Standing,Dynamic
2024-09-27 07:55:57.500000+00:00,combi,Standing,Standing
2024-09-27 07:56:57.500000+00:00,combi,Standing,Dynamic
2024-09-27 07:57:57.500000+00:00,combi,Standing,Dynamic
2024-09-27 07:58:57.500000+00:00,combi,Sitting,Dynamic
2024-09-27 07:59:57.500000+00:00,combi,Lying,Dynamic
2024-09-27 08:00:57.500000+00:00,combi,Standing,Standing
2024-09-27 08:01:57.500000+00:00,combi,Standing,Standing
2024-09-27 08:02:57.500000+00:00,combi,Standing,Dynamic
2024-09-27 08:03:57.500000+00:00,combi,Standing,Standing
2024-09-27 08:04:57.500000+00:00,combi,Standing,Standing
2024-09-27 08:05:57.500000+00:00,combi,Sitting,Dynamic
2024-09-27 08:06:57.500000+00:00,combi,Sitting,Dynamic
2024-09-27 08:07:57.500000+00:00,combi,Sitting,Dynamic
2024-09-27 08:08:57.500000+00:00,combi,Sitting,Dynamic
2024-09-27 08:09:57.500000+00:00,combi,Standing,Dynamic
2024-09-27 08:10:57.500000+00:00,combi,Sitting,Dynamic
2024-09-27 08:11:57.500000+00:00,combi,Sitting,Sitting
2024-09-27 08:12:57.500000+00:00,combi,Sitting,Sitting
2024-09-27 08:13:57.500000+00:00,combi,Standing,Dynamic
2024-09-27 08:14:57.500000+00:00,combi,Sitting,Sitting
2024-09-27 08:15:57.500000+00:00,combi,Sitting,Sitting
2024-09-27 08:16:57.500000+00:00,combi,Sitting,Sitting
2024-09-27 08:17:57.500000+00:00,combi,Sitting,Dynamic
2024-09-27 08:18:57.500000+00:00,combi,Standing,Standing
2024-09-27 08:19:57.500000+00:00,combi,Sitting,Sitting
2024-09-27 08:20:57.500000+00:00,combi,Sitting,Dynamic
2024-09-27 08:21:57.500000+00:00,combi,Sitting,Sitting
2024-09-27 08:22:57.500000+00:00,combi,Sitting,Sitting
2024-09-27 08:23:57.500000+00:00,combi,Sitting,Sitting
2024-09-27 08:24:57.500000+00:00,combi,Sitting,Dynamic
2024-09-27 08:25:57.500000+00:00,combi,Sitting,Dynamic
2024-09-27 08:26:57.500000+00:00,combi,Sitting,Dynamic
2024-09-27 08:27:57.500000+00:00,combi,Lying,Dynamic
2024-09-27 08:28:57.500000+00:00,combi,Sitting,Dynamic
2024-09-27 08:29:57.500000+00:00,combi,Sitting,Dynamic
2024-09-27 08:30:57.500000+00:00,combi,Sitting,Dynamic
2024-09-27 08:31:57.500000+00:00,combi,Sitting,Dynamic
2024-09-27 08:32:57.500000+00:00,combi,Sitting,Sitting
2024-09-27 08:33:57.500000+00:00,combi,Sitting,Sitting
2024-09-27 08:34:57.500000+00:00,combi,Lying,Dynamic
2024-09-27 08:35:57.500000+00:00,combi,Lying,Dynamic
2024-09-27 08:36:57.500000+00:00,combi,Lying,Dynamic
2024-09-27 08:37:57.500000+00:00,combi,Standing,Standing
2024-09-27 08:38:57.500000+00:00,combi,Standing,Standing
2024-09-27 08:39:57.500000+00:00,combi,Standing,Standing
2024-09-27 08:40:57.500000+00:00,combi,Standing,Standing
2024-09-27 08:41:57.500000+00:00,combi,Standing,Standing
2024-09-27 08:42:57.500000+00:00,combi,Standing,Standing
2024-09-27 08:43:57.500000+00:00,combi,Standing,Standing
2024-09-27 08:44:57.500000+00:00,combi,Standing,Dynamic
2024-09-27 08:45:57.500000+00:00,combi,Standing,Dynamic
2024-09-27 08:46:57.500000+00:00,combi,Standing,Dynamic
2024-09-27 08:47:57.500000+00:00,combi,Sitting,Sitting
2024-09-27 08:48:57.500000+00:00,combi,Sitting,Sitting
2024-09-27 08:49:57.500000+00:00,combi,Sitting,Sitting
2024-09-27 08:50:57.500000+00:00,combi,Sitting,Sitting
2024-09-27 08:51:57.500000+00:00,combi,Sitting,Sitting
2024-09-27 08:52:57.500000+00:00,combi,Sitting,Sitting
2024-09-27 08:53:57.500000+00:00,combi,Sitting,Sitting
2024-09-27 08:54:57.500000+00:00,combi,Standing,Standing
2024-09-27 08:55:57.500000+00:00,combi,Standing,Standing
2024-09-27 08:56:57.500000+00:00,combi,Standing,Standing
2024-09-27 08:57:57.500000+00:00,combi,Sitting,Sitting
2024-09-27 08:58:57.500000+00:00,combi,Standing,Dynamic
2024-09-27 08:59:57.500000+00:00,combi,Lying,Dynamic
2024-09-27 09:00:57.500000+00:00,combi,Lying,Dynamic
2024-09-27 09:01:57.500000+00:00,combi,Standing,Dynamic
2024-09-27 09:02:57.500000+00:00,combi,Sitting,Dynamic
2024-09-27 09:03:57.500000+00:00,combi,Sitting,Dynamic
2024-09-27 09:04:57.500000+00:00,combi,Sitting,Dynamic
2024-09-27 09:05:57.500000+00:00,combi,Standing,Standing
2024-09-27 09:06:57.500000+00:00,combi,Sitting,Dynamic
2024-09-27 09:07:57.500000+00:00,combi,Sitting,Dynamic
2024-09-27 09:08:57.500000+00:00,combi,Standing,Dynamic
2024-09-27 09:09:57.500000+00:00,combi,Sitting,Dynamic
2024-09-27 09:10:57.500000+00:00,combi,Standing,Standing
2024-09-27 09:11:57.500000+00:00,combi,Standing,Dynamic
2024-09-27 09:12:57.500000+00:00,combi,Sitting,Dynamic
2024-09-27 09:13:57.500000+00:00,combi,Sitting,Dynamic
2024-09-27 09:14:57.500000+00:00,combi,Sitting,Sitting
2024-09-27 09:15:57.500000+00:00,combi,Sitting,Sitting
2024-09-27 09:16:57.500000+00:00,combi,Sitting,Sitting
2024-09-27 09:17:57.500000+00:00,combi,Sitting,Sitting
2024-09-27 09:18:57.500000+00:00,combi,Sitting,Sitting
2024-09-27 09:19:57.500000+00:00,combi,Sitting,Sitting
2024-09-27 09:20:57.500000+00:00,combi,Sitting,Sitting
2024-09-27 09:21:57.500000+00:00,combi,Sitting,Sitting
2024-09-27 09:22:57.500000+00:00,combi,Sitting,Sitting
2024-09-27 09:23:57.500000+00:00,combi,Sitting,Sitting
2024-09-27 09:24:57.500000+00:00,combi,Sitting,Sitting
2024-09-27 09:25:57.500000+00:00,combi,Sitting,Sitting
2024-09-27 09:26:57.500000+00:00,combi,Sitting,Sitting
2024-09-27 09:27:57.500000+00:00,combi,Sitting,Sitting
2024-09-27 09:28:57.500000+00:00,combi,Sitting,Sitting
2024-09-27 09:29:57.500000+00:00,combi,Sitting,Sitting
2024-09-27 09:30:57.500000+00:00,combi,Sitting,Sitting
2024-09-27 09:31:57.500000+00:00,combi,Sitting,Sitting
2024-09-27 09:32:57.500000+00:00,combi,Sitting,Sitting
2024-09-27 09:33:57.500000+00:00,combi,Sitting,Sitting
2024-09-27 09:34:57.500000+00:00,combi,Standing,Standing
2024-09-27 09:35:57.500000+00:00,combi,Sitting,Dynamic
2024-09-27 09:36:57.500000+00:00,combi,Standing,Standing
2024-09-27 09:37:57.500000+00:00,combi,Standing,Standing
2024-09-27 09:38:57.500000+00:00,combi,Standing,Standing
2024-09-27 09:39:57.500000+00:00,combi,Standing,Standing
2024-09-27 09:40:57.500000+00:00,combi,Standing,Standing
2024-09-27 09:41:57.500000+00:00,combi,Standing,Standing
2024-09-27 09:42:57.500000+00:00,combi,Standing,Standing
2024-09-27 09:43:57.500000+00:00,combi,Standing,Standing
2024-09-27 09:44:57.500000+00:00,combi,Standing,Standing
2024-09-27 09:45:57.500000+00:00,combi,Standing,Standing
2024-09-27 09:46:57.500000+00:00,combi,Standing,Dynamic
2024-09-27 09:47:57.500000+00:00,combi,Standing,Standing
2024-09-27 09:48:57.500000+00:00,combi,Standing,Dynamic
2024-09-27 09:49:57.500000+00:00,combi,Standing,Dynamic
2024-09-27 09:50:57.500000+00:00,combi,Standing,Dynamic
2024-09-27 09:51:57.500000+00:00,combi,Lying,Dynamic
2024-09-27 09:52:57.500000+00:00,combi,Sitting,Dynamic
2024-09-27 09:53:57.500000+00:00,combi,Lying,Dynamic
2024-09-27 09:54:57.500000+00:00,combi,Sitting,Dynamic
2024-09-27 09:55:57.500000+00:00,combi,Sitting,Dynamic
2024-09-27 09:56:57.500000+00:00,combi,Sitting,Sitting
2024-09-27 09:57:57.500000+00:00,combi,Sitting,Sitting
2024-09-27 09:58:57.500000+00:00,combi,Sitting,Sitting
2024-09-27 09:59:57.500000+00:00,combi,Sitting,Sitting
2024-09-27 10:00:57.500000+00:00,combi,Sitting,Sitting
2024-09-27 10:01:57.500000+00:00,combi,Sitting,Sitting
2024-09-27 10:02:57.500000+00:00,combi,Sitting,Sitting
2024-09-27 10:03:57.500000+00:00,combi,Sitting,Sitting
2024-09-27 10:04:57.500000+00:00,combi,Sitting,Sitting
2024-09-27 10:05:57.500000+00:00,combi,Sitting,Sitting
2024-09-27 10:06:57.500000+00:00,combi,Sitting,Sitting
2024-09-27 10:07:57.500000+00:00,combi,Sitting,Sitting
2024-09-27 10:08:57.500000+00:00,combi,Sitting,Sitting
2024-09-27 10:09:57.500000+00:00,combi,Sitting,Sitting
2024-09-27 10:10:57.500000+00:00,combi,Sitting,Sitting
2024-09-27 10:11:57.500000+00:00,combi,Sitting,Sitting
2024-09-27 10:12:57.500000+00:00,combi,Sitting,Sitting
2024-09-27 10:13:57.500000+00:00,combi,Sitting,Sitting
2024-09-27 10:14:57.500000+00:00,combi,Sitting,Sitting
2024-09-27 10:15:57.500000+00:00,combi,Sitting,Sitting
2024-09-27 10:16:57.500000+00:00,combi,Sitting,Sitting
2024-09-27 10:17:57.500000+00:00,combi,Sitting,Sitting
2024-09-27 10:18:57.500000+00:00,combi,Sitting,Sitting
2024-09-27 10:19:57.500000+00:00,combi,Sitting,Sitting
2024-09-27 10:20:57.500000+00:00,combi,Sitting,Sitting
2024-09-27 10:21:57.500000+00:00,combi,Sitting,Sitting
2024-09-27 10:22:57.500000+00:00,combi,Sitting,Sitting
2024-09-27 10:23:57.500000+00:00,combi,Sitting,Sitting
2024-09-27 10:24:57.500000+00:00,combi,Sitting,Sitting
2024-09-27 10:25:57.500000+00:00,combi,Sitting,Sitting
2024-09-27 10:26:57.500000+00:00,combi,Sitting,Sitting
2024-09-27 10:27:57.500000+00:00,combi,Standing,Dynamic
2024-09-27 10:28:57.500000+00:00,combi,Standing,Dynamic
2024-09-27 10:29:57.500000+00:00,combi,Standing,Standing
2024-09-27 10:30:57.500000+00:00,combi,Standing,Standing
2024-09-27 10:31:57.500000+00:00,combi,Standing,Standing
2024-09-27 10:32:57.500000+00:00,combi,Standing,Dynamic
2024-09-27 10:33:57.500000+00:00,combi,Sitting,Dynamic
2024-09-27 10:34:57.500000+00:00,combi,Sitting,Sitting
2024-09-27 10:35:57.500000+00:00,combi,Sitting,Sitting
2024-09-27 10:36:57.500000+00:00,combi,Sitting,Sitting
2024-09-27 10:37:57.500000+00:00,combi,Sitting,Sitting
2024-09-27 10:38:57.500000+00:00,combi,Sitting,Sitting
2024-09-27 10:39:57.500000+00:00,combi,Sitting,Sitting
2024-09-27 10:40:57.500000+00:00,combi,Standing,Dynamic
2024-09-27 10:41:57.500000+00:00,combi,Sitting,Sitting
2024-09-27 10:42:57.500000+00:00,combi,Sitting,Sitting
2024-09-27 10:43:57.500000+00:00,combi,Sitting,Sitting
2024-09-27 10:44:57.500000+00:00,combi,Sitting,Sitting
2024-09-27 10:45:57.500000+00:00,combi,Sitting,Sitting
2024-09-27 10:46:57.500000+00:00,combi,Sitting,Sitting
2024-09-27 10:47:57.500000+00:00,combi,Sitting,Sitting
2024-09-27 10:48:57.500000+00:00,combi,Sitting,Sitting
2024-09-27 10:49:57.500000+00:00,combi,Sitting,Sitting
2024-09-27 10:50:57.500000+00:00,combi,Sitting,Sitting
2024-09-27 10:51:57.500000+00:00,combi,Standing,Dynamic
2024-09-27 10:52:57.500000+00:00,combi,Standing,Standing
2024-09-27 10:53:57.500000+00:00,combi,Standing,Sitting
2024-09-27 10:54:57.500000+00:00,combi,Sitting,Sitting
2024-09-27 10:55:57.500000+00:00,combi,Standing,Standing
2024-09-27 10:56:57.500000+00:00,combi,Sitting,Sitting
2024-09-27 10:57:57.500000+00:00,combi,Sitting,Sitting
2024-09-27 10:58:57.500000+00:00,combi,Sitting,Sitting
2024-09-27 10:59:57.500000+00:00,combi,Sitting,Sitting
2024-09-27 11:00:57.500000+00:00,combi,Sitting,Sitting
2024-09-27 11:01:57.500000+00:00,combi,Sitting,Dynamic
2024-09-27 11:02:57.500000+00:00,combi,Sitting,Sitting
2024-09-27 11:03:57.500000+00:00,combi,Sitting,Sitting
2024-09-27 11:04:57.500000+00:00,combi,Sitting,Sitting
2024-09-27 11:05:57.500000+00:00,combi,Sitting,Sitting
2024-09-27 11:06:57.500000+00:00,combi,Standing,Standing
2024-09-27 11:07:57.500000+00:00,combi,Sitting,Dynamic
2024-09-27 11:08:57.500000+00:00,combi,Sitting,Sitting
2024-09-27 11:09:57.500000+00:00,combi,Sitting,Sitting
2024-09-27 11:10:57.500000+00:00,combi,Sitting,Sitting
2024-09-27 11:11:57.500000+00:00,combi,Sitting,Sitting
2024-09-27 11:12:57.500000+00:00,combi,Sitting,Sitting
2024-09-27 11:13:57.500000+00:00,combi,Sitting,Sitting
2024-09-27 11:14:57.500000+00:00,combi,Sitting,Sitting
2024-09-27 11:15:57.500000+00:00,combi,Sitting,Sitting
2024-09-27 11:16:57.500000+00:00,combi,Sitting,Sitting
2024-09-27 11:17:57.500000+00:00,combi,Sitting,Sitting
2024-09-27 11:18:57.500000+00:00,combi,Sitting,Sitting
2024-09-27 11:19:57.500000+00:00,combi,Sitting,Sitting
2024-09-27 11:20:57.500000+00:00,combi,Sitting,Sitting
2024-09-27 11:21:57.500000+00:00,combi,Sitting,Sitting
2024-09-27 11:22:57.500000+00:00,combi,Sitting,Sitting
2024-09-27 11:23:57.500000+00:00,combi,Sitting,Sitting
2024-09-27 11:24:57.500000+00:00,combi,Sitting,Sitting
2024-09-27 11:25:57.500000+00:00,combi,Sitting,Sitting
2024-09-27 11:26:57.500000+00:00,combi,Sitting,Sitting
2024-09-27 11:27:57.500000+00:00,combi,Sitting,Sitting
2024-09-27 11:28:57.500000+00:00,combi,Sitting,Sitting
2024-09-27 11:29:57.500000+00:00,combi,Sitting,Sitting
2024-09-27 11:30:57.500000+00:00,combi,Sitting,Sitting
2024-09-27 11:31:57.500000+00:00,combi,Sitting,Sitting
2024-09-27 11:32:57.500000+00:00,combi,Sitting,Sitting
2024-09-27 11:33:57.500000+00:00,combi,Sitting,Sitting
2024-09-27 11:34:57.500000+00:00,combi,Sitting,Sitting
2024-09-27 11:35:57.500000+00:00,combi,Sitting,Sitting
2024-09-27 11:36:57.500000+00:00,combi,Sitting,Sitting
2024-09-27 11:37:57.500000+00:00,combi,Sitting,Sitting
2024-09-27 11:38:57.500000+00:00,combi,Sitting,Sitting
2024-09-27 11:39:57.500000+00:00,combi,Sitting,Sitting
2024-09-27 11:40:57.500000+00:00,combi,Sitting,Sitting
2024-09-27 11:41:57.500000+00:00,combi,Sitting,Sitting
2024-09-27 11:42:57.500000+00:00,combi,Sitting,Sitting
2024-09-27 11:43:57.500000+00:00,combi,Sitting,Sitting
2024-09-27 11:44:57.500000+00:00,combi,Sitting,Sitting
2024-09-27 11:45:57.500000+00:00,combi,Sitting,Sitting
2024-09-27 11:46:57.500000+00:00,combi,Sitting,Sitting
2024-09-27 11:47:57.500000+00:00,combi,Sitting,Sitting
2024-09-27 11:48:57.500000+00:00,combi,Sitting,Sitting
2024-09-27 11:49:57.500000+00:00,combi,Sitting,Sitting
2024-09-27 11:50:57.500000+00:00,combi,Sitting,Sitting
2024-09-27 11:51:57.500000+00:00,combi,Sitting,Sitting
2024-09-27 11:52:57.500000+00:00,combi,Sitting,Sitting
2024-09-27 11:53:57.500000+00:00,combi,Sitting,Sitting
2024-09-27 11:54:57.500000+00:00,combi,Sitting,Sitting
2024-09-27 11:55:57.500000+00:00,combi,Sitting,Sitting
2024-09-27 11:56:57.500000+00:00,combi,Sitting,Sitting
2024-09-27 11:57:57.500000+00:00,combi,Sitting,Sitting
2024-09-27 11:58:57.500000+00:00,combi,Sitting,Sitting
2024-09-27 11:59:57.500000+00:00,combi,Sitting,Sitting
2024-09-27 12:00:57.500000+00:00,combi,Sitting,Sitting
2024-09-27 12:01:57.500000+00:00,combi,Sitting,Sitting
2024-09-27 12:02:57.500000+00:00,combi,Sitting,Sitting
2024-09-27 12:03:57.500000+00:00,combi,Sitting,Sitting
2024-09-27 12:04:57.500000+00:00,combi,Sitting,Sitting
2024-09-27 12:05:57.500000+00:00,combi,Sitting,Dynamic
2024-09-27 12:06:57.500000+00:00,combi,Sitting,Dynamic
2024-09-27 12:07:57.500000+00:00,combi,Sitting,Sitting
2024-09-27 12:08:57.500000+00:00,combi,Sitting,Sitting
2024-09-27 12:09:57.500000+00:00,combi,Sitting,Dynamic
2024-09-27 12:10:57.500000+00:00,combi,Sitting,Dynamic
2024-09-27 12:11:57.500000+00:00,combi,Sitting,Sitting
2024-09-27 12:12:57.500000+00:00,combi,Sitting,Sitting
2024-09-27 12:13:57.500000+00:00,combi,Standing,Sitting
2024-09-27 12:14:57.500000+00:00,combi,Sitting,Dynamic
2024-09-27 12:15:57.500000+00:00,combi,Sitting,Sitting
2024-09-27 12:16:57.500000+00:00,combi,Sitting,Sitting
2024-09-27 12:17:57.500000+00:00,combi,Sitting,Sitting
2024-09-27 12:18:57.500000+00:00,combi,Sitting,Sitting
2024-09-27 12:19:57.500000+00:00,combi,Sitting,Sitting
2024-09-27 12:20:57.500000+00:00,combi,Sitting,Sitting
2024-09-27 12:21:57.500000+00:00,combi,Sitting,Sitting
2024-09-27 12:22:57.500000+00:00,combi,Sitting,Sitting
2024-09-27 12:23:57.500000+00:00,combi,Sitting,Sitting
2024-09-27 12:24:57.500000+00:00,combi,Sitting,Sitting
2024-09-27 12:25:57.500000+00:00,combi,Sitting,Sitting
2024-09-27 12:26:57.500000+00:00,combi,Sitting,Sitting
2024-09-27 12:27:57.500000+00:00,combi,Sitting,Sitting
2024-09-27 12:28:57.500000+00:00,combi,Sitting,Sitting
2024-09-27 12:29:57.500000+00:00,combi,Sitting,Sitting
2024-09-27 12:30:57.500000+00:00,combi,Sitting,Sitting
2024-09-27 12:31:57.500000+00:00,combi,Sitting,Sitting
2024-09-27 12:32:57.500000+00:00,combi,Sitting,Sitting
2024-09-27 12:33:57.500000+00:00,combi,Sitting,Sitting
2024-09-27 12:34:57.500000+00:00,combi,Sitting,Sitting
2024-09-27 12:35:57.500000+00:00,combi,Sitting,Sitting
2024-09-27 12:36:57.500000+00:00,combi,Sitting,Sitting
2024-09-27 12:37:57.500000+00:00,combi,Sitting,Sitting
2024-09-27 12:38:57.500000+00:00,combi,Sitting,Sitting
2024-09-27 12:39:57.500000+00:00,combi,Sitting,Sitting
2024-09-27 12:40:57.500000+00:00,combi,Sitting,Sitting
2024-09-27 12:41:57.500000+00:00,combi,Sitting,Sitting
2024-09-27 12:42:57.500000+00:00,combi,Sitting,Dynamic
2024-09-27 12:43:57.500000+00:00,combi,Sitting,Sitting
2024-09-27 12:44:57.500000+00:00,combi,Sitting,Sitting
2024-09-27 12:45:57.500000+00:00,combi,Sitting,Sitting
2024-09-27 12:46:57.500000+00:00,combi,Sitting,Sitting
2024-09-27 12:47:57.500000+00:00,combi,Sitting,Dynamic
2024-09-27 12:48:57.500000+00:00,combi,Sitting,Dynamic
2024-09-27 12:49:57.500000+00:00,combi,Sitting,Dynamic
2024-09-27 12:50:57.500000+00:00,combi,Lying,Dynamic
2024-09-27 12:51:57.500000+00:00,combi,Standing,Standing
2024-09-27 12:52:57.500000+00:00,combi,Sitting,Dynamic
2024-09-27 12:53:57.500000+00:00,combi,Lying,Dynamic
2024-09-27 12:54:57.500000+00:00,combi,Lying,Dynamic
2024-09-27 12:55:57.500000+00:00,combi,Lying,Dynamic
2024-09-27 12:56:57.500000+00:00,combi,Sitting,Dynamic
2024-09-27 12:57:57.500000+00:00,combi,Lying,Dynamic
2024-09-27 12:58:57.500000+00:00,combi,Lying,Dynamic
2024-09-27 12:59:57.500000+00:00,combi,Lying,Dynamic
2024-09-27 13:00:57.500000+00:00,combi,Sitting,Dynamic
2024-09-27 13:01:57.500000+00:00,combi,Standing,Dynamic
2024-09-27 13:02:57.500000+00:00,combi,Standing,Standing
2024-09-27 13:03:57.500000+00:00,combi,Standing,Standing
2024-09-27 13:04:57.500000+00:00,combi,Standing,Standing
2024-09-27 13:05:57.500000+00:00,combi,Standing,Standing
2024-09-27 13:06:57.500000+00:00,combi,Standing,Standing
2024-09-27 13:07:57.500000+00:00,combi,Standing,Standing
2024-09-27 13:08:57.500000+00:00,combi,Standing,Standing
2024-09-27 13:09:57.500000+00:00,combi,Sitting,Sitting
2024-09-27 13:10:57.500000+00:00,combi,Standing,Sitting
2024-09-27 13:11:57.500000+00:00,combi,Standing,Standing
2024-09-27 13:12:57.500000+00:00,combi,Standing,Standing
2024-09-27 13:13:57.500000+00:00,combi,Standing,Dynamic
2024-09-27 13:14:57.500000+00:00,combi,Lying,Dynamic
2024-09-27 13:15:57.500000+00:00,combi,Standing,Dynamic
2024-09-27 13:16:57.500000+00:00,combi,Standing,Dynamic
2024-09-27 13:17:57.500000+00:00,combi,Sitting,Sitting
2024-09-27 13:18:57.500000+00:00,combi,Sitting,Sitting
2024-09-27 13:19:57.500000+00:00,combi,Sitting,Sitting
2024-09-27 13:20:57.500000+00:00,combi,Standing,Dynamic
2024-09-27 13:21:57.500000+00:00,combi,Sitting,Dynamic
2024-09-27 13:22:57.500000+00:00,combi,Standing,Dynamic
2024-09-27 13:23:57.500000+00:00,combi,Sitting,Dynamic
2024-09-27 13:24:57.500000+00:00,combi,Standing,Standing
2024-09-27 13:25:57.500000+00:00,combi,Standing,Standing
2024-09-27 13:26:57.500000+00:00,combi,Standing,Standing
2024-09-27 13:27:57.500000+00:00,combi,Standing,Standing
2024-09-27 13:28:57.500000+00:00,combi,Standing,Standing
2024-09-27 13:29:57.500000+00:00,combi,Standing,Standing
2024-09-27 13:30:57.500000+00:00,combi,Standing,Standing
2024-09-27 13:31:57.500000+00:00,combi,Standing,Standing
2024-09-27 13:32:57.500000+00:00,combi,Standing,Standing
2024-09-27 13:33:57.500000+00:00,combi,Standing,Standing
2024-09-27 13:34:57.500000+00:00,combi,Standing,Standing
2024-09-27 13:35:57.500000+00:00,combi,Standing,Standing
2024-09-27 13:36:57.500000+00:00,combi,Standing,Standing
2024-09-27 13:37:57.500000+00:00,combi,Standing,Standing
2024-09-27 13:38:57.500000+00:00,combi,Standing,Standing
2024-09-27 13:39:57.500000+00:00,combi,Standing,Standing
2024-09-27 13:40:57.500000+00:00,combi,Standing,Standing
2024-09-27 13:41:57.500000+00:00,combi,Standing,Standing
2024-09-27 13:42:57.500000+00:00,combi,Standing,Standing
2024-09-27 13:43:57.500000+00:00,combi,Standing,Dynamic
2024-09-27 13:44:57.500000+00:00,combi,Sitting,Sitting
2024-09-27 13:45:57.500000+00:00,combi,Standing,Standing
2024-09-27 13:46:57.500000+00:00,combi,Standing,Standing
2024-09-27 13:47:57.500000+00:00,combi,Standing,Standing
2024-09-27 13:48:57.500000+00:00,combi,Standing,Standing
2024-09-27 13:49:57.500000+00:00,combi,Standing,Standing
2024-09-27 13:50:57.500000+00:00,combi,Sitting,Dynamic
2024-09-27 13:51:57.500000+00:00,combi,Sitting,Dynamic
2024-09-27 13:52:57.500000+00:00,combi,Lying,Dynamic
2024-09-27 13:53:57.500000+00:00,combi,Sitting,Dynamic
2024-09-27 13:54:57.500000+00:00,combi,Sitting,Sitting
2024-09-27 13:55:57.500000+00:00,combi,Sitting,Sitting
2024-09-27 13:56:57.500000+00:00,combi,Sitting,Sitting
2024-09-27 13:57:57.500000+00:00,combi,Sitting,Sitting
2024-09-27 13:58:57.500000+00:00,combi,Sitting,Sitting
2024-09-27 13:59:57.500000+00:00,combi,Sitting,Sitting
2024-09-27 14:00:57.500000+00:00,combi,Sitting,Sitting
2024-09-27 14:01:57.500000+00:00,combi,Sitting,Sitting
2024-09-27 14:02:57.500000+00:00,combi,Sitting,Sitting
2024-09-27 14:03:57.500000+00:00,combi,Sitting,Sitting
2024-09-27 14:04:57.500000+00:00,combi,Sitting,Sitting
2024-09-27 14:05:57.500000+00:00,combi,Sitting,Sitting
2024-09-27 14:06:57.500000+00:00,combi,Sitting,Sitting
2024-09-27 14:07:57.500000+00:00,combi,Sitting,Sitting
2024-09-27 14:08:57.500000+00:00,combi,Sitting,Sitting
2024-09-27 14:09:57.500000+00:00,combi,Sitting,Sitting
2024-09-27 14:10:57.500000+00:00,combi,Sitting,Sitting
2024-09-27 14:11:57.500000+00:00,combi,Sitting,Sitting
2024-09-27 14:12:57.500000+00:00,combi,Sitting,Sitting
2024-09-27 14:13:57.500000+00:00,combi,Sitting,Sitting
2024-09-27 14:14:57.500000+00:00,combi,Sitting,Sitting
2024-09-27 14:15:57.500000+00:00,combi,Sitting,Sitting
2024-09-27 14:16:57.500000+00:00,combi,Sitting,Sitting
2024-09-27 14:17:57.500000+00:00,combi,Sitting,Sitting
2024-09-27 14:18:57.500000+00:00,combi,Standing,Dynamic
2024-09-27 14:19:57.500000+00:00,combi,Standing,Dynamic
2024-09-27 14:20:57.500000+00:00,combi,Standing,Standing
2024-09-27 14:21:57.500000+00:00,combi,Standing,Standing
2024-09-27 14:22:57.500000+00:00,combi,Standing,Standing
2024-09-27 14:23:57.500000+00:00,combi,Standing,Standing
2024-09-27 14:24:57.500000+00:00,combi,Standing,Standing
2024-09-27 14:25:57.500000+00:00,combi,Standing,Dynamic
2024-09-27 14:26:57.500000+00:00,combi,Standing,Standing
2024-09-27 14:27:57.500000+00:00,combi,Standing,Standing
2024-09-27 14:28:57.500000+00:00,combi,Standing,Standing
2024-09-27 14:29:57.500000+00:00,combi,Standing,Standing
2024-09-27 14:30:57.500000+00:00,combi,Standing,Standing
2024-09-27 14:31:57.500000+00:00,combi,Standing,Standing
2024-09-27 14:32:57.500000+00:00,combi,Standing,Standing
2024-09-27 14:33:57.500000+00:00,combi,Standing,Standing
2024-09-27 14:34:57.500000+00:00,combi,Standing,Standing
2024-09-27 14:35:57.500000+00:00,combi,Standing,Standing
2024-09-27 14:36:57.500000+00:00,combi,Standing,Dynamic
2024-09-27 14:37:57.500000+00:00,combi,Sitting,Sitting
2024-09-27 14:38:57.500000+00:00,combi,Sitting,Sitting
2024-09-27 14:39:57.500000+00:00,combi,Sitting,Sitting
2024-09-27 14:40:57.500000+00:00,combi,Sitting,Sitting
2024-09-27 14:41:57.500000+00:00,combi,Sitting,Dynamic
2024-09-27 14:42:57.500000+00:00,combi,Sitting,Dynamic
2024-09-27 14:43:57.500000+00:00,combi,Sitting,Sitting
2024-09-27 14:44:57.500000+00:00,combi,Sitting,Dynamic
2024-09-27 14:45:57.500000+00:00,combi,Sitting,Dynamic
2024-09-27 14:46:57.500000+00:00,combi,Sitting,Dynamic
2024-09-27 14:47:57.500000+00:00,combi,Sitting,Sitting
2024-09-27 14:48:57.500000+00:00,combi,Sitting,Standing
2024-09-27 14:49:57.500000+00:00,combi,Standing,Standing
2024-09-27 14:50:57.500000+00:00,combi,Sitting,Dynamic
2024-09-27 14:51:57.500000+00:00,combi,Sitting,Sitting
2024-09-27 14:52:57.500000+00:00,combi,Sitting,Sitting
2024-09-27 14:53:57.500000+00:00,combi,Sitting,Sitting
2024-09-27 14:54:57.500000+00:00,combi,Sitting,Sitting
2024-09-27 14:55:57.500000+00:00,combi,Sitting,Dynamic
2024-09-27 14:56:57.500000+00:00,combi,Sitting,Sitting
2024-09-27 14:57:57.500000+00:00,combi,Sitting,Sitting
2024-09-27 14:58:57.500000+00:00,combi,Sitting,Dynamic
2024-09-27 14:59:57.500000+00:00,combi,Sitting,Sitting
2024-09-27 15:00:57.500000+00:00,combi,Sitting,Sitting
2024-09-27 15:01:57.500000+00:00,combi,Sitting,Sitting
2024-09-27 15:02:57.500000+00:00,combi,Sitting,Dynamic
2024-09-27 15:03:57.500000+00:00,combi,Sitting,Sitting
2024-09-27 15:04:57.500000+00:00,combi,Sitting,Sitting
2024-09-27 15:05:57.500000+00:00,combi,Sitting,Dynamic
2024-09-27 15:06:57.500000+00:00,combi,Sitting,Sitting
2024-09-27 15:07:57.500000+00:00,combi,Sitting,Dynamic
2024-09-27 15:08:57.500000+00:00,combi,Sitting,Dynamic
2024-09-27 15:09:57.500000+00:00,combi,Sitting,Dynamic
2024-09-27 15:10:57.500000+00:00,combi,Lying,Dynamic
2024-09-27 15:11:57.500000+00:00,combi,Lying,Dynamic
2024-09-27 15:12:57.500000+00:00,combi,Sitting,Dynamic
2024-09-27 15:13:57.500000+00:00,combi,Standing,Dynamic
2024-09-27 15:14:57.500000+00:00,combi,Sitting,Sitting
2024-09-27 15:15:57.500000+00:00,combi,Sitting,Sitting
2024-09-27 15:16:57.500000+00:00,combi,Sitting,Sitting
2024-09-27 15:17:57.500000+00:00,combi,Sitting,Sitting
2024-09-27 15:18:57.500000+00:00,combi,Standing,Standing
2024-09-27 15:19:57.500000+00:00,combi,Sitting,Sitting
2024-09-27 15:20:57.500000+00:00,combi,Standing,Standing
2024-09-27 15:21:57.500000+00:00,combi,Sitting,Sitting
2024-09-27 15:22:57.500000+00:00,combi,Sitting,Sitting
2024-09-27 15:23:57.500000+00:00,combi,Sitting,Sitting
2024-09-27 15:24:57.500000+00:00,combi,Standing,Dynamic
2024-09-27 15:25:57.500000+00:00,combi,Standing,Dynamic
2024-09-27 15:26:57.500000+00:00,combi,Standing,Dynamic
2024-09-27 15:27:57.500000+00:00,combi,Lying,Dynamic
2024-09-27 15:28:57.500000+00:00,combi,Standing,Dynamic
2024-09-27 15:29:57.500000+00:00,combi,Sitting,Dynamic
2024-09-27 15:30:57.500000+00:00,combi,Standing,Dynamic
2024-09-27 15:31:57.500000+00:00,combi,Sitting,Sitting
2024-09-27 15:32:57.500000+00:00,combi,Sitting,Sitting
2024-09-27 15:33:57.500000+00:00,combi,Sitting,Sitting
2024-09-27 15:34:57.500000+00:00,combi,Sitting,Sitting
2024-09-27 15:35:57.500000+00:00,combi,Sitting,Sitting
2024-09-27 15:36:57.500000+00:00,combi,Sitting,Sitting
2024-09-27 15:37:57.500000+00:00,combi,Sitting,Sitting
2024-09-27 15:38:57.500000+00:00,combi,Standing,Standing
2024-09-27 15:39:57.500000+00:00,combi,Standing,Standing
2024-09-27 15:40:57.500000+00:00,combi,Sitting,Sitting
2024-09-27 15:41:57.500000+00:00,combi,Sitting,Sitting
2024-09-27 15:42:57.500000+00:00,combi,Sitting,Sitting
2024-09-27 15:43:57.500000+00:00,combi,Lying,Lying
2024-09-27 15:44:57.500000+00:00,combi,Lying,Lying
2024-09-27 15:45:57.500000+00:00,combi,Lying,Lying
2024-09-27 15:46:57.500000+00:00,combi,Lying,Lying
2024-09-27 15:47:57.500000+00:00,combi,Lying,Lying
2024-09-27 15:48:57.500000+00:00,combi,Sitting,Sitting
2024-09-27 15:49:57.500000+00:00,combi,Lying,Sitting
2024-09-27 15:50:57.500000+00:00,combi,Lying,Lying
2024-09-27 15:51:57.500000+00:00,combi,Lying,Lying
2024-09-27 15:52:57.500000+00:00,combi,Lying,Lying
2024-09-27 15:53:57.500000+00:00,combi,Lying,Lying
2024-09-27 15:54:57.500000+00:00,combi,Lying,Lying
2024-09-27 15:55:57.500000+00:00,combi,Lying,Lying
2024-09-27 15:56:57.500000+00:00,combi,Lying,Lying
2024-09-27 15:57:57.500000+00:00,combi,Lying,Lying
2024-09-27 15:58:57.500000+00:00,combi,Lying,Lying
2024-09-27 15:59:57.500000+00:00,combi,Lying,Lying
2024-09-27 16:00:57.500000+00:00,combi,Lying,Lying
2024-09-27 16:01:57.500000+00:00,combi,Sitting,Sitting
2024-09-27 16:02:57.500000+00:00,combi,Lying,Lying
2024-09-27 16:03:57.500000+00:00,combi,Sitting,Sitting
2024-09-27 16:04:57.500000+00:00,combi,Lying,Sitting
2024-09-27 16:05:57.500000+00:00,combi,Sitting,Sitting
2024-09-27 16:06:57.500000+00:00,combi,Lying,Lying
2024-09-27 16:07:57.500000+00:00,combi,Lying,Lying
2024-09-27 16:08:57.500000+00:00,combi,Lying,Lying
2024-09-27 16:09:57.500000+00:00,combi,Lying,Lying
2024-09-27 16:10:57.500000+00:00,combi,Lying,Lying
2024-09-27 16:11:57.500000+00:00,combi,Standing,Dynamic
2024-09-27 16:12:57.500000+00:00,combi,Lying,Dynamic
2024-09-27 16:13:57.500000+00:00,combi,Lying,Lying
2024-09-27 16:14:57.500000+00:00,combi,Lying,Lying
2024-09-27 16:15:57.500000+00:00,combi,Lying,Lying
2024-09-27 16:16:57.500000+00:00,combi,Lying,Lying
2024-09-27 16:17:57.500000+00:00,combi,Lying,Lying
2024-09-27 16:18:57.500000+00:00,combi,Lying,Lying
2024-09-27 16:19:57.500000+00:00,combi,Lying,Lying
2024-09-27 16:20:57.500000+00:00,combi,Lying,Lying
2024-09-27 16:21:57.500000+00:00,combi,Lying,Lying
2024-09-27 16:22:57.500000+00:00,combi,Sitting,Sitting
2024-09-27 16:23:57.500000+00:00,combi,Sitting,Sitting
2024-09-27 16:24:57.500000+00:00,combi,Lying,Lying
2024-09-27 16:25:57.500000+00:00,combi,Lying,Lying
2024-09-27 16:26:57.500000+00:00,combi,Lying,Lying
2024-09-27 16:27:57.500000+00:00,combi,Lying,Lying
2024-09-27 16:28:57.500000+00:00,combi,Lying,Lying
2024-09-27 16:29:57.500000+00:00,combi,Lying,Lying
2024-09-27 16:30:57.500000+00:00,combi,Lying,Lying
2024-09-27 16:31:57.500000+00:00,combi,Lying,Lying
2024-09-27 16:32:57.500000+00:00,combi,Lying,Lying
2024-09-27 16:33:57.500000+00:00,combi,Lying,Lying
2024-09-27 16:34:57.500000+00:00,combi,Lying,Lying
2024-09-27 16:35:57.500000+00:00,combi,Lying,Lying
2024-09-27 16:36:57.500000+00:00,combi,Lying,Lying
2024-09-27 16:37:57.500000+00:00,combi,Lying,Lying
2024-09-27 16:38:57.500000+00:00,combi,Lying,Lying
2024-09-27 16:39:57.500000+00:00,combi,Lying,Lying
2024-09-27 16:40:57.500000+00:00,combi,Lying,Lying
2024-09-27 16:41:57.500000+00:00,combi,Lying,Lying
2024-09-27 16:42:57.500000+00:00,combi,Lying,Lying
2024-09-27 16:43:57.500000+00:00,combi,Lying,Lying
2024-09-27 16:44:57.500000+00:00,combi,Lying,Lying
2024-09-27 16:45:57.500000+00:00,combi,Lying,Lying
2024-09-27 16:46:57.500000+00:00,combi,Lying,Lying
2024-09-27 16:47:57.500000+00:00,combi,Lying,Lying
2024-09-27 16:48:57.500000+00:00,combi,Lying,Lying
2024-09-27 16:49:57.500000+00:00,combi,Lying,Lying
2024-09-27 16:50:57.500000+00:00,combi,Lying,Lying
2024-09-27 16:51:57.500000+00:00,combi,Lying,Lying
2024-09-27 16:52:57.500000+00:00,combi,Lying,Lying
2024-09-27 16:53:57.500000+00:00,combi,Lying,Lying
2024-09-27 16:54:57.500000+00:00,combi,Lying,Lying
2024-09-27 16:55:57.500000+00:00,combi,Lying,Lying
2024-09-27 16:56:57.500000+00:00,combi,Lying,Lying
2024-09-27 16:57:57.500000+00:00,combi,Lying,Lying
2024-09-27 16:58:57.500000+00:00,combi,Lying,Lying
2024-09-27 16:59:57.500000+00:00,combi,Lying,Lying
2024-09-27 17:00:57.500000+00:00,combi,Lying,Lying
2024-09-27 17:01:57.500000+00:00,combi,Lying,Lying
2024-09-27 17:02:57.500000+00:00,combi,Lying,Lying
2024-09-27 17:03:57.500000+00:00,combi,Lying,Lying
2024-09-27 17:04:57.500000+00:00,combi,Lying,Lying
2024-09-27 17:05:57.500000+00:00,combi,Lying,Lying
2024-09-27 17:06:57.500000+00:00,combi,Lying,Lying
2024-09-27 17:07:57.500000+00:00,combi,Lying,Lying
2024-09-27 17:08:57.500000+00:00,combi,Lying,Lying
2024-09-27 17:09:57.500000+00:00,combi,Lying,Lying
2024-09-27 17:10:57.500000+00:00,combi,Lying,Lying
2024-09-27 17:11:57.500000+00:00,combi,Lying,Lying
2024-09-27 17:12:57.500000+00:00,combi,Lying,Lying
2024-09-27 17:13:57.500000+00:00,combi,Lying,Lying
2024-09-27 17:14:57.500000+00:00,combi,Lying,Lying
2024-09-27 17:15:57.500000+00:00,combi,Lying,Lying
2024-09-27 17:16:57.500000+00:00,combi,Lying,Lying
2024-09-27 17:17:57.500000+00:00,combi,Lying,Lying
2024-09-27 17:18:57.500000+00:00,combi,Lying,Lying
2024-09-27 17:19:57.500000+00:00,combi,Lying,Lying
2024-09-27 17:20:57.500000+00:00,combi,Lying,Lying
2024-09-27 17:21:57.500000+00:00,combi,Lying,Lying
2024-09-27 17:22:57.500000+00:00,combi,Lying,Lying
2024-09-27 17:23:57.500000+00:00,combi,Lying,Lying
2024-09-27 17:24:57.500000+00:00,combi,Lying,Lying
2024-09-27 17:25:57.500000+00:00,combi,Lying,Lying
2024-09-27 17:26:57.500000+00:00,combi,Lying,Sitting
2024-09-27 17:27:57.500000+00:00,combi,Lying,Lying
2024-09-27 17:28:57.500000+00:00,combi,Lying,Lying
2024-09-27 17:29:57.500000+00:00,combi,Lying,Lying
2024-09-27 17:30:57.500000+00:00,combi,Lying,Lying
2024-09-27 17:31:57.500000+00:00,combi,Lying,Lying
2024-09-27 17:32:57.500000+00:00,combi,Lying,Lying
2024-09-27 17:33:57.500000+00:00,combi,Lying,Lying
2024-09-27 17:34:57.500000+00:00,combi,Lying,Lying
2024-09-27 17:35:57.500000+00:00,combi,Lying,Lying
2024-09-27 17:36:57.500000+00:00,combi,Lying,Lying
2024-09-27 17:37:57.500000+00:00,combi,Lying,Lying
2024-09-27 17:38:57.500000+00:00,combi,Lying,Lying
2024-09-27 17:39:57.500000+00:00,combi,Lying,Lying
2024-09-27 17:40:57.500000+00:00,combi,Lying,Lying
2024-09-27 17:41:57.500000+00:00,combi,Lying,Lying
2024-09-27 17:42:57.500000+00:00,combi,Lying,Lying
2024-09-27 17:43:57.500000+00:00,combi,Lying,Lying
2024-09-27 17:44:57.500000+00:00,combi,Lying,Sitting
2024-09-27 17:45:57.500000+00:00,combi,Lying,Lying
2024-09-27 17:46:57.500000+00:00,combi,Lying,Lying
2024-09-27 17:47:57.500000+00:00,combi,Lying,Lying
2024-09-27 17:48:57.500000+00:00,combi,Lying,Lying
2024-09-27 17:49:57.500000+00:00,combi,Lying,Lying
2024-09-27 17:50:57.500000+00:00,combi,Sitting,Sitting
2024-09-27 17:51:57.500000+00:00,combi,Sitting,Sitting
2024-09-27 17:52:57.500000+00:00,combi,Sitting,Sitting
2024-09-27 17:53:57.500000+00:00,combi,Sitting,Sitting
2024-09-27 17:54:57.500000+00:00,combi,Standing,Dynamic
2024-09-27 17:55:57.500000+00:00,combi,Standing,Standing
2024-09-27 17:56:57.500000+00:00,combi,Standing,Standing
2024-09-27 17:57:57.500000+00:00,combi,Sitting,Sitting
2024-09-27 17:58:57.500000+00:00,combi,Sitting,Sitting
2024-09-27 17:59:57.500000+00:00,combi,Sitting,Sitting
2024-09-27 18:00:57.500000+00:00,combi,Sitting,Sitting
2024-09-27 18:01:57.500000+00:00,combi,Sitting,Sitting
2024-09-27 18:02:57.500000+00:00,combi,Sitting,Sitting
2024-09-27 18:03:57.500000+00:00,combi,Lying,Lying
2024-09-27 18:04:57.500000+00:00,combi,Lying,Lying
2024-09-27 18:05:57.500000+00:00,combi,Sitting,Sitting
2024-09-27 18:06:57.500000+00:00,combi,Sitting,Sitting
2024-09-27 18:07:57.500000+00:00,combi,Sitting,Sitting
2024-09-27 18:08:57.500000+00:00,combi,Lying,Lying
2024-09-27 18:09:57.500000+00:00,combi,Sitting,Sitting
2024-09-27 18:10:57.500000+00:00,combi,Lying,Sitting
2024-09-27 18:11:57.500000+00:00,combi,Sitting,Sitting
2024-09-27 18:12:57.500000+00:00,combi,Sitting,Sitting
2024-09-27 18:13:57.500000+00:00,combi,Sitting,Sitting
2024-09-27 18:14:57.500000+00:00,combi,Lying,Lying
2024-09-27 18:15:57.500000+00:00,combi,Lying,Lying
2024-09-27 18:16:57.500000+00:00,combi,Sitting,Sitting
2024-09-27 18:17:57.500000+00:00,combi,Sitting,Lying
2024-09-27 18:18:57.500000+00:00,combi,Sitting,Sitting
2024-09-27 18:19:57.500000+00:00,combi,Sitting,Sitting
2024-09-27 18:20:57.500000+00:00,combi,Sitting,Sitting
2024-09-27 18:21:57.500000+00:00,combi,Sitting,Sitting
2024-09-27 18:22:57.500000+00:00,combi,Sitting,Sitting
2024-09-27 18:23:57.500000+00:00,combi,Sitting,Sitting
2024-09-27 18:24:57.500000+00:00,combi,Sitting,Sitting
2024-09-27 18:25:57.500000+00:00,combi,Sitting,Sitting
2024-09-27 18:26:57.500000+00:00,combi,Standing,Dynamic
2024-09-27 18:27:57.500000+00:00,combi,Standing,Dynamic
2024-09-27 18:28:57.500000+00:00,combi,Standing,Sitting
2024-09-27 18:29:57.500000+00:00,combi,Sitting,Sitting
2024-09-27 18:30:57.500000+00:00,combi,Sitting,Sitting
2024-09-27 18:31:57.500000+00:00,combi,Sitting,Sitting
2024-09-27 18:32:57.500000+00:00,combi,Sitting,Sitting
2024-09-27 18:33:57.500000+00:00,combi,Sitting,Sitting
2024-09-27 18:34:57.500000+00:00,combi,Standing,Dynamic
2024-09-27 18:35:57.500000+00:00,combi,Sitting,Sitting
2024-09-27 18:36:57.500000+00:00,combi,Sitting,Sitting
2024-09-27 18:37:57.500000+00:00,combi,Sitting,Sitting
2024-09-27 18:38:57.500000+00:00,combi,Sitting,Sitting
2024-09-27 18:39:57.500000+00:00,combi,Sitting,Sitting
2024-09-27 18:40:57.500000+00:00,combi,Sitting,Sitting
2024-09-27 18:41:57.500000+00:00,combi,Sitting,Sitting
2024-09-27 18:42:57.500000+00:00,combi,Sitting,Sitting
2024-09-27 18:43:57.500000+00:00,combi,Sitting,Sitting
2024-09-27 18:44:57.500000+00:00,combi,Standing,Standing
2024-09-27 18:45:57.500000+00:00,combi,Standing,Dynamic
2024-09-27 18:46:57.500000+00:00,combi,Standing,Dynamic
2024-09-27 18:47:57.500000+00:00,combi,Standing,Dynamic
2024-09-27 18:48:57.500000+00:00,combi,Standing,Dynamic
2024-09-27 18:49:57.500000+00:00,combi,Standing,Sitting
2024-09-27 18:50:57.500000+00:00,combi,Sitting,Sitting
2024-09-27 18:51:57.500000+00:00,combi,Sitting,Sitting
2024-09-27 18:52:57.500000+00:00,combi,Sitting,Sitting
2024-09-27 18:53:57.500000+00:00,combi,Sitting,Sitting
2024-09-27 18:54:57.500000+00:00,combi,Sitting,Sitting
2024-09-27 18:55:57.500000+00:00,combi,Sitting,Sitting
2024-09-27 18:56:57.500000+00:00,combi,Sitting,Sitting
2024-09-27 18:57:57.500000+00:00,combi,Sitting,Sitting
2024-09-27 18:58:57.500000+00:00,combi,Sitting,Sitting
2024-09-27 18:59:57.500000+00:00,combi,Standing,Dynamic
2024-09-27 19:00:57.500000+00:00,combi,Standing,Dynamic
2024-09-27 19:01:57.500000+00:00,combi,Sitting,Sitting
2024-09-27 19:02:57.500000+00:00,combi,Standing,Dynamic
2024-09-27 19:03:57.500000+00:00,combi,Sitting,Dynamic
2024-09-27 19:04:57.500000+00:00,combi,Lying,Lying
2024-09-27 19:05:57.500000+00:00,combi,Lying,Lying
2024-09-27 19:06:57.500000+00:00,combi,Lying,Lying
2024-09-27 19:07:57.500000+00:00,combi,Lying,Sitting
2024-09-27 19:08:57.500000+00:00,combi,Lying,Lying
2024-09-27 19:09:57.500000+00:00,combi,Lying,Lying
2024-09-27 19:10:57.500000+00:00,combi,Lying,Lying
2024-09-27 19:11:57.500000+00:00,combi,Lying,Lying
2024-09-27 19:12:57.500000+00:00,combi,Lying,Lying
2024-09-27 19:13:57.500000+00:00,combi,Lying,Lying
2024-09-27 19:14:57.500000+00:00,combi,Lying,Lying
2024-09-27 19:15:57.500000+00:00,combi,Lying,Lying
2024-09-27 19:16:57.500000+00:00,combi,Lying,Lying
2024-09-27 19:17:57.500000+00:00,combi,Lying,Lying
2024-09-27 19:18:57.500000+00:00,combi,Sitting,Sitting
2024-09-27 19:19:57.500000+00:00,combi,Sitting,Sitting
2024-09-27 19:20:57.500000+00:00,combi,Sitting,Sitting
2024-09-27 19:21:57.500000+00:00,combi,Sitting,Sitting
2024-09-27 19:22:57.500000+00:00,combi,Lying,Lying
2024-09-27 19:23:57.500000+00:00,combi,Lying,Sitting
2024-09-27 19:24:57.500000+00:00,combi,Lying,Lying
2024-09-27 19:25:57.500000+00:00,combi,Lying,Lying
2024-09-27 19:26:57.500000+00:00,combi,Lying,Lying
2024-09-27 19:27:57.500000+00:00,combi,Lying,Lying
2024-09-27 19:28:57.500000+00:00,combi,Lying,Lying
2024-09-27 19:29:57.500000+00:00,combi,Lying,Lying
2024-09-27 19:30:57.500000+00:00,combi,Lying,Lying
2024-09-27 19:31:57.500000+00:00,combi,Lying,Lying
2024-09-27 19:32:57.500000+00:00,combi,Sitting,Sitting
2024-09-27 19:33:57.500000+00:00,combi,Lying,Sitting
2024-09-27 19:34:57.500000+00:00,combi,Lying,Lying
2024-09-27 19:35:57.500000+00:00,combi,Lying,Lying
2024-09-27 19:36:57.500000+00:00,combi,Lying,Lying
2024-09-27 19:37:57.500000+00:00,combi,Lying,Lying
2024-09-27 19:38:57.500000+00:00,combi,Lying,Lying
2024-09-27 19:39:57.500000+00:00,combi,Lying,Lying
2024-09-27 19:40:57.500000+00:00,combi,Lying,Lying
2024-09-27 19:41:57.500000+00:00,combi,Lying,Lying
2024-09-27 19:42:57.500000+00:00,combi,Lying,Lying
2024-09-27 19:43:57.500000+00:00,combi,Lying,Lying
2024-09-27 19:44:57.500000+00:00,combi,Lying,Lying
2024-09-27 19:45:57.500000+00:00,combi,Lying,Lying
2024-09-27 19:46:57.500000+00:00,combi,Lying,Lying
2024-09-27 19:47:57.500000+00:00,combi,Sitting,Sitting
2024-09-27 19:48:57.500000+00:00,combi,Sitting,Sitting
2024-09-27 19:49:57.500000+00:00,combi,Sitting,Sitting
2024-09-27 19:50:57.500000+00:00,combi,Sitting,Sitting
2024-09-27 19:51:57.500000+00:00,combi,Sitting,Sitting
2024-09-27 19:52:57.500000+00:00,combi,Sitting,Sitting
2024-09-27 19:53:57.500000+00:00,combi,Sitting,Sitting
2024-09-27 19:54:57.500000+00:00,combi,Sitting,Sitting
2024-09-27 19:55:57.500000+00:00,combi,Sitting,Sitting
2024-09-27 19:56:57.500000+00:00,combi,Sitting,Sitting
2024-09-27 19:57:57.500000+00:00,combi,Sitting,Sitting
2024-09-27 19:58:57.500000+00:00,combi,Sitting,Sitting
2024-09-27 19:59:57.500000+00:00,combi,Sitting,Sitting
2024-09-27 20:00:57.500000+00:00,combi,Sitting,Sitting
2024-09-27 20:01:57.500000+00:00,combi,Sitting,Sitting
2024-09-27 20:02:57.500000+00:00,combi,Sitting,Sitting
2024-09-27 20:03:57.500000+00:00,combi,Sitting,Sitting
2024-09-27 20:04:57.500000+00:00,combi,Sitting,Sitting
2024-09-27 20:05:57.500000+00:00,combi,Lying,Lying
2024-09-27 20:06:57.500000+00:00,combi,Lying,Lying
2024-09-27 20:07:57.500000+00:00,combi,Sitting,Sitting
2024-09-27 20:08:57.500000+00:00,combi,Sitting,Sitting
2024-09-27 20:09:57.500000+00:00,combi,Sitting,Sitting
2024-09-27 20:10:57.500000+00:00,combi,Sitting,Sitting
2024-09-27 20:11:57.500000+00:00,combi,Sitting,Sitting
2024-09-27 20:12:57.500000+00:00,combi,Standing,Dynamic
2024-09-27 20:13:57.500000+00:00,combi,Sitting,Sitting
2024-09-27 20:14:57.500000+00:00,combi,Sitting,Sitting
2024-09-27 20:15:57.500000+00:00,combi,Sitting,Sitting
2024-09-27 20:16:57.500000+00:00,combi,Sitting,Sitting
2024-09-27 20:17:57.500000+00:00,combi,Sitting,Dynamic
2024-09-27 20:18:57.500000+00:00,combi,Sitting,Sitting
2024-09-27 20:19:57.500000+00:00,combi,Sitting,Sitting
2024-09-27 20:20:57.500000+00:00,combi,Sitting,Sitting
2024-09-27 20:21:57.500000+00:00,combi,Sitting,Sitting
2024-09-27 20:22:57.500000+00:00,combi,Sitting,Sitting
2024-09-27 20:23:57.500000+00:00,combi,Sitting,Sitting
2024-09-27 20:24:57.500000+00:00,combi,Sitting,Sitting
2024-09-27 20:25:57.500000+00:00,combi,Sitting,Sitting
2024-09-27 20:26:57.500000+00:00,combi,Sitting,Sitting
2024-09-27 20:27:57.500000+00:00,combi,Sitting,Sitting
2024-09-27 20:28:57.500000+00:00,combi,Sitting,Sitting
2024-09-27 20:29:57.500000+00:00,combi,Sitting,Sitting
2024-09-27 20:30:57.500000+00:00,combi,Sitting,Sitting
2024-09-27 20:31:57.500000+00:00,combi,Sitting,Sitting
2024-09-27 20:32:57.500000+00:00,combi,Sitting,Sitting
2024-09-27 20:33:57.500000+00:00,combi,Sitting,Sitting
2024-09-27 20:34:57.500000+00:00,combi,Sitting,Sitting
2024-09-27 20:35:57.500000+00:00,combi,Sitting,Sitting
2024-09-27 20:36:57.500000+00:00,combi,Sitting,Sitting
2024-09-27 20:37:57.500000+00:00,combi,Sitting,Sitting
2024-09-27 20:38:57.500000+00:00,combi,Sitting,Sitting
2024-09-27 20:39:57.500000+00:00,combi,Sitting,Dynamic
2024-09-27 20:40:57.500000+00:00,combi,Sitting,Sitting
2024-09-27 20:41:57.500000+00:00,combi,Sitting,Sitting
2024-09-27 20:42:57.500000+00:00,combi,Sitting,Sitting
2024-09-27 20:43:57.500000+00:00,combi,Sitting,Sitting
2024-09-27 20:44:57.500000+00:00,combi,Sitting,Sitting
2024-09-27 20:45:57.500000+00:00,combi,Sitting,Sitting
2024-09-27 20:46:57.500000+00:00,combi,Sitting,Sitting
2024-09-27 20:47:57.500000+00:00,combi,Sitting,Sitting
2024-09-27 20:48:57.500000+00:00,combi,Sitting,Sitting
2024-09-27 20:49:57.500000+00:00,combi,Sitting,Sitting
2024-09-27 20:50:57.500000+00:00,combi,Sitting,Sitting
2024-09-27 20:51:57.500000+00:00,combi,Sitting,Sitting
2024-09-27 20:52:57.500000+00:00,combi,Sitting,Sitting
2024-09-27 20:53:57.500000+00:00,combi,Sitting,Sitting
2024-09-27 20:54:57.500000+00:00,combi,Sitting,Sitting
2024-09-27 20:55:57.500000+00:00,combi,Sitting,Sitting
2024-09-27 20:56:57.500000+00:00,combi,Sitting,Sitting
2024-09-27 20:57:57.500000+00:00,combi,Sitting,Sitting
2024-09-27 20:58:57.500000+00:00,combi,Sitting,Sitting
2024-09-27 20:59:57.500000+00:00,combi,Sitting,Sitting
2024-09-27 21:00:57.500000+00:00,combi,Sitting,Sitting
2024-09-27 21:01:57.500000+00:00,combi,Sitting,Sitting
2024-09-27 21:02:57.500000+00:00,combi,Sitting,Sitting
2024-09-27 21:03:57.500000+00:00,combi,Sitting,Sitting
2024-09-27 21:04:57.500000+00:00,combi,Sitting,Sitting
2024-09-27 21:05:57.500000+00:00,combi,Sitting,Sitting
2024-09-27 21:06:57.500000+00:00,combi,Standing,Dynamic
2024-09-27 21:07:57.500000+00:00,combi,Sitting,Sitting
2024-09-27 21:08:57.500000+00:00,combi,Sitting,Sitting
2024-09-27 21:09:57.500000+00:00,combi,Sitting,Sitting
2024-09-27 21:10:57.500000+00:00,combi,Sitting,Sitting
2024-09-27 21:11:57.500000+00:00,combi,Standing,Standing
2024-09-27 21:12:57.500000+00:00,combi,Standing,Standing
2024-09-27 21:13:57.500000+00:00,combi,Standing,Dynamic
2024-09-27 21:14:57.500000+00:00,combi,Standing,Dynamic
2024-09-27 21:15:57.500000+00:00,combi,Standing,Dynamic
2024-09-27 21:16:57.500000+00:00,combi,Standing,Dynamic
2024-09-27 21:17:57.500000+00:00,combi,Standing,Dynamic
2024-09-27 21:18:57.500000+00:00,combi,Standing,Dynamic
2024-09-27 21:19:57.500000+00:00,combi,Standing,Dynamic
2024-09-27 21:20:57.500000+00:00,combi,Standing,Standing
2024-09-27 21:21:57.500000+00:00,combi,Standing,Dynamic
2024-09-27 21:22:57.500000+00:00,combi,Standing,Dynamic
2024-09-27 21:23:57.500000+00:00,combi,Standing,Dynamic
2024-09-27 21:24:57.500000+00:00,combi,Standing,Dynamic
2024-09-27 21:25:57.500000+00:00,combi,Standing,Dynamic
2024-09-27 21:26:57.500000+00:00,combi,Standing,Dynamic
2024-09-27 21:27:57.500000+00:00,combi,Standing,Dynamic
2024-09-27 21:28:57.500000+00:00,combi,Standing,Dynamic
2024-09-27 21:29:57.500000+00:00,combi,Standing,Standing
2024-09-27 21:30:57.500000+00:00,combi,Standing,Standing
2024-09-27 21:31:57.500000+00:00,combi,Sitting,Sitting
2024-09-27 21:32:57.500000+00:00,combi,Sitting,Sitting
2024-09-27 21:33:57.500000+00:00,combi,Sitting,Sitting
2024-09-27 21:34:57.500000+00:00,combi,Sitting,Sitting
2024-09-27 21:35:57.500000+00:00,combi,Sitting,Sitting
2024-09-27 21:36:57.500000+00:00,combi,Sitting,Sitting
2024-09-27 21:37:57.500000+00:00,combi,Sitting,Sitting
2024-09-27 21:38:57.500000+00:00,combi,Sitting,Sitting
2024-09-27 21:39:57.500000+00:00,combi,Sitting,Sitting
2024-09-27 21:40:57.500000+00:00,combi,Sitting,Sitting
2024-09-27 21:41:57.500000+00:00,combi,Sitting,Sitting
2024-09-27 21:42:57.500000+00:00,combi,Sitting,Sitting
2024-09-27 21:43:57.500000+00:00,combi,Sitting,Sitting
2024-09-27 21:44:57.500000+00:00,combi,Sitting,Sitting
2024-09-27 21:45:57.500000+00:00,combi,Sitting,Sitting
2024-09-27 21:46:57.500000+00:00,combi,Sitting,Sitting
2024-09-27 21:47:57.500000+00:00,combi,Sitting,Sitting
2024-09-27 21:48:57.500000+00:00,combi,Sitting,Sitting
2024-09-27 21:49:57.500000+00:00,combi,Sitting,Sitting
2024-09-27 21:50:57.500000+00:00,combi,Sitting,Sitting
