Time,Participant,Majority_postures,Majority_including_dynamic
2024-11-02 04:42:22.500000+00:00,combi,Lying,Lying
2024-11-02 04:43:22.500000+00:00,combi,Lying,Lying
2024-11-02 04:44:22.500000+00:00,combi,Lying,Lying
2024-11-02 04:45:22.500000+00:00,combi,Lying,Lying
2024-11-02 04:46:22.500000+00:00,combi,Lying,Lying
2024-11-02 04:47:22.500000+00:00,combi,Lying,Lying
2024-11-02 04:48:22.500000+00:00,combi,Lying,Lying
2024-11-02 04:49:22.500000+00:00,combi,Lying,Lying
2024-11-02 04:50:22.500000+00:00,combi,Lying,Lying
2024-11-02 04:51:22.500000+00:00,combi,Lying,Lying
2024-11-02 04:52:22.500000+00:00,combi,Lying,Lying
2024-11-02 04:53:22.500000+00:00,combi,Lying,Lying
2024-11-02 04:54:22.500000+00:00,combi,Lying,Lying
2024-11-02 04:55:22.500000+00:00,combi,Lying,Lying
2024-11-02 04:56:22.500000+00:00,combi,Lying,Lying
2024-11-02 04:57:22.500000+00:00,combi,Lying,Lying
2024-11-02 04:58:22.500000+00:00,combi,Lying,Lying
2024-11-02 04:59:22.500000+00:00,combi,Lying,Lying
2024-11-02 05:00:22.500000+00:00,combi,Lying,Lying
2024-11-02 05:01:22.500000+00:00,combi,Lying,Lying
2024-11-02 05:02:22.500000+00:00,combi,Lying,Lying
2024-11-02 05:03:22.500000+00:00,combi,Lying,Lying
2024-11-02 05:04:22.500000+00:00,combi,Lying,Lying
2024-11-02 05:05:22.500000+00:00,combi,Lying,Lying
2024-11-02 05:06:22.500000+00:00,combi,Lying,Lying
2024-11-02 05:07:22.500000+00:00,combi,Lying,Lying
2024-11-02 05:08:22.500000+00:00,combi,Lying,Lying
2024-11-02 05:09:22.500000+00:00,combi,Lying,Lying
2024-11-02 05:10:22.500000+00:00,combi,Lying,Lying
2024-11-02 05:11:22.500000+00:00,combi,Lying,Lying
2024-11-02 05:12:22.500000+00:00,combi,Lying,Lying
2024-11-02 05:13:22.500000+00:00,combi,Lying,Lying
2024-11-02 05:14:22.500000+00:00,combi,Lying,Lying
2024-11-02 05:15:22.500000+00:00,combi,Lying,Lying
2024-11-02 05:16:22.500000+00:00,combi,Lying,Lying
2024-11-02 05:17:22.500000+00:00,combi,Lying,Lying
2024-11-02 05:18:22.500000+00:00,combi,Lying,Lying
2024-11-02 05:19:22.500000+00:00,combi,Lying,Lying
2024-11-02 05:20:22.500000+00:00,combi,Lying,Lying
2024-11-02 05:21:22.500000+00:00,combi,Lying,Lying
2024-11-02 05:22:22.500000+00:00,combi,Lying,Lying
2024-11-02 05:23:22.500000+00:00,combi,Lying,Lying
2024-11-02 05:24:22.500000+00:00,combi,Lying,Lying
2024-11-02 05:25:22.500000+00:00,combi,Lying,Lying
2024-11-02 05:26:22.500000+00:00,combi,Lying,Lying
2024-11-02 05:27:22.500000+00:00,combi,Lying,Lying
2024-11-02 05:28:22.500000+00:00,combi,Lying,Lying
2024-11-02 05:29:22.500000+00:00,combi,Lying,Lying
2024-11-02 05:30:22.500000+00:00,combi,Lying,Lying
2024-11-02 05:31:22.500000+00:00,combi,Lying,Lying
2024-11-02 05:32:22.500000+00:00,combi,Lying,Lying
2024-11-02 05:33:22.500000+00:00,combi,Lying,Lying
2024-11-02 05:34:22.500000+00:00,combi,Lying,Lying
2024-11-02 05:35:22.500000+00:00,combi,Lying,Lying
2024-11-02 05:36:22.500000+00:00,combi,Lying,Lying
2024-11-02 05:37:22.500000+00:00,combi,Lying,Lying
2024-11-02 05:38:22.500000+00:00,combi,Lying,Lying
2024-11-02 05:39:22.500000+00:00,combi,Lying,Lying
2024-11-02 05:40:22.500000+00:00,combi,Lying,Lying
2024-11-02 05:41:22.500000+00:00,combi,Lying,Lying
2024-11-02 05:42:22.500000+00:00,combi,Lying,Lying
2024-11-02 05:43:22.500000+00:00,combi,Lying,Lying
2024-11-02 05:44:22.500000+00:00,combi,Lying,Lying
2024-11-02 05:45:22.500000+00:00,combi,Lying,Lying
2024-11-02 05:46:22.500000+00:00,combi,Lying,Lying
2024-11-02 05:47:22.500000+00:00,combi,Lying,Lying
2024-11-02 05:48:22.500000+00:00,combi,Lying,Lying
2024-11-02 05:49:22.500000+00:00,combi,Lying,Lying
2024-11-02 05:50:22.500000+00:00,combi,Lying,Lying
2024-11-02 05:51:22.500000+00:00,combi,Lying,Lying
2024-11-02 05:52:22.500000+00:00,combi,Lying,Lying
2024-11-02 05:53:22.500000+00:00,combi,Lying,Lying
2024-11-02 05:54:22.500000+00:00,combi,Lying,Lying
2024-11-02 05:55:22.500000+00:00,combi,Lying,Lying
2024-11-02 05:56:22.500000+00:00,combi,Lying,Lying
2024-11-02 05:57:22.500000+00:00,combi,Lying,Lying
2024-11-02 05:58:22.500000+00:00,combi,Lying,Lying
2024-11-02 05:59:22.500000+00:00,combi,Lying,Lying
2024-11-02 06:00:22.500000+00:00,combi,Sitting,Sitting
2024-11-02 06:01:22.500000+00:00,combi,Sitting,Sitting
2024-11-02 06:02:22.500000+00:00,combi,Sitting,Sitting
2024-11-02 06:03:22.500000+00:00,combi,Sitting,Sitting
2024-11-02 06:04:22.500000+00:00,combi,Sitting,Sitting
2024-11-02 06:05:22.500000+00:00,combi,Sitting,Sitting
2024-11-02 06:06:22.500000+00:00,combi,Sitting,Sitting
2024-11-02 06:07:22.500000+00:00,combi,Sitting,Sitting
2024-11-02 06:08:22.500000+00:00,combi,Sitting,Sitting
2024-11-02 06:09:22.500000+00:00,combi,Sitting,Sitting
2024-11-02 06:10:22.500000+00:00,combi,Sitting,Sitting
2024-11-02 06:11:22.500000+00:00,combi,Sitting,Sitting
2024-11-02 06:12:22.500000+00:00,combi,Sitting,Sitting
2024-11-02 06:13:22.500000+00:00,combi,Sitting,Sitting
2024-11-02 06:14:22.500000+00:00,combi,Sitting,Sitting
2024-11-02 06:15:22.500000+00:00,combi,Sitting,Sitting
2024-11-02 06:16:22.500000+00:00,combi,Sitting,Sitting
2024-11-02 06:17:22.500000+00:00,combi,Sitting,Sitting
2024-11-02 06:18:22.500000+00:00,combi,Sitting,Sitting
2024-11-02 06:19:22.500000+00:00,combi,Sitting,Sitting
2024-11-02 06:20:22.500000+00:00,combi,Sitting,Sitting
2024-11-02 06:21:22.500000+00:00,combi,Sitting,Sitting
2024-11-02 06:22:22.500000+00:00,combi,Sitting,Sitting
2024-11-02 06:23:22.500000+00:00,combi,Sitting,Sitting
2024-11-02 06:24:22.500000+00:00,combi,Sitting,Sitting
2024-11-02 06:25:22.500000+00:00,combi,Sitting,Sitting
2024-11-02 06:26:22.500000+00:00,combi,Sitting,Sitting
2024-11-02 06:27:22.500000+00:00,combi,Sitting,Sitting
2024-11-02 06:28:22.500000+00:00,combi,Sitting,Sitting
2024-11-02 06:29:22.500000+00:00,combi,Sitting,Sitting
2024-11-02 06:30:22.500000+00:00,combi,Sitting,Sitting
2024-11-02 06:31:22.500000+00:00,combi,Sitting,Sitting
2024-11-02 06:32:22.500000+00:00,combi,Sitting,Sitting
2024-11-02 06:33:22.500000+00:00,combi,Sitting,Sitting
2024-11-02 06:34:22.500000+00:00,combi,Sitting,Sitting
2024-11-02 06:35:22.500000+00:00,combi,Sitting,Sitting
2024-11-02 06:36:22.500000+00:00,combi,Sitting,Sitting
2024-11-02 06:37:22.500000+00:00,combi,Sitting,Sitting
2024-11-02 06:38:22.500000+00:00,combi,Sitting,Sitting
2024-11-02 06:39:22.500000+00:00,combi,Sitting,Sitting
2024-11-02 06:40:22.500000+00:00,combi,Sitting,Sitting
2024-11-02 06:41:22.500000+00:00,combi,Sitting,Sitting
2024-11-02 06:42:22.500000+00:00,combi,Sitting,Sitting
2024-11-02 06:43:22.500000+00:00,combi,Sitting,Sitting
2024-11-02 06:44:22.500000+00:00,combi,Sitting,Sitting
2024-11-02 06:45:22.500000+00:00,combi,Sitting,Sitting
2024-11-02 06:46:22.500000+00:00,combi,Sitting,Sitting
2024-11-02 06:47:22.500000+00:00,combi,Sitting,Sitting
2024-11-02 06:48:22.500000+00:00,combi,Sitting,Sitting
2024-11-02 06:49:22.500000+00:00,combi,Sitting,Sitting
2024-11-02 06:50:22.500000+00:00,combi,Sitting,Sitting
2024-11-02 06:51:22.500000+00:00,combi,Sitting,Sitting
2024-11-02 06:52:22.500000+00:00,combi,Sitting,Sitting
2024-11-02 06:53:22.500000+00:00,combi,Sitting,Sitting
2024-11-02 06:54:22.500000+00:00,combi,Sitting,Sitting
2024-11-02 06:55:22.500000+00:00,combi,Sitting,Sitting
2024-11-02 06:56:22.500000+00:00,combi,Sitting,Sitting
2024-11-02 06:57:22.500000+00:00,combi,Sitting,Sitting
2024-11-02 06:58:22.500000+00:00,combi,Sitting,Sitting
2024-11-02 06:59:22.500000+00:00,combi,Sitting,Sitting
2024-11-02 07:00:22.500000+00:00,combi,Sitting,Sitting
2024-11-02 07:01:22.500000+00:00,combi,Sitting,Sitting
2024-11-02 07:02:22.500000+00:00,combi,Sitting,Sitting
2024-11-02 07:03:22.500000+00:00,combi,Sitting,Sitting
2024-11-02 07:04:22.500000+00:00,combi,Sitting,Sitting
2024-11-02 07:05:22.500000+00:00,combi,Sitting,Sitting
2024-11-02 07:06:22.500000+00:00,combi,Sitting,Sitting
2024-11-02 07:07:22.500000+00:00,combi,Sitting,Sitting
2024-11-02 07:08:22.500000+00:00,combi,Sitting,Sitting
2024-11-02 07:09:22.500000+00:00,combi,Sitting,Sitting
2024-11-02 07:10:22.500000+00:00,combi,Sitting,Sitting
2024-11-02 07:11:22.500000+00:00,combi,Sitting,Sitting
2024-11-02 07:12:22.500000+00:00,combi,Sitting,Sitting
2024-11-02 07:13:22.500000+00:00,combi,Sitting,Sitting
2024-11-02 07:14:22.500000+00:00,combi,Sitting,Sitting
2024-11-02 07:15:22.500000+00:00,combi,Sitting,Sitting
2024-11-02 07:16:22.500000+00:00,combi,Sitting,Sitting
2024-11-02 07:17:22.500000+00:00,combi,Sitting,Sitting
2024-11-02 07:18:22.500000+00:00,combi,Sitting,Sitting
2024-11-02 07:19:22.500000+00:00,combi,Sitting,Sitting
2024-11-02 07:20:22.500000+00:00,combi,Sitting,Sitting
2024-11-02 07:21:22.500000+00:00,combi,Sitting,Sitting
2024-11-02 07:22:22.500000+00:00,combi,Sitting,Sitting
2024-11-02 07:23:22.500000+00:00,combi,Sitting,Sitting
2024-11-02 07:24:22.500000+00:00,combi,Sitting,Sitting
2024-11-02 07:25:22.500000+00:00,combi,Sitting,Sitting
2024-11-02 07:26:22.500000+00:00,combi,Sitting,Sitting
2024-11-02 07:27:22.500000+00:00,combi,Sitting,Sitting
2024-11-02 07:28:22.500000+00:00,combi,Sitting,Sitting
2024-11-02 07:29:22.500000+00:00,combi,Sitting,Sitting
2024-11-02 07:30:22.500000+00:00,combi,Sitting,Sitting
2024-11-02 07:31:22.500000+00:00,combi,Sitting,Sitting
2024-11-02 07:32:22.500000+00:00,combi,Sitting,Sitting
2024-11-02 07:33:22.500000+00:00,combi,Sitting,Sitting
2024-11-02 07:34:22.500000+00:00,combi,Sitting,Sitting
2024-11-02 07:35:22.500000+00:00,combi,Sitting,Sitting
2024-11-02 07:36:22.500000+00:00,combi,Sitting,Sitting
2024-11-02 07:37:22.500000+00:00,combi,Sitting,Sitting
2024-11-02 07:38:22.500000+00:00,combi,Sitting,Sitting
2024-11-02 07:39:22.500000+00:00,combi,Sitting,Sitting
2024-11-02 07:40:22.500000+00:00,combi,Sitting,Sitting
2024-11-02 07:41:22.500000+00:00,combi,Sitting,Sitting
2024-11-02 07:42:22.500000+00:00,combi,Sitting,Sitting
2024-11-02 07:43:22.500000+00:00,combi,Sitting,Sitting
2024-11-02 07:44:22.500000+00:00,combi,Sitting,Sitting
2024-11-02 07:45:22.500000+00:00,combi,Sitting,Sitting
2024-11-02 07:46:22.500000+00:00,combi,Sitting,Sitting
2024-11-02 07:47:22.500000+00:00,combi,Sitting,Sitting
2024-11-02 07:48:22.500000+00:00,combi,Sitting,Sitting
2024-11-02 07:49:22.500000+00:00,combi,Sitting,Sitting
2024-11-02 07:50:22.500000+00:00,combi,Sitting,Sitting
2024-11-02 07:51:22.500000+00:00,combi,Sitting,Sitting
2024-11-02 07:52:22.500000+00:00,combi,Sitting,Sitting
2024-11-02 07:53:22.500000+00:00,combi,Sitting,Sitting
2024-11-02 07:54:22.500000+00:00,combi,Sitting,Sitting
2024-11-02 07:55:22.500000+00:00,combi,Sitting,Sitting
2024-11-02 07:56:22.500000+00:00,combi,Sitting,Sitting
2024-11-02 07:57:22.500000+00:00,combi,Sitting,Sitting
2024-11-02 07:58:22.500000+00:00,combi,Lying,Lying
2024-11-02 07:59:22.500000+00:00,combi,Lying,Lying
2024-11-02 08:00:22.500000+00:00,combi,Lying,Lying
2024-11-02 08:01:22.500000+00:00,combi,Lying,Lying
2024-11-02 08:02:22.500000+00:00,combi,Lying,Lying
2024-11-02 08:03:22.500000+00:00,combi,Lying,Lying
2024-11-02 08:04:22.500000+00:00,combi,Lying,Lying
2024-11-02 08:05:22.500000+00:00,combi,Lying,Lying
2024-11-02 08:06:22.500000+00:00,combi,Lying,Lying
2024-11-02 08:07:22.500000+00:00,combi,Lying,Lying
2024-11-02 08:08:22.500000+00:00,combi,Lying,Lying
2024-11-02 08:09:22.500000+00:00,combi,Lying,Lying
2024-11-02 08:10:22.500000+00:00,combi,Lying,Lying
2024-11-02 08:11:22.500000+00:00,combi,Lying,Lying
2024-11-02 08:12:22.500000+00:00,combi,Lying,Lying
2024-11-02 08:13:22.500000+00:00,combi,Lying,Lying
2024-11-02 08:14:22.500000+00:00,combi,Lying,Lying
2024-11-02 08:15:22.500000+00:00,combi,Lying,Lying
2024-11-02 08:16:22.500000+00:00,combi,Lying,Lying
2024-11-02 08:17:22.500000+00:00,combi,Lying,Lying
2024-11-02 08:18:22.500000+00:00,combi,Lying,Lying
2024-11-02 08:19:22.500000+00:00,combi,Lying,Lying
2024-11-02 08:20:22.500000+00:00,combi,Lying,Lying
2024-11-02 08:21:22.500000+00:00,combi,Lying,Lying
2024-11-02 08:22:22.500000+00:00,combi,Lying,Lying
2024-11-02 08:23:22.500000+00:00,combi,Lying,Lying
2024-11-02 08:24:22.500000+00:00,combi,Lying,Lying
2024-11-02 08:25:22.500000+00:00,combi,Lying,Lying
2024-11-02 08:26:22.500000+00:00,combi,Lying,Lying
2024-11-02 08:27:22.500000+00:00,combi,Lying,Lying
2024-11-02 08:28:22.500000+00:00,combi,Lying,Lying
2024-11-02 08:29:22.500000+00:00,combi,Lying,Lying
2024-11-02 08:30:22.500000+00:00,combi,Lying,Lying
2024-11-02 08:31:22.500000+00:00,combi,Lying,Lying
2024-11-02 08:32:22.500000+00:00,combi,Lying,Lying
2024-11-02 08:33:22.500000+00:00,combi,Lying,Lying
2024-11-02 08:34:22.500000+00:00,combi,Lying,Lying
2024-11-02 08:35:22.500000+00:00,combi,Lying,Lying
2024-11-02 08:36:22.500000+00:00,combi,Lying,Lying
2024-11-02 08:37:22.500000+00:00,combi,Lying,Lying
2024-11-02 08:38:22.500000+00:00,combi,Lying,Lying
2024-11-02 08:39:22.500000+00:00,combi,Lying,Lying
2024-11-02 08:40:22.500000+00:00,combi,Lying,Lying
2024-11-02 08:41:22.500000+00:00,combi,Lying,Lying
2024-11-02 08:42:22.500000+00:00,combi,Lying,Lying
2024-11-02 08:43:22.500000+00:00,combi,Lying,Lying
2024-11-02 08:44:22.500000+00:00,combi,Lying,Lying
2024-11-02 08:45:22.500000+00:00,combi,Lying,Lying
2024-11-02 08:46:22.500000+00:00,combi,Lying,Lying
2024-11-02 08:47:22.500000+00:00,combi,Lying,Lying
2024-11-02 08:48:22.500000+00:00,combi,Lying,Lying
2024-11-02 08:49:22.500000+00:00,combi,Lying,Lying
2024-11-02 08:50:22.500000+00:00,combi,Lying,Lying
2024-11-02 08:51:22.500000+00:00,combi,Lying,Lying
2024-11-02 08:52:22.500000+00:00,combi,Lying,Lying
2024-11-02 08:53:22.500000+00:00,combi,Lying,Lying
2024-11-02 08:54:22.500000+00:00,combi,Lying,Lying
2024-11-02 08:55:22.500000+00:00,combi,Lying,Lying
2024-11-02 08:56:22.500000+00:00,combi,Lying,Lying
2024-11-02 08:57:22.500000+00:00,combi,Lying,Lying
2024-11-02 08:58:22.500000+00:00,combi,Lying,Lying
2024-11-02 08:59:22.500000+00:00,combi,Lying,Lying
2024-11-02 09:00:22.500000+00:00,combi,Lying,Lying
2024-11-02 09:01:22.500000+00:00,combi,Standing,Dynamic
2024-11-02 09:02:22.500000+00:00,combi,Standing,Dynamic
2024-11-02 09:03:22.500000+00:00,combi,Standing,Dynamic
2024-11-02 09:04:22.500000+00:00,combi,Standing,Dynamic
2024-11-02 09:05:22.500000+00:00,combi,Sitting,Sitting
2024-11-02 09:06:22.500000+00:00,combi,Sitting,Sitting
2024-11-02 09:07:22.500000+00:00,combi,Sitting,Sitting
2024-11-02 09:08:22.500000+00:00,combi,Sitting,Sitting
2024-11-02 09:09:22.500000+00:00,combi,Standing,Standing
2024-11-02 09:10:22.500000+00:00,combi,Standing,Standing
2024-11-02 09:11:22.500000+00:00,combi,Standing,Dynamic
2024-11-02 09:12:22.500000+00:00,combi,Standing,Dynamic
2024-11-02 09:13:22.500000+00:00,combi,Standing,Dynamic
2024-11-02 09:14:22.500000+00:00,combi,Standing,Dynamic
2024-11-02 09:15:22.500000+00:00,combi,Standing,Dynamic
2024-11-02 09:16:22.500000+00:00,combi,Standing,Standing
2024-11-02 09:17:22.500000+00:00,combi,Standing,Dynamic
2024-11-02 09:18:22.500000+00:00,combi,Standing,Standing
2024-11-02 09:19:22.500000+00:00,combi,Standing,Sitting
2024-11-02 09:20:22.500000+00:00,combi,Sitting,Sitting
2024-11-02 09:21:22.500000+00:00,combi,Standing,Dynamic
2024-11-02 09:22:22.500000+00:00,combi,Standing,Dynamic
2024-11-02 09:23:22.500000+00:00,combi,Standing,Dynamic
2024-11-02 09:24:22.500000+00:00,combi,Standing,Standing
2024-11-02 09:25:22.500000+00:00,combi,Standing,Standing
2024-11-02 09:26:22.500000+00:00,combi,Lying,Lying
2024-11-02 09:27:22.500000+00:00,combi,Standing,Standing
2024-11-02 09:28:22.500000+00:00,combi,Sitting,Sitting
2024-11-02 09:29:22.500000+00:00,combi,Standing,Dynamic
2024-11-02 09:30:22.500000+00:00,combi,Standing,Standing
2024-11-02 09:31:22.500000+00:00,combi,Standing,Standing
2024-11-02 09:32:22.500000+00:00,combi,Standing,Standing
2024-11-02 09:33:22.500000+00:00,combi,Standing,Sitting
2024-11-02 09:34:22.500000+00:00,combi,Sitting,Dynamic
2024-11-02 09:35:22.500000+00:00,combi,Standing,Dynamic
2024-11-02 09:36:22.500000+00:00,combi,Standing,Standing
2024-11-02 09:37:22.500000+00:00,combi,Standing,Dynamic
2024-11-02 09:38:22.500000+00:00,combi,Standing,Standing
2024-11-02 09:39:22.500000+00:00,combi,Sitting,Sitting
2024-11-02 09:40:22.500000+00:00,combi,Standing,Dynamic
2024-11-02 09:41:22.500000+00:00,combi,Standing,Standing
2024-11-02 09:42:22.500000+00:00,combi,Standing,Standing
2024-11-02 09:43:22.500000+00:00,combi,Standing,Standing
2024-11-02 09:44:22.500000+00:00,combi,Standing,Dynamic
2024-11-02 09:45:22.500000+00:00,combi,Standing,Dynamic
2024-11-02 09:46:22.500000+00:00,combi,Sitting,Sitting
2024-11-02 09:47:22.500000+00:00,combi,Standing,Sitting
2024-11-02 09:48:22.500000+00:00,combi,Standing,Standing
2024-11-02 09:49:22.500000+00:00,combi,Standing,Standing
2024-11-02 09:50:22.500000+00:00,combi,Standing,Standing
2024-11-02 09:51:22.500000+00:00,combi,Standing,Standing
2024-11-02 09:52:22.500000+00:00,combi,Standing,Dynamic
2024-11-02 09:53:22.500000+00:00,combi,Standing,Dynamic
2024-11-02 09:54:22.500000+00:00,combi,Standing,Standing
2024-11-02 09:55:22.500000+00:00,combi,Standing,Standing
2024-11-02 09:56:22.500000+00:00,combi,Standing,Standing
2024-11-02 09:57:22.500000+00:00,combi,Standing,Dynamic
2024-11-02 09:58:22.500000+00:00,combi,Standing,Dynamic
2024-11-02 09:59:22.500000+00:00,combi,Standing,Dynamic
2024-11-02 10:00:22.500000+00:00,combi,Standing,Standing
2024-11-02 10:01:22.500000+00:00,combi,Standing,Dynamic
2024-11-02 10:02:22.500000+00:00,combi,Standing,Dynamic
2024-11-02 10:03:22.500000+00:00,combi,Standing,Dynamic
2024-11-02 10:04:22.500000+00:00,combi,Standing,Dynamic
2024-11-02 10:05:22.500000+00:00,combi,Sitting,Sitting
2024-11-02 10:06:22.500000+00:00,combi,Sitting,Sitting
2024-11-02 10:07:22.500000+00:00,combi,Sitting,Sitting
2024-11-02 10:08:22.500000+00:00,combi,Sitting,Sitting
2024-11-02 10:09:22.500000+00:00,combi,Sitting,Sitting
2024-11-02 10:10:22.500000+00:00,combi,Sitting,Sitting
2024-11-02 10:11:22.500000+00:00,combi,Sitting,Sitting
2024-11-02 10:12:22.500000+00:00,combi,Sitting,Sitting
2024-11-02 10:13:22.500000+00:00,combi,Sitting,Sitting
2024-11-02 10:14:22.500000+00:00,combi,Sitting,Sitting
2024-11-02 10:15:22.500000+00:00,combi,Sitting,Sitting
2024-11-02 10:16:22.500000+00:00,combi,Sitting,Sitting
2024-11-02 10:17:22.500000+00:00,combi,Sitting,Sitting
2024-11-02 10:18:22.500000+00:00,combi,Sitting,Sitting
2024-11-02 10:19:22.500000+00:00,combi,Sitting,Sitting
2024-11-02 10:20:22.500000+00:00,combi,Standing,Dynamic
2024-11-02 10:21:22.500000+00:00,combi,Standing,Dynamic
2024-11-02 10:22:22.500000+00:00,combi,Standing,Dynamic
2024-11-02 10:23:22.500000+00:00,combi,Standing,Dynamic
2024-11-02 10:24:22.500000+00:00,combi,Standing,Dynamic
2024-11-02 10:25:22.500000+00:00,combi,Sitting,Dynamic
2024-11-02 10:26:22.500000+00:00,combi,Sitting,Dynamic
2024-11-02 10:27:22.500000+00:00,combi,Standing,Dynamic
2024-11-02 10:28:22.500000+00:00,combi,Standing,Dynamic
2024-11-02 10:29:22.500000+00:00,combi,Standing,Dynamic
2024-11-02 10:30:22.500000+00:00,combi,Standing,Dynamic
2024-11-02 10:31:22.500000+00:00,combi,Standing,Standing
2024-11-02 10:32:22.500000+00:00,combi,Sitting,Dynamic
2024-11-02 10:33:22.500000+00:00,combi,Standing,Dynamic
2024-11-02 10:34:22.500000+00:00,combi,Standing,Dynamic
2024-11-02 10:35:22.500000+00:00,combi,Standing,Dynamic
2024-11-02 10:36:22.500000+00:00,combi,Sitting,Dynamic
2024-11-02 10:37:22.500000+00:00,combi,Standing,Dynamic
2024-11-02 10:38:22.500000+00:00,combi,Standing,Dynamic
2024-11-02 10:39:22.500000+00:00,combi,Standing,Dynamic
2024-11-02 10:40:22.500000+00:00,combi,Standing,Dynamic
2024-11-02 10:41:22.500000+00:00,combi,Standing,Standing
2024-11-02 10:42:22.500000+00:00,combi,Standing,Standing
2024-11-02 10:43:22.500000+00:00,combi,Standing,Standing
2024-11-02 10:44:22.500000+00:00,combi,Standing,Standing
2024-11-02 10:45:22.500000+00:00,combi,Standing,Standing
2024-11-02 10:46:22.500000+00:00,combi,Standing,Standing
2024-11-02 10:47:22.500000+00:00,combi,Standing,Standing
2024-11-02 10:48:22.500000+00:00,combi,Standing,Standing
2024-11-02 10:49:22.500000+00:00,combi,Sitting,Dynamic
2024-11-02 10:50:22.500000+00:00,combi,Standing,Dynamic
2024-11-02 10:51:22.500000+00:00,combi,Standing,Dynamic
2024-11-02 10:52:22.500000+00:00,combi,Standing,Dynamic
2024-11-02 10:53:22.500000+00:00,combi,Standing,Dynamic
2024-11-02 10:54:22.500000+00:00,combi,Standing,Dynamic
2024-11-02 10:55:22.500000+00:00,combi,Standing,Dynamic
2024-11-02 10:56:22.500000+00:00,combi,Standing,Standing
2024-11-02 10:57:22.500000+00:00,combi,Standing,Standing
2024-11-02 10:58:22.500000+00:00,combi,Standing,Standing
2024-11-02 10:59:22.500000+00:00,combi,Standing,Dynamic
2024-11-02 11:00:22.500000+00:00,combi,Sitting,Sitting
2024-11-02 11:01:22.500000+00:00,combi,Standing,Standing
2024-11-02 11:02:22.500000+00:00,combi,Standing,Sitting
2024-11-02 11:03:22.500000+00:00,combi,Standing,Dynamic
2024-11-02 11:04:22.500000+00:00,combi,Standing,Dynamic
2024-11-02 11:05:22.500000+00:00,combi,Standing,Dynamic
2024-11-02 11:06:22.500000+00:00,combi,Standing,Dynamic
2024-11-02 11:07:22.500000+00:00,combi,Standing,Standing
2024-11-02 11:08:22.500000+00:00,combi,Standing,Standing
2024-11-02 11:09:22.500000+00:00,combi,Standing,Standing
2024-11-02 11:10:22.500000+00:00,combi,Standing,Dynamic
2024-11-02 11:11:22.500000+00:00,combi,Standing,Standing
2024-11-02 11:12:22.500000+00:00,combi,Standing,Standing
2024-11-02 11:13:22.500000+00:00,combi,Standing,Standing
2024-11-02 11:14:22.500000+00:00,combi,Standing,Standing
2024-11-02 11:15:22.500000+00:00,combi,Sitting,Sitting
2024-11-02 11:16:22.500000+00:00,combi,Standing,Standing
2024-11-02 11:17:22.500000+00:00,combi,Sitting,Sitting
2024-11-02 11:18:22.500000+00:00,combi,Standing,Dynamic
2024-11-02 11:19:22.500000+00:00,combi,Standing,Standing
2024-11-02 11:20:22.500000+00:00,combi,Standing,Standing
2024-11-02 11:21:22.500000+00:00,combi,Standing,Standing
2024-11-02 11:22:22.500000+00:00,combi,Standing,Standing
2024-11-02 11:23:22.500000+00:00,combi,Standing,Standing
2024-11-02 11:24:22.500000+00:00,combi,Standing,Standing
2024-11-02 11:25:22.500000+00:00,combi,Standing,Standing
2024-11-02 11:26:22.500000+00:00,combi,Standing,Dynamic
2024-11-02 11:27:22.500000+00:00,combi,Standing,Standing
2024-11-02 11:28:22.500000+00:00,combi,Standing,Standing
2024-11-02 11:29:22.500000+00:00,combi,Standing,Standing
2024-11-02 11:30:22.500000+00:00,combi,Standing,Standing
2024-11-02 11:31:22.500000+00:00,combi,Standing,Dynamic
2024-11-02 11:32:22.500000+00:00,combi,Standing,Standing
2024-11-02 11:33:22.500000+00:00,combi,Standing,Standing
2024-11-02 11:34:22.500000+00:00,combi,Standing,Dynamic
2024-11-02 11:35:22.500000+00:00,combi,Standing,Dynamic
2024-11-02 11:36:22.500000+00:00,combi,Standing,Dynamic
2024-11-02 11:37:22.500000+00:00,combi,Sitting,Sitting
2024-11-02 11:38:22.500000+00:00,combi,Sitting,Sitting
2024-11-02 11:39:22.500000+00:00,combi,Sitting,Sitting
2024-11-02 11:40:22.500000+00:00,combi,Sitting,Sitting
2024-11-02 11:41:22.500000+00:00,combi,Sitting,Sitting
2024-11-02 11:42:22.500000+00:00,combi,Sitting,Sitting
2024-11-02 11:43:22.500000+00:00,combi,Sitting,Sitting
2024-11-02 11:44:22.500000+00:00,combi,Sitting,Sitting
2024-11-02 11:45:22.500000+00:00,combi,Sitting,Sitting
2024-11-02 11:46:22.500000+00:00,combi,Sitting,Sitting
2024-11-02 11:47:22.500000+00:00,combi,Sitting,Sitting
2024-11-02 11:48:22.500000+00:00,combi,Sitting,Sitting
2024-11-02 11:49:22.500000+00:00,combi,Sitting,Sitting
2024-11-02 11:50:22.500000+00:00,combi,Sitting,Sitting
2024-11-02 11:51:22.500000+00:00,combi,Sitting,Sitting
2024-11-02 11:52:22.500000+00:00,combi,Sitting,Sitting
2024-11-02 11:53:22.500000+00:00,combi,Sitting,Sitting
2024-11-02 11:54:22.500000+00:00,combi,Sitting,Sitting
2024-11-02 11:55:22.500000+00:00,combi,Sitting,Sitting
2024-11-02 11:56:22.500000+00:00,combi,Sitting,Sitting
2024-11-02 11:57:22.500000+00:00,combi,Sitting,Sitting
2024-11-02 11:58:22.500000+00:00,combi,Sitting,Sitting
2024-11-02 11:59:22.500000+00:00,combi,Sitting,Sitting
2024-11-02 12:00:22.500000+00:00,combi,Sitting,Sitting
2024-11-02 12:01:22.500000+00:00,combi,Sitting,Sitting
2024-11-02 12:02:22.500000+00:00,combi,Sitting,Sitting
2024-11-02 12:03:22.500000+00:00,combi,Sitting,Sitting
2024-11-02 12:04:22.500000+00:00,combi,Sitting,Sitting
2024-11-02 12:05:22.500000+00:00,combi,Sitting,Sitting
2024-11-02 12:06:22.500000+00:00,combi,Sitting,Sitting
2024-11-02 12:07:22.500000+00:00,combi,Sitting,Sitting
2024-11-02 12:08:22.500000+00:00,combi,Sitting,Sitting
2024-11-02 12:09:22.500000+00:00,combi,Sitting,Sitting
2024-11-02 12:10:22.500000+00:00,combi,Sitting,Sitting
2024-11-02 12:11:22.500000+00:00,combi,Sitting,Sitting
2024-11-02 12:12:22.500000+00:00,combi,Sitting,Sitting
2024-11-02 12:13:22.500000+00:00,combi,Sitting,Sitting
2024-11-02 12:14:22.500000+00:00,combi,Sitting,Sitting
2024-11-02 12:15:22.500000+00:00,combi,Sitting,Sitting
2024-11-02 12:16:22.500000+00:00,combi,Sitting,Sitting
2024-11-02 12:17:22.500000+00:00,combi,Sitting,Sitting
2024-11-02 12:18:22.500000+00:00,combi,Sitting,Sitting
2024-11-02 12:19:22.500000+00:00,combi,Sitting,Sitting
2024-11-02 12:20:22.500000+00:00,combi,Sitting,Sitting
2024-11-02 12:21:22.500000+00:00,combi,Sitting,Sitting
2024-11-02 12:22:22.500000+00:00,combi,Sitting,Sitting
2024-11-02 12:23:22.500000+00:00,combi,Sitting,Sitting
2024-11-02 12:24:22.500000+00:00,combi,Sitting,Sitting
2024-11-02 12:25:22.500000+00:00,combi,Sitting,Sitting
2024-11-02 12:26:22.500000+00:00,combi,Sitting,Sitting
2024-11-02 12:27:22.500000+00:00,combi,Sitting,Sitting
2024-11-02 12:28:22.500000+00:00,combi,Sitting,Sitting
2024-11-02 12:29:22.500000+00:00,combi,Sitting,Sitting
2024-11-02 12:30:22.500000+00:00,combi,Sitting,Sitting
2024-11-02 12:31:22.500000+00:00,combi,Sitting,Sitting
2024-11-02 12:32:22.500000+00:00,combi,Sitting,Sitting
2024-11-02 12:33:22.500000+00:00,combi,Sitting,Sitting
2024-11-02 12:34:22.500000+00:00,combi,Sitting,Sitting
2024-11-02 12:35:22.500000+00:00,combi,Sitting,Sitting
2024-11-02 12:36:22.500000+00:00,combi,Sitting,Sitting
2024-11-02 12:37:22.500000+00:00,combi,Sitting,Sitting
2024-11-02 12:38:22.500000+00:00,combi,Sitting,Sitting
2024-11-02 12:39:22.500000+00:00,combi,Sitting,Sitting
2024-11-02 12:40:22.500000+00:00,combi,Standing,Standing
2024-11-02 12:41:22.500000+00:00,combi,Standing,Standing
2024-11-02 12:42:22.500000+00:00,combi,Standing,Standing
2024-11-02 12:43:22.500000+00:00,combi,Standing,Dynamic
2024-11-02 12:44:22.500000+00:00,combi,Standing,Dynamic
2024-11-02 12:45:22.500000+00:00,combi,Standing,Dynamic
2024-11-02 12:46:22.500000+00:00,combi,Standing,Standing
2024-11-02 12:47:22.500000+00:00,combi,Standing,Standing
2024-11-02 12:48:22.500000+00:00,combi,Standing,Dynamic
2024-11-02 12:49:22.500000+00:00,combi,Standing,Standing
2024-11-02 12:50:22.500000+00:00,combi,Standing,Standing
2024-11-02 12:51:22.500000+00:00,combi,Standing,Standing
2024-11-02 12:52:22.500000+00:00,combi,Standing,Dynamic
2024-11-02 12:53:22.500000+00:00,combi,Sitting,Dynamic
2024-11-02 12:54:22.500000+00:00,combi,Sitting,Sitting
2024-11-02 12:55:22.500000+00:00,combi,Sitting,Sitting
2024-11-02 12:56:22.500000+00:00,combi,Sitting,Sitting
2024-11-02 12:57:22.500000+00:00,combi,Sitting,Sitting
2024-11-02 12:58:22.500000+00:00,combi,Sitting,Sitting
2024-11-02 12:59:22.500000+00:00,combi,Standing,Dynamic
2024-11-02 13:00:22.500000+00:00,combi,Standing,Dynamic
2024-11-02 13:01:22.500000+00:00,combi,Standing,Dynamic
2024-11-02 13:02:22.500000+00:00,combi,Sitting,Sitting
2024-11-02 13:03:22.500000+00:00,combi,Sitting,Sitting
2024-11-02 13:04:22.500000+00:00,combi,Sitting,Sitting
2024-11-02 13:05:22.500000+00:00,combi,Sitting,Sitting
2024-11-02 13:06:22.500000+00:00,combi,Sitting,Sitting
2024-11-02 13:07:22.500000+00:00,combi,Sitting,Sitting
2024-11-02 13:08:22.500000+00:00,combi,Sitting,Sitting
2024-11-02 13:09:22.500000+00:00,combi,Sitting,Sitting
2024-11-02 13:10:22.500000+00:00,combi,Sitting,Sitting
2024-11-02 13:11:22.500000+00:00,combi,Sitting,Sitting
2024-11-02 13:12:22.500000+00:00,combi,Sitting,Sitting
2024-11-02 13:13:22.500000+00:00,combi,Sitting,Sitting
2024-11-02 13:14:22.500000+00:00,combi,Sitting,Sitting
2024-11-02 13:15:22.500000+00:00,combi,Standing,Dynamic
2024-11-02 13:16:22.500000+00:00,combi,Standing,Standing
2024-11-02 13:17:22.500000+00:00,combi,Standing,Dynamic
2024-11-02 13:18:22.500000+00:00,combi,Standing,Dynamic
2024-11-02 13:19:22.500000+00:00,combi,Standing,Dynamic
2024-11-02 13:20:22.500000+00:00,combi,Standing,Dynamic
2024-11-02 13:21:22.500000+00:00,combi,Standing,Dynamic
2024-11-02 13:22:22.500000+00:00,combi,Sitting,Dynamic
2024-11-02 13:23:22.500000+00:00,combi,Sitting,Dynamic
2024-11-02 13:24:22.500000+00:00,combi,Sitting,Dynamic
2024-11-02 13:25:22.500000+00:00,combi,Standing,Dynamic
2024-11-02 13:26:22.500000+00:00,combi,Lying,Dynamic
2024-11-02 13:27:22.500000+00:00,combi,Lying,Lying
2024-11-02 13:28:22.500000+00:00,combi,Lying,Lying
2024-11-02 13:29:22.500000+00:00,combi,Lying,Lying
2024-11-02 13:30:22.500000+00:00,combi,Lying,Lying
2024-11-02 13:31:22.500000+00:00,combi,Lying,Lying
2024-11-02 13:32:22.500000+00:00,combi,Lying,Lying
2024-11-02 13:33:22.500000+00:00,combi,Lying,Lying
2024-11-02 13:34:22.500000+00:00,combi,Lying,Lying
2024-11-02 13:35:22.500000+00:00,combi,Lying,Lying
2024-11-02 13:36:22.500000+00:00,combi,Lying,Lying
2024-11-02 13:37:22.500000+00:00,combi,Lying,Lying
2024-11-02 13:38:22.500000+00:00,combi,Lying,Lying
2024-11-02 13:39:22.500000+00:00,combi,Lying,Lying
2024-11-02 13:40:22.500000+00:00,combi,Sitting,Sitting
2024-11-02 13:41:22.500000+00:00,combi,Sitting,Sitting
2024-11-02 13:42:22.500000+00:00,combi,Sitting,Sitting
2024-11-02 13:43:22.500000+00:00,combi,Sitting,Sitting
2024-11-02 13:44:22.500000+00:00,combi,Sitting,Sitting
2024-11-02 13:45:22.500000+00:00,combi,Sitting,Sitting
2024-11-02 13:46:22.500000+00:00,combi,Sitting,Sitting
2024-11-02 13:47:22.500000+00:00,combi,Sitting,Sitting
2024-11-02 13:48:22.500000+00:00,combi,Sitting,Sitting
2024-11-02 13:49:22.500000+00:00,combi,Sitting,Sitting
2024-11-02 13:50:22.500000+00:00,combi,Sitting,Sitting
2024-11-02 13:51:22.500000+00:00,combi,Sitting,Sitting
2024-11-02 13:52:22.500000+00:00,combi,Sitting,Sitting
2024-11-02 13:53:22.500000+00:00,combi,Sitting,Sitting
2024-11-02 13:54:22.500000+00:00,combi,Sitting,Sitting
2024-11-02 13:55:22.500000+00:00,combi,Sitting,Sitting
2024-11-02 13:56:22.500000+00:00,combi,Sitting,Sitting
2024-11-02 13:57:22.500000+00:00,combi,Sitting,Sitting
2024-11-02 13:58:22.500000+00:00,combi,Sitting,Sitting
2024-11-02 13:59:22.500000+00:00,combi,Sitting,Sitting
2024-11-02 14:00:22.500000+00:00,combi,Sitting,Sitting
2024-11-02 14:01:22.500000+00:00,combi,Sitting,Sitting
2024-11-02 14:02:22.500000+00:00,combi,Sitting,Sitting
2024-11-02 14:03:22.500000+00:00,combi,Sitting,Sitting
2024-11-02 14:04:22.500000+00:00,combi,Sitting,Sitting
2024-11-02 14:05:22.500000+00:00,combi,Sitting,Sitting
2024-11-02 14:06:22.500000+00:00,combi,Sitting,Sitting
2024-11-02 14:07:22.500000+00:00,combi,Sitting,Sitting
2024-11-02 14:08:22.500000+00:00,combi,Sitting,Sitting
2024-11-02 14:09:22.500000+00:00,combi,Sitting,Sitting
2024-11-02 14:10:22.500000+00:00,combi,Sitting,Sitting
2024-11-02 14:11:22.500000+00:00,combi,Sitting,Sitting
2024-11-02 14:12:22.500000+00:00,combi,Sitting,Sitting
2024-11-02 14:13:22.500000+00:00,combi,Sitting,Sitting
2024-11-02 14:14:22.500000+00:00,combi,Sitting,Sitting
2024-11-02 14:15:22.500000+00:00,combi,Sitting,Sitting
2024-11-02 14:16:22.500000+00:00,combi,Sitting,Sitting
2024-11-02 14:17:22.500000+00:00,combi,Sitting,Sitting
2024-11-02 14:18:22.500000+00:00,combi,Sitting,Sitting
2024-11-02 14:19:22.500000+00:00,combi,Sitting,Sitting
2024-11-02 14:20:22.500000+00:00,combi,Sitting,Sitting
2024-11-02 14:21:22.500000+00:00,combi,Sitting,Sitting
2024-11-02 14:22:22.500000+00:00,combi,Sitting,Sitting
2024-11-02 14:23:22.500000+00:00,combi,Sitting,Sitting
2024-11-02 14:24:22.500000+00:00,combi,Sitting,Sitting
2024-11-02 14:25:22.500000+00:00,combi,Standing,Dynamic
2024-11-02 14:26:22.500000+00:00,combi,Standing,Standing
2024-11-02 14:27:22.500000+00:00,combi,Standing,Standing
2024-11-02 14:28:22.500000+00:00,combi,Standing,Dynamic
2024-11-02 14:29:22.500000+00:00,combi,Standing,Dynamic
2024-11-02 14:30:22.500000+00:00,combi,Standing,Dynamic
2024-11-02 14:31:22.500000+00:00,combi,Standing,Dynamic
2024-11-02 14:32:22.500000+00:00,combi,Standing,Standing
2024-11-02 14:33:22.500000+00:00,combi,Lying,Lying
2024-11-02 14:34:22.500000+00:00,combi,Lying,Lying
2024-11-02 14:35:22.500000+00:00,combi,Lying,Lying
2024-11-02 14:36:22.500000+00:00,combi,Lying,Lying
2024-11-02 14:37:22.500000+00:00,combi,Lying,Lying
2024-11-02 14:38:22.500000+00:00,combi,Lying,Lying
2024-11-02 14:39:22.500000+00:00,combi,Lying,Lying
2024-11-02 14:40:22.500000+00:00,combi,Lying,Lying
2024-11-02 14:41:22.500000+00:00,combi,Lying,Lying
2024-11-02 14:42:22.500000+00:00,combi,Standing,Dynamic
2024-11-02 14:43:22.500000+00:00,combi,Standing,Dynamic
2024-11-02 14:44:22.500000+00:00,combi,Sitting,Sitting
2024-11-02 14:45:22.500000+00:00,combi,Sitting,Sitting
2024-11-02 14:46:22.500000+00:00,combi,Sitting,Sitting
2024-11-02 14:47:22.500000+00:00,combi,Sitting,Sitting
2024-11-02 14:48:22.500000+00:00,combi,Sitting,Sitting
2024-11-02 14:49:22.500000+00:00,combi,Sitting,Sitting
2024-11-02 14:50:22.500000+00:00,combi,Sitting,Sitting
2024-11-02 14:51:22.500000+00:00,combi,Sitting,Sitting
2024-11-02 14:52:22.500000+00:00,combi,Sitting,Sitting
2024-11-02 14:53:22.500000+00:00,combi,Sitting,Sitting
2024-11-02 14:54:22.500000+00:00,combi,Sitting,Sitting
2024-11-02 14:55:22.500000+00:00,combi,Sitting,Sitting
2024-11-02 14:56:22.500000+00:00,combi,Sitting,Sitting
2024-11-02 14:57:22.500000+00:00,combi,Sitting,Sitting
2024-11-02 14:58:22.500000+00:00,combi,Sitting,Sitting
2024-11-02 14:59:22.500000+00:00,combi,Sitting,Sitting
2024-11-02 15:00:22.500000+00:00,combi,Standing,Dynamic
2024-11-02 15:01:22.500000+00:00,combi,Lying,Dynamic
2024-11-02 15:02:22.500000+00:00,combi,Lying,Lying
2024-11-02 15:03:22.500000+00:00,combi,Lying,Lying
2024-11-02 15:04:22.500000+00:00,combi,Lying,Lying
2024-11-02 15:05:22.500000+00:00,combi,Sitting,Sitting
2024-11-02 15:06:22.500000+00:00,combi,Sitting,Sitting
2024-11-02 15:07:22.500000+00:00,combi,Sitting,Sitting
2024-11-02 15:08:22.500000+00:00,combi,Sitting,Sitting
2024-11-02 15:09:22.500000+00:00,combi,Sitting,Sitting
2024-11-02 15:10:22.500000+00:00,combi,Sitting,Sitting
2024-11-02 15:11:22.500000+00:00,combi,Standing,Dynamic
2024-11-02 15:12:22.500000+00:00,combi,Standing,Dynamic
2024-11-02 15:13:22.500000+00:00,combi,Standing,Dynamic
2024-11-02 15:14:22.500000+00:00,combi,Standing,Dynamic
2024-11-02 15:15:22.500000+00:00,combi,Standing,Dynamic
2024-11-02 15:16:22.500000+00:00,combi,Standing,Dynamic
2024-11-02 15:17:22.500000+00:00,combi,Standing,Dynamic
2024-11-02 15:18:22.500000+00:00,combi,Standing,Dynamic
2024-11-02 15:19:22.500000+00:00,combi,Standing,Dynamic
2024-11-02 15:20:22.500000+00:00,combi,Standing,Dynamic
2024-11-02 15:21:22.500000+00:00,combi,Lying,Lying
2024-11-02 15:22:22.500000+00:00,combi,Lying,Lying
2024-11-02 15:23:22.500000+00:00,combi,Lying,Lying
2024-11-02 15:24:22.500000+00:00,combi,Lying,Lying
2024-11-02 15:25:22.500000+00:00,combi,Lying,Lying
2024-11-02 15:26:22.500000+00:00,combi,Lying,Lying
2024-11-02 15:27:22.500000+00:00,combi,Lying,Lying
2024-11-02 15:28:22.500000+00:00,combi,Sitting,Sitting
2024-11-02 15:29:22.500000+00:00,combi,Sitting,Sitting
2024-11-02 15:30:22.500000+00:00,combi,Sitting,Sitting
2024-11-02 15:31:22.500000+00:00,combi,Sitting,Sitting
2024-11-02 15:32:22.500000+00:00,combi,Sitting,Sitting
2024-11-02 15:33:22.500000+00:00,combi,Sitting,Sitting
2024-11-02 15:34:22.500000+00:00,combi,Sitting,Sitting
2024-11-02 15:35:22.500000+00:00,combi,Sitting,Sitting
2024-11-02 15:36:22.500000+00:00,combi,Sitting,Sitting
2024-11-02 15:37:22.500000+00:00,combi,Sitting,Sitting
2024-11-02 15:38:22.500000+00:00,combi,Sitting,Sitting
2024-11-02 15:39:22.500000+00:00,combi,Sitting,Sitting
2024-11-02 15:40:22.500000+00:00,combi,Sitting,Sitting
2024-11-02 15:41:22.500000+00:00,combi,Sitting,Sitting
2024-11-02 15:42:22.500000+00:00,combi,Sitting,Sitting
2024-11-02 15:43:22.500000+00:00,combi,Sitting,Sitting
2024-11-02 15:44:22.500000+00:00,combi,Sitting,Sitting
2024-11-02 15:45:22.500000+00:00,combi,Sitting,Sitting
2024-11-02 15:46:22.500000+00:00,combi,Sitting,Sitting
2024-11-02 15:47:22.500000+00:00,combi,Sitting,Sitting
2024-11-02 15:48:22.500000+00:00,combi,Sitting,Sitting
2024-11-02 15:49:22.500000+00:00,combi,Sitting,Sitting
2024-11-02 15:50:22.500000+00:00,combi,Sitting,Sitting
2024-11-02 15:51:22.500000+00:00,combi,Standing,Dynamic
2024-11-02 15:52:22.500000+00:00,combi,Standing,Standing
2024-11-02 15:53:22.500000+00:00,combi,Sitting,Sitting
2024-11-02 15:54:22.500000+00:00,combi,Standing,Standing
2024-11-02 15:55:22.500000+00:00,combi,Standing,Standing
2024-11-02 15:56:22.500000+00:00,combi,Standing,Standing
2024-11-02 15:57:22.500000+00:00,combi,Standing,Standing
2024-11-02 15:58:22.500000+00:00,combi,Sitting,Sitting
2024-11-02 15:59:22.500000+00:00,combi,Standing,Standing
2024-11-02 16:00:22.500000+00:00,combi,Standing,Standing
2024-11-02 16:01:22.500000+00:00,combi,Standing,Sitting
2024-11-02 16:02:22.500000+00:00,combi,Standing,Standing
2024-11-02 16:03:22.500000+00:00,combi,Standing,Standing
2024-11-02 16:04:22.500000+00:00,combi,Sitting,Sitting
2024-11-02 16:05:22.500000+00:00,combi,Standing,Sitting
2024-11-02 16:06:22.500000+00:00,combi,Standing,Standing
2024-11-02 16:07:22.500000+00:00,combi,Sitting,Sitting
2024-11-02 16:08:22.500000+00:00,combi,Standing,Standing
2024-11-02 16:09:22.500000+00:00,combi,Standing,Standing
2024-11-02 16:10:22.500000+00:00,combi,Standing,Sitting
2024-11-02 16:11:22.500000+00:00,combi,Standing,Standing
2024-11-02 16:12:22.500000+00:00,combi,Standing,Standing
2024-11-02 16:13:22.500000+00:00,combi,Standing,Standing
2024-11-02 16:14:22.500000+00:00,combi,Standing,Standing
2024-11-02 16:15:22.500000+00:00,combi,Sitting,Sitting
2024-11-02 16:16:22.500000+00:00,combi,Standing,Standing
2024-11-02 16:17:22.500000+00:00,combi,Standing,Standing
2024-11-02 16:18:22.500000+00:00,combi,Sitting,Sitting
2024-11-02 16:19:22.500000+00:00,combi,Sitting,Sitting
2024-11-02 16:20:22.500000+00:00,combi,Sitting,Sitting
2024-11-02 16:21:22.500000+00:00,combi,Sitting,Sitting
2024-11-02 16:22:22.500000+00:00,combi,Standing,Standing
2024-11-02 16:23:22.500000+00:00,combi,Standing,Standing
2024-11-02 16:24:22.500000+00:00,combi,Standing,Standing
2024-11-02 16:25:22.500000+00:00,combi,Sitting,Sitting
2024-11-02 16:26:22.500000+00:00,combi,Sitting,Standing
2024-11-02 16:27:22.500000+00:00,combi,Sitting,Sitting
2024-11-02 16:28:22.500000+00:00,combi,Sitting,Sitting
2024-11-02 16:29:22.500000+00:00,combi,Sitting,Sitting
2024-11-02 16:30:22.500000+00:00,combi,Standing,Standing
2024-11-02 16:31:22.500000+00:00,combi,Standing,Standing
2024-11-02 16:32:22.500000+00:00,combi,Standing,Sitting
2024-11-02 16:33:22.500000+00:00,combi,Standing,Standing
2024-11-02 16:34:22.500000+00:00,combi,Sitting,Sitting
2024-11-02 16:35:22.500000+00:00,combi,Standing,Sitting
2024-11-02 16:36:22.500000+00:00,combi,Sitting,Sitting
2024-11-02 16:37:22.500000+00:00,combi,Sitting,Sitting
2024-11-02 16:38:22.500000+00:00,combi,Standing,Standing
2024-11-02 16:39:22.500000+00:00,combi,Standing,Standing
2024-11-02 16:40:22.500000+00:00,combi,Standing,Standing
2024-11-02 16:41:22.500000+00:00,combi,Standing,Standing
2024-11-02 16:42:22.500000+00:00,combi,Standing,Standing
2024-11-02 16:43:22.500000+00:00,combi,Sitting,Sitting
2024-11-02 16:44:22.500000+00:00,combi,Standing,Standing
2024-11-02 16:45:22.500000+00:00,combi,Standing,Standing
2024-11-02 16:46:22.500000+00:00,combi,Standing,Standing
2024-11-02 16:47:22.500000+00:00,combi,Standing,Standing
2024-11-02 16:48:22.500000+00:00,combi,Standing,Standing
2024-11-02 16:49:22.500000+00:00,combi,Standing,Standing
2024-11-02 16:50:22.500000+00:00,combi,Standing,Sitting
2024-11-02 16:51:22.500000+00:00,combi,Standing,Standing
2024-11-02 16:52:22.500000+00:00,combi,Standing,Standing
2024-11-02 16:53:22.500000+00:00,combi,Standing,Standing
2024-11-02 16:54:22.500000+00:00,combi,Standing,Standing
2024-11-02 16:55:22.500000+00:00,combi,Sitting,Sitting
2024-11-02 16:56:22.500000+00:00,combi,Standing,Standing
2024-11-02 16:57:22.500000+00:00,combi,Sitting,Sitting
2024-11-02 16:58:22.500000+00:00,combi,Standing,Standing
2024-11-02 16:59:22.500000+00:00,combi,Sitting,Sitting
2024-11-02 17:00:22.500000+00:00,combi,Standing,Standing
2024-11-02 17:01:22.500000+00:00,combi,Sitting,Sitting
2024-11-02 17:02:22.500000+00:00,combi,Sitting,Sitting
2024-11-02 17:03:22.500000+00:00,combi,Standing,Standing
2024-11-02 17:04:22.500000+00:00,combi,Standing,Standing
2024-11-02 17:05:22.500000+00:00,combi,Standing,Standing
2024-11-02 17:06:22.500000+00:00,combi,Standing,Standing
2024-11-02 17:07:22.500000+00:00,combi,Standing,Dynamic
2024-11-02 17:08:22.500000+00:00,combi,Sitting,Sitting
2024-11-02 17:09:22.500000+00:00,combi,Standing,Standing
2024-11-02 17:10:22.500000+00:00,combi,Sitting,Sitting
2024-11-02 17:11:22.500000+00:00,combi,Sitting,Sitting
2024-11-02 17:12:22.500000+00:00,combi,Sitting,Sitting
2024-11-02 17:13:22.500000+00:00,combi,Sitting,Sitting
2024-11-02 17:14:22.500000+00:00,combi,Sitting,Sitting
2024-11-02 17:15:22.500000+00:00,combi,Sitting,Sitting
2024-11-02 17:16:22.500000+00:00,combi,Sitting,Sitting
2024-11-02 17:17:22.500000+00:00,combi,Sitting,Sitting
2024-11-02 17:18:22.500000+00:00,combi,Sitting,Sitting
2024-11-02 17:19:22.500000+00:00,combi,Standing,Standing
2024-11-02 17:20:22.500000+00:00,combi,Standing,Standing
2024-11-02 17:21:22.500000+00:00,combi,Sitting,Sitting
2024-11-02 17:22:22.500000+00:00,combi,Sitting,Sitting
2024-11-02 17:23:22.500000+00:00,combi,Standing,Standing
2024-11-02 17:24:22.500000+00:00,combi,Standing,Standing
2024-11-02 17:25:22.500000+00:00,combi,Sitting,Sitting
2024-11-02 17:26:22.500000+00:00,combi,Sitting,Sitting
2024-11-02 17:27:22.500000+00:00,combi,Sitting,Sitting
2024-11-02 17:28:22.500000+00:00,combi,Sitting,Sitting
2024-11-02 17:29:22.500000+00:00,combi,Sitting,Sitting
2024-11-02 17:30:22.500000+00:00,combi,Sitting,Sitting
2024-11-02 17:31:22.500000+00:00,combi,Sitting,Sitting
2024-11-02 17:32:22.500000+00:00,combi,Standing,Standing
2024-11-02 17:33:22.500000+00:00,combi,Standing,Sitting
2024-11-02 17:34:22.500000+00:00,combi,Sitting,Sitting
2024-11-02 17:35:22.500000+00:00,combi,Standing,Standing
2024-11-02 17:36:22.500000+00:00,combi,Standing,Standing
2024-11-02 17:37:22.500000+00:00,combi,Sitting,Sitting
2024-11-02 17:38:22.500000+00:00,combi,Sitting,Sitting
2024-11-02 17:39:22.500000+00:00,combi,Standing,Standing
2024-11-02 17:40:22.500000+00:00,combi,Sitting,Sitting
2024-11-02 17:41:22.500000+00:00,combi,Standing,Standing
2024-11-02 17:42:22.500000+00:00,combi,Standing,Standing
2024-11-02 17:43:22.500000+00:00,combi,Sitting,Sitting
2024-11-02 17:44:22.500000+00:00,combi,Standing,Standing
2024-11-02 17:45:22.500000+00:00,combi,Sitting,Sitting
2024-11-02 17:46:22.500000+00:00,combi,Standing,Standing
2024-11-02 17:47:22.500000+00:00,combi,Sitting,Sitting
2024-11-02 17:48:22.500000+00:00,combi,Sitting,Sitting
2024-11-02 17:49:22.500000+00:00,combi,Sitting,Sitting
2024-11-02 17:50:22.500000+00:00,combi,Sitting,Sitting
2024-11-02 17:51:22.500000+00:00,combi,Sitting,Sitting
2024-11-02 17:52:22.500000+00:00,combi,Sitting,Sitting
2024-11-02 17:53:22.500000+00:00,combi,Standing,Standing
2024-11-02 17:54:22.500000+00:00,combi,Standing,Dynamic
2024-11-02 17:55:22.500000+00:00,combi,Standing,Standing
2024-11-02 17:56:22.500000+00:00,combi,Standing,Standing
2024-11-02 17:57:22.500000+00:00,combi,Standing,Standing
2024-11-02 17:58:22.500000+00:00,combi,Sitting,Sitting
2024-11-02 17:59:22.500000+00:00,combi,Standing,Standing
2024-11-02 18:00:22.500000+00:00,combi,Standing,Standing
2024-11-02 18:01:22.500000+00:00,combi,Standing,Standing
2024-11-02 18:02:22.500000+00:00,combi,Standing,Standing
2024-11-02 18:03:22.500000+00:00,combi,Standing,Standing
2024-11-02 18:04:22.500000+00:00,combi,Standing,Standing
2024-11-02 18:05:22.500000+00:00,combi,Standing,Standing
2024-11-02 18:06:22.500000+00:00,combi,Standing,Standing
2024-11-02 18:07:22.500000+00:00,combi,Standing,Sitting
2024-11-02 18:08:22.500000+00:00,combi,Standing,Standing
2024-11-02 18:09:22.500000+00:00,combi,Sitting,Sitting
2024-11-02 18:10:22.500000+00:00,combi,Sitting,Sitting
2024-11-02 18:11:22.500000+00:00,combi,Standing,Standing
2024-11-02 18:12:22.500000+00:00,combi,Standing,Standing
2024-11-02 18:13:22.500000+00:00,combi,Standing,Standing
2024-11-02 18:14:22.500000+00:00,combi,Standing,Standing
2024-11-02 18:15:22.500000+00:00,combi,Standing,Standing
2024-11-02 18:16:22.500000+00:00,combi,Standing,Sitting
2024-11-02 18:17:22.500000+00:00,combi,Standing,Dynamic
2024-11-02 18:18:22.500000+00:00,combi,Standing,Dynamic
2024-11-02 18:19:22.500000+00:00,combi,Standing,Dynamic
2024-11-02 18:20:22.500000+00:00,combi,Standing,Dynamic
2024-11-02 18:21:22.500000+00:00,combi,Standing,Dynamic
2024-11-02 18:22:22.500000+00:00,combi,Standing,Standing
2024-11-02 18:23:22.500000+00:00,combi,Standing,Dynamic
2024-11-02 18:24:22.500000+00:00,combi,Standing,Standing
2024-11-02 18:25:22.500000+00:00,combi,Sitting,Sitting
2024-11-02 18:26:22.500000+00:00,combi,Sitting,Sitting
2024-11-02 18:27:22.500000+00:00,combi,Sitting,Sitting
2024-11-02 18:28:22.500000+00:00,combi,Sitting,Sitting
2024-11-02 18:29:22.500000+00:00,combi,Sitting,Sitting
2024-11-02 18:30:22.500000+00:00,combi,Sitting,Sitting
2024-11-02 18:31:22.500000+00:00,combi,Sitting,Sitting
2024-11-02 18:32:22.500000+00:00,combi,Sitting,Sitting
2024-11-02 18:33:22.500000+00:00,combi,Sitting,Sitting
2024-11-02 18:34:22.500000+00:00,combi,Sitting,Sitting
2024-11-02 18:35:22.500000+00:00,combi,Sitting,Sitting
2024-11-02 18:36:22.500000+00:00,combi,Sitting,Sitting
2024-11-02 18:37:22.500000+00:00,combi,Standing,Dynamic
2024-11-02 18:38:22.500000+00:00,combi,Standing,Standing
2024-11-02 18:39:22.500000+00:00,combi,Standing,Standing
2024-11-02 18:40:22.500000+00:00,combi,Standing,Standing
2024-11-02 18:41:22.500000+00:00,combi,Standing,Sitting
2024-11-02 18:42:22.500000+00:00,combi,Sitting,Sitting
2024-11-02 18:43:22.500000+00:00,combi,Sitting,Sitting
2024-11-02 18:44:22.500000+00:00,combi,Sitting,Sitting
2024-11-02 18:45:22.500000+00:00,combi,Sitting,Sitting
2024-11-02 18:46:22.500000+00:00,combi,Sitting,Sitting
2024-11-02 18:47:22.500000+00:00,combi,Sitting,Sitting
2024-11-02 18:48:22.500000+00:00,combi,Sitting,Sitting
2024-11-02 18:49:22.500000+00:00,combi,Standing,Standing
2024-11-02 18:50:22.500000+00:00,combi,Sitting,Sitting
2024-11-02 18:51:22.500000+00:00,combi,Standing,Standing
2024-11-02 18:52:22.500000+00:00,combi,Standing,Dynamic
2024-11-02 18:53:22.500000+00:00,combi,Standing,Dynamic
2024-11-02 18:54:22.500000+00:00,combi,Standing,Standing
2024-11-02 18:55:22.500000+00:00,combi,Standing,Standing
2024-11-02 18:56:22.500000+00:00,combi,Sitting,Sitting
2024-11-02 18:57:22.500000+00:00,combi,Sitting,Sitting
2024-11-02 18:58:22.500000+00:00,combi,Sitting,Sitting
2024-11-02 18:59:22.500000+00:00,combi,Sitting,Sitting
2024-11-02 19:00:22.500000+00:00,combi,Standing,Standing
2024-11-02 19:01:22.500000+00:00,combi,Sitting,Sitting
2024-11-02 19:02:22.500000+00:00,combi,Sitting,Sitting
2024-11-02 19:03:22.500000+00:00,combi,Standing,Standing
2024-11-02 19:04:22.500000+00:00,combi,Sitting,Sitting
2024-11-02 19:05:22.500000+00:00,combi,Sitting,Sitting
2024-11-02 19:06:22.500000+00:00,combi,Sitting,Sitting
2024-11-02 19:07:22.500000+00:00,combi,Sitting,Sitting
2024-11-02 19:08:22.500000+00:00,combi,Standing,Standing
2024-11-02 19:09:22.500000+00:00,combi,Standing,Sitting
2024-11-02 19:10:22.500000+00:00,combi,Sitting,Sitting
2024-11-02 19:11:22.500000+00:00,combi,Sitting,Standing
2024-11-02 19:12:22.500000+00:00,combi,Sitting,Sitting
2024-11-02 19:13:22.500000+00:00,combi,Standing,Standing
2024-11-02 19:14:22.500000+00:00,combi,Standing,Standing
2024-11-02 19:15:22.500000+00:00,combi,Sitting,Sitting
2024-11-02 19:16:22.500000+00:00,combi,Sitting,Sitting
2024-11-02 19:17:22.500000+00:00,combi,Standing,Standing
2024-11-02 19:18:22.500000+00:00,combi,Standing,Standing
2024-11-02 19:19:22.500000+00:00,combi,Standing,Standing
2024-11-02 19:20:22.500000+00:00,combi,Sitting,Sitting
2024-11-02 19:21:22.500000+00:00,combi,Sitting,Sitting
2024-11-02 19:22:22.500000+00:00,combi,Sitting,Sitting
2024-11-02 19:23:22.500000+00:00,combi,Standing,Standing
2024-11-02 19:24:22.500000+00:00,combi,Sitting,Sitting
2024-11-02 19:25:22.500000+00:00,combi,Standing,Standing
2024-11-02 19:26:22.500000+00:00,combi,Standing,Standing
2024-11-02 19:27:22.500000+00:00,combi,Sitting,Sitting
2024-11-02 19:28:22.500000+00:00,combi,Sitting,Sitting
2024-11-02 19:29:22.500000+00:00,combi,Sitting,Sitting
2024-11-02 19:30:22.500000+00:00,combi,Sitting,Sitting
2024-11-02 19:31:22.500000+00:00,combi,Standing,Standing
2024-11-02 19:32:22.500000+00:00,combi,Standing,Standing
2024-11-02 19:33:22.500000+00:00,combi,Standing,Standing
2024-11-02 19:34:22.500000+00:00,combi,Standing,Standing
2024-11-02 19:35:22.500000+00:00,combi,Sitting,Sitting
2024-11-02 19:36:22.500000+00:00,combi,Sitting,Sitting
2024-11-02 19:37:22.500000+00:00,combi,Sitting,Sitting
2024-11-02 19:38:22.500000+00:00,combi,Sitting,Sitting
2024-11-02 19:39:22.500000+00:00,combi,Sitting,Sitting
2024-11-02 19:40:22.500000+00:00,combi,Sitting,Sitting
2024-11-02 19:41:22.500000+00:00,combi,Sitting,Sitting
2024-11-02 19:42:22.500000+00:00,combi,Standing,Standing
2024-11-02 19:43:22.500000+00:00,combi,Sitting,Sitting
2024-11-02 19:44:22.500000+00:00,combi,Sitting,Sitting
2024-11-02 19:45:22.500000+00:00,combi,Sitting,Sitting
2024-11-02 19:46:22.500000+00:00,combi,Sitting,Sitting
2024-11-02 19:47:22.500000+00:00,combi,Sitting,Sitting
2024-11-02 19:48:22.500000+00:00,combi,Sitting,Sitting
2024-11-02 19:49:22.500000+00:00,combi,Sitting,Sitting
2024-11-02 19:50:22.500000+00:00,combi,Standing,Standing
2024-11-02 19:51:22.500000+00:00,combi,Sitting,Sitting
2024-11-02 19:52:22.500000+00:00,combi,Sitting,Sitting
2024-11-02 19:53:22.500000+00:00,combi,Sitting,Sitting
2024-11-02 19:54:22.500000+00:00,combi,Standing,Dynamic
2024-11-02 19:55:22.500000+00:00,combi,Standing,Dynamic
2024-11-02 19:56:22.500000+00:00,combi,Standing,Dynamic
2024-11-02 19:57:22.500000+00:00,combi,Standing,Dynamic
2024-11-02 19:58:22.500000+00:00,combi,Standing,Standing
2024-11-02 19:59:22.500000+00:00,combi,Standing,Dynamic
2024-11-02 20:00:22.500000+00:00,combi,Standing,Dynamic
2024-11-02 20:01:22.500000+00:00,combi,Standing,Sitting
2024-11-02 20:02:22.500000+00:00,combi,Lying,Dynamic
2024-11-02 20:03:22.500000+00:00,combi,Standing,Dynamic
2024-11-02 20:04:22.500000+00:00,combi,Standing,Dynamic
2024-11-02 20:05:22.500000+00:00,combi,Standing,Standing
2024-11-02 20:06:22.500000+00:00,combi,Standing,Standing
2024-11-02 20:07:22.500000+00:00,combi,Standing,Standing
2024-11-02 20:08:22.500000+00:00,combi,Standing,Standing
2024-11-02 20:09:22.500000+00:00,combi,Standing,Standing
2024-11-02 20:10:22.500000+00:00,combi,Sitting,Sitting
2024-11-02 20:11:22.500000+00:00,combi,Standing,Standing
2024-11-02 20:12:22.500000+00:00,combi,Standing,Standing
2024-11-02 20:13:22.500000+00:00,combi,Standing,Dynamic
2024-11-02 20:14:22.500000+00:00,combi,Standing,Standing
2024-11-02 20:15:22.500000+00:00,combi,Standing,Dynamic
2024-11-02 20:16:22.500000+00:00,combi,Standing,Dynamic
2024-11-02 20:17:22.500000+00:00,combi,Sitting,Sitting
2024-11-02 20:18:22.500000+00:00,combi,Sitting,Sitting
2024-11-02 20:19:22.500000+00:00,combi,Standing,Dynamic
2024-11-02 20:20:22.500000+00:00,combi,Sitting,Sitting
2024-11-02 20:21:22.500000+00:00,combi,Sitting,Sitting
2024-11-02 20:22:22.500000+00:00,combi,Sitting,Sitting
2024-11-02 20:23:22.500000+00:00,combi,Sitting,Sitting
2024-11-02 20:24:22.500000+00:00,combi,Sitting,Sitting
2024-11-02 20:25:22.500000+00:00,combi,Sitting,Sitting
2024-11-02 20:26:22.500000+00:00,combi,Sitting,Sitting
2024-11-02 20:27:22.500000+00:00,combi,Sitting,Sitting
2024-11-02 20:28:22.500000+00:00,combi,Sitting,Sitting
2024-11-02 20:29:22.500000+00:00,combi,Sitting,Sitting
2024-11-02 20:30:22.500000+00:00,combi,Sitting,Sitting
2024-11-02 20:31:22.500000+00:00,combi,Sitting,Sitting
2024-11-02 20:32:22.500000+00:00,combi,Sitting,Sitting
2024-11-02 20:33:22.500000+00:00,combi,Sitting,Sitting
2024-11-02 20:34:22.500000+00:00,combi,Sitting,Sitting
2024-11-02 20:35:22.500000+00:00,combi,Sitting,Sitting
2024-11-02 20:36:22.500000+00:00,combi,Sitting,Sitting
2024-11-02 20:37:22.500000+00:00,combi,Sitting,Sitting
2024-11-02 20:38:22.500000+00:00,combi,Sitting,Sitting
2024-11-02 20:39:22.500000+00:00,combi,Sitting,Sitting
2024-11-02 20:40:22.500000+00:00,combi,Sitting,Sitting
2024-11-02 20:41:22.500000+00:00,combi,Sitting,Sitting
2024-11-02 20:42:22.500000+00:00,combi,Sitting,Sitting
2024-11-02 20:43:22.500000+00:00,combi,Sitting,Sitting
2024-11-02 20:44:22.500000+00:00,combi,Standing,Dynamic
2024-11-02 20:45:22.500000+00:00,combi,Standing,Standing
2024-11-02 20:46:22.500000+00:00,combi,Sitting,Sitting
2024-11-02 20:47:22.500000+00:00,combi,Sitting,Sitting
2024-11-02 20:48:22.500000+00:00,combi,Sitting,Sitting
2024-11-02 20:49:22.500000+00:00,combi,Sitting,Sitting
2024-11-02 20:50:22.500000+00:00,combi,Sitting,Sitting
2024-11-02 20:51:22.500000+00:00,combi,Sitting,Sitting
2024-11-02 20:52:22.500000+00:00,combi,Sitting,Sitting
2024-11-02 20:53:22.500000+00:00,combi,Sitting,Sitting
2024-11-02 20:54:22.500000+00:00,combi,Standing,Dynamic
2024-11-02 20:55:22.500000+00:00,combi,Standing,Dynamic
2024-11-02 20:56:22.500000+00:00,combi,Standing,Dynamic
2024-11-02 20:57:22.500000+00:00,combi,Standing,Dynamic
2024-11-02 20:58:22.500000+00:00,combi,Standing,Dynamic
2024-11-02 20:59:22.500000+00:00,combi,Standing,Standing
2024-11-02 21:00:22.500000+00:00,combi,Standing,Standing
2024-11-02 21:01:22.500000+00:00,combi,Standing,Standing
2024-11-02 21:02:22.500000+00:00,combi,Standing,Dynamic
2024-11-02 21:03:22.500000+00:00,combi,Standing,Standing
2024-11-02 21:04:22.500000+00:00,combi,Standing,Standing
2024-11-02 21:05:22.500000+00:00,combi,Standing,Dynamic
2024-11-02 21:06:22.500000+00:00,combi,Standing,Standing
2024-11-02 21:07:22.500000+00:00,combi,Standing,Standing
2024-11-02 21:08:22.500000+00:00,combi,Standing,Standing
2024-11-02 21:09:22.500000+00:00,combi,Standing,Standing
2024-11-02 21:10:22.500000+00:00,combi,Standing,Standing
2024-11-02 21:11:22.500000+00:00,combi,Standing,Dynamic
2024-11-02 21:12:22.500000+00:00,combi,Standing,Standing
2024-11-02 21:13:22.500000+00:00,combi,Standing,Standing
2024-11-02 21:14:22.500000+00:00,combi,Standing,Standing
2024-11-02 21:15:22.500000+00:00,combi,Standing,Dynamic
2024-11-02 21:16:22.500000+00:00,combi,Standing,Standing
2024-11-02 21:17:22.500000+00:00,combi,Standing,Standing
2024-11-02 21:18:22.500000+00:00,combi,Standing,Dynamic
2024-11-02 21:19:22.500000+00:00,combi,Standing,Standing
2024-11-02 21:20:22.500000+00:00,combi,Standing,Dynamic
2024-11-02 21:21:22.500000+00:00,combi,Standing,Standing
2024-11-02 21:22:22.500000+00:00,combi,Standing,Standing
2024-11-02 21:23:22.500000+00:00,combi,Standing,Standing
2024-11-02 21:24:22.500000+00:00,combi,Standing,Standing
2024-11-02 21:25:22.500000+00:00,combi,Standing,Standing
2024-11-02 21:26:22.500000+00:00,combi,Standing,Standing
2024-11-02 21:27:22.500000+00:00,combi,Standing,Standing
2024-11-02 21:28:22.500000+00:00,combi,Standing,Dynamic
2024-11-02 21:29:22.500000+00:00,combi,Standing,Dynamic
2024-11-02 21:30:22.500000+00:00,combi,Standing,Dynamic
2024-11-02 21:31:22.500000+00:00,combi,Standing,Dynamic
2024-11-02 21:32:22.500000+00:00,combi,Standing,Dynamic
2024-11-02 21:33:22.500000+00:00,combi,Sitting,Sitting
2024-11-02 21:34:22.500000+00:00,combi,Sitting,Sitting
2024-11-02 21:35:22.500000+00:00,combi,Sitting,Sitting
2024-11-02 21:36:22.500000+00:00,combi,Sitting,Sitting
2024-11-02 21:37:22.500000+00:00,combi,Sitting,Sitting
2024-11-02 21:38:22.500000+00:00,combi,Sitting,Sitting
2024-11-02 21:39:22.500000+00:00,combi,Sitting,Sitting
2024-11-02 21:40:22.500000+00:00,combi,Sitting,Sitting
2024-11-02 21:41:22.500000+00:00,combi,Sitting,Sitting
2024-11-02 21:42:22.500000+00:00,combi,Sitting,Sitting
2024-11-02 21:43:22.500000+00:00,combi,Sitting,Sitting
2024-11-02 21:44:22.500000+00:00,combi,Sitting,Sitting
2024-11-02 21:45:22.500000+00:00,combi,Sitting,Sitting
2024-11-02 21:46:22.500000+00:00,combi,Sitting,Sitting
2024-11-02 21:47:22.500000+00:00,combi,Sitting,Sitting
2024-11-02 21:48:22.500000+00:00,combi,Lying,Lying
2024-11-02 21:49:22.500000+00:00,combi,Lying,Lying
2024-11-02 21:50:22.500000+00:00,combi,Lying,Lying
2024-11-02 21:51:22.500000+00:00,combi,Lying,Lying
2024-11-02 21:52:22.500000+00:00,combi,Lying,Lying
2024-11-02 21:53:22.500000+00:00,combi,Lying,Lying
2024-11-02 21:54:22.500000+00:00,combi,Sitting,Sitting
2024-11-02 21:55:22.500000+00:00,combi,Sitting,Sitting
2024-11-02 21:56:22.500000+00:00,combi,Sitting,Sitting
2024-11-02 21:57:22.500000+00:00,combi,Sitting,Sitting
2024-11-02 21:58:22.500000+00:00,combi,Sitting,Sitting
2024-11-02 21:59:22.500000+00:00,combi,Sitting,Sitting
2024-11-02 22:00:22.500000+00:00,combi,Sitting,Sitting
2024-11-02 22:01:22.500000+00:00,combi,Sitting,Sitting
2024-11-02 22:02:22.500000+00:00,combi,Sitting,Sitting
2024-11-02 22:03:22.500000+00:00,combi,Sitting,Sitting
2024-11-02 22:04:22.500000+00:00,combi,Sitting,Sitting
2024-11-02 22:05:22.500000+00:00,combi,Sitting,Sitting
2024-11-02 22:06:22.500000+00:00,combi,Sitting,Sitting
2024-11-02 22:07:22.500000+00:00,combi,Sitting,Sitting
2024-11-02 22:08:22.500000+00:00,combi,Sitting,Sitting
2024-11-02 22:09:22.500000+00:00,combi,Sitting,Sitting
2024-11-02 22:10:22.500000+00:00,combi,Sitting,Sitting
2024-11-02 22:11:22.500000+00:00,combi,Sitting,Sitting
2024-11-02 22:12:22.500000+00:00,combi,Sitting,Sitting
2024-11-02 22:13:22.500000+00:00,combi,Sitting,Sitting
2024-11-02 22:14:22.500000+00:00,combi,Sitting,Sitting
2024-11-02 22:15:22.500000+00:00,combi,Sitting,Sitting
2024-11-02 22:16:22.500000+00:00,combi,Sitting,Dynamic
2024-11-02 22:17:22.500000+00:00,combi,Standing,Dynamic
2024-11-02 22:18:22.500000+00:00,combi,Standing,Standing
2024-11-02 22:19:22.500000+00:00,combi,Sitting,Sitting
2024-11-02 22:20:22.500000+00:00,combi,Standing,Standing
2024-11-02 22:21:22.500000+00:00,combi,Standing,Standing
2024-11-02 22:22:22.500000+00:00,combi,Standing,Standing
2024-11-02 22:23:22.500000+00:00,combi,Standing,Dynamic
2024-11-02 22:24:22.500000+00:00,combi,Standing,Dynamic
2024-11-02 22:25:22.500000+00:00,combi,Lying,Dynamic
2024-11-02 22:26:22.500000+00:00,combi,Lying,Lying
2024-11-02 22:27:22.500000+00:00,combi,Lying,Lying
2024-11-02 22:28:22.500000+00:00,combi,Lying,Lying
2024-11-02 22:29:22.500000+00:00,combi,Lying,Lying
2024-11-02 22:30:22.500000+00:00,combi,Lying,Lying
2024-11-02 22:31:22.500000+00:00,combi,Lying,Lying
2024-11-02 22:32:22.500000+00:00,combi,Lying,Lying
2024-11-02 22:33:22.500000+00:00,combi,Lying,Lying
2024-11-02 22:34:22.500000+00:00,combi,Lying,Lying
2024-11-02 22:35:22.500000+00:00,combi,Lying,Lying
2024-11-02 22:36:22.500000+00:00,combi,Lying,Lying
2024-11-02 22:37:22.500000+00:00,combi,Lying,Lying
2024-11-02 22:38:22.500000+00:00,combi,Lying,Lying
2024-11-02 22:39:22.500000+00:00,combi,Lying,Lying
2024-11-02 22:40:22.500000+00:00,combi,Lying,Lying
2024-11-02 22:41:22.500000+00:00,combi,Lying,Lying
