Time,Participant,Majority_postures,Majority_including_dynamic
2024-09-17 10:47:32.500000+00:00,combi,Standing,Standing
2024-09-17 10:48:32.500000+00:00,combi,Standing,Dynamic
2024-09-17 10:49:32.500000+00:00,combi,Sitting,Sitting
2024-09-17 10:50:32.500000+00:00,combi,Sitting,Sitting
2024-09-17 10:51:32.500000+00:00,combi,Standing,Dynamic
2024-09-17 10:52:32.500000+00:00,combi,Standing,Standing
2024-09-17 10:53:32.500000+00:00,combi,Sitting,Sitting
2024-09-17 10:54:32.500000+00:00,combi,Standing,Standing
2024-09-17 10:55:32.500000+00:00,combi,Standing,Dynamic
2024-09-17 10:56:32.500000+00:00,combi,Sitting,Sitting
2024-09-17 10:57:32.500000+00:00,combi,Standing,Dynamic
2024-09-17 10:58:32.500000+00:00,combi,Sitting,Sitting
2024-09-17 10:59:32.500000+00:00,combi,Sitting,Sitting
2024-09-17 11:00:32.500000+00:00,combi,Sitting,Sitting
2024-09-17 11:01:32.500000+00:00,combi,Standing,Dynamic
2024-09-17 11:02:32.500000+00:00,combi,Sitting,Sitting
2024-09-17 11:03:32.500000+00:00,combi,Standing,Standing
2024-09-17 11:04:32.500000+00:00,combi,Standing,Standing
2024-09-17 11:05:32.500000+00:00,combi,Standing,Standing
2024-09-17 11:06:32.500000+00:00,combi,Standing,Standing
2024-09-17 11:07:32.500000+00:00,combi,Standing,Standing
2024-09-17 11:08:32.500000+00:00,combi,Sitting,Sitting
2024-09-17 11:09:32.500000+00:00,combi,Standing,Standing
2024-09-17 11:10:32.500000+00:00,combi,Standing,Standing
2024-09-17 11:11:32.500000+00:00,combi,Standing,Standing
2024-09-17 11:12:32.500000+00:00,combi,Sitting,Sitting
2024-09-17 11:13:32.500000+00:00,combi,Sitting,Sitting
2024-09-17 11:14:32.500000+00:00,combi,Sitting,Sitting
2024-09-17 11:15:32.500000+00:00,combi,Lying,Lying
2024-09-17 11:16:32.500000+00:00,combi,Lying,Lying
2024-09-17 11:17:32.500000+00:00,combi,Lying,Lying
2024-09-17 11:18:32.500000+00:00,combi,Lying,Lying
2024-09-17 11:19:32.500000+00:00,combi,Sitting,Sitting
2024-09-17 11:20:32.500000+00:00,combi,Sitting,Sitting
2024-09-17 11:21:32.500000+00:00,combi,Standing,Standing
2024-09-17 11:22:32.500000+00:00,combi,Standing,Standing
2024-09-17 11:23:32.500000+00:00,combi,Standing,Standing
2024-09-17 11:24:32.500000+00:00,combi,Standing,Standing
2024-09-17 11:25:32.500000+00:00,combi,Standing,Standing
2024-09-17 11:26:32.500000+00:00,combi,Standing,Standing
2024-09-17 11:27:32.500000+00:00,combi,Sitting,Sitting
2024-09-17 11:28:32.500000+00:00,combi,Standing,Sitting
2024-09-17 11:29:32.500000+00:00,combi,Standing,Sitting
2024-09-17 11:30:32.500000+00:00,combi,Sitting,Sitting
2024-09-17 11:31:32.500000+00:00,combi,Sitting,Sitting
2024-09-17 11:32:32.500000+00:00,combi,Sitting,Sitting
2024-09-17 11:33:32.500000+00:00,combi,Sitting,Sitting
2024-09-17 11:34:32.500000+00:00,combi,Sitting,Sitting
2024-09-17 11:35:32.500000+00:00,combi,Sitting,Sitting
2024-09-17 11:36:32.500000+00:00,combi,Sitting,Sitting
2024-09-17 11:37:32.500000+00:00,combi,Sitting,Sitting
2024-09-17 11:38:32.500000+00:00,combi,Sitting,Sitting
2024-09-17 11:39:32.500000+00:00,combi,Lying,Lying
2024-09-17 11:40:32.500000+00:00,combi,Lying,Lying
2024-09-17 11:41:32.500000+00:00,combi,Lying,Lying
2024-09-17 11:42:32.500000+00:00,combi,Lying,Lying
2024-09-17 11:43:32.500000+00:00,combi,Lying,Lying
2024-09-17 11:44:32.500000+00:00,combi,Lying,Lying
2024-09-17 11:45:32.500000+00:00,combi,Lying,Lying
2024-09-17 11:46:32.500000+00:00,combi,Lying,Lying
2024-09-17 11:47:32.500000+00:00,combi,Lying,Lying
2024-09-17 11:48:32.500000+00:00,combi,Lying,Lying
2024-09-17 11:49:32.500000+00:00,combi,Sitting,Sitting
2024-09-17 11:50:32.500000+00:00,combi,Sitting,Sitting
2024-09-17 11:51:32.500000+00:00,combi,Sitting,Sitting
2024-09-17 11:52:32.500000+00:00,combi,Sitting,Sitting
2024-09-17 11:53:32.500000+00:00,combi,Sitting,Sitting
2024-09-17 11:54:32.500000+00:00,combi,Sitting,Sitting
2024-09-17 11:55:32.500000+00:00,combi,Sitting,Sitting
2024-09-17 11:56:32.500000+00:00,combi,Sitting,Sitting
2024-09-17 11:57:32.500000+00:00,combi,Sitting,Sitting
2024-09-17 11:58:32.500000+00:00,combi,Sitting,Sitting
2024-09-17 11:59:32.500000+00:00,combi,Sitting,Sitting
2024-09-17 12:00:32.500000+00:00,combi,Sitting,Sitting
2024-09-17 12:01:32.500000+00:00,combi,Sitting,Sitting
2024-09-17 12:02:32.500000+00:00,combi,Sitting,Sitting
2024-09-17 12:03:32.500000+00:00,combi,Sitting,Sitting
2024-09-17 12:04:32.500000+00:00,combi,Sitting,Sitting
2024-09-17 12:05:32.500000+00:00,combi,Sitting,Sitting
2024-09-17 12:06:32.500000+00:00,combi,Sitting,Sitting
2024-09-17 12:07:32.500000+00:00,combi,Sitting,Sitting
2024-09-17 12:08:32.500000+00:00,combi,Sitting,Sitting
2024-09-17 12:09:32.500000+00:00,combi,Sitting,Sitting
2024-09-17 12:10:32.500000+00:00,combi,Standing,Standing
2024-09-17 12:11:32.500000+00:00,combi,Standing,Standing
2024-09-17 12:12:32.500000+00:00,combi,Sitting,Sitting
2024-09-17 12:13:32.500000+00:00,combi,Standing,Standing
2024-09-17 12:14:32.500000+00:00,combi,Standing,Sitting
2024-09-17 12:15:32.500000+00:00,combi,Standing,Standing
2024-09-17 12:16:32.500000+00:00,combi,Standing,Dynamic
2024-09-17 12:17:32.500000+00:00,combi,Sitting,Sitting
2024-09-17 12:18:32.500000+00:00,combi,Standing,Dynamic
2024-09-17 12:19:32.500000+00:00,combi,Standing,Dynamic
2024-09-17 12:20:32.500000+00:00,combi,Standing,Standing
2024-09-17 12:21:32.500000+00:00,combi,Sitting,Dynamic
2024-09-17 12:22:32.500000+00:00,combi,Standing,Standing
2024-09-17 12:23:32.500000+00:00,combi,Standing,Standing
2024-09-17 12:24:32.500000+00:00,combi,Standing,Standing
2024-09-17 12:25:32.500000+00:00,combi,Standing,Standing
2024-09-17 12:26:32.500000+00:00,combi,Standing,Standing
2024-09-17 12:27:32.500000+00:00,combi,Standing,Dynamic
2024-09-17 12:28:32.500000+00:00,combi,Standing,Standing
2024-09-17 12:29:32.500000+00:00,combi,Lying,Dynamic
2024-09-17 12:30:32.500000+00:00,combi,Lying,Dynamic
2024-09-17 12:31:32.500000+00:00,combi,Lying,Dynamic
2024-09-17 12:32:32.500000+00:00,combi,Lying,Dynamic
2024-09-17 12:33:32.500000+00:00,combi,Sitting,Dynamic
2024-09-17 12:34:32.500000+00:00,combi,Sitting,Dynamic
2024-09-17 12:35:32.500000+00:00,combi,Standing,Dynamic
2024-09-17 12:36:32.500000+00:00,combi,Lying,Dynamic
2024-09-17 12:37:32.500000+00:00,combi,Sitting,Dynamic
2024-09-17 12:38:32.500000+00:00,combi,Sitting,Sitting
2024-09-17 12:39:32.500000+00:00,combi,Standing,Sitting
2024-09-17 12:40:32.500000+00:00,combi,Sitting,Dynamic
2024-09-17 12:41:32.500000+00:00,combi,Standing,Dynamic
2024-09-17 12:42:32.500000+00:00,combi,Sitting,Dynamic
2024-09-17 12:43:32.500000+00:00,combi,Standing,Dynamic
2024-09-17 12:44:32.500000+00:00,combi,Lying,Dynamic
2024-09-17 12:45:32.500000+00:00,combi,Standing,Dynamic
2024-09-17 12:46:32.500000+00:00,combi,Standing,Dynamic
2024-09-17 12:47:32.500000+00:00,combi,Standing,Standing
2024-09-17 12:48:32.500000+00:00,combi,Standing,Dynamic
2024-09-17 12:49:32.500000+00:00,combi,Lying,Dynamic
2024-09-17 12:50:32.500000+00:00,combi,Standing,Dynamic
2024-09-17 12:51:32.500000+00:00,combi,Sitting,Sitting
2024-09-17 12:52:32.500000+00:00,combi,Sitting,Sitting
2024-09-17 12:53:32.500000+00:00,combi,Sitting,Sitting
2024-09-17 12:54:32.500000+00:00,combi,Sitting,Sitting
2024-09-17 12:55:32.500000+00:00,combi,Sitting,Sitting
2024-09-17 12:56:32.500000+00:00,combi,Sitting,Sitting
2024-09-17 12:57:32.500000+00:00,combi,Sitting,Sitting
2024-09-17 12:58:32.500000+00:00,combi,Sitting,Sitting
2024-09-17 12:59:32.500000+00:00,combi,Sitting,Sitting
2024-09-17 13:00:32.500000+00:00,combi,Sitting,Sitting
2024-09-17 13:01:32.500000+00:00,combi,Sitting,Sitting
2024-09-17 13:02:32.500000+00:00,combi,Sitting,Sitting
2024-09-17 13:03:32.500000+00:00,combi,Sitting,Sitting
2024-09-17 13:04:32.500000+00:00,combi,Sitting,Sitting
2024-09-17 13:05:32.500000+00:00,combi,Sitting,Sitting
2024-09-17 13:06:32.500000+00:00,combi,Sitting,Sitting
2024-09-17 13:07:32.500000+00:00,combi,Sitting,Sitting
2024-09-17 13:08:32.500000+00:00,combi,Sitting,Sitting
2024-09-17 13:09:32.500000+00:00,combi,Sitting,Sitting
2024-09-17 13:10:32.500000+00:00,combi,Sitting,Sitting
2024-09-17 13:11:32.500000+00:00,combi,Sitting,Sitting
2024-09-17 13:12:32.500000+00:00,combi,Sitting,Sitting
2024-09-17 13:13:32.500000+00:00,combi,Sitting,Sitting
2024-09-17 13:14:32.500000+00:00,combi,Sitting,Sitting
2024-09-17 13:15:32.500000+00:00,combi,Sitting,Dynamic
2024-09-17 13:16:32.500000+00:00,combi,Sitting,Sitting
2024-09-17 13:17:32.500000+00:00,combi,Sitting,Sitting
2024-09-17 13:18:32.500000+00:00,combi,Sitting,Sitting
2024-09-17 13:19:32.500000+00:00,combi,Sitting,Sitting
2024-09-17 13:20:32.500000+00:00,combi,Sitting,Sitting
2024-09-17 13:21:32.500000+00:00,combi,Sitting,Sitting
2024-09-17 13:22:32.500000+00:00,combi,Sitting,Sitting
2024-09-17 13:23:32.500000+00:00,combi,Sitting,Sitting
2024-09-17 13:24:32.500000+00:00,combi,Sitting,Sitting
2024-09-17 13:25:32.500000+00:00,combi,Standing,Dynamic
2024-09-17 13:26:32.500000+00:00,combi,Sitting,Sitting
2024-09-17 13:27:32.500000+00:00,combi,Sitting,Sitting
2024-09-17 13:28:32.500000+00:00,combi,Sitting,Sitting
2024-09-17 13:29:32.500000+00:00,combi,Sitting,Sitting
2024-09-17 13:30:32.500000+00:00,combi,Sitting,Sitting
2024-09-17 13:31:32.500000+00:00,combi,Sitting,Sitting
2024-09-17 13:32:32.500000+00:00,combi,Sitting,Sitting
2024-09-17 13:33:32.500000+00:00,combi,Sitting,Sitting
2024-09-17 13:34:32.500000+00:00,combi,Sitting,Sitting
2024-09-17 13:35:32.500000+00:00,combi,Sitting,Sitting
2024-09-17 13:36:32.500000+00:00,combi,Sitting,Sitting
2024-09-17 13:37:32.500000+00:00,combi,Sitting,Sitting
2024-09-17 13:38:32.500000+00:00,combi,Sitting,Sitting
2024-09-17 13:39:32.500000+00:00,combi,Sitting,Sitting
2024-09-17 13:40:32.500000+00:00,combi,Sitting,Sitting
2024-09-17 13:41:32.500000+00:00,combi,Sitting,Sitting
2024-09-17 13:42:32.500000+00:00,combi,Sitting,Sitting
2024-09-17 13:43:32.500000+00:00,combi,Sitting,Sitting
2024-09-17 13:44:32.500000+00:00,combi,Sitting,Sitting
2024-09-17 13:45:32.500000+00:00,combi,Sitting,Sitting
2024-09-17 13:46:32.500000+00:00,combi,Sitting,Sitting
2024-09-17 13:47:32.500000+00:00,combi,Sitting,Sitting
2024-09-17 13:48:32.500000+00:00,combi,Sitting,Sitting
2024-09-17 13:49:32.500000+00:00,combi,Sitting,Sitting
2024-09-17 13:50:32.500000+00:00,combi,Sitting,Sitting
2024-09-17 13:51:32.500000+00:00,combi,Sitting,Sitting
2024-09-17 13:52:32.500000+00:00,combi,Sitting,Sitting
2024-09-17 13:53:32.500000+00:00,combi,Sitting,Sitting
2024-09-17 13:54:32.500000+00:00,combi,Sitting,Sitting
2024-09-17 13:55:32.500000+00:00,combi,Sitting,Sitting
2024-09-17 13:56:32.500000+00:00,combi,Sitting,Sitting
2024-09-17 13:57:32.500000+00:00,combi,Sitting,Sitting
2024-09-17 13:58:32.500000+00:00,combi,Sitting,Sitting
2024-09-17 13:59:32.500000+00:00,combi,Sitting,Sitting
2024-09-17 14:00:32.500000+00:00,combi,Sitting,Sitting
2024-09-17 14:01:32.500000+00:00,combi,Sitting,Sitting
2024-09-17 14:02:32.500000+00:00,combi,Sitting,Sitting
2024-09-17 14:03:32.500000+00:00,combi,Sitting,Sitting
2024-09-17 14:04:32.500000+00:00,combi,Sitting,Sitting
2024-09-17 14:05:32.500000+00:00,combi,Sitting,Sitting
2024-09-17 14:06:32.500000+00:00,combi,Sitting,Sitting
2024-09-17 14:07:32.500000+00:00,combi,Sitting,Sitting
2024-09-17 14:08:32.500000+00:00,combi,Sitting,Sitting
2024-09-17 14:09:32.500000+00:00,combi,Sitting,Sitting
2024-09-17 14:10:32.500000+00:00,combi,Sitting,Sitting
2024-09-17 14:11:32.500000+00:00,combi,Sitting,Sitting
2024-09-17 14:12:32.500000+00:00,combi,Sitting,Sitting
2024-09-17 14:13:32.500000+00:00,combi,Sitting,Sitting
2024-09-17 14:14:32.500000+00:00,combi,Sitting,Sitting
2024-09-17 14:15:32.500000+00:00,combi,Sitting,Sitting
2024-09-17 14:16:32.500000+00:00,combi,Sitting,Sitting
2024-09-17 14:17:32.500000+00:00,combi,Sitting,Sitting
2024-09-17 14:18:32.500000+00:00,combi,Sitting,Sitting
2024-09-17 14:19:32.500000+00:00,combi,Sitting,Sitting
2024-09-17 14:20:32.500000+00:00,combi,Sitting,Sitting
2024-09-17 14:21:32.500000+00:00,combi,Sitting,Sitting
2024-09-17 14:22:32.500000+00:00,combi,Sitting,Sitting
2024-09-17 14:23:32.500000+00:00,combi,Sitting,Sitting
2024-09-17 14:24:32.500000+00:00,combi,Sitting,Sitting
2024-09-17 14:25:32.500000+00:00,combi,Sitting,Sitting
2024-09-17 14:26:32.500000+00:00,combi,Sitting,Sitting
2024-09-17 14:27:32.500000+00:00,combi,Sitting,Sitting
2024-09-17 14:28:32.500000+00:00,combi,Sitting,Sitting
2024-09-17 14:29:32.500000+00:00,combi,Sitting,Sitting
2024-09-17 14:30:32.500000+00:00,combi,Sitting,Sitting
2024-09-17 14:31:32.500000+00:00,combi,Sitting,Sitting
2024-09-17 14:32:32.500000+00:00,combi,Sitting,Sitting
2024-09-17 14:33:32.500000+00:00,combi,Sitting,Sitting
2024-09-17 14:34:32.500000+00:00,combi,Sitting,Sitting
2024-09-17 14:35:32.500000+00:00,combi,Sitting,Sitting
2024-09-17 14:36:32.500000+00:00,combi,Sitting,Sitting
2024-09-17 14:37:32.500000+00:00,combi,Sitting,Sitting
2024-09-17 14:38:32.500000+00:00,combi,Sitting,Sitting
2024-09-17 14:39:32.500000+00:00,combi,Sitting,Sitting
2024-09-17 14:40:32.500000+00:00,combi,Sitting,Sitting
2024-09-17 14:41:32.500000+00:00,combi,Sitting,Sitting
2024-09-17 14:42:32.500000+00:00,combi,Sitting,Sitting
2024-09-17 14:43:32.500000+00:00,combi,Sitting,Sitting
2024-09-17 14:44:32.500000+00:00,combi,Sitting,Sitting
2024-09-17 14:45:32.500000+00:00,combi,Sitting,Sitting
2024-09-17 14:46:32.500000+00:00,combi,Sitting,Sitting
2024-09-17 14:47:32.500000+00:00,combi,Sitting,Sitting
2024-09-17 14:48:32.500000+00:00,combi,Sitting,Sitting
2024-09-17 14:49:32.500000+00:00,combi,Sitting,Sitting
2024-09-17 14:50:32.500000+00:00,combi,Sitting,Sitting
2024-09-17 14:51:32.500000+00:00,combi,Sitting,Sitting
2024-09-17 14:52:32.500000+00:00,combi,Sitting,Sitting
2024-09-17 14:53:32.500000+00:00,combi,Sitting,Sitting
2024-09-17 14:54:32.500000+00:00,combi,Sitting,Sitting
2024-09-17 14:55:32.500000+00:00,combi,Sitting,Sitting
2024-09-17 14:56:32.500000+00:00,combi,Sitting,Sitting
2024-09-17 14:57:32.500000+00:00,combi,Sitting,Sitting
2024-09-17 14:58:32.500000+00:00,combi,Sitting,Sitting
2024-09-17 14:59:32.500000+00:00,combi,Sitting,Sitting
2024-09-17 15:00:32.500000+00:00,combi,Sitting,Sitting
2024-09-17 15:01:32.500000+00:00,combi,Sitting,Sitting
2024-09-17 15:02:32.500000+00:00,combi,Sitting,Sitting
2024-09-17 15:03:32.500000+00:00,combi,Sitting,Sitting
2024-09-17 15:04:32.500000+00:00,combi,Sitting,Sitting
2024-09-17 15:05:32.500000+00:00,combi,Sitting,Sitting
2024-09-17 15:06:32.500000+00:00,combi,Sitting,Sitting
2024-09-17 15:07:32.500000+00:00,combi,Standing,Dynamic
2024-09-17 15:08:32.500000+00:00,combi,Standing,Dynamic
2024-09-17 15:09:32.500000+00:00,combi,Standing,Dynamic
2024-09-17 15:10:32.500000+00:00,combi,Standing,Dynamic
2024-09-17 15:11:32.500000+00:00,combi,Standing,Dynamic
2024-09-17 15:12:32.500000+00:00,combi,Standing,Dynamic
2024-09-17 15:13:32.500000+00:00,combi,Standing,Dynamic
2024-09-17 15:14:32.500000+00:00,combi,Standing,Dynamic
2024-09-17 15:15:32.500000+00:00,combi,Sitting,Sitting
2024-09-17 15:16:32.500000+00:00,combi,Standing,Dynamic
2024-09-17 15:17:32.500000+00:00,combi,Sitting,Sitting
2024-09-17 15:18:32.500000+00:00,combi,Sitting,Sitting
2024-09-17 15:19:32.500000+00:00,combi,Sitting,Sitting
2024-09-17 15:20:32.500000+00:00,combi,Sitting,Sitting
2024-09-17 15:21:32.500000+00:00,combi,Sitting,Sitting
2024-09-17 15:22:32.500000+00:00,combi,Sitting,Sitting
2024-09-17 15:23:32.500000+00:00,combi,Sitting,Sitting
2024-09-17 15:24:32.500000+00:00,combi,Standing,Dynamic
2024-09-17 15:25:32.500000+00:00,combi,Standing,Standing
2024-09-17 15:26:32.500000+00:00,combi,Standing,Standing
2024-09-17 15:27:32.500000+00:00,combi,Standing,Standing
2024-09-17 15:28:32.500000+00:00,combi,Standing,Standing
2024-09-17 15:29:32.500000+00:00,combi,Standing,Standing
2024-09-17 15:30:32.500000+00:00,combi,Standing,Standing
2024-09-17 15:31:32.500000+00:00,combi,Standing,Dynamic
2024-09-17 15:32:32.500000+00:00,combi,Standing,Dynamic
2024-09-17 15:33:32.500000+00:00,combi,Standing,Standing
2024-09-17 15:34:32.500000+00:00,combi,Standing,Standing
2024-09-17 15:35:32.500000+00:00,combi,Standing,Dynamic
2024-09-17 15:36:32.500000+00:00,combi,Standing,Dynamic
2024-09-17 15:37:32.500000+00:00,combi,Standing,Dynamic
2024-09-17 15:38:32.500000+00:00,combi,Standing,Dynamic
2024-09-17 15:39:32.500000+00:00,combi,Standing,Dynamic
2024-09-17 15:40:32.500000+00:00,combi,Sitting,Dynamic
2024-09-17 15:41:32.500000+00:00,combi,Standing,Dynamic
2024-09-17 15:42:32.500000+00:00,combi,Standing,Dynamic
2024-09-17 15:43:32.500000+00:00,combi,Standing,Dynamic
2024-09-17 15:44:32.500000+00:00,combi,Standing,Standing
2024-09-17 15:45:32.500000+00:00,combi,Standing,Dynamic
2024-09-17 15:46:32.500000+00:00,combi,Standing,Dynamic
2024-09-17 15:47:32.500000+00:00,combi,Standing,Standing
2024-09-17 15:48:32.500000+00:00,combi,Standing,Dynamic
2024-09-17 15:49:32.500000+00:00,combi,Sitting,Dynamic
2024-09-17 15:50:32.500000+00:00,combi,Sitting,Dynamic
2024-09-17 15:51:32.500000+00:00,combi,Sitting,Dynamic
2024-09-17 15:52:32.500000+00:00,combi,Standing,Dynamic
2024-09-17 15:53:32.500000+00:00,combi,Standing,Dynamic
2024-09-17 15:54:32.500000+00:00,combi,Standing,Dynamic
2024-09-17 15:55:32.500000+00:00,combi,Standing,Dynamic
2024-09-17 15:56:32.500000+00:00,combi,Standing,Dynamic
2024-09-17 15:57:32.500000+00:00,combi,Sitting,Sitting
2024-09-17 15:58:32.500000+00:00,combi,Sitting,Sitting
2024-09-17 15:59:32.500000+00:00,combi,Sitting,Sitting
2024-09-17 16:00:32.500000+00:00,combi,Sitting,Sitting
2024-09-17 16:01:32.500000+00:00,combi,Sitting,Sitting
2024-09-17 16:02:32.500000+00:00,combi,Sitting,Sitting
2024-09-17 16:03:32.500000+00:00,combi,Sitting,Sitting
2024-09-17 16:04:32.500000+00:00,combi,Sitting,Sitting
2024-09-17 16:05:32.500000+00:00,combi,Sitting,Sitting
2024-09-17 16:06:32.500000+00:00,combi,Sitting,Sitting
2024-09-17 16:07:32.500000+00:00,combi,Sitting,Sitting
2024-09-17 16:08:32.500000+00:00,combi,Sitting,Sitting
2024-09-17 16:09:32.500000+00:00,combi,Sitting,Sitting
2024-09-17 16:10:32.500000+00:00,combi,Sitting,Sitting
2024-09-17 16:11:32.500000+00:00,combi,Sitting,Sitting
2024-09-17 16:12:32.500000+00:00,combi,Sitting,Sitting
2024-09-17 16:13:32.500000+00:00,combi,Sitting,Sitting
2024-09-17 16:14:32.500000+00:00,combi,Sitting,Sitting
2024-09-17 16:15:32.500000+00:00,combi,Sitting,Sitting
2024-09-17 16:16:32.500000+00:00,combi,Sitting,Sitting
2024-09-17 16:17:32.500000+00:00,combi,Sitting,Sitting
2024-09-17 16:18:32.500000+00:00,combi,Standing,Dynamic
2024-09-17 16:19:32.500000+00:00,combi,Standing,Dynamic
2024-09-17 16:20:32.500000+00:00,combi,Standing,Standing
2024-09-17 16:21:32.500000+00:00,combi,Standing,Standing
2024-09-17 16:22:32.500000+00:00,combi,Sitting,Sitting
2024-09-17 16:23:32.500000+00:00,combi,Sitting,Sitting
2024-09-17 16:24:32.500000+00:00,combi,Sitting,Sitting
2024-09-17 16:25:32.500000+00:00,combi,Sitting,Sitting
2024-09-17 16:26:32.500000+00:00,combi,Sitting,Sitting
2024-09-17 16:27:32.500000+00:00,combi,Sitting,Sitting
2024-09-17 16:28:32.500000+00:00,combi,Sitting,Sitting
2024-09-17 16:29:32.500000+00:00,combi,Sitting,Sitting
2024-09-17 16:30:32.500000+00:00,combi,Sitting,Sitting
2024-09-17 16:31:32.500000+00:00,combi,Sitting,Sitting
2024-09-17 16:32:32.500000+00:00,combi,Sitting,Sitting
2024-09-17 16:33:32.500000+00:00,combi,Sitting,Sitting
2024-09-17 16:34:32.500000+00:00,combi,Sitting,Sitting
2024-09-17 16:35:32.500000+00:00,combi,Sitting,Sitting
2024-09-17 16:36:32.500000+00:00,combi,Sitting,Sitting
2024-09-17 16:37:32.500000+00:00,combi,Sitting,Sitting
2024-09-17 16:38:32.500000+00:00,combi,Sitting,Sitting
2024-09-17 16:39:32.500000+00:00,combi,Sitting,Sitting
2024-09-17 16:40:32.500000+00:00,combi,Sitting,Sitting
2024-09-17 16:41:32.500000+00:00,combi,Sitting,Sitting
2024-09-17 16:42:32.500000+00:00,combi,Sitting,Sitting
2024-09-17 16:43:32.500000+00:00,combi,Sitting,Sitting
2024-09-17 16:44:32.500000+00:00,combi,Sitting,Sitting
2024-09-17 16:45:32.500000+00:00,combi,Lying,Lying
2024-09-17 16:46:32.500000+00:00,combi,Lying,Lying
2024-09-17 16:47:32.500000+00:00,combi,Lying,Lying
2024-09-17 16:48:32.500000+00:00,combi,Lying,Lying
2024-09-17 16:49:32.500000+00:00,combi,Lying,Lying
2024-09-17 16:50:32.500000+00:00,combi,Sitting,Sitting
2024-09-17 16:51:32.500000+00:00,combi,Sitting,Sitting
2024-09-17 16:52:32.500000+00:00,combi,Sitting,Sitting
2024-09-17 16:53:32.500000+00:00,combi,Sitting,Sitting
2024-09-17 16:54:32.500000+00:00,combi,Sitting,Sitting
2024-09-17 16:55:32.500000+00:00,combi,Sitting,Sitting
2024-09-17 16:56:32.500000+00:00,combi,Sitting,Sitting
2024-09-17 16:57:32.500000+00:00,combi,Sitting,Sitting
2024-09-17 16:58:32.500000+00:00,combi,Sitting,Sitting
2024-09-17 16:59:32.500000+00:00,combi,Sitting,Sitting
2024-09-17 17:00:32.500000+00:00,combi,Sitting,Sitting
2024-09-17 17:01:32.500000+00:00,combi,Sitting,Sitting
2024-09-17 17:02:32.500000+00:00,combi,Sitting,Sitting
2024-09-17 17:03:32.500000+00:00,combi,Sitting,Sitting
2024-09-17 17:04:32.500000+00:00,combi,Sitting,Sitting
2024-09-17 17:05:32.500000+00:00,combi,Sitting,Sitting
2024-09-17 17:06:32.500000+00:00,combi,Sitting,Sitting
2024-09-17 17:07:32.500000+00:00,combi,Sitting,Sitting
2024-09-17 17:08:32.500000+00:00,combi,Sitting,Sitting
2024-09-17 17:09:32.500000+00:00,combi,Sitting,Sitting
2024-09-17 17:10:32.500000+00:00,combi,Sitting,Sitting
2024-09-17 17:11:32.500000+00:00,combi,Sitting,Sitting
2024-09-17 17:12:32.500000+00:00,combi,Sitting,Sitting
2024-09-17 17:13:32.500000+00:00,combi,Sitting,Sitting
2024-09-17 17:14:32.500000+00:00,combi,Lying,Lying
2024-09-17 17:15:32.500000+00:00,combi,Lying,Lying
2024-09-17 17:16:32.500000+00:00,combi,Lying,Lying
2024-09-17 17:17:32.500000+00:00,combi,Lying,Lying
2024-09-17 17:18:32.500000+00:00,combi,Sitting,Sitting
2024-09-17 17:19:32.500000+00:00,combi,Sitting,Sitting
2024-09-17 17:20:32.500000+00:00,combi,Sitting,Sitting
2024-09-17 17:21:32.500000+00:00,combi,Sitting,Sitting
2024-09-17 17:22:32.500000+00:00,combi,Sitting,Sitting
2024-09-17 17:23:32.500000+00:00,combi,Sitting,Sitting
2024-09-17 17:24:32.500000+00:00,combi,Sitting,Sitting
2024-09-17 17:25:32.500000+00:00,combi,Sitting,Sitting
2024-09-17 17:26:32.500000+00:00,combi,Sitting,Sitting
2024-09-17 17:27:32.500000+00:00,combi,Sitting,Dynamic
2024-09-17 17:28:32.500000+00:00,combi,Sitting,Sitting
2024-09-17 17:29:32.500000+00:00,combi,Sitting,Sitting
2024-09-17 17:30:32.500000+00:00,combi,Sitting,Sitting
2024-09-17 17:31:32.500000+00:00,combi,Standing,Standing
2024-09-17 17:32:32.500000+00:00,combi,Standing,Dynamic
2024-09-17 17:33:32.500000+00:00,combi,Standing,Dynamic
2024-09-17 17:34:32.500000+00:00,combi,Lying,Dynamic
2024-09-17 17:35:32.500000+00:00,combi,Lying,Dynamic
2024-09-17 17:36:32.500000+00:00,combi,Sitting,Sitting
2024-09-17 17:37:32.500000+00:00,combi,Sitting,Sitting
2024-09-17 17:38:32.500000+00:00,combi,Sitting,Sitting
2024-09-17 17:39:32.500000+00:00,combi,Sitting,Sitting
2024-09-17 17:40:32.500000+00:00,combi,Standing,Dynamic
2024-09-17 17:41:32.500000+00:00,combi,Standing,Dynamic
2024-09-17 17:42:32.500000+00:00,combi,Standing,Standing
2024-09-17 17:43:32.500000+00:00,combi,Standing,Standing
2024-09-17 17:44:32.500000+00:00,combi,Standing,Standing
2024-09-17 17:45:32.500000+00:00,combi,Standing,Standing
2024-09-17 17:46:32.500000+00:00,combi,Standing,Dynamic
2024-09-17 17:47:32.500000+00:00,combi,Standing,Dynamic
2024-09-17 17:48:32.500000+00:00,combi,Sitting,Sitting
2024-09-17 17:49:32.500000+00:00,combi,Sitting,Sitting
2024-09-17 17:50:32.500000+00:00,combi,Sitting,Sitting
2024-09-17 17:51:32.500000+00:00,combi,Sitting,Sitting
2024-09-17 17:52:32.500000+00:00,combi,Sitting,Sitting
2024-09-17 17:53:32.500000+00:00,combi,Sitting,Sitting
2024-09-17 17:54:32.500000+00:00,combi,Sitting,Sitting
2024-09-17 17:55:32.500000+00:00,combi,Standing,Dynamic
2024-09-17 17:56:32.500000+00:00,combi,Standing,Dynamic
2024-09-17 17:57:32.500000+00:00,combi,Lying,Dynamic
2024-09-17 17:58:32.500000+00:00,combi,Standing,Dynamic
2024-09-17 17:59:32.500000+00:00,combi,Standing,Dynamic
2024-09-17 18:00:32.500000+00:00,combi,Lying,Dynamic
2024-09-17 18:01:32.500000+00:00,combi,Lying,Dynamic
2024-09-17 18:02:32.500000+00:00,combi,Lying,Dynamic
2024-09-17 18:03:32.500000+00:00,combi,Lying,Dynamic
2024-09-17 18:04:32.500000+00:00,combi,Lying,Dynamic
2024-09-17 18:05:32.500000+00:00,combi,Standing,Dynamic
2024-09-17 18:06:32.500000+00:00,combi,Standing,Dynamic
2024-09-17 18:07:32.500000+00:00,combi,Sitting,Dynamic
2024-09-17 18:08:32.500000+00:00,combi,Lying,Dynamic
2024-09-17 18:09:32.500000+00:00,combi,Standing,Dynamic
2024-09-17 18:10:32.500000+00:00,combi,Lying,Dynamic
2024-09-17 18:11:32.500000+00:00,combi,Lying,Dynamic
2024-09-17 18:12:32.500000+00:00,combi,Standing,Dynamic
2024-09-17 18:13:32.500000+00:00,combi,Lying,Dynamic
2024-09-17 18:14:32.500000+00:00,combi,Lying,Dynamic
2024-09-17 18:15:32.500000+00:00,combi,Lying,Dynamic
2024-09-17 18:16:32.500000+00:00,combi,Lying,Dynamic
2024-09-17 18:17:32.500000+00:00,combi,Sitting,Sitting
2024-09-17 18:18:32.500000+00:00,combi,Sitting,Sitting
2024-09-17 18:19:32.500000+00:00,combi,Sitting,Sitting
2024-09-17 18:20:32.500000+00:00,combi,Sitting,Sitting
2024-09-17 18:21:32.500000+00:00,combi,Sitting,Sitting
2024-09-17 18:22:32.500000+00:00,combi,Sitting,Sitting
2024-09-17 18:23:32.500000+00:00,combi,Sitting,Sitting
2024-09-17 18:24:32.500000+00:00,combi,Sitting,Sitting
2024-09-17 18:25:32.500000+00:00,combi,Sitting,Sitting
2024-09-17 18:26:32.500000+00:00,combi,Sitting,Sitting
2024-09-17 18:27:32.500000+00:00,combi,Sitting,Sitting
2024-09-17 18:28:32.500000+00:00,combi,Sitting,Sitting
2024-09-17 18:29:32.500000+00:00,combi,Sitting,Sitting
2024-09-17 18:30:32.500000+00:00,combi,Standing,Standing
2024-09-17 18:31:32.500000+00:00,combi,Sitting,Sitting
2024-09-17 18:32:32.500000+00:00,combi,Sitting,Sitting
2024-09-17 18:33:32.500000+00:00,combi,Sitting,Sitting
2024-09-17 18:34:32.500000+00:00,combi,Lying,Dynamic
2024-09-17 18:35:32.500000+00:00,combi,Lying,Dynamic
2024-09-17 18:36:32.500000+00:00,combi,Lying,Dynamic
2024-09-17 18:37:32.500000+00:00,combi,Sitting,Dynamic
2024-09-17 18:38:32.500000+00:00,combi,Sitting,Dynamic
2024-09-17 18:39:32.500000+00:00,combi,Sitting,Sitting
2024-09-17 18:40:32.500000+00:00,combi,Sitting,Sitting
2024-09-17 18:41:32.500000+00:00,combi,Sitting,Sitting
2024-09-17 18:42:32.500000+00:00,combi,Sitting,Sitting
2024-09-17 18:43:32.500000+00:00,combi,Sitting,Sitting
2024-09-17 18:44:32.500000+00:00,combi,Sitting,Sitting
2024-09-17 18:45:32.500000+00:00,combi,Sitting,Sitting
2024-09-17 18:46:32.500000+00:00,combi,Sitting,Sitting
2024-09-17 18:47:32.500000+00:00,combi,Sitting,Sitting
2024-09-17 18:48:32.500000+00:00,combi,Sitting,Sitting
2024-09-17 18:49:32.500000+00:00,combi,Sitting,Sitting
2024-09-17 18:50:32.500000+00:00,combi,Sitting,Sitting
2024-09-17 18:51:32.500000+00:00,combi,Sitting,Sitting
2024-09-17 18:52:32.500000+00:00,combi,Standing,Standing
2024-09-17 18:53:32.500000+00:00,combi,Sitting,Sitting
2024-09-17 18:54:32.500000+00:00,combi,Sitting,Sitting
2024-09-17 18:55:32.500000+00:00,combi,Sitting,Sitting
2024-09-17 18:56:32.500000+00:00,combi,Sitting,Sitting
2024-09-17 18:57:32.500000+00:00,combi,Sitting,Sitting
2024-09-17 18:58:32.500000+00:00,combi,Sitting,Sitting
2024-09-17 18:59:32.500000+00:00,combi,Sitting,Sitting
2024-09-17 19:00:32.500000+00:00,combi,Sitting,Sitting
2024-09-17 19:01:32.500000+00:00,combi,Sitting,Sitting
2024-09-17 19:02:32.500000+00:00,combi,Standing,Standing
2024-09-17 19:03:32.500000+00:00,combi,Sitting,Sitting
2024-09-17 19:04:32.500000+00:00,combi,Sitting,Sitting
2024-09-17 19:05:32.500000+00:00,combi,Sitting,Sitting
2024-09-17 19:06:32.500000+00:00,combi,Sitting,Sitting
2024-09-17 19:07:32.500000+00:00,combi,Sitting,Sitting
2024-09-17 19:08:32.500000+00:00,combi,Sitting,Sitting
2024-09-17 19:09:32.500000+00:00,combi,Sitting,Sitting
2024-09-17 19:10:32.500000+00:00,combi,Sitting,Sitting
2024-09-17 19:11:32.500000+00:00,combi,Sitting,Sitting
2024-09-17 19:12:32.500000+00:00,combi,Sitting,Sitting
2024-09-17 19:13:32.500000+00:00,combi,Sitting,Sitting
2024-09-17 19:14:32.500000+00:00,combi,Sitting,Sitting
2024-09-17 19:15:32.500000+00:00,combi,Sitting,Sitting
2024-09-17 19:16:32.500000+00:00,combi,Sitting,Sitting
2024-09-17 19:17:32.500000+00:00,combi,Sitting,Sitting
2024-09-17 19:18:32.500000+00:00,combi,Sitting,Sitting
2024-09-17 19:19:32.500000+00:00,combi,Sitting,Sitting
2024-09-17 19:20:32.500000+00:00,combi,Sitting,Sitting
2024-09-17 19:21:32.500000+00:00,combi,Sitting,Sitting
2024-09-17 19:22:32.500000+00:00,combi,Sitting,Sitting
2024-09-17 19:23:32.500000+00:00,combi,Sitting,Sitting
2024-09-17 19:24:32.500000+00:00,combi,Sitting,Sitting
2024-09-17 19:25:32.500000+00:00,combi,Sitting,Sitting
2024-09-17 19:26:32.500000+00:00,combi,Sitting,Sitting
2024-09-17 19:27:32.500000+00:00,combi,Sitting,Sitting
2024-09-17 19:28:32.500000+00:00,combi,Sitting,Sitting
2024-09-17 19:29:32.500000+00:00,combi,Sitting,Sitting
2024-09-17 19:30:32.500000+00:00,combi,Sitting,Sitting
2024-09-17 19:31:32.500000+00:00,combi,Sitting,Sitting
2024-09-17 19:32:32.500000+00:00,combi,Sitting,Sitting
2024-09-17 19:33:32.500000+00:00,combi,Sitting,Sitting
2024-09-17 19:34:32.500000+00:00,combi,Sitting,Sitting
2024-09-17 19:35:32.500000+00:00,combi,Sitting,Sitting
2024-09-17 19:36:32.500000+00:00,combi,Sitting,Sitting
2024-09-17 19:37:32.500000+00:00,combi,Sitting,Sitting
2024-09-17 19:38:32.500000+00:00,combi,Sitting,Sitting
2024-09-17 19:39:32.500000+00:00,combi,Sitting,Sitting
2024-09-17 19:40:32.500000+00:00,combi,Sitting,Sitting
2024-09-17 19:41:32.500000+00:00,combi,Sitting,Sitting
2024-09-17 19:42:32.500000+00:00,combi,Sitting,Sitting
2024-09-17 19:43:32.500000+00:00,combi,Sitting,Sitting
2024-09-17 19:44:32.500000+00:00,combi,Sitting,Sitting
2024-09-17 19:45:32.500000+00:00,combi,Sitting,Sitting
2024-09-17 19:46:32.500000+00:00,combi,Sitting,Sitting
2024-09-17 19:47:32.500000+00:00,combi,Sitting,Sitting
2024-09-17 19:48:32.500000+00:00,combi,Sitting,Sitting
2024-09-17 19:49:32.500000+00:00,combi,Sitting,Sitting
2024-09-17 19:50:32.500000+00:00,combi,Sitting,Sitting
2024-09-17 19:51:32.500000+00:00,combi,Sitting,Sitting
2024-09-17 19:52:32.500000+00:00,combi,Sitting,Sitting
2024-09-17 19:53:32.500000+00:00,combi,Sitting,Sitting
2024-09-17 19:54:32.500000+00:00,combi,Sitting,Sitting
2024-09-17 19:55:32.500000+00:00,combi,Sitting,Sitting
2024-09-17 19:56:32.500000+00:00,combi,Sitting,Sitting
2024-09-17 19:57:32.500000+00:00,combi,Sitting,Sitting
2024-09-17 19:58:32.500000+00:00,combi,Sitting,Sitting
2024-09-17 19:59:32.500000+00:00,combi,Sitting,Sitting
2024-09-17 20:00:32.500000+00:00,combi,Sitting,Sitting
2024-09-17 20:01:32.500000+00:00,combi,Sitting,Sitting
2024-09-17 20:02:32.500000+00:00,combi,Sitting,Sitting
2024-09-17 20:03:32.500000+00:00,combi,Sitting,Sitting
2024-09-17 20:04:32.500000+00:00,combi,Standing,Dynamic
2024-09-17 20:05:32.500000+00:00,combi,Standing,Dynamic
2024-09-17 20:06:32.500000+00:00,combi,Standing,Standing
2024-09-17 20:07:32.500000+00:00,combi,Standing,Standing
2024-09-17 20:08:32.500000+00:00,combi,Standing,Standing
2024-09-17 20:09:32.500000+00:00,combi,Standing,Standing
2024-09-17 20:10:32.500000+00:00,combi,Sitting,Sitting
2024-09-17 20:11:32.500000+00:00,combi,Sitting,Sitting
2024-09-17 20:12:32.500000+00:00,combi,Sitting,Sitting
2024-09-17 20:13:32.500000+00:00,combi,Sitting,Sitting
2024-09-17 20:14:32.500000+00:00,combi,Sitting,Sitting
2024-09-17 20:15:32.500000+00:00,combi,Sitting,Sitting
2024-09-17 20:16:32.500000+00:00,combi,Sitting,Sitting
2024-09-17 20:17:32.500000+00:00,combi,Sitting,Sitting
2024-09-17 20:18:32.500000+00:00,combi,Sitting,Sitting
2024-09-17 20:19:32.500000+00:00,combi,Sitting,Sitting
2024-09-17 20:20:32.500000+00:00,combi,Sitting,Dynamic
2024-09-17 20:21:32.500000+00:00,combi,Lying,Dynamic
2024-09-17 20:22:32.500000+00:00,combi,Standing,Dynamic
2024-09-17 20:23:32.500000+00:00,combi,Standing,Dynamic
2024-09-17 20:24:32.500000+00:00,combi,Sitting,Sitting
2024-09-17 20:25:32.500000+00:00,combi,Sitting,Sitting
2024-09-17 20:26:32.500000+00:00,combi,Sitting,Sitting
2024-09-17 20:27:32.500000+00:00,combi,Sitting,Sitting
2024-09-17 20:28:32.500000+00:00,combi,Sitting,Sitting
2024-09-17 20:29:32.500000+00:00,combi,Sitting,Sitting
2024-09-17 20:30:32.500000+00:00,combi,Sitting,Sitting
2024-09-17 20:31:32.500000+00:00,combi,Sitting,Sitting
2024-09-17 20:32:32.500000+00:00,combi,Sitting,Sitting
2024-09-17 20:33:32.500000+00:00,combi,Sitting,Sitting
2024-09-17 20:34:32.500000+00:00,combi,Sitting,Dynamic
2024-09-17 20:35:32.500000+00:00,combi,Lying,Dynamic
2024-09-17 20:36:32.500000+00:00,combi,Standing,Dynamic
2024-09-17 20:37:32.500000+00:00,combi,Lying,Dynamic
2024-09-17 20:38:32.500000+00:00,combi,Sitting,Dynamic
2024-09-17 20:39:32.500000+00:00,combi,Sitting,Dynamic
2024-09-17 20:40:32.500000+00:00,combi,Sitting,Dynamic
2024-09-17 20:41:32.500000+00:00,combi,Standing,Dynamic
2024-09-17 20:42:32.500000+00:00,combi,Standing,Standing
2024-09-17 20:43:32.500000+00:00,combi,Sitting,Sitting
2024-09-17 20:44:32.500000+00:00,combi,Sitting,Sitting
2024-09-17 20:45:32.500000+00:00,combi,Sitting,Sitting
2024-09-17 20:46:32.500000+00:00,combi,Standing,Dynamic
2024-09-17 20:47:32.500000+00:00,combi,Standing,Standing
2024-09-17 20:48:32.500000+00:00,combi,Standing,Sitting
2024-09-17 20:49:32.500000+00:00,combi,Standing,Dynamic
2024-09-17 20:50:32.500000+00:00,combi,Standing,Dynamic
2024-09-17 20:51:32.500000+00:00,combi,Sitting,Dynamic
2024-09-17 20:52:32.500000+00:00,combi,Sitting,Sitting
2024-09-17 20:53:32.500000+00:00,combi,Sitting,Sitting
2024-09-17 20:54:32.500000+00:00,combi,Sitting,Sitting
2024-09-17 20:55:32.500000+00:00,combi,Sitting,Sitting
2024-09-17 20:56:32.500000+00:00,combi,Sitting,Sitting
2024-09-17 20:57:32.500000+00:00,combi,Sitting,Sitting
2024-09-17 20:58:32.500000+00:00,combi,Sitting,Sitting
2024-09-17 20:59:32.500000+00:00,combi,Sitting,Sitting
2024-09-17 21:00:32.500000+00:00,combi,Sitting,Sitting
2024-09-17 21:01:32.500000+00:00,combi,Sitting,Sitting
2024-09-17 21:02:32.500000+00:00,combi,Sitting,Sitting
2024-09-17 21:03:32.500000+00:00,combi,Sitting,Dynamic
2024-09-17 21:04:32.500000+00:00,combi,Sitting,Dynamic
2024-09-17 21:05:32.500000+00:00,combi,Sitting,Standing
2024-09-17 21:06:32.500000+00:00,combi,Standing,Dynamic
2024-09-17 21:07:32.500000+00:00,combi,Standing,Dynamic
2024-09-17 21:08:32.500000+00:00,combi,Sitting,Sitting
2024-09-17 21:09:32.500000+00:00,combi,Sitting,Sitting
2024-09-17 21:10:32.500000+00:00,combi,Sitting,Sitting
2024-09-17 21:11:32.500000+00:00,combi,Sitting,Sitting
2024-09-17 21:12:32.500000+00:00,combi,Standing,Sitting
2024-09-17 21:13:32.500000+00:00,combi,Standing,Standing
2024-09-17 21:14:32.500000+00:00,combi,Standing,Standing
2024-09-17 21:15:32.500000+00:00,combi,Standing,Standing
2024-09-17 21:16:32.500000+00:00,combi,Standing,Dynamic
2024-09-17 21:17:32.500000+00:00,combi,Sitting,Sitting
2024-09-17 21:18:32.500000+00:00,combi,Sitting,Sitting
2024-09-17 21:19:32.500000+00:00,combi,Sitting,Sitting
2024-09-17 21:20:32.500000+00:00,combi,Sitting,Sitting
2024-09-17 21:21:32.500000+00:00,combi,Sitting,Sitting
2024-09-17 21:22:32.500000+00:00,combi,Standing,Dynamic
2024-09-17 21:23:32.500000+00:00,combi,Sitting,Sitting
2024-09-17 21:24:32.500000+00:00,combi,Sitting,Sitting
2024-09-17 21:25:32.500000+00:00,combi,Sitting,Sitting
2024-09-17 21:26:32.500000+00:00,combi,Sitting,Sitting
2024-09-17 21:27:32.500000+00:00,combi,Standing,Standing
2024-09-17 21:28:32.500000+00:00,combi,Sitting,Sitting
2024-09-17 21:29:32.500000+00:00,combi,Sitting,Sitting
2024-09-17 21:30:32.500000+00:00,combi,Standing,Dynamic
2024-09-17 21:31:32.500000+00:00,combi,Sitting,Dynamic
2024-09-17 21:32:32.500000+00:00,combi,Standing,Dynamic
2024-09-17 21:33:32.500000+00:00,combi,Sitting,Dynamic
2024-09-17 21:34:32.500000+00:00,combi,Standing,Standing
2024-09-17 21:35:32.500000+00:00,combi,Standing,Dynamic
2024-09-17 21:36:32.500000+00:00,combi,Sitting,Sitting
2024-09-17 21:37:32.500000+00:00,combi,Sitting,Sitting
2024-09-17 21:38:32.500000+00:00,combi,Sitting,Sitting
2024-09-17 21:39:32.500000+00:00,combi,Sitting,Sitting
2024-09-17 21:40:32.500000+00:00,combi,Sitting,Sitting
2024-09-17 21:41:32.500000+00:00,combi,Sitting,Sitting
2024-09-17 21:42:32.500000+00:00,combi,Sitting,Sitting
2024-09-17 21:43:32.500000+00:00,combi,Sitting,Sitting
2024-09-17 21:44:32.500000+00:00,combi,Sitting,Sitting
2024-09-17 21:45:32.500000+00:00,combi,Sitting,Sitting
2024-09-17 21:46:32.500000+00:00,combi,Sitting,Sitting
2024-09-17 21:47:32.500000+00:00,combi,Sitting,Sitting
2024-09-17 21:48:32.500000+00:00,combi,Lying,Dynamic
2024-09-17 21:49:32.500000+00:00,combi,Sitting,Sitting
2024-09-17 21:50:32.500000+00:00,combi,Sitting,Sitting
2024-09-17 21:51:32.500000+00:00,combi,Sitting,Sitting
2024-09-17 21:52:32.500000+00:00,combi,Sitting,Sitting
2024-09-17 21:53:32.500000+00:00,combi,Sitting,Sitting
2024-09-17 21:54:32.500000+00:00,combi,Sitting,Sitting
2024-09-17 21:55:32.500000+00:00,combi,Sitting,Sitting
2024-09-17 21:56:32.500000+00:00,combi,Sitting,Sitting
2024-09-17 21:57:32.500000+00:00,combi,Sitting,Sitting
2024-09-17 21:58:32.500000+00:00,combi,Sitting,Sitting
2024-09-17 21:59:32.500000+00:00,combi,Sitting,Sitting
2024-09-17 22:00:32.500000+00:00,combi,Sitting,Sitting
2024-09-17 22:01:32.500000+00:00,combi,Sitting,Sitting
2024-09-17 22:02:32.500000+00:00,combi,Sitting,Sitting
2024-09-17 22:03:32.500000+00:00,combi,Sitting,Sitting
2024-09-17 22:04:32.500000+00:00,combi,Sitting,Sitting
2024-09-17 22:05:32.500000+00:00,combi,Sitting,Sitting
2024-09-17 22:06:32.500000+00:00,combi,Sitting,Sitting
2024-09-17 22:07:32.500000+00:00,combi,Sitting,Sitting
2024-09-17 22:08:32.500000+00:00,combi,Sitting,Sitting
2024-09-17 22:09:32.500000+00:00,combi,Sitting,Sitting
2024-09-17 22:10:32.500000+00:00,combi,Sitting,Sitting
2024-09-17 22:11:32.500000+00:00,combi,Sitting,Sitting
2024-09-17 22:12:32.500000+00:00,combi,Sitting,Sitting
2024-09-17 22:13:32.500000+00:00,combi,Sitting,Sitting
2024-09-17 22:14:32.500000+00:00,combi,Sitting,Sitting
2024-09-17 22:15:32.500000+00:00,combi,Sitting,Sitting
2024-09-17 22:16:32.500000+00:00,combi,Sitting,Sitting
2024-09-17 22:17:32.500000+00:00,combi,Sitting,Sitting
2024-09-17 22:18:32.500000+00:00,combi,Sitting,Sitting
2024-09-17 22:19:32.500000+00:00,combi,Sitting,Sitting
2024-09-17 22:20:32.500000+00:00,combi,Sitting,Sitting
2024-09-17 22:21:32.500000+00:00,combi,Sitting,Sitting
2024-09-17 22:22:32.500000+00:00,combi,Sitting,Sitting
2024-09-17 22:23:32.500000+00:00,combi,Sitting,Sitting
2024-09-17 22:24:32.500000+00:00,combi,Sitting,Sitting
2024-09-17 22:25:32.500000+00:00,combi,Sitting,Sitting
2024-09-17 22:26:32.500000+00:00,combi,Sitting,Sitting
2024-09-17 22:27:32.500000+00:00,combi,Sitting,Sitting
2024-09-17 22:28:32.500000+00:00,combi,Sitting,Sitting
2024-09-17 22:29:32.500000+00:00,combi,Sitting,Sitting
2024-09-17 22:30:32.500000+00:00,combi,Sitting,Sitting
2024-09-17 22:31:32.500000+00:00,combi,Sitting,Sitting
2024-09-17 22:32:32.500000+00:00,combi,Sitting,Sitting
2024-09-17 22:33:32.500000+00:00,combi,Sitting,Sitting
2024-09-17 22:34:32.500000+00:00,combi,Lying,Dynamic
2024-09-17 22:35:32.500000+00:00,combi,Lying,Dynamic
2024-09-17 22:36:32.500000+00:00,combi,Lying,Lying
2024-09-17 22:37:32.500000+00:00,combi,Lying,Lying
2024-09-17 22:38:32.500000+00:00,combi,Lying,Lying
2024-09-17 22:39:32.500000+00:00,combi,Lying,Lying
2024-09-17 22:40:32.500000+00:00,combi,Lying,Lying
2024-09-17 22:41:32.500000+00:00,combi,Lying,Lying
2024-09-17 22:42:32.500000+00:00,combi,Lying,Lying
2024-09-17 22:43:32.500000+00:00,combi,Lying,Lying
2024-09-17 22:44:32.500000+00:00,combi,Lying,Lying
2024-09-17 22:45:32.500000+00:00,combi,Lying,Lying
2024-09-17 22:46:32.500000+00:00,combi,Lying,Lying
2024-09-17 22:47:32.500000+00:00,combi,Lying,Lying
2024-09-17 22:48:32.500000+00:00,combi,Lying,Lying
2024-09-17 22:49:32.500000+00:00,combi,Lying,Lying
2024-09-17 22:50:32.500000+00:00,combi,Lying,Lying
2024-09-17 22:51:32.500000+00:00,combi,Lying,Lying
2024-09-17 22:52:32.500000+00:00,combi,Lying,Lying
2024-09-17 22:53:32.500000+00:00,combi,Lying,Lying
2024-09-17 22:54:32.500000+00:00,combi,Lying,Lying
2024-09-17 22:55:32.500000+00:00,combi,Lying,Lying
2024-09-17 22:56:32.500000+00:00,combi,Lying,Lying
2024-09-17 22:57:32.500000+00:00,combi,Lying,Lying
2024-09-17 22:58:32.500000+00:00,combi,Lying,Lying
2024-09-17 22:59:32.500000+00:00,combi,Lying,Lying
2024-09-17 23:00:32.500000+00:00,combi,Lying,Lying
2024-09-17 23:01:32.500000+00:00,combi,Lying,Lying
2024-09-17 23:02:32.500000+00:00,combi,Lying,Lying
2024-09-17 23:03:32.500000+00:00,combi,Lying,Lying
2024-09-17 23:04:32.500000+00:00,combi,Lying,Lying
2024-09-17 23:05:32.500000+00:00,combi,Lying,Lying
2024-09-17 23:06:32.500000+00:00,combi,Lying,Lying
2024-09-17 23:07:32.500000+00:00,combi,Lying,Lying
2024-09-17 23:08:32.500000+00:00,combi,Lying,Lying
2024-09-17 23:09:32.500000+00:00,combi,Lying,Lying
2024-09-17 23:10:32.500000+00:00,combi,Lying,Lying
2024-09-17 23:11:32.500000+00:00,combi,Lying,Lying
2024-09-17 23:12:32.500000+00:00,combi,Lying,Lying
2024-09-17 23:13:32.500000+00:00,combi,Lying,Lying
2024-09-17 23:14:32.500000+00:00,combi,Lying,Lying
2024-09-17 23:15:32.500000+00:00,combi,Lying,Lying
2024-09-17 23:16:32.500000+00:00,combi,Lying,Lying
2024-09-17 23:17:32.500000+00:00,combi,Lying,Lying
2024-09-17 23:18:32.500000+00:00,combi,Lying,Lying
2024-09-17 23:19:32.500000+00:00,combi,Lying,Lying
2024-09-17 23:20:32.500000+00:00,combi,Lying,Lying
2024-09-17 23:21:32.500000+00:00,combi,Lying,Lying
2024-09-17 23:22:32.500000+00:00,combi,Lying,Lying
2024-09-17 23:23:32.500000+00:00,combi,Lying,Lying
2024-09-17 23:24:32.500000+00:00,combi,Lying,Lying
2024-09-17 23:25:32.500000+00:00,combi,Lying,Lying
2024-09-17 23:26:32.500000+00:00,combi,Lying,Lying
2024-09-17 23:27:32.500000+00:00,combi,Lying,Lying
2024-09-17 23:28:32.500000+00:00,combi,Lying,Lying
2024-09-17 23:29:32.500000+00:00,combi,Lying,Lying
2024-09-17 23:30:32.500000+00:00,combi,Lying,Lying
2024-09-17 23:31:32.500000+00:00,combi,Lying,Lying
2024-09-17 23:32:32.500000+00:00,combi,Lying,Lying
2024-09-17 23:33:32.500000+00:00,combi,Lying,Lying
2024-09-17 23:34:32.500000+00:00,combi,Lying,Lying
2024-09-17 23:35:32.500000+00:00,combi,Lying,Lying
2024-09-17 23:36:32.500000+00:00,combi,Lying,Lying
2024-09-17 23:37:32.500000+00:00,combi,Lying,Lying
2024-09-17 23:38:32.500000+00:00,combi,Lying,Lying
2024-09-17 23:39:32.500000+00:00,combi,Lying,Lying
2024-09-17 23:40:32.500000+00:00,combi,Lying,Lying
2024-09-17 23:41:32.500000+00:00,combi,Lying,Lying
2024-09-17 23:42:32.500000+00:00,combi,Lying,Lying
2024-09-17 23:43:32.500000+00:00,combi,Lying,Lying
2024-09-17 23:44:32.500000+00:00,combi,Lying,Lying
2024-09-17 23:45:32.500000+00:00,combi,Lying,Lying
2024-09-17 23:46:32.500000+00:00,combi,Lying,Lying
2024-09-17 23:47:32.500000+00:00,combi,Lying,Lying
2024-09-17 23:48:32.500000+00:00,combi,Lying,Lying
2024-09-17 23:49:32.500000+00:00,combi,Lying,Lying
2024-09-17 23:50:32.500000+00:00,combi,Lying,Lying
2024-09-17 23:51:32.500000+00:00,combi,Lying,Lying
2024-09-17 23:52:32.500000+00:00,combi,Lying,Lying
2024-09-17 23:53:32.500000+00:00,combi,Lying,Lying
2024-09-17 23:54:32.500000+00:00,combi,Lying,Lying
2024-09-17 23:55:32.500000+00:00,combi,Lying,Lying
2024-09-17 23:56:32.500000+00:00,combi,Lying,Lying
2024-09-17 23:57:32.500000+00:00,combi,Lying,Lying
2024-09-17 23:58:32.500000+00:00,combi,Lying,Lying
2024-09-17 23:59:32.500000+00:00,combi,Lying,Lying
2024-09-18 00:00:32.500000+00:00,combi,Lying,Lying
2024-09-18 00:01:32.500000+00:00,combi,Lying,Lying
2024-09-18 00:02:32.500000+00:00,combi,Lying,Lying
2024-09-18 00:03:32.500000+00:00,combi,Lying,Lying
2024-09-18 00:04:32.500000+00:00,combi,Lying,Lying
2024-09-18 00:05:32.500000+00:00,combi,Lying,Lying
2024-09-18 00:06:32.500000+00:00,combi,Lying,Lying
2024-09-18 00:07:32.500000+00:00,combi,Lying,Lying
2024-09-18 00:08:32.500000+00:00,combi,Lying,Lying
2024-09-18 00:09:32.500000+00:00,combi,Lying,Lying
2024-09-18 00:10:32.500000+00:00,combi,Lying,Lying
2024-09-18 00:11:32.500000+00:00,combi,Lying,Lying
2024-09-18 00:12:32.500000+00:00,combi,Lying,Lying
2024-09-18 00:13:32.500000+00:00,combi,Lying,Lying
2024-09-18 00:14:32.500000+00:00,combi,Lying,Lying
2024-09-18 00:15:32.500000+00:00,combi,Lying,Lying
2024-09-18 00:16:32.500000+00:00,combi,Lying,Lying
2024-09-18 00:17:32.500000+00:00,combi,Lying,Lying
2024-09-18 00:18:32.500000+00:00,combi,Lying,Lying
2024-09-18 00:19:32.500000+00:00,combi,Lying,Lying
2024-09-18 00:20:32.500000+00:00,combi,Lying,Lying
2024-09-18 00:21:32.500000+00:00,combi,Lying,Lying
2024-09-18 00:22:32.500000+00:00,combi,Lying,Lying
2024-09-18 00:23:32.500000+00:00,combi,Lying,Lying
2024-09-18 00:24:32.500000+00:00,combi,Lying,Lying
2024-09-18 00:25:32.500000+00:00,combi,Lying,Lying
2024-09-18 00:26:32.500000+00:00,combi,Lying,Lying
2024-09-18 00:27:32.500000+00:00,combi,Lying,Lying
2024-09-18 00:28:32.500000+00:00,combi,Lying,Lying
2024-09-18 00:29:32.500000+00:00,combi,Lying,Lying
2024-09-18 00:30:32.500000+00:00,combi,Lying,Lying
2024-09-18 00:31:32.500000+00:00,combi,Lying,Lying
2024-09-18 00:32:32.500000+00:00,combi,Lying,Lying
2024-09-18 00:33:32.500000+00:00,combi,Lying,Lying
2024-09-18 00:34:32.500000+00:00,combi,Lying,Lying
2024-09-18 00:35:32.500000+00:00,combi,Lying,Lying
2024-09-18 00:36:32.500000+00:00,combi,Lying,Dynamic
2024-09-18 00:37:32.500000+00:00,combi,Sitting,Sitting
2024-09-18 00:38:32.500000+00:00,combi,Standing,Standing
2024-09-18 00:39:32.500000+00:00,combi,Standing,Sitting
2024-09-18 00:40:32.500000+00:00,combi,Sitting,Sitting
2024-09-18 00:41:32.500000+00:00,combi,Sitting,Sitting
2024-09-18 00:42:32.500000+00:00,combi,Sitting,Sitting
2024-09-18 00:43:32.500000+00:00,combi,Sitting,Sitting
2024-09-18 00:44:32.500000+00:00,combi,Sitting,Sitting
2024-09-18 00:45:32.500000+00:00,combi,Sitting,Sitting
2024-09-18 00:46:32.500000+00:00,combi,Sitting,Sitting
2024-09-18 00:47:32.500000+00:00,combi,Standing,Standing
2024-09-18 00:48:32.500000+00:00,combi,Standing,Standing
2024-09-18 00:49:32.500000+00:00,combi,Sitting,Sitting
2024-09-18 00:50:32.500000+00:00,combi,Sitting,Sitting
2024-09-18 00:51:32.500000+00:00,combi,Sitting,Sitting
2024-09-18 00:52:32.500000+00:00,combi,Sitting,Sitting
2024-09-18 00:53:32.500000+00:00,combi,Sitting,Sitting
2024-09-18 00:54:32.500000+00:00,combi,Standing,Dynamic
2024-09-18 00:55:32.500000+00:00,combi,Standing,Dynamic
2024-09-18 00:56:32.500000+00:00,combi,Sitting,Sitting
2024-09-18 00:57:32.500000+00:00,combi,Sitting,Sitting
2024-09-18 00:58:32.500000+00:00,combi,Sitting,Sitting
2024-09-18 00:59:32.500000+00:00,combi,Sitting,Sitting
2024-09-18 01:00:32.500000+00:00,combi,Sitting,Sitting
2024-09-18 01:01:32.500000+00:00,combi,Sitting,Sitting
2024-09-18 01:02:32.500000+00:00,combi,Sitting,Sitting
2024-09-18 01:03:32.500000+00:00,combi,Sitting,Sitting
2024-09-18 01:04:32.500000+00:00,combi,Sitting,Sitting
2024-09-18 01:05:32.500000+00:00,combi,Sitting,Sitting
2024-09-18 01:06:32.500000+00:00,combi,Sitting,Sitting
2024-09-18 01:07:32.500000+00:00,combi,Standing,Dynamic
2024-09-18 01:08:32.500000+00:00,combi,Sitting,Sitting
2024-09-18 01:09:32.500000+00:00,combi,Sitting,Sitting
2024-09-18 01:10:32.500000+00:00,combi,Sitting,Sitting
2024-09-18 01:11:32.500000+00:00,combi,Standing,Dynamic
2024-09-18 01:12:32.500000+00:00,combi,Standing,Dynamic
2024-09-18 01:13:32.500000+00:00,combi,Sitting,Dynamic
2024-09-18 01:14:32.500000+00:00,combi,Sitting,Dynamic
2024-09-18 01:15:32.500000+00:00,combi,Lying,Lying
2024-09-18 01:16:32.500000+00:00,combi,Standing,Standing
2024-09-18 01:17:32.500000+00:00,combi,Standing,Standing
2024-09-18 01:18:32.500000+00:00,combi,Standing,Standing
2024-09-18 01:19:32.500000+00:00,combi,Sitting,Sitting
2024-09-18 01:20:32.500000+00:00,combi,Standing,Sitting
2024-09-18 01:21:32.500000+00:00,combi,Standing,Standing
2024-09-18 01:22:32.500000+00:00,combi,Standing,Standing
2024-09-18 01:23:32.500000+00:00,combi,Lying,Dynamic
2024-09-18 01:24:32.500000+00:00,combi,Lying,Lying
2024-09-18 01:25:32.500000+00:00,combi,Lying,Lying
2024-09-18 01:26:32.500000+00:00,combi,Lying,Lying
2024-09-18 01:27:32.500000+00:00,combi,Lying,Lying
2024-09-18 01:28:32.500000+00:00,combi,Lying,Lying
2024-09-18 01:29:32.500000+00:00,combi,Lying,Dynamic
2024-09-18 01:30:32.500000+00:00,combi,Lying,Sitting
2024-09-18 01:31:32.500000+00:00,combi,Sitting,Sitting
2024-09-18 01:32:32.500000+00:00,combi,Lying,Lying
2024-09-18 01:33:32.500000+00:00,combi,Lying,Lying
2024-09-18 01:34:32.500000+00:00,combi,Lying,Lying
2024-09-18 01:35:32.500000+00:00,combi,Lying,Lying
2024-09-18 01:36:32.500000+00:00,combi,Lying,Lying
2024-09-18 01:37:32.500000+00:00,combi,Lying,Lying
2024-09-18 01:38:32.500000+00:00,combi,Sitting,Sitting
2024-09-18 01:39:32.500000+00:00,combi,Lying,Lying
2024-09-18 01:40:32.500000+00:00,combi,Lying,Lying
2024-09-18 01:41:32.500000+00:00,combi,Lying,Lying
2024-09-18 01:42:32.500000+00:00,combi,Lying,Lying
2024-09-18 01:43:32.500000+00:00,combi,Lying,Lying
2024-09-18 01:44:32.500000+00:00,combi,Lying,Lying
2024-09-18 01:45:32.500000+00:00,combi,Lying,Lying
2024-09-18 01:46:32.500000+00:00,combi,Lying,Lying
2024-09-18 01:47:32.500000+00:00,combi,Lying,Lying
2024-09-18 01:48:32.500000+00:00,combi,Lying,Lying
2024-09-18 01:49:32.500000+00:00,combi,Lying,Lying
2024-09-18 01:50:32.500000+00:00,combi,Lying,Lying
2024-09-18 01:51:32.500000+00:00,combi,Lying,Lying
2024-09-18 01:52:32.500000+00:00,combi,Lying,Lying
2024-09-18 01:53:32.500000+00:00,combi,Lying,Lying
2024-09-18 01:54:32.500000+00:00,combi,Lying,Lying
2024-09-18 01:55:32.500000+00:00,combi,Lying,Lying
2024-09-18 01:56:32.500000+00:00,combi,Lying,Lying
2024-09-18 01:57:32.500000+00:00,combi,Lying,Lying
2024-09-18 01:58:32.500000+00:00,combi,Lying,Lying
2024-09-18 01:59:32.500000+00:00,combi,Lying,Lying
2024-09-18 02:00:32.500000+00:00,combi,Lying,Lying
2024-09-18 02:01:32.500000+00:00,combi,Lying,Lying
2024-09-18 02:02:32.500000+00:00,combi,Lying,Lying
2024-09-18 02:03:32.500000+00:00,combi,Lying,Lying
2024-09-18 02:04:32.500000+00:00,combi,Lying,Lying
2024-09-18 02:05:32.500000+00:00,combi,Lying,Lying
2024-09-18 02:06:32.500000+00:00,combi,Lying,Lying
2024-09-18 02:07:32.500000+00:00,combi,Lying,Lying
2024-09-18 02:08:32.500000+00:00,combi,Lying,Lying
2024-09-18 02:09:32.500000+00:00,combi,Lying,Lying
2024-09-18 02:10:32.500000+00:00,combi,Lying,Lying
2024-09-18 02:11:32.500000+00:00,combi,Lying,Lying
2024-09-18 02:12:32.500000+00:00,combi,Lying,Lying
2024-09-18 02:13:32.500000+00:00,combi,Lying,Lying
2024-09-18 02:14:32.500000+00:00,combi,Lying,Lying
2024-09-18 02:15:32.500000+00:00,combi,Lying,Lying
2024-09-18 02:16:32.500000+00:00,combi,Lying,Lying
2024-09-18 02:17:32.500000+00:00,combi,Lying,Lying
2024-09-18 02:18:32.500000+00:00,combi,Lying,Lying
2024-09-18 02:19:32.500000+00:00,combi,Lying,Lying
2024-09-18 02:20:32.500000+00:00,combi,Lying,Lying
2024-09-18 02:21:32.500000+00:00,combi,Lying,Lying
2024-09-18 02:22:32.500000+00:00,combi,Lying,Lying
2024-09-18 02:23:32.500000+00:00,combi,Lying,Lying
2024-09-18 02:24:32.500000+00:00,combi,Lying,Lying
2024-09-18 02:25:32.500000+00:00,combi,Lying,Lying
2024-09-18 02:26:32.500000+00:00,combi,Lying,Lying
2024-09-18 02:27:32.500000+00:00,combi,Lying,Lying
2024-09-18 02:28:32.500000+00:00,combi,Lying,Lying
2024-09-18 02:29:32.500000+00:00,combi,Lying,Lying
2024-09-18 02:30:32.500000+00:00,combi,Lying,Lying
2024-09-18 02:31:32.500000+00:00,combi,Lying,Lying
2024-09-18 02:32:32.500000+00:00,combi,Lying,Lying
2024-09-18 02:33:32.500000+00:00,combi,Lying,Lying
2024-09-18 02:34:32.500000+00:00,combi,Lying,Lying
2024-09-18 02:35:32.500000+00:00,combi,Lying,Lying
2024-09-18 02:36:32.500000+00:00,combi,Lying,Lying
2024-09-18 02:37:32.500000+00:00,combi,Lying,Lying
2024-09-18 02:38:32.500000+00:00,combi,Lying,Lying
2024-09-18 02:39:32.500000+00:00,combi,Lying,Lying
2024-09-18 02:40:32.500000+00:00,combi,Lying,Lying
2024-09-18 02:41:32.500000+00:00,combi,Lying,Lying
2024-09-18 02:42:32.500000+00:00,combi,Lying,Lying
2024-09-18 02:43:32.500000+00:00,combi,Lying,Lying
2024-09-18 02:44:32.500000+00:00,combi,Lying,Lying
2024-09-18 02:45:32.500000+00:00,combi,Lying,Lying
2024-09-18 02:46:32.500000+00:00,combi,Lying,Lying
2024-09-18 02:47:32.500000+00:00,combi,Lying,Lying
2024-09-18 02:48:32.500000+00:00,combi,Lying,Lying
2024-09-18 02:49:32.500000+00:00,combi,Lying,Lying
2024-09-18 02:50:32.500000+00:00,combi,Lying,Lying
2024-09-18 02:51:32.500000+00:00,combi,Lying,Lying
2024-09-18 02:52:32.500000+00:00,combi,Lying,Lying
2024-09-18 02:53:32.500000+00:00,combi,Lying,Lying
2024-09-18 02:54:32.500000+00:00,combi,Lying,Lying
2024-09-18 02:55:32.500000+00:00,combi,Lying,Lying
2024-09-18 02:56:32.500000+00:00,combi,Lying,Lying
2024-09-18 02:57:32.500000+00:00,combi,Lying,Lying
2024-09-18 02:58:32.500000+00:00,combi,Lying,Lying
2024-09-18 02:59:32.500000+00:00,combi,Lying,Lying
2024-09-18 03:00:32.500000+00:00,combi,Lying,Lying
2024-09-18 03:01:32.500000+00:00,combi,Lying,Lying
2024-09-18 03:02:32.500000+00:00,combi,Lying,Lying
2024-09-18 03:03:32.500000+00:00,combi,Lying,Lying
2024-09-18 03:04:32.500000+00:00,combi,Lying,Lying
2024-09-18 03:05:32.500000+00:00,combi,Lying,Lying
2024-09-18 03:06:32.500000+00:00,combi,Lying,Lying
2024-09-18 03:07:32.500000+00:00,combi,Lying,Lying
2024-09-18 03:08:32.500000+00:00,combi,Lying,Lying
2024-09-18 03:09:32.500000+00:00,combi,Lying,Lying
2024-09-18 03:10:32.500000+00:00,combi,Lying,Lying
2024-09-18 03:11:32.500000+00:00,combi,Lying,Lying
2024-09-18 03:12:32.500000+00:00,combi,Lying,Lying
2024-09-18 03:13:32.500000+00:00,combi,Lying,Lying
2024-09-18 03:14:32.500000+00:00,combi,Lying,Lying
2024-09-18 03:15:32.500000+00:00,combi,Lying,Lying
2024-09-18 03:16:32.500000+00:00,combi,Lying,Lying
2024-09-18 03:17:32.500000+00:00,combi,Lying,Lying
2024-09-18 03:18:32.500000+00:00,combi,Lying,Lying
2024-09-18 03:19:32.500000+00:00,combi,Lying,Lying
2024-09-18 03:20:32.500000+00:00,combi,Lying,Lying
2024-09-18 03:21:32.500000+00:00,combi,Lying,Lying
2024-09-18 03:22:32.500000+00:00,combi,Lying,Lying
2024-09-18 03:23:32.500000+00:00,combi,Lying,Lying
2024-09-18 03:24:32.500000+00:00,combi,Lying,Lying
2024-09-18 03:25:32.500000+00:00,combi,Lying,Lying
2024-09-18 03:26:32.500000+00:00,combi,Lying,Lying
2024-09-18 03:27:32.500000+00:00,combi,Lying,Lying
2024-09-18 03:28:32.500000+00:00,combi,Lying,Lying
2024-09-18 03:29:32.500000+00:00,combi,Lying,Lying
2024-09-18 03:30:32.500000+00:00,combi,Lying,Lying
2024-09-18 03:31:32.500000+00:00,combi,Lying,Lying
2024-09-18 03:32:32.500000+00:00,combi,Lying,Lying
2024-09-18 03:33:32.500000+00:00,combi,Lying,Lying
2024-09-18 03:34:32.500000+00:00,combi,Lying,Lying
2024-09-18 03:35:32.500000+00:00,combi,Lying,Lying
2024-09-18 03:36:32.500000+00:00,combi,Lying,Lying
2024-09-18 03:37:32.500000+00:00,combi,Lying,Lying
2024-09-18 03:38:32.500000+00:00,combi,Lying,Lying
2024-09-18 03:39:32.500000+00:00,combi,Lying,Lying
2024-09-18 03:40:32.500000+00:00,combi,Lying,Lying
2024-09-18 03:41:32.500000+00:00,combi,Lying,Lying
2024-09-18 03:42:32.500000+00:00,combi,Lying,Lying
2024-09-18 03:43:32.500000+00:00,combi,Lying,Lying
2024-09-18 03:44:32.500000+00:00,combi,Lying,Lying
2024-09-18 03:45:32.500000+00:00,combi,Lying,Lying
2024-09-18 03:46:32.500000+00:00,combi,Lying,Lying
2024-09-18 03:47:32.500000+00:00,combi,Lying,Lying
2024-09-18 03:48:32.500000+00:00,combi,Lying,Lying
2024-09-18 03:49:32.500000+00:00,combi,Lying,Lying
2024-09-18 03:50:32.500000+00:00,combi,Lying,Lying
2024-09-18 03:51:32.500000+00:00,combi,Lying,Lying
2024-09-18 03:52:32.500000+00:00,combi,Lying,Lying
2024-09-18 03:53:32.500000+00:00,combi,Lying,Lying
2024-09-18 03:54:32.500000+00:00,combi,Lying,Lying
2024-09-18 03:55:32.500000+00:00,combi,Lying,Lying
2024-09-18 03:56:32.500000+00:00,combi,Lying,Lying
2024-09-18 03:57:32.500000+00:00,combi,Lying,Lying
2024-09-18 03:58:32.500000+00:00,combi,Lying,Lying
2024-09-18 03:59:32.500000+00:00,combi,Lying,Lying
2024-09-18 04:00:32.500000+00:00,combi,Lying,Lying
2024-09-18 04:01:32.500000+00:00,combi,Lying,Lying
2024-09-18 04:02:32.500000+00:00,combi,Lying,Lying
2024-09-18 04:03:32.500000+00:00,combi,Lying,Lying
2024-09-18 04:04:32.500000+00:00,combi,Lying,Lying
2024-09-18 04:05:32.500000+00:00,combi,Lying,Lying
2024-09-18 04:06:32.500000+00:00,combi,Lying,Lying
2024-09-18 04:07:32.500000+00:00,combi,Lying,Lying
2024-09-18 04:08:32.500000+00:00,combi,Lying,Lying
2024-09-18 04:09:32.500000+00:00,combi,Lying,Lying
2024-09-18 04:10:32.500000+00:00,combi,Lying,Lying
2024-09-18 04:11:32.500000+00:00,combi,Lying,Lying
2024-09-18 04:12:32.500000+00:00,combi,Lying,Lying
2024-09-18 04:13:32.500000+00:00,combi,Lying,Lying
2024-09-18 04:14:32.500000+00:00,combi,Lying,Lying
2024-09-18 04:15:32.500000+00:00,combi,Lying,Lying
2024-09-18 04:16:32.500000+00:00,combi,Lying,Lying
2024-09-18 04:17:32.500000+00:00,combi,Lying,Lying
2024-09-18 04:18:32.500000+00:00,combi,Lying,Lying
2024-09-18 04:19:32.500000+00:00,combi,Lying,Lying
2024-09-18 04:20:32.500000+00:00,combi,Lying,Lying
2024-09-18 04:21:32.500000+00:00,combi,Lying,Lying
2024-09-18 04:22:32.500000+00:00,combi,Lying,Lying
2024-09-18 04:23:32.500000+00:00,combi,Lying,Lying
2024-09-18 04:24:32.500000+00:00,combi,Lying,Lying
2024-09-18 04:25:32.500000+00:00,combi,Lying,Lying
2024-09-18 04:26:32.500000+00:00,combi,Lying,Lying
2024-09-18 04:27:32.500000+00:00,combi,Lying,Lying
2024-09-18 04:28:32.500000+00:00,combi,Lying,Lying
2024-09-18 04:29:32.500000+00:00,combi,Lying,Lying
2024-09-18 04:30:32.500000+00:00,combi,Lying,Lying
2024-09-18 04:31:32.500000+00:00,combi,Lying,Lying
2024-09-18 04:32:32.500000+00:00,combi,Lying,Lying
2024-09-18 04:33:32.500000+00:00,combi,Lying,Lying
2024-09-18 04:34:32.500000+00:00,combi,Lying,Lying
2024-09-18 04:35:32.500000+00:00,combi,Lying,Lying
2024-09-18 04:36:32.500000+00:00,combi,Lying,Lying
2024-09-18 04:37:32.500000+00:00,combi,Lying,Lying
2024-09-18 04:38:32.500000+00:00,combi,Lying,Lying
2024-09-18 04:39:32.500000+00:00,combi,Lying,Lying
2024-09-18 04:40:32.500000+00:00,combi,Lying,Lying
2024-09-18 04:41:32.500000+00:00,combi,Lying,Lying
2024-09-18 04:42:32.500000+00:00,combi,Lying,Lying
2024-09-18 04:43:32.500000+00:00,combi,Lying,Lying
2024-09-18 04:44:32.500000+00:00,combi,Lying,Lying
2024-09-18 04:45:32.500000+00:00,combi,Lying,Lying
2024-09-18 04:46:32.500000+00:00,combi,Lying,Lying
2024-09-18 04:47:32.500000+00:00,combi,Lying,Lying
2024-09-18 04:48:32.500000+00:00,combi,Lying,Lying
2024-09-18 04:49:32.500000+00:00,combi,Lying,Lying
2024-09-18 04:50:32.500000+00:00,combi,Lying,Lying
2024-09-18 04:51:32.500000+00:00,combi,Lying,Lying
2024-09-18 04:52:32.500000+00:00,combi,Lying,Lying
2024-09-18 04:53:32.500000+00:00,combi,Lying,Lying
2024-09-18 04:54:32.500000+00:00,combi,Lying,Lying
2024-09-18 04:55:32.500000+00:00,combi,Lying,Lying
2024-09-18 04:56:32.500000+00:00,combi,Lying,Lying
2024-09-18 04:57:32.500000+00:00,combi,Lying,Lying
2024-09-18 04:58:32.500000+00:00,combi,Lying,Lying
2024-09-18 04:59:32.500000+00:00,combi,Lying,Lying
2024-09-18 05:00:32.500000+00:00,combi,Lying,Lying
2024-09-18 05:01:32.500000+00:00,combi,Lying,Lying
2024-09-18 05:02:32.500000+00:00,combi,Lying,Lying
2024-09-18 05:03:32.500000+00:00,combi,Lying,Lying
2024-09-18 05:04:32.500000+00:00,combi,Lying,Lying
2024-09-18 05:05:32.500000+00:00,combi,Lying,Lying
2024-09-18 05:06:32.500000+00:00,combi,Lying,Lying
2024-09-18 05:07:32.500000+00:00,combi,Lying,Lying
2024-09-18 05:08:32.500000+00:00,combi,Lying,Lying
2024-09-18 05:09:32.500000+00:00,combi,Lying,Lying
2024-09-18 05:10:32.500000+00:00,combi,Lying,Lying
2024-09-18 05:11:32.500000+00:00,combi,Lying,Lying
2024-09-18 05:12:32.500000+00:00,combi,Lying,Lying
2024-09-18 05:13:32.500000+00:00,combi,Lying,Lying
2024-09-18 05:14:32.500000+00:00,combi,Lying,Lying
2024-09-18 05:15:32.500000+00:00,combi,Lying,Lying
2024-09-18 05:16:32.500000+00:00,combi,Lying,Lying
2024-09-18 05:17:32.500000+00:00,combi,Lying,Lying
2024-09-18 05:18:32.500000+00:00,combi,Lying,Lying
2024-09-18 05:19:32.500000+00:00,combi,Lying,Lying
2024-09-18 05:20:32.500000+00:00,combi,Lying,Lying
2024-09-18 05:21:32.500000+00:00,combi,Lying,Lying
2024-09-18 05:22:32.500000+00:00,combi,Lying,Lying
2024-09-18 05:23:32.500000+00:00,combi,Lying,Lying
2024-09-18 05:24:32.500000+00:00,combi,Lying,Lying
2024-09-18 05:25:32.500000+00:00,combi,Lying,Lying
2024-09-18 05:26:32.500000+00:00,combi,Lying,Lying
2024-09-18 05:27:32.500000+00:00,combi,Lying,Lying
2024-09-18 05:28:32.500000+00:00,combi,Lying,Lying
2024-09-18 05:29:32.500000+00:00,combi,Lying,Lying
2024-09-18 05:30:32.500000+00:00,combi,Lying,Lying
2024-09-18 05:31:32.500000+00:00,combi,Lying,Lying
2024-09-18 05:32:32.500000+00:00,combi,Lying,Lying
2024-09-18 05:33:32.500000+00:00,combi,Lying,Lying
2024-09-18 05:34:32.500000+00:00,combi,Lying,Lying
2024-09-18 05:35:32.500000+00:00,combi,Lying,Lying
2024-09-18 05:36:32.500000+00:00,combi,Lying,Lying
2024-09-18 05:37:32.500000+00:00,combi,Lying,Lying
2024-09-18 05:38:32.500000+00:00,combi,Lying,Lying
2024-09-18 05:39:32.500000+00:00,combi,Lying,Lying
2024-09-18 05:40:32.500000+00:00,combi,Lying,Lying
2024-09-18 05:41:32.500000+00:00,combi,Lying,Lying
2024-09-18 05:42:32.500000+00:00,combi,Lying,Lying
2024-09-18 05:43:32.500000+00:00,combi,Lying,Lying
2024-09-18 05:44:32.500000+00:00,combi,Lying,Lying
2024-09-18 05:45:32.500000+00:00,combi,Lying,Lying
2024-09-18 05:46:32.500000+00:00,combi,Lying,Lying
2024-09-18 05:47:32.500000+00:00,combi,Lying,Lying
2024-09-18 05:48:32.500000+00:00,combi,Lying,Lying
2024-09-18 05:49:32.500000+00:00,combi,Lying,Lying
2024-09-18 05:50:32.500000+00:00,combi,Lying,Lying
2024-09-18 05:51:32.500000+00:00,combi,Lying,Lying
2024-09-18 05:52:32.500000+00:00,combi,Lying,Lying
2024-09-18 05:53:32.500000+00:00,combi,Lying,Lying
2024-09-18 05:54:32.500000+00:00,combi,Lying,Lying
2024-09-18 05:55:32.500000+00:00,combi,Lying,Lying
2024-09-18 05:56:32.500000+00:00,combi,Lying,Lying
2024-09-18 05:57:32.500000+00:00,combi,Lying,Lying
2024-09-18 05:58:32.500000+00:00,combi,Lying,Lying
2024-09-18 05:59:32.500000+00:00,combi,Lying,Lying
2024-09-18 06:00:32.500000+00:00,combi,Lying,Lying
2024-09-18 06:01:32.500000+00:00,combi,Lying,Lying
2024-09-18 06:02:32.500000+00:00,combi,Lying,Lying
2024-09-18 06:03:32.500000+00:00,combi,Lying,Lying
2024-09-18 06:04:32.500000+00:00,combi,Lying,Lying
2024-09-18 06:05:32.500000+00:00,combi,Lying,Lying
2024-09-18 06:06:32.500000+00:00,combi,Lying,Lying
2024-09-18 06:07:32.500000+00:00,combi,Lying,Lying
2024-09-18 06:08:32.500000+00:00,combi,Lying,Lying
2024-09-18 06:09:32.500000+00:00,combi,Lying,Lying
2024-09-18 06:10:32.500000+00:00,combi,Lying,Lying
2024-09-18 06:11:32.500000+00:00,combi,Lying,Lying
2024-09-18 06:12:32.500000+00:00,combi,Lying,Lying
2024-09-18 06:13:32.500000+00:00,combi,Lying,Lying
2024-09-18 06:14:32.500000+00:00,combi,Lying,Lying
2024-09-18 06:15:32.500000+00:00,combi,Lying,Lying
2024-09-18 06:16:32.500000+00:00,combi,Lying,Lying
2024-09-18 06:17:32.500000+00:00,combi,Lying,Lying
2024-09-18 06:18:32.500000+00:00,combi,Lying,Lying
2024-09-18 06:19:32.500000+00:00,combi,Lying,Lying
2024-09-18 06:20:32.500000+00:00,combi,Lying,Lying
2024-09-18 06:21:32.500000+00:00,combi,Lying,Lying
2024-09-18 06:22:32.500000+00:00,combi,Lying,Lying
2024-09-18 06:23:32.500000+00:00,combi,Sitting,Sitting
2024-09-18 06:24:32.500000+00:00,combi,Lying,Lying
2024-09-18 06:25:32.500000+00:00,combi,Lying,Lying
2024-09-18 06:26:32.500000+00:00,combi,Lying,Lying
2024-09-18 06:27:32.500000+00:00,combi,Lying,Lying
2024-09-18 06:28:32.500000+00:00,combi,Lying,Lying
2024-09-18 06:29:32.500000+00:00,combi,Lying,Lying
2024-09-18 06:30:32.500000+00:00,combi,Lying,Lying
2024-09-18 06:31:32.500000+00:00,combi,Lying,Lying
2024-09-18 06:32:32.500000+00:00,combi,Lying,Sitting
2024-09-18 06:33:32.500000+00:00,combi,Sitting,Sitting
2024-09-18 06:34:32.500000+00:00,combi,Lying,Lying
2024-09-18 06:35:32.500000+00:00,combi,Lying,Sitting
2024-09-18 06:36:32.500000+00:00,combi,Lying,Lying
2024-09-18 06:37:32.500000+00:00,combi,Sitting,Sitting
2024-09-18 06:38:32.500000+00:00,combi,Lying,Lying
2024-09-18 06:39:32.500000+00:00,combi,Sitting,Sitting
2024-09-18 06:40:32.500000+00:00,combi,Sitting,Sitting
2024-09-18 06:41:32.500000+00:00,combi,Sitting,Sitting
2024-09-18 06:42:32.500000+00:00,combi,Sitting,Sitting
2024-09-18 06:43:32.500000+00:00,combi,Sitting,Sitting
2024-09-18 06:44:32.500000+00:00,combi,Sitting,Sitting
2024-09-18 06:45:32.500000+00:00,combi,Lying,Lying
2024-09-18 06:46:32.500000+00:00,combi,Lying,Lying
