Time,Participant,Majority_postures,Majority_including_dynamic
2024-06-25 10:40:54.500000+00:00,combi,Sitting,Sitting
2024-06-25 10:41:54.500000+00:00,combi,Sitting,Sitting
2024-06-25 10:42:54.500000+00:00,combi,Sitting,Sitting
2024-06-25 10:43:54.500000+00:00,combi,Sitting,Sitting
2024-06-25 10:44:54.500000+00:00,combi,Sitting,Sitting
2024-06-25 10:45:54.500000+00:00,combi,Standing,Standing
2024-06-25 10:46:54.500000+00:00,combi,Standing,Standing
2024-06-25 10:47:54.500000+00:00,combi,Standing,Standing
2024-06-25 10:48:54.500000+00:00,combi,Standing,Standing
2024-06-25 10:49:54.500000+00:00,combi,Standing,Standing
2024-06-25 10:50:54.500000+00:00,combi,Sitting,Sitting
2024-06-25 10:51:54.500000+00:00,combi,Sitting,Sitting
2024-06-25 10:52:54.500000+00:00,combi,Standing,Standing
2024-06-25 10:53:54.500000+00:00,combi,Standing,Standing
2024-06-25 10:54:54.500000+00:00,combi,Standing,Standing
2024-06-25 10:55:54.500000+00:00,combi,Sitting,Sitting
2024-06-25 10:56:54.500000+00:00,combi,Sitting,Sitting
2024-06-25 10:57:54.500000+00:00,combi,Sitting,Sitting
2024-06-25 10:58:54.500000+00:00,combi,Sitting,Sitting
2024-06-25 10:59:54.500000+00:00,combi,Standing,Standing
2024-06-25 11:00:54.500000+00:00,combi,Standing,Standing
2024-06-25 11:01:54.500000+00:00,combi,Standing,Standing
2024-06-25 11:02:54.500000+00:00,combi,Sitting,Sitting
2024-06-25 11:03:54.500000+00:00,combi,Sitting,Sitting
2024-06-25 11:04:54.500000+00:00,combi,Sitting,Sitting
2024-06-25 11:05:54.500000+00:00,combi,Lying,Lying
2024-06-25 11:06:54.500000+00:00,combi,Lying,Lying
2024-06-25 11:07:54.500000+00:00,combi,Lying,Lying
2024-06-25 11:08:54.500000+00:00,combi,Lying,Lying
2024-06-25 11:09:54.500000+00:00,combi,Standing,Dynamic
2024-06-25 11:10:54.500000+00:00,combi,Standing,Standing
2024-06-25 11:11:54.500000+00:00,combi,Standing,Standing
2024-06-25 11:12:54.500000+00:00,combi,Standing,Standing
2024-06-25 11:13:54.500000+00:00,combi,Standing,Standing
2024-06-25 11:14:54.500000+00:00,combi,Standing,Standing
2024-06-25 11:15:54.500000+00:00,combi,Standing,Standing
2024-06-25 11:16:54.500000+00:00,combi,Standing,Standing
2024-06-25 11:17:54.500000+00:00,combi,Standing,Standing
2024-06-25 11:18:54.500000+00:00,combi,Standing,Standing
2024-06-25 11:19:54.500000+00:00,combi,Standing,Standing
2024-06-25 11:20:54.500000+00:00,combi,Standing,Standing
2024-06-25 11:21:54.500000+00:00,combi,Standing,Standing
2024-06-25 11:22:54.500000+00:00,combi,Sitting,Sitting
2024-06-25 11:23:54.500000+00:00,combi,Sitting,Sitting
2024-06-25 11:24:54.500000+00:00,combi,Sitting,Sitting
2024-06-25 11:25:54.500000+00:00,combi,Sitting,Sitting
2024-06-25 11:26:54.500000+00:00,combi,Sitting,Sitting
2024-06-25 11:27:54.500000+00:00,combi,Sitting,Sitting
2024-06-25 11:28:54.500000+00:00,combi,Sitting,Sitting
2024-06-25 11:29:54.500000+00:00,combi,Sitting,Sitting
2024-06-25 11:30:54.500000+00:00,combi,Sitting,Sitting
2024-06-25 11:31:54.500000+00:00,combi,Sitting,Sitting
2024-06-25 11:32:54.500000+00:00,combi,Lying,Lying
2024-06-25 11:33:54.500000+00:00,combi,Lying,Lying
2024-06-25 11:34:54.500000+00:00,combi,Lying,Lying
2024-06-25 11:35:54.500000+00:00,combi,Lying,Lying
2024-06-25 11:36:54.500000+00:00,combi,Lying,Lying
2024-06-25 11:37:54.500000+00:00,combi,Lying,Lying
2024-06-25 11:38:54.500000+00:00,combi,Lying,Lying
2024-06-25 11:39:54.500000+00:00,combi,Lying,Lying
2024-06-25 11:40:54.500000+00:00,combi,Lying,Lying
2024-06-25 11:41:54.500000+00:00,combi,Lying,Lying
2024-06-25 11:42:54.500000+00:00,combi,Lying,Lying
2024-06-25 11:43:54.500000+00:00,combi,Lying,Lying
2024-06-25 11:44:54.500000+00:00,combi,Sitting,Sitting
2024-06-25 11:45:54.500000+00:00,combi,Sitting,Sitting
2024-06-25 11:46:54.500000+00:00,combi,Sitting,Sitting
2024-06-25 11:47:54.500000+00:00,combi,Sitting,Sitting
2024-06-25 11:48:54.500000+00:00,combi,Sitting,Sitting
2024-06-25 11:49:54.500000+00:00,combi,Sitting,Sitting
2024-06-25 11:50:54.500000+00:00,combi,Sitting,Sitting
2024-06-25 11:51:54.500000+00:00,combi,Sitting,Sitting
2024-06-25 11:52:54.500000+00:00,combi,Sitting,Sitting
2024-06-25 11:53:54.500000+00:00,combi,Sitting,Sitting
2024-06-25 11:54:54.500000+00:00,combi,Sitting,Sitting
2024-06-25 11:55:54.500000+00:00,combi,Sitting,Sitting
2024-06-25 11:56:54.500000+00:00,combi,Sitting,Sitting
2024-06-25 11:57:54.500000+00:00,combi,Sitting,Sitting
2024-06-25 11:58:54.500000+00:00,combi,Standing,Standing
2024-06-25 11:59:54.500000+00:00,combi,Standing,Standing
2024-06-25 12:00:54.500000+00:00,combi,Standing,Standing
2024-06-25 12:01:54.500000+00:00,combi,Standing,Standing
2024-06-25 12:02:54.500000+00:00,combi,Standing,Standing
2024-06-25 12:03:54.500000+00:00,combi,Standing,Standing
2024-06-25 12:04:54.500000+00:00,combi,Standing,Standing
2024-06-25 12:05:54.500000+00:00,combi,Standing,Standing
2024-06-25 12:06:54.500000+00:00,combi,Standing,Standing
2024-06-25 12:07:54.500000+00:00,combi,Standing,Standing
2024-06-25 12:08:54.500000+00:00,combi,Standing,Standing
2024-06-25 12:09:54.500000+00:00,combi,Standing,Standing
2024-06-25 12:10:54.500000+00:00,combi,Standing,Standing
2024-06-25 12:11:54.500000+00:00,combi,Standing,Standing
2024-06-25 12:12:54.500000+00:00,combi,Standing,Standing
2024-06-25 12:13:54.500000+00:00,combi,Standing,Standing
2024-06-25 12:14:54.500000+00:00,combi,Standing,Dynamic
2024-06-25 12:15:54.500000+00:00,combi,Standing,Dynamic
2024-06-25 12:16:54.500000+00:00,combi,Lying,Dynamic
2024-06-25 12:17:54.500000+00:00,combi,Lying,Dynamic
2024-06-25 12:18:54.500000+00:00,combi,Standing,Dynamic
2024-06-25 12:19:54.500000+00:00,combi,Standing,Dynamic
2024-06-25 12:20:54.500000+00:00,combi,Lying,Dynamic
2024-06-25 12:21:54.500000+00:00,combi,Sitting,Dynamic
2024-06-25 12:22:54.500000+00:00,combi,Sitting,Dynamic
2024-06-25 12:23:54.500000+00:00,combi,Sitting,Dynamic
2024-06-25 12:24:54.500000+00:00,combi,Sitting,Dynamic
2024-06-25 12:25:54.500000+00:00,combi,Sitting,Dynamic
2024-06-25 12:26:54.500000+00:00,combi,Sitting,Dynamic
2024-06-25 12:27:54.500000+00:00,combi,Lying,Dynamic
2024-06-25 12:28:54.500000+00:00,combi,Lying,Dynamic
2024-06-25 12:29:54.500000+00:00,combi,Lying,Dynamic
2024-06-25 12:30:54.500000+00:00,combi,Lying,Dynamic
2024-06-25 12:31:54.500000+00:00,combi,Standing,Dynamic
2024-06-25 12:32:54.500000+00:00,combi,Standing,Dynamic
2024-06-25 12:33:54.500000+00:00,combi,Standing,Dynamic
2024-06-25 12:34:54.500000+00:00,combi,Standing,Dynamic
2024-06-25 12:35:54.500000+00:00,combi,Standing,Dynamic
2024-06-25 12:36:54.500000+00:00,combi,Standing,Standing
2024-06-25 12:37:54.500000+00:00,combi,Standing,Dynamic
2024-06-25 12:38:54.500000+00:00,combi,Standing,Dynamic
2024-06-25 12:39:54.500000+00:00,combi,Lying,Dynamic
2024-06-25 12:40:54.500000+00:00,combi,Sitting,Sitting
2024-06-25 12:41:54.500000+00:00,combi,Sitting,Sitting
2024-06-25 12:42:54.500000+00:00,combi,Sitting,Sitting
2024-06-25 12:43:54.500000+00:00,combi,Sitting,Sitting
2024-06-25 12:44:54.500000+00:00,combi,Sitting,Sitting
2024-06-25 12:45:54.500000+00:00,combi,Sitting,Sitting
2024-06-25 12:46:54.500000+00:00,combi,Sitting,Sitting
2024-06-25 12:47:54.500000+00:00,combi,Sitting,Sitting
2024-06-25 12:48:54.500000+00:00,combi,Sitting,Sitting
2024-06-25 12:49:54.500000+00:00,combi,Sitting,Sitting
2024-06-25 12:50:54.500000+00:00,combi,Sitting,Sitting
2024-06-25 12:51:54.500000+00:00,combi,Sitting,Sitting
2024-06-25 12:52:54.500000+00:00,combi,Sitting,Sitting
2024-06-25 12:53:54.500000+00:00,combi,Sitting,Sitting
2024-06-25 12:54:54.500000+00:00,combi,Sitting,Sitting
2024-06-25 12:55:54.500000+00:00,combi,Sitting,Sitting
2024-06-25 12:56:54.500000+00:00,combi,Sitting,Sitting
2024-06-25 12:57:54.500000+00:00,combi,Sitting,Sitting
2024-06-25 12:58:54.500000+00:00,combi,Sitting,Sitting
2024-06-25 12:59:54.500000+00:00,combi,Sitting,Sitting
2024-06-25 13:00:54.500000+00:00,combi,Sitting,Sitting
2024-06-25 13:01:54.500000+00:00,combi,Sitting,Sitting
2024-06-25 13:02:54.500000+00:00,combi,Sitting,Sitting
2024-06-25 13:03:54.500000+00:00,combi,Sitting,Sitting
2024-06-25 13:04:54.500000+00:00,combi,Standing,Standing
2024-06-25 13:05:54.500000+00:00,combi,Standing,Dynamic
2024-06-25 13:06:54.500000+00:00,combi,Standing,Dynamic
2024-06-25 13:07:54.500000+00:00,combi,Standing,Dynamic
2024-06-25 13:08:54.500000+00:00,combi,Standing,Dynamic
2024-06-25 13:09:54.500000+00:00,combi,Standing,Dynamic
2024-06-25 13:10:54.500000+00:00,combi,Standing,Dynamic
2024-06-25 13:11:54.500000+00:00,combi,Standing,Dynamic
2024-06-25 13:12:54.500000+00:00,combi,Standing,Dynamic
2024-06-25 13:13:54.500000+00:00,combi,Standing,Standing
2024-06-25 13:14:54.500000+00:00,combi,Standing,Dynamic
2024-06-25 13:15:54.500000+00:00,combi,Standing,Dynamic
2024-06-25 13:16:54.500000+00:00,combi,Standing,Dynamic
2024-06-25 13:17:54.500000+00:00,combi,Standing,Dynamic
2024-06-25 13:18:54.500000+00:00,combi,Standing,Dynamic
2024-06-25 13:19:54.500000+00:00,combi,Standing,Dynamic
2024-06-25 13:20:54.500000+00:00,combi,Standing,Dynamic
2024-06-25 13:21:54.500000+00:00,combi,Standing,Dynamic
2024-06-25 13:22:54.500000+00:00,combi,Standing,Dynamic
2024-06-25 13:23:54.500000+00:00,combi,Sitting,Sitting
2024-06-25 13:24:54.500000+00:00,combi,Sitting,Sitting
2024-06-25 13:25:54.500000+00:00,combi,Sitting,Dynamic
2024-06-25 13:26:54.500000+00:00,combi,Sitting,Sitting
2024-06-25 13:27:54.500000+00:00,combi,Sitting,Sitting
2024-06-25 13:28:54.500000+00:00,combi,Sitting,Sitting
2024-06-25 13:29:54.500000+00:00,combi,Sitting,Sitting
2024-06-25 13:30:54.500000+00:00,combi,Sitting,Sitting
2024-06-25 13:31:54.500000+00:00,combi,Standing,Dynamic
2024-06-25 13:32:54.500000+00:00,combi,Standing,Dynamic
2024-06-25 13:33:54.500000+00:00,combi,Standing,Dynamic
2024-06-25 13:34:54.500000+00:00,combi,Standing,Dynamic
2024-06-25 13:35:54.500000+00:00,combi,Standing,Dynamic
2024-06-25 13:36:54.500000+00:00,combi,Standing,Standing
2024-06-25 13:37:54.500000+00:00,combi,Sitting,Dynamic
2024-06-25 13:38:54.500000+00:00,combi,Sitting,Sitting
2024-06-25 13:39:54.500000+00:00,combi,Sitting,Sitting
2024-06-25 13:40:54.500000+00:00,combi,Sitting,Sitting
2024-06-25 13:41:54.500000+00:00,combi,Sitting,Sitting
2024-06-25 13:42:54.500000+00:00,combi,Sitting,Sitting
2024-06-25 13:43:54.500000+00:00,combi,Sitting,Sitting
2024-06-25 13:44:54.500000+00:00,combi,Sitting,Sitting
2024-06-25 13:45:54.500000+00:00,combi,Sitting,Sitting
2024-06-25 13:46:54.500000+00:00,combi,Sitting,Sitting
2024-06-25 13:47:54.500000+00:00,combi,Sitting,Sitting
2024-06-25 13:48:54.500000+00:00,combi,Sitting,Sitting
2024-06-25 13:49:54.500000+00:00,combi,Sitting,Sitting
2024-06-25 13:50:54.500000+00:00,combi,Sitting,Sitting
2024-06-25 13:51:54.500000+00:00,combi,Sitting,Sitting
2024-06-25 13:52:54.500000+00:00,combi,Sitting,Sitting
2024-06-25 13:53:54.500000+00:00,combi,Sitting,Sitting
2024-06-25 13:54:54.500000+00:00,combi,Sitting,Sitting
2024-06-25 13:55:54.500000+00:00,combi,Sitting,Sitting
2024-06-25 13:56:54.500000+00:00,combi,Sitting,Sitting
2024-06-25 13:57:54.500000+00:00,combi,Standing,Dynamic
2024-06-25 13:58:54.500000+00:00,combi,Standing,Dynamic
2024-06-25 13:59:54.500000+00:00,combi,Standing,Standing
2024-06-25 14:00:54.500000+00:00,combi,Standing,Dynamic
2024-06-25 14:01:54.500000+00:00,combi,Standing,Dynamic
2024-06-25 14:02:54.500000+00:00,combi,Standing,Dynamic
2024-06-25 14:03:54.500000+00:00,combi,Standing,Dynamic
2024-06-25 14:04:54.500000+00:00,combi,Standing,Dynamic
2024-06-25 14:05:54.500000+00:00,combi,Standing,Dynamic
2024-06-25 14:06:54.500000+00:00,combi,Standing,Dynamic
2024-06-25 14:07:54.500000+00:00,combi,Standing,Dynamic
2024-06-25 14:08:54.500000+00:00,combi,Lying,Dynamic
2024-06-25 14:09:54.500000+00:00,combi,Standing,Dynamic
2024-06-25 14:10:54.500000+00:00,combi,Standing,Dynamic
2024-06-25 14:11:54.500000+00:00,combi,Standing,Dynamic
2024-06-25 14:12:54.500000+00:00,combi,Standing,Standing
2024-06-25 14:13:54.500000+00:00,combi,Standing,Dynamic
2024-06-25 14:14:54.500000+00:00,combi,Standing,Dynamic
2024-06-25 14:15:54.500000+00:00,combi,Standing,Standing
2024-06-25 14:16:54.500000+00:00,combi,Standing,Dynamic
2024-06-25 14:17:54.500000+00:00,combi,Standing,Dynamic
2024-06-25 14:18:54.500000+00:00,combi,Standing,Dynamic
2024-06-25 14:19:54.500000+00:00,combi,Sitting,Dynamic
2024-06-25 14:20:54.500000+00:00,combi,Sitting,Sitting
2024-06-25 14:21:54.500000+00:00,combi,Sitting,Sitting
2024-06-25 14:22:54.500000+00:00,combi,Sitting,Sitting
2024-06-25 14:23:54.500000+00:00,combi,Sitting,Sitting
2024-06-25 14:24:54.500000+00:00,combi,Sitting,Sitting
2024-06-25 14:25:54.500000+00:00,combi,Sitting,Sitting
2024-06-25 14:26:54.500000+00:00,combi,Sitting,Sitting
2024-06-25 14:27:54.500000+00:00,combi,Sitting,Sitting
2024-06-25 14:28:54.500000+00:00,combi,Sitting,Sitting
2024-06-25 14:29:54.500000+00:00,combi,Sitting,Sitting
2024-06-25 14:30:54.500000+00:00,combi,Sitting,Sitting
2024-06-25 14:31:54.500000+00:00,combi,Standing,Sitting
2024-06-25 14:32:54.500000+00:00,combi,Sitting,Sitting
2024-06-25 14:33:54.500000+00:00,combi,Sitting,Sitting
2024-06-25 14:34:54.500000+00:00,combi,Sitting,Sitting
2024-06-25 14:35:54.500000+00:00,combi,Sitting,Sitting
2024-06-25 14:36:54.500000+00:00,combi,Sitting,Sitting
2024-06-25 14:37:54.500000+00:00,combi,Sitting,Sitting
2024-06-25 14:38:54.500000+00:00,combi,Sitting,Dynamic
2024-06-25 14:39:54.500000+00:00,combi,Standing,Dynamic
2024-06-25 14:40:54.500000+00:00,combi,Standing,Dynamic
2024-06-25 14:41:54.500000+00:00,combi,Standing,Standing
2024-06-25 14:42:54.500000+00:00,combi,Standing,Standing
2024-06-25 14:43:54.500000+00:00,combi,Standing,Dynamic
2024-06-25 14:44:54.500000+00:00,combi,Standing,Dynamic
2024-06-25 14:45:54.500000+00:00,combi,Standing,Dynamic
2024-06-25 14:46:54.500000+00:00,combi,Lying,Dynamic
2024-06-25 14:47:54.500000+00:00,combi,Standing,Dynamic
2024-06-25 14:48:54.500000+00:00,combi,Standing,Dynamic
2024-06-25 14:49:54.500000+00:00,combi,Standing,Dynamic
2024-06-25 14:50:54.500000+00:00,combi,Sitting,Dynamic
2024-06-25 14:51:54.500000+00:00,combi,Sitting,Sitting
2024-06-25 14:52:54.500000+00:00,combi,Sitting,Sitting
2024-06-25 14:53:54.500000+00:00,combi,Sitting,Sitting
2024-06-25 14:54:54.500000+00:00,combi,Sitting,Sitting
2024-06-25 14:55:54.500000+00:00,combi,Sitting,Sitting
2024-06-25 14:56:54.500000+00:00,combi,Sitting,Sitting
2024-06-25 14:57:54.500000+00:00,combi,Sitting,Sitting
2024-06-25 14:58:54.500000+00:00,combi,Sitting,Sitting
2024-06-25 14:59:54.500000+00:00,combi,Sitting,Sitting
2024-06-25 15:00:54.500000+00:00,combi,Sitting,Sitting
2024-06-25 15:01:54.500000+00:00,combi,Sitting,Sitting
2024-06-25 15:02:54.500000+00:00,combi,Sitting,Sitting
2024-06-25 15:03:54.500000+00:00,combi,Sitting,Sitting
2024-06-25 15:04:54.500000+00:00,combi,Sitting,Sitting
2024-06-25 15:05:54.500000+00:00,combi,Sitting,Sitting
2024-06-25 15:06:54.500000+00:00,combi,Sitting,Sitting
2024-06-25 15:07:54.500000+00:00,combi,Sitting,Sitting
2024-06-25 15:08:54.500000+00:00,combi,Sitting,Sitting
2024-06-25 15:09:54.500000+00:00,combi,Sitting,Sitting
2024-06-25 15:10:54.500000+00:00,combi,Standing,Dynamic
2024-06-25 15:11:54.500000+00:00,combi,Standing,Dynamic
2024-06-25 15:12:54.500000+00:00,combi,Standing,Standing
2024-06-25 15:13:54.500000+00:00,combi,Standing,Sitting
2024-06-25 15:14:54.500000+00:00,combi,Standing,Dynamic
2024-06-25 15:15:54.500000+00:00,combi,Standing,Dynamic
2024-06-25 15:16:54.500000+00:00,combi,Sitting,Sitting
2024-06-25 15:17:54.500000+00:00,combi,Sitting,Sitting
2024-06-25 15:18:54.500000+00:00,combi,Sitting,Sitting
2024-06-25 15:19:54.500000+00:00,combi,Standing,Dynamic
2024-06-25 15:20:54.500000+00:00,combi,Standing,Standing
2024-06-25 15:21:54.500000+00:00,combi,Standing,Standing
2024-06-25 15:22:54.500000+00:00,combi,Standing,Dynamic
2024-06-25 15:23:54.500000+00:00,combi,Standing,Dynamic
2024-06-25 15:24:54.500000+00:00,combi,Standing,Dynamic
2024-06-25 15:25:54.500000+00:00,combi,Standing,Standing
2024-06-25 15:26:54.500000+00:00,combi,Standing,Dynamic
2024-06-25 15:27:54.500000+00:00,combi,Standing,Dynamic
2024-06-25 15:28:54.500000+00:00,combi,Standing,Dynamic
2024-06-25 15:29:54.500000+00:00,combi,Standing,Dynamic
2024-06-25 15:30:54.500000+00:00,combi,Standing,Dynamic
2024-06-25 15:31:54.500000+00:00,combi,Sitting,Dynamic
2024-06-25 15:32:54.500000+00:00,combi,Sitting,Dynamic
2024-06-25 15:33:54.500000+00:00,combi,Standing,Dynamic
2024-06-25 15:34:54.500000+00:00,combi,Standing,Dynamic
2024-06-25 15:35:54.500000+00:00,combi,Standing,Dynamic
2024-06-25 15:36:54.500000+00:00,combi,Lying,Dynamic
2024-06-25 15:37:54.500000+00:00,combi,Standing,Dynamic
2024-06-25 15:38:54.500000+00:00,combi,Standing,Dynamic
2024-06-25 15:39:54.500000+00:00,combi,Standing,Dynamic
2024-06-25 15:40:54.500000+00:00,combi,Standing,Dynamic
2024-06-25 15:41:54.500000+00:00,combi,Standing,Dynamic
2024-06-25 15:42:54.500000+00:00,combi,Standing,Dynamic
2024-06-25 15:43:54.500000+00:00,combi,Lying,Dynamic
2024-06-25 15:44:54.500000+00:00,combi,Lying,Dynamic
2024-06-25 15:45:54.500000+00:00,combi,Standing,Dynamic
2024-06-25 15:46:54.500000+00:00,combi,Standing,Dynamic
2024-06-25 15:47:54.500000+00:00,combi,Standing,Dynamic
2024-06-25 15:48:54.500000+00:00,combi,Standing,Dynamic
2024-06-25 15:49:54.500000+00:00,combi,Standing,Standing
2024-06-25 15:50:54.500000+00:00,combi,Lying,Dynamic
2024-06-25 15:51:54.500000+00:00,combi,Standing,Dynamic
2024-06-25 15:52:54.500000+00:00,combi,Standing,Dynamic
2024-06-25 15:53:54.500000+00:00,combi,Standing,Dynamic
2024-06-25 15:54:54.500000+00:00,combi,Standing,Dynamic
2024-06-25 15:55:54.500000+00:00,combi,Standing,Dynamic
2024-06-25 15:56:54.500000+00:00,combi,Standing,Dynamic
2024-06-25 15:57:54.500000+00:00,combi,Standing,Dynamic
2024-06-25 15:58:54.500000+00:00,combi,Standing,Dynamic
2024-06-25 15:59:54.500000+00:00,combi,Standing,Dynamic
2024-06-25 16:00:54.500000+00:00,combi,Lying,Dynamic
2024-06-25 16:01:54.500000+00:00,combi,Standing,Dynamic
2024-06-25 16:02:54.500000+00:00,combi,Sitting,Dynamic
2024-06-25 16:03:54.500000+00:00,combi,Sitting,Sitting
2024-06-25 16:04:54.500000+00:00,combi,Sitting,Sitting
2024-06-25 16:05:54.500000+00:00,combi,Sitting,Sitting
2024-06-25 16:06:54.500000+00:00,combi,Sitting,Sitting
2024-06-25 16:07:54.500000+00:00,combi,Sitting,Sitting
2024-06-25 16:08:54.500000+00:00,combi,Standing,Standing
2024-06-25 16:09:54.500000+00:00,combi,Sitting,Sitting
2024-06-25 16:10:54.500000+00:00,combi,Sitting,Sitting
2024-06-25 16:11:54.500000+00:00,combi,Sitting,Sitting
2024-06-25 16:12:54.500000+00:00,combi,Sitting,Sitting
2024-06-25 16:13:54.500000+00:00,combi,Sitting,Sitting
2024-06-25 16:14:54.500000+00:00,combi,Sitting,Sitting
2024-06-25 16:15:54.500000+00:00,combi,Sitting,Sitting
2024-06-25 16:16:54.500000+00:00,combi,Sitting,Sitting
2024-06-25 16:17:54.500000+00:00,combi,Sitting,Sitting
2024-06-25 16:18:54.500000+00:00,combi,Sitting,Sitting
2024-06-25 16:19:54.500000+00:00,combi,Sitting,Sitting
2024-06-25 16:20:54.500000+00:00,combi,Sitting,Sitting
2024-06-25 16:21:54.500000+00:00,combi,Sitting,Sitting
2024-06-25 16:22:54.500000+00:00,combi,Sitting,Sitting
2024-06-25 16:23:54.500000+00:00,combi,Sitting,Sitting
2024-06-25 16:24:54.500000+00:00,combi,Sitting,Dynamic
2024-06-25 16:25:54.500000+00:00,combi,Sitting,Sitting
2024-06-25 16:26:54.500000+00:00,combi,Sitting,Sitting
2024-06-25 16:27:54.500000+00:00,combi,Sitting,Sitting
2024-06-25 16:28:54.500000+00:00,combi,Sitting,Dynamic
2024-06-25 16:29:54.500000+00:00,combi,Standing,Dynamic
2024-06-25 16:30:54.500000+00:00,combi,Standing,Dynamic
2024-06-25 16:31:54.500000+00:00,combi,Standing,Dynamic
2024-06-25 16:32:54.500000+00:00,combi,Standing,Standing
2024-06-25 16:33:54.500000+00:00,combi,Standing,Dynamic
2024-06-25 16:34:54.500000+00:00,combi,Standing,Dynamic
2024-06-25 16:35:54.500000+00:00,combi,Standing,Dynamic
2024-06-25 16:36:54.500000+00:00,combi,Standing,Standing
2024-06-25 16:37:54.500000+00:00,combi,Standing,Standing
2024-06-25 16:38:54.500000+00:00,combi,Standing,Standing
2024-06-25 16:39:54.500000+00:00,combi,Standing,Dynamic
2024-06-25 16:40:54.500000+00:00,combi,Sitting,Dynamic
2024-06-25 16:41:54.500000+00:00,combi,Sitting,Dynamic
2024-06-25 16:42:54.500000+00:00,combi,Standing,Dynamic
2024-06-25 16:43:54.500000+00:00,combi,Standing,Dynamic
2024-06-25 16:44:54.500000+00:00,combi,Standing,Dynamic
2024-06-25 16:45:54.500000+00:00,combi,Standing,Standing
2024-06-25 16:46:54.500000+00:00,combi,Sitting,Dynamic
2024-06-25 16:47:54.500000+00:00,combi,Standing,Dynamic
2024-06-25 16:48:54.500000+00:00,combi,Sitting,Sitting
2024-06-25 16:49:54.500000+00:00,combi,Sitting,Sitting
2024-06-25 16:50:54.500000+00:00,combi,Sitting,Sitting
2024-06-25 16:51:54.500000+00:00,combi,Sitting,Sitting
2024-06-25 16:52:54.500000+00:00,combi,Sitting,Sitting
2024-06-25 16:53:54.500000+00:00,combi,Sitting,Sitting
2024-06-25 16:54:54.500000+00:00,combi,Sitting,Sitting
2024-06-25 16:55:54.500000+00:00,combi,Sitting,Sitting
2024-06-25 16:56:54.500000+00:00,combi,Sitting,Sitting
2024-06-25 16:57:54.500000+00:00,combi,Sitting,Sitting
2024-06-25 16:58:54.500000+00:00,combi,Sitting,Sitting
2024-06-25 16:59:54.500000+00:00,combi,Sitting,Sitting
2024-06-25 17:00:54.500000+00:00,combi,Sitting,Sitting
2024-06-25 17:01:54.500000+00:00,combi,Sitting,Sitting
2024-06-25 17:02:54.500000+00:00,combi,Sitting,Sitting
2024-06-25 17:03:54.500000+00:00,combi,Sitting,Sitting
2024-06-25 17:04:54.500000+00:00,combi,Sitting,Sitting
2024-06-25 17:05:54.500000+00:00,combi,Sitting,Sitting
2024-06-25 17:06:54.500000+00:00,combi,Sitting,Sitting
2024-06-25 17:07:54.500000+00:00,combi,Sitting,Sitting
2024-06-25 17:08:54.500000+00:00,combi,Sitting,Sitting
2024-06-25 17:09:54.500000+00:00,combi,Sitting,Sitting
2024-06-25 17:10:54.500000+00:00,combi,Sitting,Sitting
2024-06-25 17:11:54.500000+00:00,combi,Sitting,Sitting
2024-06-25 17:12:54.500000+00:00,combi,Sitting,Sitting
2024-06-25 17:13:54.500000+00:00,combi,Sitting,Sitting
2024-06-25 17:14:54.500000+00:00,combi,Standing,Standing
2024-06-25 17:15:54.500000+00:00,combi,Sitting,Sitting
2024-06-25 17:16:54.500000+00:00,combi,Sitting,Sitting
2024-06-25 17:17:54.500000+00:00,combi,Standing,Standing
2024-06-25 17:18:54.500000+00:00,combi,Sitting,Sitting
2024-06-25 17:19:54.500000+00:00,combi,Sitting,Sitting
2024-06-25 17:20:54.500000+00:00,combi,Sitting,Sitting
2024-06-25 17:21:54.500000+00:00,combi,Sitting,Sitting
2024-06-25 17:22:54.500000+00:00,combi,Sitting,Sitting
2024-06-25 17:23:54.500000+00:00,combi,Sitting,Sitting
2024-06-25 17:24:54.500000+00:00,combi,Standing,Dynamic
2024-06-25 17:25:54.500000+00:00,combi,Lying,Dynamic
2024-06-25 17:26:54.500000+00:00,combi,Standing,Standing
2024-06-25 17:27:54.500000+00:00,combi,Standing,Standing
2024-06-25 17:28:54.500000+00:00,combi,Standing,Standing
2024-06-25 17:29:54.500000+00:00,combi,Standing,Standing
2024-06-25 17:30:54.500000+00:00,combi,Standing,Dynamic
2024-06-25 17:31:54.500000+00:00,combi,Lying,Dynamic
2024-06-25 17:32:54.500000+00:00,combi,Standing,Dynamic
2024-06-25 17:33:54.500000+00:00,combi,Standing,Dynamic
2024-06-25 17:34:54.500000+00:00,combi,Standing,Dynamic
2024-06-25 17:35:54.500000+00:00,combi,Standing,Standing
2024-06-25 17:36:54.500000+00:00,combi,Standing,Standing
2024-06-25 17:37:54.500000+00:00,combi,Standing,Standing
2024-06-25 17:38:54.500000+00:00,combi,Standing,Dynamic
2024-06-25 17:39:54.500000+00:00,combi,Standing,Dynamic
2024-06-25 17:40:54.500000+00:00,combi,Standing,Dynamic
2024-06-25 17:41:54.500000+00:00,combi,Standing,Dynamic
2024-06-25 17:42:54.500000+00:00,combi,Standing,Dynamic
2024-06-25 17:43:54.500000+00:00,combi,Standing,Dynamic
2024-06-25 17:44:54.500000+00:00,combi,Sitting,Dynamic
2024-06-25 17:45:54.500000+00:00,combi,Standing,Dynamic
2024-06-25 17:46:54.500000+00:00,combi,Lying,Dynamic
2024-06-25 17:47:54.500000+00:00,combi,Sitting,Sitting
2024-06-25 17:48:54.500000+00:00,combi,Sitting,Sitting
2024-06-25 17:49:54.500000+00:00,combi,Sitting,Dynamic
2024-06-25 17:50:54.500000+00:00,combi,Sitting,Dynamic
2024-06-25 17:51:54.500000+00:00,combi,Sitting,Standing
2024-06-25 17:52:54.500000+00:00,combi,Standing,Sitting
2024-06-25 17:53:54.500000+00:00,combi,Standing,Dynamic
2024-06-25 17:54:54.500000+00:00,combi,Standing,Dynamic
2024-06-25 17:55:54.500000+00:00,combi,Standing,Standing
2024-06-25 17:56:54.500000+00:00,combi,Sitting,Sitting
2024-06-25 17:57:54.500000+00:00,combi,Sitting,Sitting
2024-06-25 17:58:54.500000+00:00,combi,Standing,Dynamic
2024-06-25 17:59:54.500000+00:00,combi,Sitting,Sitting
2024-06-25 18:00:54.500000+00:00,combi,Standing,Dynamic
2024-06-25 18:01:54.500000+00:00,combi,Standing,Standing
2024-06-25 18:02:54.500000+00:00,combi,Standing,Dynamic
2024-06-25 18:03:54.500000+00:00,combi,Standing,Dynamic
2024-06-25 18:04:54.500000+00:00,combi,Standing,Dynamic
2024-06-25 18:05:54.500000+00:00,combi,Lying,Dynamic
2024-06-25 18:06:54.500000+00:00,combi,Standing,Dynamic
2024-06-25 18:07:54.500000+00:00,combi,Standing,Dynamic
2024-06-25 18:08:54.500000+00:00,combi,Standing,Dynamic
2024-06-25 18:09:54.500000+00:00,combi,Sitting,Sitting
2024-06-25 18:10:54.500000+00:00,combi,Sitting,Sitting
2024-06-25 18:11:54.500000+00:00,combi,Sitting,Sitting
2024-06-25 18:12:54.500000+00:00,combi,Sitting,Sitting
2024-06-25 18:13:54.500000+00:00,combi,Sitting,Sitting
2024-06-25 18:14:54.500000+00:00,combi,Sitting,Sitting
2024-06-25 18:15:54.500000+00:00,combi,Sitting,Sitting
2024-06-25 18:16:54.500000+00:00,combi,Sitting,Sitting
2024-06-25 18:17:54.500000+00:00,combi,Sitting,Sitting
2024-06-25 18:18:54.500000+00:00,combi,Sitting,Sitting
2024-06-25 18:19:54.500000+00:00,combi,Sitting,Sitting
2024-06-25 18:20:54.500000+00:00,combi,Sitting,Sitting
2024-06-25 18:21:54.500000+00:00,combi,Sitting,Sitting
2024-06-25 18:22:54.500000+00:00,combi,Sitting,Sitting
2024-06-25 18:23:54.500000+00:00,combi,Sitting,Sitting
2024-06-25 18:24:54.500000+00:00,combi,Standing,Dynamic
2024-06-25 18:25:54.500000+00:00,combi,Standing,Standing
2024-06-25 18:26:54.500000+00:00,combi,Standing,Dynamic
2024-06-25 18:27:54.500000+00:00,combi,Standing,Dynamic
2024-06-25 18:28:54.500000+00:00,combi,Sitting,Sitting
2024-06-25 18:29:54.500000+00:00,combi,Sitting,Sitting
2024-06-25 18:30:54.500000+00:00,combi,Sitting,Sitting
2024-06-25 18:31:54.500000+00:00,combi,Sitting,Sitting
2024-06-25 18:32:54.500000+00:00,combi,Sitting,Sitting
2024-06-25 18:33:54.500000+00:00,combi,Sitting,Sitting
2024-06-25 18:34:54.500000+00:00,combi,Sitting,Sitting
2024-06-25 18:35:54.500000+00:00,combi,Standing,Dynamic
2024-06-25 18:36:54.500000+00:00,combi,Sitting,Sitting
2024-06-25 18:37:54.500000+00:00,combi,Sitting,Sitting
2024-06-25 18:38:54.500000+00:00,combi,Sitting,Sitting
2024-06-25 18:39:54.500000+00:00,combi,Sitting,Sitting
2024-06-25 18:40:54.500000+00:00,combi,Sitting,Sitting
2024-06-25 18:41:54.500000+00:00,combi,Sitting,Sitting
2024-06-25 18:42:54.500000+00:00,combi,Sitting,Sitting
2024-06-25 18:43:54.500000+00:00,combi,Sitting,Sitting
2024-06-25 18:44:54.500000+00:00,combi,Lying,Dynamic
2024-06-25 18:45:54.500000+00:00,combi,Sitting,Sitting
2024-06-25 18:46:54.500000+00:00,combi,Sitting,Sitting
2024-06-25 18:47:54.500000+00:00,combi,Sitting,Sitting
2024-06-25 18:48:54.500000+00:00,combi,Sitting,Sitting
2024-06-25 18:49:54.500000+00:00,combi,Sitting,Sitting
2024-06-25 18:50:54.500000+00:00,combi,Lying,Lying
2024-06-25 18:51:54.500000+00:00,combi,Standing,Dynamic
2024-06-25 18:52:54.500000+00:00,combi,Lying,Lying
2024-06-25 18:53:54.500000+00:00,combi,Lying,Lying
2024-06-25 18:54:54.500000+00:00,combi,Lying,Lying
2024-06-25 18:55:54.500000+00:00,combi,Lying,Lying
2024-06-25 18:56:54.500000+00:00,combi,Lying,Lying
2024-06-25 18:57:54.500000+00:00,combi,Lying,Lying
2024-06-25 18:58:54.500000+00:00,combi,Standing,Dynamic
2024-06-25 18:59:54.500000+00:00,combi,Sitting,Sitting
2024-06-25 19:00:54.500000+00:00,combi,Sitting,Sitting
2024-06-25 19:01:54.500000+00:00,combi,Sitting,Sitting
2024-06-25 19:02:54.500000+00:00,combi,Sitting,Sitting
2024-06-25 19:03:54.500000+00:00,combi,Sitting,Sitting
2024-06-25 19:04:54.500000+00:00,combi,Sitting,Sitting
2024-06-25 19:05:54.500000+00:00,combi,Sitting,Sitting
2024-06-25 19:06:54.500000+00:00,combi,Sitting,Sitting
2024-06-25 19:07:54.500000+00:00,combi,Sitting,Sitting
2024-06-25 19:08:54.500000+00:00,combi,Sitting,Sitting
2024-06-25 19:09:54.500000+00:00,combi,Sitting,Sitting
2024-06-25 19:10:54.500000+00:00,combi,Sitting,Sitting
2024-06-25 19:11:54.500000+00:00,combi,Sitting,Sitting
2024-06-25 19:12:54.500000+00:00,combi,Sitting,Sitting
2024-06-25 19:13:54.500000+00:00,combi,Sitting,Sitting
2024-06-25 19:14:54.500000+00:00,combi,Sitting,Sitting
2024-06-25 19:15:54.500000+00:00,combi,Lying,Lying
2024-06-25 19:16:54.500000+00:00,combi,Lying,Lying
2024-06-25 19:17:54.500000+00:00,combi,Sitting,Sitting
2024-06-25 19:18:54.500000+00:00,combi,Sitting,Sitting
2024-06-25 19:19:54.500000+00:00,combi,Sitting,Sitting
2024-06-25 19:20:54.500000+00:00,combi,Sitting,Sitting
2024-06-25 19:21:54.500000+00:00,combi,Sitting,Sitting
2024-06-25 19:22:54.500000+00:00,combi,Sitting,Sitting
2024-06-25 19:23:54.500000+00:00,combi,Sitting,Sitting
2024-06-25 19:24:54.500000+00:00,combi,Sitting,Sitting
2024-06-25 19:25:54.500000+00:00,combi,Sitting,Sitting
2024-06-25 19:26:54.500000+00:00,combi,Sitting,Sitting
2024-06-25 19:27:54.500000+00:00,combi,Lying,Lying
2024-06-25 19:28:54.500000+00:00,combi,Lying,Lying
2024-06-25 19:29:54.500000+00:00,combi,Lying,Lying
2024-06-25 19:30:54.500000+00:00,combi,Lying,Lying
2024-06-25 19:31:54.500000+00:00,combi,Lying,Lying
2024-06-25 19:32:54.500000+00:00,combi,Sitting,Lying
2024-06-25 19:33:54.500000+00:00,combi,Sitting,Sitting
2024-06-25 19:34:54.500000+00:00,combi,Sitting,Sitting
2024-06-25 19:35:54.500000+00:00,combi,Sitting,Sitting
2024-06-25 19:36:54.500000+00:00,combi,Sitting,Sitting
2024-06-25 19:37:54.500000+00:00,combi,Sitting,Sitting
2024-06-25 19:38:54.500000+00:00,combi,Sitting,Sitting
2024-06-25 19:39:54.500000+00:00,combi,Sitting,Sitting
2024-06-25 19:40:54.500000+00:00,combi,Sitting,Sitting
2024-06-25 19:41:54.500000+00:00,combi,Sitting,Sitting
2024-06-25 19:42:54.500000+00:00,combi,Sitting,Sitting
2024-06-25 19:43:54.500000+00:00,combi,Sitting,Sitting
2024-06-25 19:44:54.500000+00:00,combi,Sitting,Sitting
2024-06-25 19:45:54.500000+00:00,combi,Sitting,Sitting
2024-06-25 19:46:54.500000+00:00,combi,Sitting,Sitting
2024-06-25 19:47:54.500000+00:00,combi,Sitting,Sitting
2024-06-25 19:48:54.500000+00:00,combi,Sitting,Sitting
2024-06-25 19:49:54.500000+00:00,combi,Sitting,Sitting
2024-06-25 19:50:54.500000+00:00,combi,Sitting,Sitting
2024-06-25 19:51:54.500000+00:00,combi,Sitting,Sitting
2024-06-25 19:52:54.500000+00:00,combi,Sitting,Sitting
2024-06-25 19:53:54.500000+00:00,combi,Sitting,Sitting
2024-06-25 19:54:54.500000+00:00,combi,Sitting,Sitting
2024-06-25 19:55:54.500000+00:00,combi,Sitting,Sitting
2024-06-25 19:56:54.500000+00:00,combi,Sitting,Sitting
2024-06-25 19:57:54.500000+00:00,combi,Sitting,Sitting
2024-06-25 19:58:54.500000+00:00,combi,Sitting,Sitting
2024-06-25 19:59:54.500000+00:00,combi,Sitting,Sitting
2024-06-25 20:00:54.500000+00:00,combi,Sitting,Sitting
2024-06-25 20:01:54.500000+00:00,combi,Sitting,Sitting
2024-06-25 20:02:54.500000+00:00,combi,Sitting,Sitting
2024-06-25 20:03:54.500000+00:00,combi,Sitting,Sitting
2024-06-25 20:04:54.500000+00:00,combi,Sitting,Sitting
2024-06-25 20:05:54.500000+00:00,combi,Sitting,Sitting
2024-06-25 20:06:54.500000+00:00,combi,Sitting,Sitting
2024-06-25 20:07:54.500000+00:00,combi,Sitting,Sitting
2024-06-25 20:08:54.500000+00:00,combi,Sitting,Sitting
2024-06-25 20:09:54.500000+00:00,combi,Sitting,Sitting
2024-06-25 20:10:54.500000+00:00,combi,Sitting,Sitting
2024-06-25 20:11:54.500000+00:00,combi,Sitting,Sitting
2024-06-25 20:12:54.500000+00:00,combi,Sitting,Sitting
2024-06-25 20:13:54.500000+00:00,combi,Sitting,Sitting
2024-06-25 20:14:54.500000+00:00,combi,Sitting,Sitting
2024-06-25 20:15:54.500000+00:00,combi,Sitting,Sitting
2024-06-25 20:16:54.500000+00:00,combi,Sitting,Sitting
2024-06-25 20:17:54.500000+00:00,combi,Sitting,Sitting
2024-06-25 20:18:54.500000+00:00,combi,Sitting,Sitting
2024-06-25 20:19:54.500000+00:00,combi,Sitting,Sitting
2024-06-25 20:20:54.500000+00:00,combi,Sitting,Sitting
2024-06-25 20:21:54.500000+00:00,combi,Sitting,Sitting
2024-06-25 20:22:54.500000+00:00,combi,Sitting,Sitting
2024-06-25 20:23:54.500000+00:00,combi,Sitting,Sitting
2024-06-25 20:24:54.500000+00:00,combi,Sitting,Sitting
2024-06-25 20:25:54.500000+00:00,combi,Sitting,Sitting
2024-06-25 20:26:54.500000+00:00,combi,Sitting,Sitting
2024-06-25 20:27:54.500000+00:00,combi,Sitting,Sitting
2024-06-25 20:28:54.500000+00:00,combi,Sitting,Sitting
2024-06-25 20:29:54.500000+00:00,combi,Sitting,Sitting
2024-06-25 20:30:54.500000+00:00,combi,Sitting,Sitting
2024-06-25 20:31:54.500000+00:00,combi,Sitting,Sitting
2024-06-25 20:32:54.500000+00:00,combi,Sitting,Sitting
2024-06-25 20:33:54.500000+00:00,combi,Sitting,Sitting
2024-06-25 20:34:54.500000+00:00,combi,Sitting,Sitting
2024-06-25 20:35:54.500000+00:00,combi,Sitting,Sitting
2024-06-25 20:36:54.500000+00:00,combi,Sitting,Sitting
2024-06-25 20:37:54.500000+00:00,combi,Sitting,Sitting
2024-06-25 20:38:54.500000+00:00,combi,Sitting,Sitting
2024-06-25 20:39:54.500000+00:00,combi,Sitting,Sitting
2024-06-25 20:40:54.500000+00:00,combi,Sitting,Sitting
2024-06-25 20:41:54.500000+00:00,combi,Sitting,Sitting
2024-06-25 20:42:54.500000+00:00,combi,Sitting,Sitting
2024-06-25 20:43:54.500000+00:00,combi,Sitting,Sitting
2024-06-25 20:44:54.500000+00:00,combi,Lying,Lying
2024-06-25 20:45:54.500000+00:00,combi,Sitting,Sitting
2024-06-25 20:46:54.500000+00:00,combi,Sitting,Sitting
2024-06-25 20:47:54.500000+00:00,combi,Sitting,Sitting
2024-06-25 20:48:54.500000+00:00,combi,Sitting,Sitting
2024-06-25 20:49:54.500000+00:00,combi,Sitting,Sitting
2024-06-25 20:50:54.500000+00:00,combi,Sitting,Sitting
2024-06-25 20:51:54.500000+00:00,combi,Sitting,Sitting
2024-06-25 20:52:54.500000+00:00,combi,Sitting,Sitting
2024-06-25 20:53:54.500000+00:00,combi,Sitting,Sitting
2024-06-25 20:54:54.500000+00:00,combi,Sitting,Sitting
2024-06-25 20:55:54.500000+00:00,combi,Lying,Lying
2024-06-25 20:56:54.500000+00:00,combi,Sitting,Sitting
2024-06-25 20:57:54.500000+00:00,combi,Sitting,Sitting
2024-06-25 20:58:54.500000+00:00,combi,Lying,Lying
2024-06-25 20:59:54.500000+00:00,combi,Lying,Lying
2024-06-25 21:00:54.500000+00:00,combi,Lying,Lying
2024-06-25 21:01:54.500000+00:00,combi,Lying,Lying
2024-06-25 21:02:54.500000+00:00,combi,Sitting,Sitting
2024-06-25 21:03:54.500000+00:00,combi,Sitting,Sitting
2024-06-25 21:04:54.500000+00:00,combi,Sitting,Sitting
2024-06-25 21:05:54.500000+00:00,combi,Sitting,Sitting
2024-06-25 21:06:54.500000+00:00,combi,Standing,Dynamic
2024-06-25 21:07:54.500000+00:00,combi,Standing,Dynamic
2024-06-25 21:08:54.500000+00:00,combi,Standing,Dynamic
2024-06-25 21:09:54.500000+00:00,combi,Standing,Dynamic
2024-06-25 21:10:54.500000+00:00,combi,Standing,Dynamic
2024-06-25 21:11:54.500000+00:00,combi,Standing,Dynamic
2024-06-25 21:12:54.500000+00:00,combi,Standing,Dynamic
2024-06-25 21:13:54.500000+00:00,combi,Standing,Standing
2024-06-25 21:14:54.500000+00:00,combi,Standing,Dynamic
2024-06-25 21:15:54.500000+00:00,combi,Standing,Dynamic
2024-06-25 21:16:54.500000+00:00,combi,Standing,Standing
2024-06-25 21:17:54.500000+00:00,combi,Standing,Dynamic
2024-06-25 21:18:54.500000+00:00,combi,Sitting,Sitting
2024-06-25 21:19:54.500000+00:00,combi,Sitting,Sitting
2024-06-25 21:20:54.500000+00:00,combi,Sitting,Sitting
2024-06-25 21:21:54.500000+00:00,combi,Sitting,Sitting
2024-06-25 21:22:54.500000+00:00,combi,Sitting,Sitting
2024-06-25 21:23:54.500000+00:00,combi,Sitting,Sitting
2024-06-25 21:24:54.500000+00:00,combi,Sitting,Sitting
2024-06-25 21:25:54.500000+00:00,combi,Sitting,Sitting
2024-06-25 21:26:54.500000+00:00,combi,Sitting,Sitting
2024-06-25 21:27:54.500000+00:00,combi,Sitting,Sitting
2024-06-25 21:28:54.500000+00:00,combi,Sitting,Sitting
2024-06-25 21:29:54.500000+00:00,combi,Standing,Dynamic
2024-06-25 21:30:54.500000+00:00,combi,Standing,Dynamic
2024-06-25 21:31:54.500000+00:00,combi,Standing,Dynamic
2024-06-25 21:32:54.500000+00:00,combi,Standing,Dynamic
2024-06-25 21:33:54.500000+00:00,combi,Sitting,Sitting
2024-06-25 21:34:54.500000+00:00,combi,Sitting,Sitting
2024-06-25 21:35:54.500000+00:00,combi,Standing,Dynamic
2024-06-25 21:36:54.500000+00:00,combi,Standing,Dynamic
2024-06-25 21:37:54.500000+00:00,combi,Standing,Dynamic
2024-06-25 21:38:54.500000+00:00,combi,Standing,Dynamic
2024-06-25 21:39:54.500000+00:00,combi,Standing,Dynamic
2024-06-25 21:40:54.500000+00:00,combi,Standing,Dynamic
2024-06-25 21:41:54.500000+00:00,combi,Standing,Dynamic
2024-06-25 21:42:54.500000+00:00,combi,Standing,Dynamic
2024-06-25 21:43:54.500000+00:00,combi,Standing,Dynamic
2024-06-25 21:44:54.500000+00:00,combi,Standing,Dynamic
2024-06-25 21:45:54.500000+00:00,combi,Standing,Dynamic
2024-06-25 21:46:54.500000+00:00,combi,Sitting,Dynamic
2024-06-25 21:47:54.500000+00:00,combi,Sitting,Dynamic
2024-06-25 21:48:54.500000+00:00,combi,Standing,Dynamic
2024-06-25 21:49:54.500000+00:00,combi,Standing,Dynamic
2024-06-25 21:50:54.500000+00:00,combi,Standing,Dynamic
2024-06-25 21:51:54.500000+00:00,combi,Standing,Dynamic
2024-06-25 21:52:54.500000+00:00,combi,Standing,Dynamic
2024-06-25 21:53:54.500000+00:00,combi,Standing,Dynamic
2024-06-25 21:54:54.500000+00:00,combi,Standing,Dynamic
2024-06-25 21:55:54.500000+00:00,combi,Standing,Dynamic
2024-06-25 21:56:54.500000+00:00,combi,Standing,Dynamic
2024-06-25 21:57:54.500000+00:00,combi,Standing,Dynamic
2024-06-25 21:58:54.500000+00:00,combi,Standing,Dynamic
2024-06-25 21:59:54.500000+00:00,combi,Standing,Dynamic
2024-06-25 22:00:54.500000+00:00,combi,Standing,Dynamic
2024-06-25 22:01:54.500000+00:00,combi,Standing,Dynamic
2024-06-25 22:02:54.500000+00:00,combi,Standing,Dynamic
2024-06-25 22:03:54.500000+00:00,combi,Standing,Dynamic
2024-06-25 22:04:54.500000+00:00,combi,Standing,Dynamic
2024-06-25 22:05:54.500000+00:00,combi,Standing,Dynamic
2024-06-25 22:06:54.500000+00:00,combi,Sitting,Dynamic
2024-06-25 22:07:54.500000+00:00,combi,Standing,Dynamic
2024-06-25 22:08:54.500000+00:00,combi,Standing,Dynamic
2024-06-25 22:09:54.500000+00:00,combi,Standing,Dynamic
2024-06-25 22:10:54.500000+00:00,combi,Standing,Dynamic
2024-06-25 22:11:54.500000+00:00,combi,Standing,Dynamic
2024-06-25 22:12:54.500000+00:00,combi,Standing,Dynamic
2024-06-25 22:13:54.500000+00:00,combi,Lying,Dynamic
2024-06-25 22:14:54.500000+00:00,combi,Lying,Dynamic
2024-06-25 22:15:54.500000+00:00,combi,Standing,Dynamic
2024-06-25 22:16:54.500000+00:00,combi,Standing,Dynamic
2024-06-25 22:17:54.500000+00:00,combi,Standing,Dynamic
2024-06-25 22:18:54.500000+00:00,combi,Standing,Dynamic
2024-06-25 22:19:54.500000+00:00,combi,Standing,Dynamic
2024-06-25 22:20:54.500000+00:00,combi,Standing,Dynamic
2024-06-25 22:21:54.500000+00:00,combi,Standing,Dynamic
2024-06-25 22:22:54.500000+00:00,combi,Standing,Dynamic
2024-06-25 22:23:54.500000+00:00,combi,Standing,Dynamic
2024-06-25 22:24:54.500000+00:00,combi,Standing,Dynamic
2024-06-25 22:25:54.500000+00:00,combi,Standing,Dynamic
2024-06-25 22:26:54.500000+00:00,combi,Standing,Dynamic
2024-06-25 22:27:54.500000+00:00,combi,Standing,Dynamic
2024-06-25 22:28:54.500000+00:00,combi,Standing,Dynamic
2024-06-25 22:29:54.500000+00:00,combi,Standing,Dynamic
2024-06-25 22:30:54.500000+00:00,combi,Standing,Dynamic
2024-06-25 22:31:54.500000+00:00,combi,Sitting,Sitting
2024-06-25 22:32:54.500000+00:00,combi,Sitting,Sitting
2024-06-25 22:33:54.500000+00:00,combi,Sitting,Sitting
2024-06-25 22:34:54.500000+00:00,combi,Sitting,Sitting
2024-06-25 22:35:54.500000+00:00,combi,Standing,Dynamic
2024-06-25 22:36:54.500000+00:00,combi,Standing,Standing
2024-06-25 22:37:54.500000+00:00,combi,Standing,Dynamic
2024-06-25 22:38:54.500000+00:00,combi,Standing,Dynamic
2024-06-25 22:39:54.500000+00:00,combi,Lying,Lying
2024-06-25 22:40:54.500000+00:00,combi,Lying,Lying
2024-06-25 22:41:54.500000+00:00,combi,Lying,Lying
2024-06-25 22:42:54.500000+00:00,combi,Lying,Lying
2024-06-25 22:43:54.500000+00:00,combi,Lying,Lying
2024-06-25 22:44:54.500000+00:00,combi,Lying,Lying
2024-06-25 22:45:54.500000+00:00,combi,Lying,Lying
2024-06-25 22:46:54.500000+00:00,combi,Lying,Lying
2024-06-25 22:47:54.500000+00:00,combi,Lying,Lying
2024-06-25 22:48:54.500000+00:00,combi,Lying,Lying
2024-06-25 22:49:54.500000+00:00,combi,Lying,Lying
2024-06-25 22:50:54.500000+00:00,combi,Lying,Lying
2024-06-25 22:51:54.500000+00:00,combi,Lying,Lying
2024-06-25 22:52:54.500000+00:00,combi,Lying,Lying
2024-06-25 22:53:54.500000+00:00,combi,Lying,Lying
2024-06-25 22:54:54.500000+00:00,combi,Lying,Lying
2024-06-25 22:55:54.500000+00:00,combi,Lying,Lying
2024-06-25 22:56:54.500000+00:00,combi,Lying,Lying
2024-06-25 22:57:54.500000+00:00,combi,Lying,Lying
2024-06-25 22:58:54.500000+00:00,combi,Lying,Lying
2024-06-25 22:59:54.500000+00:00,combi,Lying,Lying
2024-06-25 23:00:54.500000+00:00,combi,Lying,Lying
2024-06-25 23:01:54.500000+00:00,combi,Lying,Lying
2024-06-25 23:02:54.500000+00:00,combi,Lying,Lying
2024-06-25 23:03:54.500000+00:00,combi,Lying,Lying
2024-06-25 23:04:54.500000+00:00,combi,Lying,Lying
2024-06-25 23:05:54.500000+00:00,combi,Lying,Lying
2024-06-25 23:06:54.500000+00:00,combi,Lying,Lying
2024-06-25 23:07:54.500000+00:00,combi,Lying,Lying
2024-06-25 23:08:54.500000+00:00,combi,Lying,Lying
2024-06-25 23:09:54.500000+00:00,combi,Lying,Lying
2024-06-25 23:10:54.500000+00:00,combi,Lying,Lying
2024-06-25 23:11:54.500000+00:00,combi,Lying,Lying
2024-06-25 23:12:54.500000+00:00,combi,Lying,Lying
2024-06-25 23:13:54.500000+00:00,combi,Lying,Lying
2024-06-25 23:14:54.500000+00:00,combi,Lying,Lying
2024-06-25 23:15:54.500000+00:00,combi,Lying,Lying
2024-06-25 23:16:54.500000+00:00,combi,Lying,Lying
2024-06-25 23:17:54.500000+00:00,combi,Lying,Lying
2024-06-25 23:18:54.500000+00:00,combi,Lying,Lying
2024-06-25 23:19:54.500000+00:00,combi,Lying,Lying
2024-06-25 23:20:54.500000+00:00,combi,Lying,Lying
2024-06-25 23:21:54.500000+00:00,combi,Lying,Lying
2024-06-25 23:22:54.500000+00:00,combi,Lying,Lying
2024-06-25 23:23:54.500000+00:00,combi,Lying,Lying
2024-06-25 23:24:54.500000+00:00,combi,Lying,Lying
2024-06-25 23:25:54.500000+00:00,combi,Lying,Lying
2024-06-25 23:26:54.500000+00:00,combi,Lying,Lying
2024-06-25 23:27:54.500000+00:00,combi,Lying,Lying
2024-06-25 23:28:54.500000+00:00,combi,Lying,Lying
2024-06-25 23:29:54.500000+00:00,combi,Lying,Lying
2024-06-25 23:30:54.500000+00:00,combi,Lying,Lying
2024-06-25 23:31:54.500000+00:00,combi,Lying,Lying
2024-06-25 23:32:54.500000+00:00,combi,Lying,Lying
2024-06-25 23:33:54.500000+00:00,combi,Lying,Lying
2024-06-25 23:34:54.500000+00:00,combi,Lying,Lying
2024-06-25 23:35:54.500000+00:00,combi,Lying,Lying
2024-06-25 23:36:54.500000+00:00,combi,Lying,Lying
2024-06-25 23:37:54.500000+00:00,combi,Lying,Lying
2024-06-25 23:38:54.500000+00:00,combi,Lying,Lying
2024-06-25 23:39:54.500000+00:00,combi,Lying,Lying
2024-06-25 23:40:54.500000+00:00,combi,Lying,Lying
2024-06-25 23:41:54.500000+00:00,combi,Lying,Lying
2024-06-25 23:42:54.500000+00:00,combi,Lying,Lying
2024-06-25 23:43:54.500000+00:00,combi,Lying,Lying
2024-06-25 23:44:54.500000+00:00,combi,Lying,Lying
2024-06-25 23:45:54.500000+00:00,combi,Lying,Lying
2024-06-25 23:46:54.500000+00:00,combi,Lying,Lying
2024-06-25 23:47:54.500000+00:00,combi,Lying,Lying
2024-06-25 23:48:54.500000+00:00,combi,Lying,Lying
2024-06-25 23:49:54.500000+00:00,combi,Lying,Lying
2024-06-25 23:50:54.500000+00:00,combi,Lying,Lying
2024-06-25 23:51:54.500000+00:00,combi,Lying,Lying
2024-06-25 23:52:54.500000+00:00,combi,Lying,Lying
2024-06-25 23:53:54.500000+00:00,combi,Lying,Lying
2024-06-25 23:54:54.500000+00:00,combi,Lying,Lying
2024-06-25 23:55:54.500000+00:00,combi,Lying,Lying
2024-06-25 23:56:54.500000+00:00,combi,Lying,Lying
2024-06-25 23:57:54.500000+00:00,combi,Lying,Lying
2024-06-25 23:58:54.500000+00:00,combi,Lying,Lying
2024-06-25 23:59:54.500000+00:00,combi,Lying,Lying
2024-06-26 00:00:54.500000+00:00,combi,Lying,Lying
2024-06-26 00:01:54.500000+00:00,combi,Lying,Lying
2024-06-26 00:02:54.500000+00:00,combi,Lying,Lying
2024-06-26 00:03:54.500000+00:00,combi,Lying,Lying
2024-06-26 00:04:54.500000+00:00,combi,Lying,Lying
2024-06-26 00:05:54.500000+00:00,combi,Lying,Lying
2024-06-26 00:06:54.500000+00:00,combi,Lying,Lying
2024-06-26 00:07:54.500000+00:00,combi,Lying,Lying
2024-06-26 00:08:54.500000+00:00,combi,Lying,Lying
2024-06-26 00:09:54.500000+00:00,combi,Lying,Lying
2024-06-26 00:10:54.500000+00:00,combi,Lying,Lying
2024-06-26 00:11:54.500000+00:00,combi,Lying,Lying
2024-06-26 00:12:54.500000+00:00,combi,Lying,Lying
2024-06-26 00:13:54.500000+00:00,combi,Lying,Lying
2024-06-26 00:14:54.500000+00:00,combi,Lying,Lying
2024-06-26 00:15:54.500000+00:00,combi,Lying,Lying
2024-06-26 00:16:54.500000+00:00,combi,Lying,Lying
2024-06-26 00:17:54.500000+00:00,combi,Lying,Lying
2024-06-26 00:18:54.500000+00:00,combi,Sitting,Dynamic
