Time,Participant,Majority_postures,Majority_including_dynamic
2024-11-15 06:45:32.500000+00:00,combi,Lying,Lying
2024-11-15 06:46:32.500000+00:00,combi,Lying,Lying
2024-11-15 06:47:32.500000+00:00,combi,Lying,Lying
2024-11-15 06:48:32.500000+00:00,combi,Lying,Lying
2024-11-15 06:49:32.500000+00:00,combi,Lying,Lying
2024-11-15 06:50:32.500000+00:00,combi,Lying,Lying
2024-11-15 06:51:32.500000+00:00,combi,Lying,Lying
2024-11-15 06:52:32.500000+00:00,combi,Lying,Lying
2024-11-15 06:53:32.500000+00:00,combi,Lying,Lying
2024-11-15 06:54:32.500000+00:00,combi,Lying,Lying
2024-11-15 06:55:32.500000+00:00,combi,Lying,Lying
2024-11-15 06:56:32.500000+00:00,combi,Lying,Lying
2024-11-15 06:57:32.500000+00:00,combi,Lying,Lying
2024-11-15 06:58:32.500000+00:00,combi,Lying,Lying
2024-11-15 06:59:32.500000+00:00,combi,Lying,Lying
2024-11-15 07:00:32.500000+00:00,combi,Lying,Lying
2024-11-15 07:01:32.500000+00:00,combi,Lying,Lying
2024-11-15 07:02:32.500000+00:00,combi,Lying,Lying
2024-11-15 07:03:32.500000+00:00,combi,Lying,Lying
2024-11-15 07:04:32.500000+00:00,combi,Lying,Lying
2024-11-15 07:05:32.500000+00:00,combi,Lying,Lying
2024-11-15 07:06:32.500000+00:00,combi,Lying,Lying
2024-11-15 07:07:32.500000+00:00,combi,Lying,Lying
2024-11-15 07:08:32.500000+00:00,combi,Lying,Lying
2024-11-15 07:09:32.500000+00:00,combi,Lying,Lying
2024-11-15 07:10:32.500000+00:00,combi,Lying,Lying
2024-11-15 07:11:32.500000+00:00,combi,Lying,Lying
2024-11-15 07:12:32.500000+00:00,combi,Lying,Lying
2024-11-15 07:13:32.500000+00:00,combi,Lying,Lying
2024-11-15 07:14:32.500000+00:00,combi,Lying,Lying
2024-11-15 07:15:32.500000+00:00,combi,Lying,Lying
2024-11-15 07:16:32.500000+00:00,combi,Lying,Lying
2024-11-15 07:17:32.500000+00:00,combi,Lying,Lying
2024-11-15 07:18:32.500000+00:00,combi,Lying,Lying
2024-11-15 07:19:32.500000+00:00,combi,Lying,Lying
2024-11-15 07:20:32.500000+00:00,combi,Lying,Lying
2024-11-15 07:21:32.500000+00:00,combi,Lying,Lying
2024-11-15 07:22:32.500000+00:00,combi,Lying,Lying
2024-11-15 07:23:32.500000+00:00,combi,Lying,Lying
2024-11-15 07:24:32.500000+00:00,combi,Lying,Lying
2024-11-15 07:25:32.500000+00:00,combi,Lying,Lying
2024-11-15 07:26:32.500000+00:00,combi,Lying,Lying
2024-11-15 07:27:32.500000+00:00,combi,Lying,Lying
2024-11-15 07:28:32.500000+00:00,combi,Lying,Lying
2024-11-15 07:29:32.500000+00:00,combi,Lying,Lying
2024-11-15 07:30:32.500000+00:00,combi,Lying,Lying
2024-11-15 07:31:32.500000+00:00,combi,Lying,Lying
2024-11-15 07:32:32.500000+00:00,combi,Lying,Lying
2024-11-15 07:33:32.500000+00:00,combi,Lying,Lying
2024-11-15 07:34:32.500000+00:00,combi,Lying,Lying
2024-11-15 07:35:32.500000+00:00,combi,Lying,Lying
2024-11-15 07:36:32.500000+00:00,combi,Lying,Lying
2024-11-15 07:37:32.500000+00:00,combi,Lying,Lying
2024-11-15 07:38:32.500000+00:00,combi,Lying,Lying
2024-11-15 07:39:32.500000+00:00,combi,Lying,Lying
2024-11-15 07:40:32.500000+00:00,combi,Lying,Lying
2024-11-15 07:41:32.500000+00:00,combi,Lying,Lying
2024-11-15 07:42:32.500000+00:00,combi,Lying,Lying
2024-11-15 07:43:32.500000+00:00,combi,Lying,Lying
2024-11-15 07:44:32.500000+00:00,combi,Lying,Lying
2024-11-15 07:45:32.500000+00:00,combi,Lying,Lying
2024-11-15 07:46:32.500000+00:00,combi,Lying,Lying
2024-11-15 07:47:32.500000+00:00,combi,Lying,Lying
2024-11-15 07:48:32.500000+00:00,combi,Lying,Lying
2024-11-15 07:49:32.500000+00:00,combi,Lying,Lying
2024-11-15 07:50:32.500000+00:00,combi,Lying,Lying
2024-11-15 07:51:32.500000+00:00,combi,Lying,Lying
2024-11-15 07:52:32.500000+00:00,combi,Lying,Lying
2024-11-15 07:53:32.500000+00:00,combi,Lying,Lying
2024-11-15 07:54:32.500000+00:00,combi,Lying,Lying
2024-11-15 07:55:32.500000+00:00,combi,Lying,Lying
2024-11-15 07:56:32.500000+00:00,combi,Lying,Lying
2024-11-15 07:57:32.500000+00:00,combi,Lying,Lying
2024-11-15 07:58:32.500000+00:00,combi,Lying,Lying
2024-11-15 07:59:32.500000+00:00,combi,Lying,Lying
2024-11-15 08:00:32.500000+00:00,combi,Lying,Lying
2024-11-15 08:01:32.500000+00:00,combi,Lying,Lying
2024-11-15 08:02:32.500000+00:00,combi,Lying,Lying
2024-11-15 08:03:32.500000+00:00,combi,Lying,Lying
2024-11-15 08:04:32.500000+00:00,combi,Lying,Lying
2024-11-15 08:05:32.500000+00:00,combi,Lying,Lying
2024-11-15 08:06:32.500000+00:00,combi,Lying,Lying
2024-11-15 08:07:32.500000+00:00,combi,Lying,Lying
2024-11-15 08:08:32.500000+00:00,combi,Lying,Lying
2024-11-15 08:09:32.500000+00:00,combi,Lying,Lying
2024-11-15 08:10:32.500000+00:00,combi,Lying,Lying
2024-11-15 08:11:32.500000+00:00,combi,Lying,Lying
2024-11-15 08:12:32.500000+00:00,combi,Lying,Lying
2024-11-15 08:13:32.500000+00:00,combi,Lying,Lying
2024-11-15 08:14:32.500000+00:00,combi,Lying,Lying
2024-11-15 08:15:32.500000+00:00,combi,Lying,Lying
2024-11-15 08:16:32.500000+00:00,combi,Lying,Lying
2024-11-15 08:17:32.500000+00:00,combi,Lying,Lying
2024-11-15 08:18:32.500000+00:00,combi,Lying,Lying
2024-11-15 08:19:32.500000+00:00,combi,Lying,Lying
2024-11-15 08:20:32.500000+00:00,combi,Lying,Lying
2024-11-15 08:21:32.500000+00:00,combi,Lying,Lying
2024-11-15 08:22:32.500000+00:00,combi,Lying,Lying
2024-11-15 08:23:32.500000+00:00,combi,Standing,Dynamic
2024-11-15 08:24:32.500000+00:00,combi,Standing,Standing
2024-11-15 08:25:32.500000+00:00,combi,Standing,Standing
2024-11-15 08:26:32.500000+00:00,combi,Standing,Sitting
2024-11-15 08:27:32.500000+00:00,combi,Standing,Dynamic
2024-11-15 08:28:32.500000+00:00,combi,Standing,Standing
2024-11-15 08:29:32.500000+00:00,combi,Sitting,Sitting
2024-11-15 08:30:32.500000+00:00,combi,Sitting,Sitting
2024-11-15 08:31:32.500000+00:00,combi,Standing,Dynamic
2024-11-15 08:32:32.500000+00:00,combi,Standing,Standing
2024-11-15 08:33:32.500000+00:00,combi,Standing,Standing
2024-11-15 08:34:32.500000+00:00,combi,Standing,Dynamic
2024-11-15 08:35:32.500000+00:00,combi,Standing,Standing
2024-11-15 08:36:32.500000+00:00,combi,Sitting,Sitting
2024-11-15 08:37:32.500000+00:00,combi,Sitting,Sitting
2024-11-15 08:38:32.500000+00:00,combi,Sitting,Sitting
2024-11-15 08:39:32.500000+00:00,combi,Sitting,Sitting
2024-11-15 08:40:32.500000+00:00,combi,Sitting,Sitting
2024-11-15 08:41:32.500000+00:00,combi,Sitting,Sitting
2024-11-15 08:42:32.500000+00:00,combi,Sitting,Sitting
2024-11-15 08:43:32.500000+00:00,combi,Sitting,Sitting
2024-11-15 08:44:32.500000+00:00,combi,Sitting,Sitting
2024-11-15 08:45:32.500000+00:00,combi,Sitting,Sitting
2024-11-15 08:46:32.500000+00:00,combi,Sitting,Sitting
2024-11-15 08:47:32.500000+00:00,combi,Sitting,Sitting
2024-11-15 08:48:32.500000+00:00,combi,Sitting,Sitting
2024-11-15 08:49:32.500000+00:00,combi,Sitting,Sitting
2024-11-15 08:50:32.500000+00:00,combi,Sitting,Sitting
2024-11-15 08:51:32.500000+00:00,combi,Sitting,Sitting
2024-11-15 08:52:32.500000+00:00,combi,Standing,Dynamic
2024-11-15 08:53:32.500000+00:00,combi,Standing,Dynamic
2024-11-15 08:54:32.500000+00:00,combi,Sitting,Sitting
2024-11-15 08:55:32.500000+00:00,combi,Standing,Dynamic
2024-11-15 08:56:32.500000+00:00,combi,Standing,Standing
2024-11-15 08:57:32.500000+00:00,combi,Standing,Dynamic
2024-11-15 08:58:32.500000+00:00,combi,Standing,Standing
2024-11-15 08:59:32.500000+00:00,combi,Standing,Standing
2024-11-15 09:00:32.500000+00:00,combi,Standing,Standing
2024-11-15 09:01:32.500000+00:00,combi,Standing,Standing
2024-11-15 09:02:32.500000+00:00,combi,Standing,Standing
2024-11-15 09:03:32.500000+00:00,combi,Standing,Standing
2024-11-15 09:04:32.500000+00:00,combi,Standing,Standing
2024-11-15 09:05:32.500000+00:00,combi,Standing,Standing
2024-11-15 09:06:32.500000+00:00,combi,Standing,Standing
2024-11-15 09:07:32.500000+00:00,combi,Standing,Standing
2024-11-15 09:08:32.500000+00:00,combi,Standing,Standing
2024-11-15 09:09:32.500000+00:00,combi,Standing,Dynamic
2024-11-15 09:10:32.500000+00:00,combi,Standing,Standing
2024-11-15 09:11:32.500000+00:00,combi,Sitting,Standing
2024-11-15 09:12:32.500000+00:00,combi,Standing,Standing
2024-11-15 09:13:32.500000+00:00,combi,Standing,Standing
2024-11-15 09:14:32.500000+00:00,combi,Standing,Standing
2024-11-15 09:15:32.500000+00:00,combi,Standing,Dynamic
2024-11-15 09:16:32.500000+00:00,combi,Sitting,Sitting
2024-11-15 09:17:32.500000+00:00,combi,Standing,Dynamic
2024-11-15 09:18:32.500000+00:00,combi,Standing,Dynamic
2024-11-15 09:19:32.500000+00:00,combi,Standing,Dynamic
2024-11-15 09:20:32.500000+00:00,combi,Standing,Standing
2024-11-15 09:21:32.500000+00:00,combi,Standing,Standing
2024-11-15 09:22:32.500000+00:00,combi,Standing,Dynamic
2024-11-15 09:23:32.500000+00:00,combi,Sitting,Sitting
2024-11-15 09:24:32.500000+00:00,combi,Standing,Dynamic
2024-11-15 09:25:32.500000+00:00,combi,Sitting,Sitting
2024-11-15 09:26:32.500000+00:00,combi,Sitting,Sitting
2024-11-15 09:27:32.500000+00:00,combi,Sitting,Sitting
2024-11-15 09:28:32.500000+00:00,combi,Standing,Dynamic
2024-11-15 09:29:32.500000+00:00,combi,Standing,Dynamic
2024-11-15 09:30:32.500000+00:00,combi,Standing,Dynamic
2024-11-15 09:31:32.500000+00:00,combi,Standing,Standing
2024-11-15 09:32:32.500000+00:00,combi,Standing,Standing
2024-11-15 09:33:32.500000+00:00,combi,Standing,Dynamic
2024-11-15 09:34:32.500000+00:00,combi,Standing,Dynamic
2024-11-15 09:35:32.500000+00:00,combi,Standing,Dynamic
2024-11-15 09:36:32.500000+00:00,combi,Sitting,Dynamic
2024-11-15 09:37:32.500000+00:00,combi,Standing,Dynamic
2024-11-15 09:38:32.500000+00:00,combi,Standing,Dynamic
2024-11-15 09:39:32.500000+00:00,combi,Lying,Dynamic
2024-11-15 09:40:32.500000+00:00,combi,Standing,Dynamic
2024-11-15 09:41:32.500000+00:00,combi,Standing,Dynamic
2024-11-15 09:42:32.500000+00:00,combi,Lying,Dynamic
2024-11-15 09:43:32.500000+00:00,combi,Standing,Standing
2024-11-15 09:44:32.500000+00:00,combi,Lying,Dynamic
2024-11-15 09:45:32.500000+00:00,combi,Lying,Dynamic
2024-11-15 09:46:32.500000+00:00,combi,Lying,Dynamic
2024-11-15 09:47:32.500000+00:00,combi,Lying,Dynamic
2024-11-15 09:48:32.500000+00:00,combi,Standing,Dynamic
2024-11-15 09:49:32.500000+00:00,combi,Standing,Standing
2024-11-15 09:50:32.500000+00:00,combi,Standing,Standing
2024-11-15 09:51:32.500000+00:00,combi,Standing,Sitting
2024-11-15 09:52:32.500000+00:00,combi,Standing,Sitting
2024-11-15 09:53:32.500000+00:00,combi,Standing,Standing
2024-11-15 09:54:32.500000+00:00,combi,Standing,Sitting
2024-11-15 09:55:32.500000+00:00,combi,Sitting,Sitting
2024-11-15 09:56:32.500000+00:00,combi,Standing,Dynamic
2024-11-15 09:57:32.500000+00:00,combi,Standing,Dynamic
2024-11-15 09:58:32.500000+00:00,combi,Sitting,Sitting
2024-11-15 09:59:32.500000+00:00,combi,Sitting,Sitting
2024-11-15 10:00:32.500000+00:00,combi,Sitting,Sitting
2024-11-15 10:01:32.500000+00:00,combi,Sitting,Sitting
2024-11-15 10:02:32.500000+00:00,combi,Sitting,Sitting
2024-11-15 10:03:32.500000+00:00,combi,Standing,Standing
2024-11-15 10:04:32.500000+00:00,combi,Sitting,Sitting
2024-11-15 10:05:32.500000+00:00,combi,Sitting,Sitting
2024-11-15 10:06:32.500000+00:00,combi,Sitting,Sitting
2024-11-15 10:07:32.500000+00:00,combi,Sitting,Sitting
2024-11-15 10:08:32.500000+00:00,combi,Sitting,Sitting
2024-11-15 10:09:32.500000+00:00,combi,Sitting,Sitting
2024-11-15 10:10:32.500000+00:00,combi,Sitting,Sitting
2024-11-15 10:11:32.500000+00:00,combi,Sitting,Sitting
2024-11-15 10:12:32.500000+00:00,combi,Sitting,Sitting
2024-11-15 10:13:32.500000+00:00,combi,Sitting,Sitting
2024-11-15 10:14:32.500000+00:00,combi,Sitting,Sitting
2024-11-15 10:15:32.500000+00:00,combi,Sitting,Sitting
2024-11-15 10:16:32.500000+00:00,combi,Sitting,Sitting
2024-11-15 10:17:32.500000+00:00,combi,Sitting,Sitting
2024-11-15 10:18:32.500000+00:00,combi,Sitting,Sitting
2024-11-15 10:19:32.500000+00:00,combi,Lying,Dynamic
2024-11-15 10:20:32.500000+00:00,combi,Lying,Dynamic
2024-11-15 10:21:32.500000+00:00,combi,Lying,Dynamic
2024-11-15 10:22:32.500000+00:00,combi,Lying,Dynamic
2024-11-15 10:23:32.500000+00:00,combi,Lying,Dynamic
2024-11-15 10:24:32.500000+00:00,combi,Lying,Dynamic
2024-11-15 10:25:32.500000+00:00,combi,Lying,Dynamic
2024-11-15 10:26:32.500000+00:00,combi,Lying,Dynamic
2024-11-15 10:27:32.500000+00:00,combi,Lying,Dynamic
2024-11-15 10:28:32.500000+00:00,combi,Lying,Dynamic
2024-11-15 10:29:32.500000+00:00,combi,Lying,Dynamic
2024-11-15 10:30:32.500000+00:00,combi,Lying,Dynamic
2024-11-15 10:31:32.500000+00:00,combi,Lying,Dynamic
2024-11-15 10:32:32.500000+00:00,combi,Lying,Dynamic
2024-11-15 10:33:32.500000+00:00,combi,Lying,Dynamic
2024-11-15 10:34:32.500000+00:00,combi,Lying,Dynamic
2024-11-15 10:35:32.500000+00:00,combi,Standing,Dynamic
2024-11-15 10:36:32.500000+00:00,combi,Standing,Dynamic
2024-11-15 10:37:32.500000+00:00,combi,Sitting,Sitting
2024-11-15 10:38:32.500000+00:00,combi,Sitting,Sitting
2024-11-15 10:39:32.500000+00:00,combi,Sitting,Sitting
2024-11-15 10:40:32.500000+00:00,combi,Sitting,Sitting
2024-11-15 10:41:32.500000+00:00,combi,Sitting,Dynamic
2024-11-15 10:42:32.500000+00:00,combi,Standing,Dynamic
2024-11-15 10:43:32.500000+00:00,combi,Standing,Dynamic
2024-11-15 10:44:32.500000+00:00,combi,Standing,Dynamic
2024-11-15 10:45:32.500000+00:00,combi,Standing,Dynamic
2024-11-15 10:46:32.500000+00:00,combi,Standing,Dynamic
2024-11-15 10:47:32.500000+00:00,combi,Standing,Dynamic
2024-11-15 10:48:32.500000+00:00,combi,Standing,Dynamic
2024-11-15 10:49:32.500000+00:00,combi,Lying,Dynamic
2024-11-15 10:50:32.500000+00:00,combi,Standing,Dynamic
2024-11-15 10:51:32.500000+00:00,combi,Standing,Dynamic
2024-11-15 10:52:32.500000+00:00,combi,Standing,Dynamic
2024-11-15 10:53:32.500000+00:00,combi,Standing,Dynamic
2024-11-15 10:54:32.500000+00:00,combi,Standing,Dynamic
2024-11-15 10:55:32.500000+00:00,combi,Lying,Dynamic
2024-11-15 10:56:32.500000+00:00,combi,Lying,Dynamic
2024-11-15 10:57:32.500000+00:00,combi,Lying,Dynamic
2024-11-15 10:58:32.500000+00:00,combi,Sitting,Sitting
2024-11-15 10:59:32.500000+00:00,combi,Sitting,Sitting
2024-11-15 11:00:32.500000+00:00,combi,Sitting,Sitting
2024-11-15 11:01:32.500000+00:00,combi,Sitting,Sitting
2024-11-15 11:02:32.500000+00:00,combi,Sitting,Sitting
2024-11-15 11:03:32.500000+00:00,combi,Sitting,Sitting
2024-11-15 11:04:32.500000+00:00,combi,Sitting,Sitting
2024-11-15 11:05:32.500000+00:00,combi,Sitting,Sitting
2024-11-15 11:06:32.500000+00:00,combi,Sitting,Sitting
2024-11-15 11:07:32.500000+00:00,combi,Sitting,Sitting
2024-11-15 11:08:32.500000+00:00,combi,Standing,Sitting
2024-11-15 11:09:32.500000+00:00,combi,Standing,Standing
2024-11-15 11:10:32.500000+00:00,combi,Standing,Dynamic
2024-11-15 11:11:32.500000+00:00,combi,Standing,Dynamic
2024-11-15 11:12:32.500000+00:00,combi,Standing,Standing
2024-11-15 11:13:32.500000+00:00,combi,Standing,Standing
2024-11-15 11:14:32.500000+00:00,combi,Standing,Standing
2024-11-15 11:15:32.500000+00:00,combi,Standing,Standing
2024-11-15 11:16:32.500000+00:00,combi,Standing,Standing
2024-11-15 11:17:32.500000+00:00,combi,Standing,Standing
2024-11-15 11:18:32.500000+00:00,combi,Standing,Standing
2024-11-15 11:19:32.500000+00:00,combi,Standing,Dynamic
2024-11-15 11:20:32.500000+00:00,combi,Standing,Dynamic
2024-11-15 11:21:32.500000+00:00,combi,Standing,Dynamic
2024-11-15 11:22:32.500000+00:00,combi,Standing,Dynamic
2024-11-15 11:23:32.500000+00:00,combi,Lying,Dynamic
2024-11-15 11:24:32.500000+00:00,combi,Lying,Dynamic
2024-11-15 11:25:32.500000+00:00,combi,Lying,Dynamic
2024-11-15 11:26:32.500000+00:00,combi,Standing,Dynamic
2024-11-15 11:27:32.500000+00:00,combi,Standing,Dynamic
2024-11-15 11:28:32.500000+00:00,combi,Lying,Dynamic
2024-11-15 11:29:32.500000+00:00,combi,Lying,Dynamic
2024-11-15 11:30:32.500000+00:00,combi,Standing,Dynamic
2024-11-15 11:31:32.500000+00:00,combi,Standing,Dynamic
2024-11-15 11:32:32.500000+00:00,combi,Standing,Dynamic
2024-11-15 11:33:32.500000+00:00,combi,Standing,Dynamic
2024-11-15 11:34:32.500000+00:00,combi,Standing,Dynamic
2024-11-15 11:35:32.500000+00:00,combi,Standing,Dynamic
2024-11-15 11:36:32.500000+00:00,combi,Standing,Dynamic
2024-11-15 11:37:32.500000+00:00,combi,Standing,Dynamic
2024-11-15 11:38:32.500000+00:00,combi,Standing,Dynamic
2024-11-15 11:39:32.500000+00:00,combi,Standing,Dynamic
2024-11-15 11:40:32.500000+00:00,combi,Standing,Dynamic
2024-11-15 11:41:32.500000+00:00,combi,Standing,Dynamic
2024-11-15 11:42:32.500000+00:00,combi,Standing,Dynamic
2024-11-15 11:43:32.500000+00:00,combi,Standing,Dynamic
2024-11-15 11:44:32.500000+00:00,combi,Standing,Dynamic
2024-11-15 11:45:32.500000+00:00,combi,Standing,Standing
2024-11-15 11:46:32.500000+00:00,combi,Standing,Dynamic
2024-11-15 11:47:32.500000+00:00,combi,Standing,Dynamic
2024-11-15 11:48:32.500000+00:00,combi,Standing,Dynamic
2024-11-15 11:49:32.500000+00:00,combi,Lying,Dynamic
2024-11-15 11:50:32.500000+00:00,combi,Lying,Dynamic
2024-11-15 11:51:32.500000+00:00,combi,Standing,Dynamic
2024-11-15 11:52:32.500000+00:00,combi,Standing,Dynamic
2024-11-15 11:53:32.500000+00:00,combi,Standing,Dynamic
2024-11-15 11:54:32.500000+00:00,combi,Standing,Dynamic
2024-11-15 11:55:32.500000+00:00,combi,Standing,Dynamic
2024-11-15 11:56:32.500000+00:00,combi,Standing,Dynamic
2024-11-15 11:57:32.500000+00:00,combi,Standing,Dynamic
2024-11-15 11:58:32.500000+00:00,combi,Standing,Dynamic
2024-11-15 11:59:32.500000+00:00,combi,Standing,Dynamic
2024-11-15 12:00:32.500000+00:00,combi,Standing,Dynamic
2024-11-15 12:01:32.500000+00:00,combi,Standing,Dynamic
2024-11-15 12:02:32.500000+00:00,combi,Standing,Dynamic
2024-11-15 12:03:32.500000+00:00,combi,Standing,Dynamic
2024-11-15 12:04:32.500000+00:00,combi,Standing,Dynamic
2024-11-15 12:05:32.500000+00:00,combi,Standing,Dynamic
2024-11-15 12:06:32.500000+00:00,combi,Standing,Dynamic
2024-11-15 12:07:32.500000+00:00,combi,Standing,Dynamic
2024-11-15 12:08:32.500000+00:00,combi,Standing,Dynamic
2024-11-15 12:09:32.500000+00:00,combi,Standing,Dynamic
2024-11-15 12:10:32.500000+00:00,combi,Standing,Dynamic
2024-11-15 12:11:32.500000+00:00,combi,Standing,Standing
2024-11-15 12:12:32.500000+00:00,combi,Standing,Dynamic
2024-11-15 12:13:32.500000+00:00,combi,Standing,Dynamic
2024-11-15 12:14:32.500000+00:00,combi,Standing,Dynamic
2024-11-15 12:15:32.500000+00:00,combi,Standing,Standing
2024-11-15 12:16:32.500000+00:00,combi,Standing,Dynamic
2024-11-15 12:17:32.500000+00:00,combi,Standing,Dynamic
2024-11-15 12:18:32.500000+00:00,combi,Standing,Standing
2024-11-15 12:19:32.500000+00:00,combi,Standing,Standing
2024-11-15 12:20:32.500000+00:00,combi,Standing,Standing
2024-11-15 12:21:32.500000+00:00,combi,Standing,Dynamic
2024-11-15 12:22:32.500000+00:00,combi,Standing,Standing
2024-11-15 12:23:32.500000+00:00,combi,Standing,Standing
2024-11-15 12:24:32.500000+00:00,combi,Standing,Dynamic
2024-11-15 12:25:32.500000+00:00,combi,Standing,Dynamic
2024-11-15 12:26:32.500000+00:00,combi,Lying,Dynamic
2024-11-15 12:27:32.500000+00:00,combi,Standing,Dynamic
2024-11-15 12:28:32.500000+00:00,combi,Standing,Dynamic
2024-11-15 12:29:32.500000+00:00,combi,Standing,Dynamic
2024-11-15 12:30:32.500000+00:00,combi,Standing,Dynamic
2024-11-15 12:31:32.500000+00:00,combi,Standing,Dynamic
2024-11-15 12:32:32.500000+00:00,combi,Standing,Dynamic
2024-11-15 12:33:32.500000+00:00,combi,Lying,Dynamic
2024-11-15 12:34:32.500000+00:00,combi,Standing,Dynamic
2024-11-15 12:35:32.500000+00:00,combi,Standing,Standing
2024-11-15 12:36:32.500000+00:00,combi,Standing,Dynamic
2024-11-15 12:37:32.500000+00:00,combi,Standing,Dynamic
2024-11-15 12:38:32.500000+00:00,combi,Standing,Dynamic
2024-11-15 12:39:32.500000+00:00,combi,Standing,Dynamic
2024-11-15 12:40:32.500000+00:00,combi,Standing,Dynamic
2024-11-15 12:41:32.500000+00:00,combi,Sitting,Dynamic
2024-11-15 12:42:32.500000+00:00,combi,Sitting,Sitting
2024-11-15 12:43:32.500000+00:00,combi,Lying,Lying
2024-11-15 12:44:32.500000+00:00,combi,Lying,Lying
2024-11-15 12:45:32.500000+00:00,combi,Lying,Lying
2024-11-15 12:46:32.500000+00:00,combi,Lying,Lying
2024-11-15 12:47:32.500000+00:00,combi,Lying,Lying
2024-11-15 12:48:32.500000+00:00,combi,Lying,Lying
2024-11-15 12:49:32.500000+00:00,combi,Standing,Dynamic
2024-11-15 12:50:32.500000+00:00,combi,Standing,Standing
2024-11-15 12:51:32.500000+00:00,combi,Standing,Standing
2024-11-15 12:52:32.500000+00:00,combi,Standing,Standing
2024-11-15 12:53:32.500000+00:00,combi,Sitting,Sitting
2024-11-15 12:54:32.500000+00:00,combi,Sitting,Sitting
2024-11-15 12:55:32.500000+00:00,combi,Sitting,Sitting
2024-11-15 12:56:32.500000+00:00,combi,Sitting,Sitting
2024-11-15 12:57:32.500000+00:00,combi,Sitting,Sitting
2024-11-15 12:58:32.500000+00:00,combi,Sitting,Sitting
2024-11-15 12:59:32.500000+00:00,combi,Lying,Lying
2024-11-15 13:00:32.500000+00:00,combi,Lying,Lying
2024-11-15 13:01:32.500000+00:00,combi,Sitting,Sitting
2024-11-15 13:02:32.500000+00:00,combi,Standing,Dynamic
2024-11-15 13:03:32.500000+00:00,combi,Standing,Standing
2024-11-15 13:04:32.500000+00:00,combi,Standing,Dynamic
2024-11-15 13:05:32.500000+00:00,combi,Sitting,Sitting
2024-11-15 13:06:32.500000+00:00,combi,Sitting,Sitting
2024-11-15 13:07:32.500000+00:00,combi,Sitting,Sitting
2024-11-15 13:08:32.500000+00:00,combi,Sitting,Dynamic
2024-11-15 13:09:32.500000+00:00,combi,Standing,Dynamic
2024-11-15 13:10:32.500000+00:00,combi,Sitting,Sitting
2024-11-15 13:11:32.500000+00:00,combi,Sitting,Sitting
2024-11-15 13:12:32.500000+00:00,combi,Sitting,Sitting
2024-11-15 13:13:32.500000+00:00,combi,Sitting,Sitting
2024-11-15 13:14:32.500000+00:00,combi,Standing,Sitting
2024-11-15 13:15:32.500000+00:00,combi,Sitting,Sitting
2024-11-15 13:16:32.500000+00:00,combi,Sitting,Sitting
2024-11-15 13:17:32.500000+00:00,combi,Sitting,Sitting
2024-11-15 13:18:32.500000+00:00,combi,Sitting,Sitting
2024-11-15 13:19:32.500000+00:00,combi,Sitting,Sitting
2024-11-15 13:20:32.500000+00:00,combi,Standing,Standing
2024-11-15 13:21:32.500000+00:00,combi,Sitting,Sitting
2024-11-15 13:22:32.500000+00:00,combi,Sitting,Sitting
2024-11-15 13:23:32.500000+00:00,combi,Sitting,Sitting
2024-11-15 13:24:32.500000+00:00,combi,Sitting,Sitting
2024-11-15 13:25:32.500000+00:00,combi,Sitting,Sitting
2024-11-15 13:26:32.500000+00:00,combi,Sitting,Sitting
2024-11-15 13:27:32.500000+00:00,combi,Sitting,Sitting
2024-11-15 13:28:32.500000+00:00,combi,Sitting,Dynamic
2024-11-15 13:29:32.500000+00:00,combi,Standing,Dynamic
2024-11-15 13:30:32.500000+00:00,combi,Standing,Dynamic
2024-11-15 13:31:32.500000+00:00,combi,Sitting,Sitting
2024-11-15 13:32:32.500000+00:00,combi,Sitting,Sitting
2024-11-15 13:33:32.500000+00:00,combi,Sitting,Sitting
2024-11-15 13:34:32.500000+00:00,combi,Sitting,Sitting
2024-11-15 13:35:32.500000+00:00,combi,Sitting,Sitting
2024-11-15 13:36:32.500000+00:00,combi,Sitting,Sitting
2024-11-15 13:37:32.500000+00:00,combi,Sitting,Sitting
2024-11-15 13:38:32.500000+00:00,combi,Sitting,Sitting
2024-11-15 13:39:32.500000+00:00,combi,Sitting,Sitting
2024-11-15 13:40:32.500000+00:00,combi,Sitting,Sitting
2024-11-15 13:41:32.500000+00:00,combi,Sitting,Sitting
2024-11-15 13:42:32.500000+00:00,combi,Sitting,Sitting
2024-11-15 13:43:32.500000+00:00,combi,Sitting,Sitting
2024-11-15 13:44:32.500000+00:00,combi,Sitting,Sitting
2024-11-15 13:45:32.500000+00:00,combi,Sitting,Sitting
2024-11-15 13:46:32.500000+00:00,combi,Sitting,Sitting
2024-11-15 13:47:32.500000+00:00,combi,Sitting,Sitting
2024-11-15 13:48:32.500000+00:00,combi,Sitting,Sitting
2024-11-15 13:49:32.500000+00:00,combi,Sitting,Sitting
2024-11-15 13:50:32.500000+00:00,combi,Sitting,Sitting
2024-11-15 13:51:32.500000+00:00,combi,Sitting,Standing
2024-11-15 13:52:32.500000+00:00,combi,Sitting,Sitting
2024-11-15 13:53:32.500000+00:00,combi,Sitting,Sitting
2024-11-15 13:54:32.500000+00:00,combi,Sitting,Sitting
2024-11-15 13:55:32.500000+00:00,combi,Sitting,Sitting
2024-11-15 13:56:32.500000+00:00,combi,Sitting,Sitting
2024-11-15 13:57:32.500000+00:00,combi,Sitting,Sitting
2024-11-15 13:58:32.500000+00:00,combi,Lying,Sitting
2024-11-15 13:59:32.500000+00:00,combi,Sitting,Sitting
2024-11-15 14:00:32.500000+00:00,combi,Sitting,Sitting
2024-11-15 14:01:32.500000+00:00,combi,Sitting,Sitting
2024-11-15 14:02:32.500000+00:00,combi,Sitting,Sitting
2024-11-15 14:03:32.500000+00:00,combi,Lying,Lying
2024-11-15 14:04:32.500000+00:00,combi,Lying,Lying
2024-11-15 14:05:32.500000+00:00,combi,Lying,Lying
2024-11-15 14:06:32.500000+00:00,combi,Lying,Lying
2024-11-15 14:07:32.500000+00:00,combi,Lying,Lying
2024-11-15 14:08:32.500000+00:00,combi,Lying,Lying
2024-11-15 14:09:32.500000+00:00,combi,Lying,Lying
2024-11-15 14:10:32.500000+00:00,combi,Lying,Lying
2024-11-15 14:11:32.500000+00:00,combi,Lying,Lying
2024-11-15 14:12:32.500000+00:00,combi,Standing,Dynamic
2024-11-15 14:13:32.500000+00:00,combi,Standing,Dynamic
2024-11-15 14:14:32.500000+00:00,combi,Standing,Dynamic
2024-11-15 14:15:32.500000+00:00,combi,Sitting,Sitting
2024-11-15 14:16:32.500000+00:00,combi,Sitting,Sitting
2024-11-15 14:17:32.500000+00:00,combi,Standing,Standing
2024-11-15 14:18:32.500000+00:00,combi,Standing,Dynamic
2024-11-15 14:19:32.500000+00:00,combi,Sitting,Dynamic
2024-11-15 14:20:32.500000+00:00,combi,Sitting,Dynamic
2024-11-15 14:21:32.500000+00:00,combi,Lying,Dynamic
2024-11-15 14:22:32.500000+00:00,combi,Standing,Standing
2024-11-15 14:23:32.500000+00:00,combi,Standing,Dynamic
2024-11-15 14:24:32.500000+00:00,combi,Standing,Dynamic
2024-11-15 14:25:32.500000+00:00,combi,Sitting,Dynamic
2024-11-15 14:26:32.500000+00:00,combi,Lying,Dynamic
2024-11-15 14:27:32.500000+00:00,combi,Standing,Dynamic
2024-11-15 14:28:32.500000+00:00,combi,Sitting,Dynamic
2024-11-15 14:29:32.500000+00:00,combi,Standing,Standing
2024-11-15 14:30:32.500000+00:00,combi,Lying,Dynamic
2024-11-15 14:31:32.500000+00:00,combi,Sitting,Dynamic
2024-11-15 14:32:32.500000+00:00,combi,Standing,Standing
2024-11-15 14:33:32.500000+00:00,combi,Lying,Dynamic
2024-11-15 14:34:32.500000+00:00,combi,Sitting,Dynamic
2024-11-15 14:35:32.500000+00:00,combi,Standing,Standing
2024-11-15 14:36:32.500000+00:00,combi,Sitting,Sitting
2024-11-15 14:37:32.500000+00:00,combi,Standing,Standing
2024-11-15 14:38:32.500000+00:00,combi,Sitting,Dynamic
2024-11-15 14:39:32.500000+00:00,combi,Sitting,Dynamic
2024-11-15 14:40:32.500000+00:00,combi,Sitting,Dynamic
2024-11-15 14:41:32.500000+00:00,combi,Sitting,Sitting
2024-11-15 14:42:32.500000+00:00,combi,Sitting,Dynamic
2024-11-15 14:43:32.500000+00:00,combi,Sitting,Dynamic
2024-11-15 14:44:32.500000+00:00,combi,Sitting,Dynamic
2024-11-15 14:45:32.500000+00:00,combi,Lying,Dynamic
2024-11-15 14:46:32.500000+00:00,combi,Sitting,Sitting
2024-11-15 14:47:32.500000+00:00,combi,Sitting,Sitting
2024-11-15 14:48:32.500000+00:00,combi,Lying,Dynamic
2024-11-15 14:49:32.500000+00:00,combi,Standing,Standing
2024-11-15 14:50:32.500000+00:00,combi,Standing,Standing
2024-11-15 14:51:32.500000+00:00,combi,Standing,Standing
2024-11-15 14:52:32.500000+00:00,combi,Lying,Dynamic
2024-11-15 14:53:32.500000+00:00,combi,Sitting,Dynamic
2024-11-15 14:54:32.500000+00:00,combi,Sitting,Dynamic
2024-11-15 14:55:32.500000+00:00,combi,Sitting,Dynamic
2024-11-15 14:56:32.500000+00:00,combi,Sitting,Dynamic
2024-11-15 14:57:32.500000+00:00,combi,Sitting,Dynamic
2024-11-15 14:58:32.500000+00:00,combi,Sitting,Dynamic
2024-11-15 14:59:32.500000+00:00,combi,Lying,Dynamic
2024-11-15 15:00:32.500000+00:00,combi,Sitting,Dynamic
2024-11-15 15:01:32.500000+00:00,combi,Sitting,Sitting
2024-11-15 15:02:32.500000+00:00,combi,Sitting,Dynamic
2024-11-15 15:03:32.500000+00:00,combi,Lying,Dynamic
2024-11-15 15:04:32.500000+00:00,combi,Sitting,Sitting
2024-11-15 15:05:32.500000+00:00,combi,Lying,Dynamic
2024-11-15 15:06:32.500000+00:00,combi,Sitting,Dynamic
2024-11-15 15:07:32.500000+00:00,combi,Sitting,Dynamic
2024-11-15 15:08:32.500000+00:00,combi,Sitting,Dynamic
2024-11-15 15:09:32.500000+00:00,combi,Standing,Standing
2024-11-15 15:10:32.500000+00:00,combi,Standing,Sitting
2024-11-15 15:11:32.500000+00:00,combi,Standing,Dynamic
2024-11-15 15:12:32.500000+00:00,combi,Sitting,Sitting
2024-11-15 15:13:32.500000+00:00,combi,Sitting,Sitting
2024-11-15 15:14:32.500000+00:00,combi,Sitting,Sitting
2024-11-15 15:15:32.500000+00:00,combi,Sitting,Sitting
2024-11-15 15:16:32.500000+00:00,combi,Sitting,Sitting
2024-11-15 15:17:32.500000+00:00,combi,Sitting,Sitting
2024-11-15 15:18:32.500000+00:00,combi,Sitting,Sitting
2024-11-15 15:19:32.500000+00:00,combi,Sitting,Sitting
2024-11-15 15:20:32.500000+00:00,combi,Sitting,Sitting
2024-11-15 15:21:32.500000+00:00,combi,Sitting,Sitting
2024-11-15 15:22:32.500000+00:00,combi,Sitting,Sitting
2024-11-15 15:23:32.500000+00:00,combi,Sitting,Sitting
2024-11-15 15:24:32.500000+00:00,combi,Sitting,Sitting
2024-11-15 15:25:32.500000+00:00,combi,Sitting,Sitting
2024-11-15 15:26:32.500000+00:00,combi,Sitting,Sitting
2024-11-15 15:27:32.500000+00:00,combi,Sitting,Sitting
2024-11-15 15:28:32.500000+00:00,combi,Sitting,Sitting
2024-11-15 15:29:32.500000+00:00,combi,Sitting,Sitting
2024-11-15 15:30:32.500000+00:00,combi,Sitting,Sitting
2024-11-15 15:31:32.500000+00:00,combi,Sitting,Sitting
2024-11-15 15:32:32.500000+00:00,combi,Sitting,Sitting
2024-11-15 15:33:32.500000+00:00,combi,Sitting,Sitting
2024-11-15 15:34:32.500000+00:00,combi,Sitting,Sitting
2024-11-15 15:35:32.500000+00:00,combi,Sitting,Dynamic
2024-11-15 15:36:32.500000+00:00,combi,Standing,Sitting
2024-11-15 15:37:32.500000+00:00,combi,Sitting,Sitting
2024-11-15 15:38:32.500000+00:00,combi,Sitting,Sitting
2024-11-15 15:39:32.500000+00:00,combi,Sitting,Sitting
2024-11-15 15:40:32.500000+00:00,combi,Sitting,Sitting
2024-11-15 15:41:32.500000+00:00,combi,Sitting,Sitting
2024-11-15 15:42:32.500000+00:00,combi,Sitting,Sitting
2024-11-15 15:43:32.500000+00:00,combi,Sitting,Sitting
2024-11-15 15:44:32.500000+00:00,combi,Sitting,Sitting
2024-11-15 15:45:32.500000+00:00,combi,Standing,Standing
2024-11-15 15:46:32.500000+00:00,combi,Sitting,Sitting
2024-11-15 15:47:32.500000+00:00,combi,Sitting,Sitting
2024-11-15 15:48:32.500000+00:00,combi,Sitting,Sitting
2024-11-15 15:49:32.500000+00:00,combi,Sitting,Sitting
2024-11-15 15:50:32.500000+00:00,combi,Sitting,Sitting
2024-11-15 15:51:32.500000+00:00,combi,Sitting,Sitting
2024-11-15 15:52:32.500000+00:00,combi,Sitting,Sitting
2024-11-15 15:53:32.500000+00:00,combi,Sitting,Sitting
2024-11-15 15:54:32.500000+00:00,combi,Sitting,Sitting
2024-11-15 15:55:32.500000+00:00,combi,Standing,Dynamic
2024-11-15 15:56:32.500000+00:00,combi,Sitting,Dynamic
2024-11-15 15:57:32.500000+00:00,combi,Standing,Standing
2024-11-15 15:58:32.500000+00:00,combi,Standing,Dynamic
2024-11-15 15:59:32.500000+00:00,combi,Standing,Dynamic
2024-11-15 16:00:32.500000+00:00,combi,Standing,Dynamic
2024-11-15 16:01:32.500000+00:00,combi,Standing,Sitting
2024-11-15 16:02:32.500000+00:00,combi,Standing,Dynamic
2024-11-15 16:03:32.500000+00:00,combi,Standing,Standing
2024-11-15 16:04:32.500000+00:00,combi,Sitting,Standing
2024-11-15 16:05:32.500000+00:00,combi,Standing,Sitting
2024-11-15 16:06:32.500000+00:00,combi,Standing,Dynamic
2024-11-15 16:07:32.500000+00:00,combi,Sitting,Dynamic
2024-11-15 16:08:32.500000+00:00,combi,Sitting,Sitting
2024-11-15 16:09:32.500000+00:00,combi,Sitting,Dynamic
2024-11-15 16:10:32.500000+00:00,combi,Standing,Standing
2024-11-15 16:11:32.500000+00:00,combi,Sitting,Sitting
2024-11-15 16:12:32.500000+00:00,combi,Sitting,Dynamic
2024-11-15 16:13:32.500000+00:00,combi,Sitting,Sitting
2024-11-15 16:14:32.500000+00:00,combi,Sitting,Sitting
2024-11-15 16:15:32.500000+00:00,combi,Sitting,Sitting
2024-11-15 16:16:32.500000+00:00,combi,Sitting,Sitting
2024-11-15 16:17:32.500000+00:00,combi,Sitting,Dynamic
2024-11-15 16:18:32.500000+00:00,combi,Sitting,Sitting
2024-11-15 16:19:32.500000+00:00,combi,Sitting,Sitting
2024-11-15 16:20:32.500000+00:00,combi,Sitting,Sitting
2024-11-15 16:21:32.500000+00:00,combi,Sitting,Sitting
2024-11-15 16:22:32.500000+00:00,combi,Sitting,Sitting
2024-11-15 16:23:32.500000+00:00,combi,Sitting,Sitting
2024-11-15 16:24:32.500000+00:00,combi,Sitting,Sitting
2024-11-15 16:25:32.500000+00:00,combi,Sitting,Sitting
2024-11-15 16:26:32.500000+00:00,combi,Sitting,Sitting
2024-11-15 16:27:32.500000+00:00,combi,Sitting,Sitting
2024-11-15 16:28:32.500000+00:00,combi,Sitting,Sitting
2024-11-15 16:29:32.500000+00:00,combi,Sitting,Sitting
2024-11-15 16:30:32.500000+00:00,combi,Sitting,Sitting
2024-11-15 16:31:32.500000+00:00,combi,Sitting,Sitting
2024-11-15 16:32:32.500000+00:00,combi,Sitting,Sitting
2024-11-15 16:33:32.500000+00:00,combi,Sitting,Sitting
2024-11-15 16:34:32.500000+00:00,combi,Sitting,Sitting
2024-11-15 16:35:32.500000+00:00,combi,Standing,Dynamic
2024-11-15 16:36:32.500000+00:00,combi,Standing,Dynamic
2024-11-15 16:37:32.500000+00:00,combi,Standing,Dynamic
2024-11-15 16:38:32.500000+00:00,combi,Standing,Standing
2024-11-15 16:39:32.500000+00:00,combi,Sitting,Sitting
2024-11-15 16:40:32.500000+00:00,combi,Sitting,Sitting
2024-11-15 16:41:32.500000+00:00,combi,Sitting,Sitting
2024-11-15 16:42:32.500000+00:00,combi,Sitting,Sitting
2024-11-15 16:43:32.500000+00:00,combi,Sitting,Sitting
2024-11-15 16:44:32.500000+00:00,combi,Sitting,Sitting
2024-11-15 16:45:32.500000+00:00,combi,Sitting,Sitting
2024-11-15 16:46:32.500000+00:00,combi,Sitting,Sitting
2024-11-15 16:47:32.500000+00:00,combi,Sitting,Sitting
2024-11-15 16:48:32.500000+00:00,combi,Sitting,Sitting
2024-11-15 16:49:32.500000+00:00,combi,Standing,Dynamic
2024-11-15 16:50:32.500000+00:00,combi,Sitting,Sitting
2024-11-15 16:51:32.500000+00:00,combi,Standing,Standing
2024-11-15 16:52:32.500000+00:00,combi,Standing,Standing
2024-11-15 16:53:32.500000+00:00,combi,Standing,Standing
2024-11-15 16:54:32.500000+00:00,combi,Sitting,Sitting
2024-11-15 16:55:32.500000+00:00,combi,Standing,Standing
2024-11-15 16:56:32.500000+00:00,combi,Standing,Standing
2024-11-15 16:57:32.500000+00:00,combi,Sitting,Sitting
2024-11-15 16:58:32.500000+00:00,combi,Standing,Standing
2024-11-15 16:59:32.500000+00:00,combi,Standing,Dynamic
2024-11-15 17:00:32.500000+00:00,combi,Standing,Sitting
2024-11-15 17:01:32.500000+00:00,combi,Standing,Standing
2024-11-15 17:02:32.500000+00:00,combi,Standing,Standing
2024-11-15 17:03:32.500000+00:00,combi,Sitting,Sitting
2024-11-15 17:04:32.500000+00:00,combi,Sitting,Sitting
2024-11-15 17:05:32.500000+00:00,combi,Standing,Dynamic
2024-11-15 17:06:32.500000+00:00,combi,Standing,Dynamic
2024-11-15 17:07:32.500000+00:00,combi,Standing,Dynamic
2024-11-15 17:08:32.500000+00:00,combi,Standing,Dynamic
2024-11-15 17:09:32.500000+00:00,combi,Sitting,Dynamic
2024-11-15 17:10:32.500000+00:00,combi,Standing,Dynamic
2024-11-15 17:11:32.500000+00:00,combi,Sitting,Dynamic
2024-11-15 17:12:32.500000+00:00,combi,Standing,Dynamic
2024-11-15 17:13:32.500000+00:00,combi,Sitting,Dynamic
2024-11-15 17:14:32.500000+00:00,combi,Standing,Dynamic
2024-11-15 17:15:32.500000+00:00,combi,Standing,Standing
2024-11-15 17:16:32.500000+00:00,combi,Sitting,Dynamic
2024-11-15 17:17:32.500000+00:00,combi,Standing,Dynamic
2024-11-15 17:18:32.500000+00:00,combi,Standing,Dynamic
2024-11-15 17:19:32.500000+00:00,combi,Standing,Dynamic
2024-11-15 17:20:32.500000+00:00,combi,Sitting,Dynamic
2024-11-15 17:21:32.500000+00:00,combi,Standing,Dynamic
2024-11-15 17:22:32.500000+00:00,combi,Sitting,Dynamic
2024-11-15 17:23:32.500000+00:00,combi,Sitting,Dynamic
2024-11-15 17:24:32.500000+00:00,combi,Sitting,Dynamic
2024-11-15 17:25:32.500000+00:00,combi,Standing,Dynamic
2024-11-15 17:26:32.500000+00:00,combi,Standing,Dynamic
2024-11-15 17:27:32.500000+00:00,combi,Standing,Sitting
2024-11-15 17:28:32.500000+00:00,combi,Standing,Dynamic
2024-11-15 17:29:32.500000+00:00,combi,Sitting,Dynamic
2024-11-15 17:30:32.500000+00:00,combi,Standing,Standing
2024-11-15 17:31:32.500000+00:00,combi,Standing,Dynamic
2024-11-15 17:32:32.500000+00:00,combi,Standing,Standing
2024-11-15 17:33:32.500000+00:00,combi,Standing,Standing
2024-11-15 17:34:32.500000+00:00,combi,Standing,Dynamic
2024-11-15 17:35:32.500000+00:00,combi,Standing,Dynamic
2024-11-15 17:36:32.500000+00:00,combi,Standing,Dynamic
2024-11-15 17:37:32.500000+00:00,combi,Standing,Standing
2024-11-15 17:38:32.500000+00:00,combi,Standing,Standing
2024-11-15 17:39:32.500000+00:00,combi,Standing,Dynamic
2024-11-15 17:40:32.500000+00:00,combi,Sitting,Dynamic
2024-11-15 17:41:32.500000+00:00,combi,Standing,Dynamic
2024-11-15 17:42:32.500000+00:00,combi,Standing,Standing
2024-11-15 17:43:32.500000+00:00,combi,Standing,Dynamic
2024-11-15 17:44:32.500000+00:00,combi,Sitting,Dynamic
2024-11-15 17:45:32.500000+00:00,combi,Sitting,Dynamic
2024-11-15 17:46:32.500000+00:00,combi,Standing,Standing
2024-11-15 17:47:32.500000+00:00,combi,Standing,Dynamic
2024-11-15 17:48:32.500000+00:00,combi,Standing,Dynamic
2024-11-15 17:49:32.500000+00:00,combi,Sitting,Dynamic
2024-11-15 17:50:32.500000+00:00,combi,Sitting,Sitting
2024-11-15 17:51:32.500000+00:00,combi,Standing,Dynamic
2024-11-15 17:52:32.500000+00:00,combi,Standing,Dynamic
2024-11-15 17:53:32.500000+00:00,combi,Standing,Dynamic
2024-11-15 17:54:32.500000+00:00,combi,Standing,Dynamic
2024-11-15 17:55:32.500000+00:00,combi,Standing,Standing
2024-11-15 17:56:32.500000+00:00,combi,Standing,Standing
2024-11-15 17:57:32.500000+00:00,combi,Standing,Standing
2024-11-15 17:58:32.500000+00:00,combi,Standing,Standing
2024-11-15 17:59:32.500000+00:00,combi,Standing,Standing
2024-11-15 18:00:32.500000+00:00,combi,Standing,Dynamic
2024-11-15 18:01:32.500000+00:00,combi,Standing,Dynamic
2024-11-15 18:02:32.500000+00:00,combi,Sitting,Sitting
2024-11-15 18:03:32.500000+00:00,combi,Standing,Dynamic
2024-11-15 18:04:32.500000+00:00,combi,Standing,Standing
2024-11-15 18:05:32.500000+00:00,combi,Sitting,Sitting
2024-11-15 18:06:32.500000+00:00,combi,Standing,Dynamic
2024-11-15 18:07:32.500000+00:00,combi,Standing,Standing
2024-11-15 18:08:32.500000+00:00,combi,Sitting,Sitting
2024-11-15 18:09:32.500000+00:00,combi,Standing,Standing
2024-11-15 18:10:32.500000+00:00,combi,Standing,Dynamic
2024-11-15 18:11:32.500000+00:00,combi,Standing,Dynamic
2024-11-15 18:12:32.500000+00:00,combi,Standing,Dynamic
2024-11-15 18:13:32.500000+00:00,combi,Sitting,Sitting
2024-11-15 18:14:32.500000+00:00,combi,Sitting,Sitting
2024-11-15 18:15:32.500000+00:00,combi,Sitting,Sitting
2024-11-15 18:16:32.500000+00:00,combi,Sitting,Dynamic
2024-11-15 18:17:32.500000+00:00,combi,Standing,Dynamic
2024-11-15 18:18:32.500000+00:00,combi,Standing,Dynamic
2024-11-15 18:19:32.500000+00:00,combi,Sitting,Dynamic
2024-11-15 18:20:32.500000+00:00,combi,Standing,Standing
2024-11-15 18:21:32.500000+00:00,combi,Standing,Dynamic
2024-11-15 18:22:32.500000+00:00,combi,Standing,Standing
2024-11-15 18:23:32.500000+00:00,combi,Standing,Standing
2024-11-15 18:24:32.500000+00:00,combi,Standing,Standing
2024-11-15 18:25:32.500000+00:00,combi,Standing,Standing
2024-11-15 18:26:32.500000+00:00,combi,Standing,Standing
2024-11-15 18:27:32.500000+00:00,combi,Standing,Standing
2024-11-15 18:28:32.500000+00:00,combi,Standing,Standing
2024-11-15 18:29:32.500000+00:00,combi,Standing,Standing
2024-11-15 18:30:32.500000+00:00,combi,Standing,Standing
2024-11-15 18:31:32.500000+00:00,combi,Standing,Sitting
2024-11-15 18:32:32.500000+00:00,combi,Sitting,Dynamic
2024-11-15 18:33:32.500000+00:00,combi,Standing,Sitting
2024-11-15 18:34:32.500000+00:00,combi,Standing,Dynamic
2024-11-15 18:35:32.500000+00:00,combi,Standing,Dynamic
2024-11-15 18:36:32.500000+00:00,combi,Standing,Dynamic
2024-11-15 18:37:32.500000+00:00,combi,Standing,Dynamic
2024-11-15 18:38:32.500000+00:00,combi,Standing,Dynamic
2024-11-15 18:39:32.500000+00:00,combi,Standing,Dynamic
2024-11-15 18:40:32.500000+00:00,combi,Standing,Standing
2024-11-15 18:41:32.500000+00:00,combi,Sitting,Sitting
2024-11-15 18:42:32.500000+00:00,combi,Standing,Dynamic
2024-11-15 18:43:32.500000+00:00,combi,Standing,Dynamic
2024-11-15 18:44:32.500000+00:00,combi,Standing,Standing
2024-11-15 18:45:32.500000+00:00,combi,Standing,Dynamic
2024-11-15 18:46:32.500000+00:00,combi,Standing,Dynamic
2024-11-15 18:47:32.500000+00:00,combi,Standing,Dynamic
2024-11-15 18:48:32.500000+00:00,combi,Sitting,Dynamic
2024-11-15 18:49:32.500000+00:00,combi,Sitting,Dynamic
2024-11-15 18:50:32.500000+00:00,combi,Standing,Standing
2024-11-15 18:51:32.500000+00:00,combi,Standing,Standing
2024-11-15 18:52:32.500000+00:00,combi,Standing,Standing
2024-11-15 18:53:32.500000+00:00,combi,Standing,Standing
2024-11-15 18:54:32.500000+00:00,combi,Sitting,Sitting
2024-11-15 18:55:32.500000+00:00,combi,Sitting,Sitting
2024-11-15 18:56:32.500000+00:00,combi,Standing,Standing
2024-11-15 18:57:32.500000+00:00,combi,Standing,Dynamic
2024-11-15 18:58:32.500000+00:00,combi,Standing,Standing
2024-11-15 18:59:32.500000+00:00,combi,Standing,Standing
2024-11-15 19:00:32.500000+00:00,combi,Standing,Dynamic
2024-11-15 19:01:32.500000+00:00,combi,Standing,Dynamic
2024-11-15 19:02:32.500000+00:00,combi,Standing,Dynamic
2024-11-15 19:03:32.500000+00:00,combi,Standing,Dynamic
2024-11-15 19:04:32.500000+00:00,combi,Standing,Dynamic
2024-11-15 19:05:32.500000+00:00,combi,Standing,Dynamic
2024-11-15 19:06:32.500000+00:00,combi,Standing,Dynamic
2024-11-15 19:07:32.500000+00:00,combi,Standing,Dynamic
2024-11-15 19:08:32.500000+00:00,combi,Standing,Dynamic
2024-11-15 19:09:32.500000+00:00,combi,Standing,Standing
2024-11-15 19:10:32.500000+00:00,combi,Standing,Dynamic
2024-11-15 19:11:32.500000+00:00,combi,Standing,Dynamic
2024-11-15 19:12:32.500000+00:00,combi,Sitting,Sitting
2024-11-15 19:13:32.500000+00:00,combi,Sitting,Dynamic
2024-11-15 19:14:32.500000+00:00,combi,Standing,Dynamic
2024-11-15 19:15:32.500000+00:00,combi,Standing,Dynamic
2024-11-15 19:16:32.500000+00:00,combi,Standing,Standing
2024-11-15 19:17:32.500000+00:00,combi,Standing,Standing
2024-11-15 19:18:32.500000+00:00,combi,Standing,Dynamic
2024-11-15 19:19:32.500000+00:00,combi,Standing,Standing
2024-11-15 19:20:32.500000+00:00,combi,Standing,Dynamic
2024-11-15 19:21:32.500000+00:00,combi,Standing,Dynamic
2024-11-15 19:22:32.500000+00:00,combi,Standing,Dynamic
2024-11-15 19:23:32.500000+00:00,combi,Lying,Dynamic
2024-11-15 19:24:32.500000+00:00,combi,Sitting,Dynamic
2024-11-15 19:25:32.500000+00:00,combi,Sitting,Sitting
2024-11-15 19:26:32.500000+00:00,combi,Sitting,Sitting
2024-11-15 19:27:32.500000+00:00,combi,Sitting,Sitting
2024-11-15 19:28:32.500000+00:00,combi,Sitting,Sitting
2024-11-15 19:29:32.500000+00:00,combi,Sitting,Sitting
2024-11-15 19:30:32.500000+00:00,combi,Sitting,Sitting
2024-11-15 19:31:32.500000+00:00,combi,Sitting,Sitting
2024-11-15 19:32:32.500000+00:00,combi,Sitting,Sitting
2024-11-15 19:33:32.500000+00:00,combi,Sitting,Sitting
2024-11-15 19:34:32.500000+00:00,combi,Sitting,Sitting
2024-11-15 19:35:32.500000+00:00,combi,Sitting,Sitting
2024-11-15 19:36:32.500000+00:00,combi,Sitting,Sitting
2024-11-15 19:37:32.500000+00:00,combi,Sitting,Sitting
2024-11-15 19:38:32.500000+00:00,combi,Sitting,Sitting
2024-11-15 19:39:32.500000+00:00,combi,Sitting,Sitting
2024-11-15 19:40:32.500000+00:00,combi,Sitting,Sitting
2024-11-15 19:41:32.500000+00:00,combi,Sitting,Sitting
2024-11-15 19:42:32.500000+00:00,combi,Sitting,Sitting
2024-11-15 19:43:32.500000+00:00,combi,Sitting,Sitting
2024-11-15 19:44:32.500000+00:00,combi,Sitting,Sitting
2024-11-15 19:45:32.500000+00:00,combi,Sitting,Sitting
2024-11-15 19:46:32.500000+00:00,combi,Sitting,Sitting
2024-11-15 19:47:32.500000+00:00,combi,Standing,Sitting
2024-11-15 19:48:32.500000+00:00,combi,Sitting,Sitting
2024-11-15 19:49:32.500000+00:00,combi,Sitting,Sitting
2024-11-15 19:50:32.500000+00:00,combi,Sitting,Sitting
2024-11-15 19:51:32.500000+00:00,combi,Sitting,Dynamic
2024-11-15 19:52:32.500000+00:00,combi,Sitting,Sitting
2024-11-15 19:53:32.500000+00:00,combi,Sitting,Sitting
2024-11-15 19:54:32.500000+00:00,combi,Sitting,Dynamic
2024-11-15 19:55:32.500000+00:00,combi,Sitting,Dynamic
2024-11-15 19:56:32.500000+00:00,combi,Lying,Dynamic
2024-11-15 19:57:32.500000+00:00,combi,Lying,Dynamic
2024-11-15 19:58:32.500000+00:00,combi,Lying,Dynamic
2024-11-15 19:59:32.500000+00:00,combi,Standing,Dynamic
2024-11-15 20:00:32.500000+00:00,combi,Standing,Dynamic
2024-11-15 20:01:32.500000+00:00,combi,Standing,Dynamic
2024-11-15 20:02:32.500000+00:00,combi,Standing,Dynamic
2024-11-15 20:03:32.500000+00:00,combi,Standing,Dynamic
2024-11-15 20:04:32.500000+00:00,combi,Standing,Standing
2024-11-15 20:05:32.500000+00:00,combi,Standing,Standing
2024-11-15 20:06:32.500000+00:00,combi,Standing,Dynamic
2024-11-15 20:07:32.500000+00:00,combi,Standing,Sitting
2024-11-15 20:08:32.500000+00:00,combi,Sitting,Sitting
2024-11-15 20:09:32.500000+00:00,combi,Sitting,Sitting
2024-11-15 20:10:32.500000+00:00,combi,Sitting,Sitting
2024-11-15 20:11:32.500000+00:00,combi,Sitting,Sitting
2024-11-15 20:12:32.500000+00:00,combi,Sitting,Sitting
2024-11-15 20:13:32.500000+00:00,combi,Sitting,Sitting
2024-11-15 20:14:32.500000+00:00,combi,Sitting,Sitting
2024-11-15 20:15:32.500000+00:00,combi,Sitting,Sitting
2024-11-15 20:16:32.500000+00:00,combi,Sitting,Sitting
2024-11-15 20:17:32.500000+00:00,combi,Sitting,Sitting
2024-11-15 20:18:32.500000+00:00,combi,Sitting,Sitting
2024-11-15 20:19:32.500000+00:00,combi,Sitting,Sitting
2024-11-15 20:20:32.500000+00:00,combi,Sitting,Sitting
2024-11-15 20:21:32.500000+00:00,combi,Sitting,Sitting
2024-11-15 20:22:32.500000+00:00,combi,Sitting,Sitting
2024-11-15 20:23:32.500000+00:00,combi,Standing,Standing
2024-11-15 20:24:32.500000+00:00,combi,Standing,Standing
2024-11-15 20:25:32.500000+00:00,combi,Sitting,Dynamic
2024-11-15 20:26:32.500000+00:00,combi,Sitting,Sitting
2024-11-15 20:27:32.500000+00:00,combi,Standing,Standing
2024-11-15 20:28:32.500000+00:00,combi,Sitting,Sitting
2024-11-15 20:29:32.500000+00:00,combi,Sitting,Sitting
2024-11-15 20:30:32.500000+00:00,combi,Sitting,Sitting
2024-11-15 20:31:32.500000+00:00,combi,Sitting,Sitting
2024-11-15 20:32:32.500000+00:00,combi,Sitting,Sitting
2024-11-15 20:33:32.500000+00:00,combi,Sitting,Sitting
2024-11-15 20:34:32.500000+00:00,combi,Sitting,Sitting
2024-11-15 20:35:32.500000+00:00,combi,Sitting,Sitting
2024-11-15 20:36:32.500000+00:00,combi,Sitting,Sitting
2024-11-15 20:37:32.500000+00:00,combi,Sitting,Sitting
2024-11-15 20:38:32.500000+00:00,combi,Sitting,Sitting
2024-11-15 20:39:32.500000+00:00,combi,Sitting,Sitting
2024-11-15 20:40:32.500000+00:00,combi,Sitting,Sitting
2024-11-15 20:41:32.500000+00:00,combi,Sitting,Sitting
2024-11-15 20:42:32.500000+00:00,combi,Sitting,Sitting
2024-11-15 20:43:32.500000+00:00,combi,Sitting,Sitting
2024-11-15 20:44:32.500000+00:00,combi,Sitting,Sitting
2024-11-15 20:45:32.500000+00:00,combi,Sitting,Sitting
2024-11-15 20:46:32.500000+00:00,combi,Sitting,Sitting
2024-11-15 20:47:32.500000+00:00,combi,Sitting,Sitting
2024-11-15 20:48:32.500000+00:00,combi,Sitting,Sitting
2024-11-15 20:49:32.500000+00:00,combi,Sitting,Sitting
2024-11-15 20:50:32.500000+00:00,combi,Sitting,Sitting
2024-11-15 20:51:32.500000+00:00,combi,Sitting,Sitting
2024-11-15 20:52:32.500000+00:00,combi,Sitting,Sitting
2024-11-15 20:53:32.500000+00:00,combi,Sitting,Sitting
2024-11-15 20:54:32.500000+00:00,combi,Sitting,Sitting
2024-11-15 20:55:32.500000+00:00,combi,Sitting,Sitting
2024-11-15 20:56:32.500000+00:00,combi,Sitting,Sitting
2024-11-15 20:57:32.500000+00:00,combi,Sitting,Sitting
2024-11-15 20:58:32.500000+00:00,combi,Sitting,Sitting
2024-11-15 20:59:32.500000+00:00,combi,Sitting,Sitting
2024-11-15 21:00:32.500000+00:00,combi,Sitting,Sitting
2024-11-15 21:01:32.500000+00:00,combi,Sitting,Sitting
2024-11-15 21:02:32.500000+00:00,combi,Sitting,Sitting
2024-11-15 21:03:32.500000+00:00,combi,Sitting,Sitting
2024-11-15 21:04:32.500000+00:00,combi,Sitting,Sitting
2024-11-15 21:05:32.500000+00:00,combi,Sitting,Sitting
2024-11-15 21:06:32.500000+00:00,combi,Sitting,Sitting
2024-11-15 21:07:32.500000+00:00,combi,Sitting,Sitting
2024-11-15 21:08:32.500000+00:00,combi,Sitting,Sitting
2024-11-15 21:09:32.500000+00:00,combi,Sitting,Sitting
2024-11-15 21:10:32.500000+00:00,combi,Sitting,Sitting
2024-11-15 21:11:32.500000+00:00,combi,Sitting,Sitting
2024-11-15 21:12:32.500000+00:00,combi,Sitting,Sitting
2024-11-15 21:13:32.500000+00:00,combi,Sitting,Sitting
2024-11-15 21:14:32.500000+00:00,combi,Sitting,Sitting
2024-11-15 21:15:32.500000+00:00,combi,Sitting,Sitting
2024-11-15 21:16:32.500000+00:00,combi,Sitting,Sitting
2024-11-15 21:17:32.500000+00:00,combi,Sitting,Sitting
2024-11-15 21:18:32.500000+00:00,combi,Sitting,Sitting
2024-11-15 21:19:32.500000+00:00,combi,Sitting,Sitting
2024-11-15 21:20:32.500000+00:00,combi,Standing,Standing
2024-11-15 21:21:32.500000+00:00,combi,Standing,Dynamic
2024-11-15 21:22:32.500000+00:00,combi,Sitting,Sitting
2024-11-15 21:23:32.500000+00:00,combi,Sitting,Dynamic
2024-11-15 21:24:32.500000+00:00,combi,Sitting,Dynamic
2024-11-15 21:25:32.500000+00:00,combi,Sitting,Sitting
2024-11-15 21:26:32.500000+00:00,combi,Sitting,Sitting
2024-11-15 21:27:32.500000+00:00,combi,Sitting,Dynamic
2024-11-15 21:28:32.500000+00:00,combi,Sitting,Sitting
2024-11-15 21:29:32.500000+00:00,combi,Sitting,Sitting
2024-11-15 21:30:32.500000+00:00,combi,Sitting,Sitting
2024-11-15 21:31:32.500000+00:00,combi,Sitting,Sitting
2024-11-15 21:32:32.500000+00:00,combi,Sitting,Sitting
2024-11-15 21:33:32.500000+00:00,combi,Sitting,Sitting
2024-11-15 21:34:32.500000+00:00,combi,Sitting,Sitting
2024-11-15 21:35:32.500000+00:00,combi,Sitting,Sitting
2024-11-15 21:36:32.500000+00:00,combi,Sitting,Sitting
2024-11-15 21:37:32.500000+00:00,combi,Sitting,Sitting
2024-11-15 21:38:32.500000+00:00,combi,Sitting,Sitting
2024-11-15 21:39:32.500000+00:00,combi,Sitting,Sitting
2024-11-15 21:40:32.500000+00:00,combi,Sitting,Sitting
2024-11-15 21:41:32.500000+00:00,combi,Sitting,Sitting
2024-11-15 21:42:32.500000+00:00,combi,Sitting,Sitting
2024-11-15 21:43:32.500000+00:00,combi,Sitting,Sitting
2024-11-15 21:44:32.500000+00:00,combi,Sitting,Sitting
2024-11-15 21:45:32.500000+00:00,combi,Sitting,Sitting
2024-11-15 21:46:32.500000+00:00,combi,Sitting,Sitting
2024-11-15 21:47:32.500000+00:00,combi,Sitting,Sitting
2024-11-15 21:48:32.500000+00:00,combi,Sitting,Sitting
2024-11-15 21:49:32.500000+00:00,combi,Sitting,Sitting
2024-11-15 21:50:32.500000+00:00,combi,Sitting,Dynamic
2024-11-15 21:51:32.500000+00:00,combi,Sitting,Sitting
2024-11-15 21:52:32.500000+00:00,combi,Sitting,Sitting
2024-11-15 21:53:32.500000+00:00,combi,Sitting,Sitting
2024-11-15 21:54:32.500000+00:00,combi,Sitting,Sitting
2024-11-15 21:55:32.500000+00:00,combi,Sitting,Sitting
2024-11-15 21:56:32.500000+00:00,combi,Sitting,Sitting
2024-11-15 21:57:32.500000+00:00,combi,Sitting,Sitting
2024-11-15 21:58:32.500000+00:00,combi,Sitting,Sitting
2024-11-15 21:59:32.500000+00:00,combi,Sitting,Sitting
2024-11-15 22:00:32.500000+00:00,combi,Sitting,Sitting
2024-11-15 22:01:32.500000+00:00,combi,Sitting,Sitting
2024-11-15 22:02:32.500000+00:00,combi,Sitting,Sitting
2024-11-15 22:03:32.500000+00:00,combi,Sitting,Sitting
2024-11-15 22:04:32.500000+00:00,combi,Sitting,Sitting
2024-11-15 22:05:32.500000+00:00,combi,Sitting,Sitting
2024-11-15 22:06:32.500000+00:00,combi,Sitting,Sitting
2024-11-15 22:07:32.500000+00:00,combi,Sitting,Sitting
2024-11-15 22:08:32.500000+00:00,combi,Sitting,Sitting
2024-11-15 22:09:32.500000+00:00,combi,Sitting,Sitting
2024-11-15 22:10:32.500000+00:00,combi,Sitting,Sitting
2024-11-15 22:11:32.500000+00:00,combi,Sitting,Sitting
2024-11-15 22:12:32.500000+00:00,combi,Sitting,Sitting
2024-11-15 22:13:32.500000+00:00,combi,Sitting,Sitting
2024-11-15 22:14:32.500000+00:00,combi,Sitting,Sitting
2024-11-15 22:15:32.500000+00:00,combi,Sitting,Sitting
2024-11-15 22:16:32.500000+00:00,combi,Sitting,Sitting
2024-11-15 22:17:32.500000+00:00,combi,Sitting,Sitting
2024-11-15 22:18:32.500000+00:00,combi,Sitting,Sitting
2024-11-15 22:19:32.500000+00:00,combi,Sitting,Sitting
2024-11-15 22:20:32.500000+00:00,combi,Sitting,Sitting
2024-11-15 22:21:32.500000+00:00,combi,Sitting,Sitting
2024-11-15 22:22:32.500000+00:00,combi,Sitting,Sitting
2024-11-15 22:23:32.500000+00:00,combi,Sitting,Sitting
2024-11-15 22:24:32.500000+00:00,combi,Sitting,Sitting
2024-11-15 22:25:32.500000+00:00,combi,Sitting,Sitting
2024-11-15 22:26:32.500000+00:00,combi,Sitting,Sitting
2024-11-15 22:27:32.500000+00:00,combi,Sitting,Sitting
2024-11-15 22:28:32.500000+00:00,combi,Sitting,Sitting
2024-11-15 22:29:32.500000+00:00,combi,Sitting,Sitting
2024-11-15 22:30:32.500000+00:00,combi,Sitting,Sitting
2024-11-15 22:31:32.500000+00:00,combi,Sitting,Sitting
2024-11-15 22:32:32.500000+00:00,combi,Sitting,Sitting
2024-11-15 22:33:32.500000+00:00,combi,Sitting,Sitting
2024-11-15 22:34:32.500000+00:00,combi,Sitting,Sitting
2024-11-15 22:35:32.500000+00:00,combi,Sitting,Sitting
2024-11-15 22:36:32.500000+00:00,combi,Sitting,Sitting
2024-11-15 22:37:32.500000+00:00,combi,Sitting,Sitting
2024-11-15 22:38:32.500000+00:00,combi,Sitting,Sitting
2024-11-15 22:39:32.500000+00:00,combi,Sitting,Sitting
2024-11-15 22:40:32.500000+00:00,combi,Sitting,Sitting
2024-11-15 22:41:32.500000+00:00,combi,Sitting,Sitting
2024-11-15 22:42:32.500000+00:00,combi,Sitting,Sitting
2024-11-15 22:43:32.500000+00:00,combi,Sitting,Sitting
2024-11-15 22:44:32.500000+00:00,combi,Sitting,Sitting
2024-11-15 22:45:32.500000+00:00,combi,Sitting,Sitting
2024-11-15 22:46:32.500000+00:00,combi,Sitting,Sitting
2024-11-15 22:47:32.500000+00:00,combi,Sitting,Sitting
2024-11-15 22:48:32.500000+00:00,combi,Sitting,Sitting
2024-11-15 22:49:32.500000+00:00,combi,Sitting,Sitting
2024-11-15 22:50:32.500000+00:00,combi,Standing,Dynamic
2024-11-15 22:51:32.500000+00:00,combi,Sitting,Sitting
2024-11-15 22:52:32.500000+00:00,combi,Sitting,Dynamic
2024-11-15 22:53:32.500000+00:00,combi,Lying,Dynamic
2024-11-15 22:54:32.500000+00:00,combi,Lying,Lying
2024-11-15 22:55:32.500000+00:00,combi,Lying,Lying
2024-11-15 22:56:32.500000+00:00,combi,Lying,Lying
2024-11-15 22:57:32.500000+00:00,combi,Lying,Lying
2024-11-15 22:58:32.500000+00:00,combi,Lying,Lying
2024-11-15 22:59:32.500000+00:00,combi,Lying,Lying
2024-11-15 23:00:32.500000+00:00,combi,Lying,Lying
2024-11-15 23:01:32.500000+00:00,combi,Lying,Lying
2024-11-15 23:02:32.500000+00:00,combi,Lying,Lying
2024-11-15 23:03:32.500000+00:00,combi,Lying,Lying
2024-11-15 23:04:32.500000+00:00,combi,Lying,Lying
2024-11-15 23:05:32.500000+00:00,combi,Lying,Lying
2024-11-15 23:06:32.500000+00:00,combi,Lying,Lying
2024-11-15 23:07:32.500000+00:00,combi,Lying,Lying
2024-11-15 23:08:32.500000+00:00,combi,Lying,Lying
2024-11-15 23:09:32.500000+00:00,combi,Lying,Lying
2024-11-15 23:10:32.500000+00:00,combi,Lying,Lying
2024-11-15 23:11:32.500000+00:00,combi,Lying,Lying
2024-11-15 23:12:32.500000+00:00,combi,Lying,Lying
2024-11-15 23:13:32.500000+00:00,combi,Lying,Lying
2024-11-15 23:14:32.500000+00:00,combi,Lying,Lying
2024-11-15 23:15:32.500000+00:00,combi,Lying,Lying
2024-11-15 23:16:32.500000+00:00,combi,Lying,Lying
2024-11-15 23:17:32.500000+00:00,combi,Lying,Lying
2024-11-15 23:18:32.500000+00:00,combi,Lying,Lying
2024-11-15 23:19:32.500000+00:00,combi,Lying,Lying
2024-11-15 23:20:32.500000+00:00,combi,Lying,Lying
2024-11-15 23:21:32.500000+00:00,combi,Lying,Lying
2024-11-15 23:22:32.500000+00:00,combi,Lying,Lying
2024-11-15 23:23:32.500000+00:00,combi,Lying,Lying
2024-11-15 23:24:32.500000+00:00,combi,Lying,Lying
2024-11-15 23:25:32.500000+00:00,combi,Lying,Lying
2024-11-15 23:26:32.500000+00:00,combi,Lying,Lying
2024-11-15 23:27:32.500000+00:00,combi,Lying,Lying
2024-11-15 23:28:32.500000+00:00,combi,Lying,Lying
2024-11-15 23:29:32.500000+00:00,combi,Lying,Lying
2024-11-15 23:30:32.500000+00:00,combi,Lying,Lying
2024-11-15 23:31:32.500000+00:00,combi,Lying,Lying
2024-11-15 23:32:32.500000+00:00,combi,Lying,Lying
2024-11-15 23:33:32.500000+00:00,combi,Lying,Dynamic
2024-11-15 23:34:32.500000+00:00,combi,Lying,Dynamic
2024-11-15 23:35:32.500000+00:00,combi,Lying,Dynamic
2024-11-15 23:36:32.500000+00:00,combi,Lying,Dynamic
2024-11-15 23:37:32.500000+00:00,combi,Lying,Lying
2024-11-15 23:38:32.500000+00:00,combi,Lying,Lying
2024-11-15 23:39:32.500000+00:00,combi,Lying,Lying
2024-11-15 23:40:32.500000+00:00,combi,Lying,Lying
2024-11-15 23:41:32.500000+00:00,combi,Lying,Lying
2024-11-15 23:42:32.500000+00:00,combi,Lying,Lying
2024-11-15 23:43:32.500000+00:00,combi,Lying,Lying
2024-11-15 23:44:32.500000+00:00,combi,Lying,Lying
2024-11-15 23:45:32.500000+00:00,combi,Lying,Lying
2024-11-15 23:46:32.500000+00:00,combi,Lying,Lying
2024-11-15 23:47:32.500000+00:00,combi,Lying,Lying
2024-11-15 23:48:32.500000+00:00,combi,Lying,Lying
2024-11-15 23:49:32.500000+00:00,combi,Lying,Lying
2024-11-15 23:50:32.500000+00:00,combi,Lying,Lying
2024-11-15 23:51:32.500000+00:00,combi,Lying,Lying
2024-11-15 23:52:32.500000+00:00,combi,Lying,Lying
2024-11-15 23:53:32.500000+00:00,combi,Lying,Lying
2024-11-15 23:54:32.500000+00:00,combi,Lying,Lying
2024-11-15 23:55:32.500000+00:00,combi,Lying,Lying
2024-11-15 23:56:32.500000+00:00,combi,Lying,Lying
2024-11-15 23:57:32.500000+00:00,combi,Lying,Lying
2024-11-15 23:58:32.500000+00:00,combi,Lying,Lying
2024-11-15 23:59:32.500000+00:00,combi,Lying,Lying
2024-11-16 00:00:32.500000+00:00,combi,Lying,Lying
2024-11-16 00:01:32.500000+00:00,combi,Lying,Lying
2024-11-16 00:02:32.500000+00:00,combi,Lying,Lying
2024-11-16 00:03:32.500000+00:00,combi,Lying,Lying
2024-11-16 00:04:32.500000+00:00,combi,Lying,Lying
2024-11-16 00:05:32.500000+00:00,combi,Lying,Lying
2024-11-16 00:06:32.500000+00:00,combi,Lying,Lying
2024-11-16 00:07:32.500000+00:00,combi,Lying,Lying
2024-11-16 00:08:32.500000+00:00,combi,Lying,Lying
2024-11-16 00:09:32.500000+00:00,combi,Lying,Lying
2024-11-16 00:10:32.500000+00:00,combi,Lying,Lying
2024-11-16 00:11:32.500000+00:00,combi,Lying,Lying
2024-11-16 00:12:32.500000+00:00,combi,Lying,Lying
2024-11-16 00:13:32.500000+00:00,combi,Lying,Lying
2024-11-16 00:14:32.500000+00:00,combi,Lying,Lying
2024-11-16 00:15:32.500000+00:00,combi,Lying,Lying
2024-11-16 00:16:32.500000+00:00,combi,Lying,Lying
2024-11-16 00:17:32.500000+00:00,combi,Lying,Dynamic
2024-11-16 00:18:32.500000+00:00,combi,Lying,Dynamic
2024-11-16 00:19:32.500000+00:00,combi,Lying,Dynamic
2024-11-16 00:20:32.500000+00:00,combi,Lying,Dynamic
2024-11-16 00:21:32.500000+00:00,combi,Lying,Lying
2024-11-16 00:22:32.500000+00:00,combi,Lying,Lying
2024-11-16 00:23:32.500000+00:00,combi,Lying,Lying
2024-11-16 00:24:32.500000+00:00,combi,Lying,Lying
2024-11-16 00:25:32.500000+00:00,combi,Lying,Lying
2024-11-16 00:26:32.500000+00:00,combi,Lying,Lying
2024-11-16 00:27:32.500000+00:00,combi,Lying,Lying
2024-11-16 00:28:32.500000+00:00,combi,Lying,Lying
2024-11-16 00:29:32.500000+00:00,combi,Lying,Lying
2024-11-16 00:30:32.500000+00:00,combi,Lying,Lying
2024-11-16 00:31:32.500000+00:00,combi,Lying,Lying
2024-11-16 00:32:32.500000+00:00,combi,Lying,Lying
2024-11-16 00:33:32.500000+00:00,combi,Lying,Lying
2024-11-16 00:34:32.500000+00:00,combi,Lying,Lying
2024-11-16 00:35:32.500000+00:00,combi,Lying,Lying
2024-11-16 00:36:32.500000+00:00,combi,Lying,Lying
2024-11-16 00:37:32.500000+00:00,combi,Lying,Lying
2024-11-16 00:38:32.500000+00:00,combi,Lying,Lying
2024-11-16 00:39:32.500000+00:00,combi,Lying,Lying
2024-11-16 00:40:32.500000+00:00,combi,Lying,Lying
2024-11-16 00:41:32.500000+00:00,combi,Lying,Lying
2024-11-16 00:42:32.500000+00:00,combi,Lying,Lying
2024-11-16 00:43:32.500000+00:00,combi,Lying,Lying
2024-11-16 00:44:32.500000+00:00,combi,Lying,Lying
