Time,Participant,Majority_postures,Majority_including_dynamic
2024-07-05 04:48:39.500000+00:00,combi,Sitting,Sitting
2024-07-05 04:49:39.500000+00:00,combi,Sitting,Sitting
2024-07-05 04:50:39.500000+00:00,combi,Lying,Lying
2024-07-05 04:51:39.500000+00:00,combi,Lying,Lying
2024-07-05 04:52:39.500000+00:00,combi,Lying,Lying
2024-07-05 04:53:39.500000+00:00,combi,Lying,Lying
2024-07-05 04:54:39.500000+00:00,combi,Lying,Lying
2024-07-05 04:55:39.500000+00:00,combi,Lying,Lying
2024-07-05 04:56:39.500000+00:00,combi,Lying,Lying
2024-07-05 04:57:39.500000+00:00,combi,Lying,Lying
2024-07-05 04:58:39.500000+00:00,combi,Lying,Lying
2024-07-05 04:59:39.500000+00:00,combi,Lying,Lying
2024-07-05 05:00:39.500000+00:00,combi,Lying,Lying
2024-07-05 05:01:39.500000+00:00,combi,Lying,Lying
2024-07-05 05:02:39.500000+00:00,combi,Lying,Lying
2024-07-05 05:03:39.500000+00:00,combi,Lying,Lying
2024-07-05 05:04:39.500000+00:00,combi,Lying,Lying
2024-07-05 05:05:39.500000+00:00,combi,Lying,Lying
2024-07-05 05:06:39.500000+00:00,combi,Lying,Lying
2024-07-05 05:07:39.500000+00:00,combi,Lying,Lying
2024-07-05 05:08:39.500000+00:00,combi,Lying,Lying
2024-07-05 05:09:39.500000+00:00,combi,Lying,Lying
2024-07-05 05:10:39.500000+00:00,combi,Lying,Lying
2024-07-05 05:11:39.500000+00:00,combi,Lying,Lying
2024-07-05 05:12:39.500000+00:00,combi,Lying,Lying
2024-07-05 05:13:39.500000+00:00,combi,Lying,Lying
2024-07-05 05:14:39.500000+00:00,combi,Lying,Lying
2024-07-05 05:15:39.500000+00:00,combi,Lying,Lying
2024-07-05 05:16:39.500000+00:00,combi,Lying,Lying
2024-07-05 05:17:39.500000+00:00,combi,Lying,Lying
2024-07-05 05:18:39.500000+00:00,combi,Lying,Lying
2024-07-05 05:19:39.500000+00:00,combi,Standing,Standing
2024-07-05 05:20:39.500000+00:00,combi,Sitting,Sitting
2024-07-05 05:21:39.500000+00:00,combi,Sitting,Sitting
2024-07-05 05:22:39.500000+00:00,combi,Sitting,Sitting
2024-07-05 05:23:39.500000+00:00,combi,Sitting,Sitting
2024-07-05 05:24:39.500000+00:00,combi,Sitting,Sitting
2024-07-05 05:25:39.500000+00:00,combi,Sitting,Sitting
2024-07-05 05:26:39.500000+00:00,combi,Sitting,Sitting
2024-07-05 05:27:39.500000+00:00,combi,Sitting,Sitting
2024-07-05 05:28:39.500000+00:00,combi,Sitting,Sitting
2024-07-05 05:29:39.500000+00:00,combi,Sitting,Sitting
2024-07-05 05:30:39.500000+00:00,combi,Sitting,Sitting
2024-07-05 05:31:39.500000+00:00,combi,Sitting,Sitting
2024-07-05 05:32:39.500000+00:00,combi,Sitting,Sitting
2024-07-05 05:33:39.500000+00:00,combi,Sitting,Sitting
2024-07-05 05:34:39.500000+00:00,combi,Sitting,Sitting
2024-07-05 05:35:39.500000+00:00,combi,Sitting,Sitting
2024-07-05 05:36:39.500000+00:00,combi,Sitting,Sitting
2024-07-05 05:37:39.500000+00:00,combi,Sitting,Sitting
2024-07-05 05:38:39.500000+00:00,combi,Sitting,Sitting
2024-07-05 05:39:39.500000+00:00,combi,Sitting,Sitting
2024-07-05 05:40:39.500000+00:00,combi,Sitting,Sitting
2024-07-05 05:41:39.500000+00:00,combi,Sitting,Sitting
2024-07-05 05:42:39.500000+00:00,combi,Sitting,Sitting
2024-07-05 05:43:39.500000+00:00,combi,Sitting,Sitting
2024-07-05 05:44:39.500000+00:00,combi,Sitting,Sitting
2024-07-05 05:45:39.500000+00:00,combi,Sitting,Sitting
2024-07-05 05:46:39.500000+00:00,combi,Sitting,Sitting
2024-07-05 05:47:39.500000+00:00,combi,Sitting,Sitting
2024-07-05 05:48:39.500000+00:00,combi,Sitting,Sitting
2024-07-05 05:49:39.500000+00:00,combi,Sitting,Sitting
2024-07-05 05:50:39.500000+00:00,combi,Sitting,Sitting
2024-07-05 05:51:39.500000+00:00,combi,Sitting,Sitting
2024-07-05 05:52:39.500000+00:00,combi,Sitting,Sitting
2024-07-05 05:53:39.500000+00:00,combi,Sitting,Sitting
2024-07-05 05:54:39.500000+00:00,combi,Sitting,Sitting
2024-07-05 05:55:39.500000+00:00,combi,Sitting,Sitting
2024-07-05 05:56:39.500000+00:00,combi,Sitting,Sitting
2024-07-05 05:57:39.500000+00:00,combi,Sitting,Sitting
2024-07-05 05:58:39.500000+00:00,combi,Lying,Lying
2024-07-05 05:59:39.500000+00:00,combi,Lying,Lying
2024-07-05 06:00:39.500000+00:00,combi,Lying,Lying
2024-07-05 06:01:39.500000+00:00,combi,Lying,Lying
2024-07-05 06:02:39.500000+00:00,combi,Lying,Lying
2024-07-05 06:03:39.500000+00:00,combi,Lying,Lying
2024-07-05 06:04:39.500000+00:00,combi,Lying,Lying
2024-07-05 06:05:39.500000+00:00,combi,Lying,Lying
2024-07-05 06:06:39.500000+00:00,combi,Standing,Standing
2024-07-05 06:07:39.500000+00:00,combi,Standing,Standing
2024-07-05 06:08:39.500000+00:00,combi,Standing,Standing
2024-07-05 06:09:39.500000+00:00,combi,Standing,Standing
2024-07-05 06:10:39.500000+00:00,combi,Sitting,Sitting
2024-07-05 06:11:39.500000+00:00,combi,Standing,Standing
2024-07-05 06:12:39.500000+00:00,combi,Sitting,Sitting
2024-07-05 06:13:39.500000+00:00,combi,Sitting,Sitting
2024-07-05 06:14:39.500000+00:00,combi,Sitting,Sitting
2024-07-05 06:15:39.500000+00:00,combi,Sitting,Sitting
2024-07-05 06:16:39.500000+00:00,combi,Sitting,Sitting
2024-07-05 06:17:39.500000+00:00,combi,Lying,Lying
2024-07-05 06:18:39.500000+00:00,combi,Sitting,Sitting
2024-07-05 06:19:39.500000+00:00,combi,Sitting,Sitting
2024-07-05 06:20:39.500000+00:00,combi,Sitting,Sitting
2024-07-05 06:21:39.500000+00:00,combi,Sitting,Sitting
2024-07-05 06:22:39.500000+00:00,combi,Sitting,Sitting
2024-07-05 06:23:39.500000+00:00,combi,Sitting,Sitting
2024-07-05 06:24:39.500000+00:00,combi,Lying,Lying
2024-07-05 06:25:39.500000+00:00,combi,Lying,Lying
2024-07-05 06:26:39.500000+00:00,combi,Lying,Lying
2024-07-05 06:27:39.500000+00:00,combi,Lying,Lying
2024-07-05 06:28:39.500000+00:00,combi,Lying,Lying
2024-07-05 06:29:39.500000+00:00,combi,Lying,Lying
2024-07-05 06:30:39.500000+00:00,combi,Lying,Lying
2024-07-05 06:31:39.500000+00:00,combi,Lying,Lying
2024-07-05 06:32:39.500000+00:00,combi,Lying,Lying
2024-07-05 06:33:39.500000+00:00,combi,Lying,Lying
2024-07-05 06:34:39.500000+00:00,combi,Lying,Lying
2024-07-05 06:35:39.500000+00:00,combi,Lying,Lying
2024-07-05 06:36:39.500000+00:00,combi,Lying,Lying
2024-07-05 06:37:39.500000+00:00,combi,Lying,Lying
2024-07-05 06:38:39.500000+00:00,combi,Lying,Lying
2024-07-05 06:39:39.500000+00:00,combi,Lying,Lying
2024-07-05 06:40:39.500000+00:00,combi,Lying,Lying
2024-07-05 06:41:39.500000+00:00,combi,Lying,Lying
2024-07-05 06:42:39.500000+00:00,combi,Lying,Lying
2024-07-05 06:43:39.500000+00:00,combi,Lying,Lying
2024-07-05 06:44:39.500000+00:00,combi,Lying,Lying
2024-07-05 06:45:39.500000+00:00,combi,Lying,Lying
2024-07-05 06:46:39.500000+00:00,combi,Lying,Lying
2024-07-05 06:47:39.500000+00:00,combi,Lying,Lying
2024-07-05 06:48:39.500000+00:00,combi,Lying,Lying
2024-07-05 06:49:39.500000+00:00,combi,Lying,Lying
2024-07-05 06:50:39.500000+00:00,combi,Lying,Lying
2024-07-05 06:51:39.500000+00:00,combi,Sitting,Sitting
2024-07-05 06:52:39.500000+00:00,combi,Sitting,Sitting
2024-07-05 06:53:39.500000+00:00,combi,Sitting,Sitting
2024-07-05 06:54:39.500000+00:00,combi,Sitting,Sitting
2024-07-05 06:55:39.500000+00:00,combi,Sitting,Sitting
2024-07-05 06:56:39.500000+00:00,combi,Sitting,Sitting
2024-07-05 06:57:39.500000+00:00,combi,Sitting,Sitting
2024-07-05 06:58:39.500000+00:00,combi,Sitting,Sitting
2024-07-05 06:59:39.500000+00:00,combi,Sitting,Sitting
2024-07-05 07:00:39.500000+00:00,combi,Sitting,Sitting
2024-07-05 07:01:39.500000+00:00,combi,Sitting,Sitting
2024-07-05 07:02:39.500000+00:00,combi,Sitting,Sitting
2024-07-05 07:03:39.500000+00:00,combi,Sitting,Sitting
2024-07-05 07:04:39.500000+00:00,combi,Sitting,Sitting
2024-07-05 07:05:39.500000+00:00,combi,Sitting,Sitting
2024-07-05 07:06:39.500000+00:00,combi,Lying,Lying
2024-07-05 07:07:39.500000+00:00,combi,Lying,Lying
2024-07-05 07:08:39.500000+00:00,combi,Lying,Lying
2024-07-05 07:09:39.500000+00:00,combi,Lying,Lying
2024-07-05 07:10:39.500000+00:00,combi,Lying,Lying
2024-07-05 07:11:39.500000+00:00,combi,Lying,Lying
2024-07-05 07:12:39.500000+00:00,combi,Lying,Lying
2024-07-05 07:13:39.500000+00:00,combi,Lying,Lying
2024-07-05 07:14:39.500000+00:00,combi,Lying,Lying
2024-07-05 07:15:39.500000+00:00,combi,Lying,Lying
2024-07-05 07:16:39.500000+00:00,combi,Lying,Lying
2024-07-05 07:17:39.500000+00:00,combi,Lying,Lying
2024-07-05 07:18:39.500000+00:00,combi,Lying,Lying
2024-07-05 07:19:39.500000+00:00,combi,Lying,Lying
2024-07-05 07:20:39.500000+00:00,combi,Lying,Lying
2024-07-05 07:21:39.500000+00:00,combi,Lying,Lying
2024-07-05 07:22:39.500000+00:00,combi,Lying,Lying
2024-07-05 07:23:39.500000+00:00,combi,Lying,Lying
2024-07-05 07:24:39.500000+00:00,combi,Lying,Lying
2024-07-05 07:25:39.500000+00:00,combi,Lying,Lying
2024-07-05 07:26:39.500000+00:00,combi,Lying,Lying
2024-07-05 07:27:39.500000+00:00,combi,Lying,Lying
2024-07-05 07:28:39.500000+00:00,combi,Lying,Lying
2024-07-05 07:29:39.500000+00:00,combi,Lying,Lying
2024-07-05 07:30:39.500000+00:00,combi,Lying,Lying
2024-07-05 07:31:39.500000+00:00,combi,Lying,Lying
2024-07-05 07:32:39.500000+00:00,combi,Lying,Lying
2024-07-05 07:33:39.500000+00:00,combi,Lying,Lying
2024-07-05 07:34:39.500000+00:00,combi,Lying,Lying
2024-07-05 07:35:39.500000+00:00,combi,Lying,Lying
2024-07-05 07:36:39.500000+00:00,combi,Lying,Lying
2024-07-05 07:37:39.500000+00:00,combi,Lying,Lying
2024-07-05 07:38:39.500000+00:00,combi,Lying,Lying
2024-07-05 07:39:39.500000+00:00,combi,Lying,Lying
2024-07-05 07:40:39.500000+00:00,combi,Lying,Lying
2024-07-05 07:41:39.500000+00:00,combi,Lying,Lying
2024-07-05 07:42:39.500000+00:00,combi,Lying,Lying
2024-07-05 07:43:39.500000+00:00,combi,Lying,Lying
2024-07-05 07:44:39.500000+00:00,combi,Lying,Lying
2024-07-05 07:45:39.500000+00:00,combi,Lying,Lying
2024-07-05 07:46:39.500000+00:00,combi,Lying,Lying
2024-07-05 07:47:39.500000+00:00,combi,Lying,Lying
2024-07-05 07:48:39.500000+00:00,combi,Lying,Lying
2024-07-05 07:49:39.500000+00:00,combi,Lying,Lying
2024-07-05 07:50:39.500000+00:00,combi,Lying,Lying
2024-07-05 07:51:39.500000+00:00,combi,Lying,Lying
2024-07-05 07:52:39.500000+00:00,combi,Lying,Lying
2024-07-05 07:53:39.500000+00:00,combi,Lying,Lying
2024-07-05 07:54:39.500000+00:00,combi,Lying,Lying
2024-07-05 07:55:39.500000+00:00,combi,Lying,Lying
2024-07-05 07:56:39.500000+00:00,combi,Lying,Lying
2024-07-05 07:57:39.500000+00:00,combi,Lying,Lying
2024-07-05 07:58:39.500000+00:00,combi,Lying,Lying
2024-07-05 07:59:39.500000+00:00,combi,Lying,Lying
2024-07-05 08:00:39.500000+00:00,combi,Lying,Lying
2024-07-05 08:01:39.500000+00:00,combi,Lying,Lying
2024-07-05 08:02:39.500000+00:00,combi,Lying,Lying
2024-07-05 08:03:39.500000+00:00,combi,Lying,Lying
2024-07-05 08:04:39.500000+00:00,combi,Lying,Lying
2024-07-05 08:05:39.500000+00:00,combi,Lying,Lying
2024-07-05 08:06:39.500000+00:00,combi,Lying,Lying
2024-07-05 08:07:39.500000+00:00,combi,Lying,Lying
2024-07-05 08:08:39.500000+00:00,combi,Lying,Lying
2024-07-05 08:09:39.500000+00:00,combi,Lying,Lying
2024-07-05 08:10:39.500000+00:00,combi,Lying,Lying
2024-07-05 08:11:39.500000+00:00,combi,Lying,Lying
2024-07-05 08:12:39.500000+00:00,combi,Lying,Lying
2024-07-05 08:13:39.500000+00:00,combi,Lying,Lying
2024-07-05 08:14:39.500000+00:00,combi,Sitting,Sitting
2024-07-05 08:15:39.500000+00:00,combi,Sitting,Sitting
2024-07-05 08:16:39.500000+00:00,combi,Sitting,Sitting
2024-07-05 08:17:39.500000+00:00,combi,Sitting,Sitting
2024-07-05 08:18:39.500000+00:00,combi,Sitting,Sitting
2024-07-05 08:19:39.500000+00:00,combi,Sitting,Sitting
2024-07-05 08:20:39.500000+00:00,combi,Sitting,Sitting
2024-07-05 08:21:39.500000+00:00,combi,Sitting,Sitting
2024-07-05 08:22:39.500000+00:00,combi,Sitting,Sitting
2024-07-05 08:23:39.500000+00:00,combi,Sitting,Sitting
2024-07-05 08:24:39.500000+00:00,combi,Sitting,Sitting
2024-07-05 08:25:39.500000+00:00,combi,Sitting,Sitting
2024-07-05 08:26:39.500000+00:00,combi,Sitting,Sitting
2024-07-05 08:27:39.500000+00:00,combi,Sitting,Sitting
2024-07-05 08:28:39.500000+00:00,combi,Sitting,Sitting
2024-07-05 08:29:39.500000+00:00,combi,Sitting,Sitting
2024-07-05 08:30:39.500000+00:00,combi,Sitting,Sitting
2024-07-05 08:31:39.500000+00:00,combi,Sitting,Sitting
2024-07-05 08:32:39.500000+00:00,combi,Sitting,Sitting
2024-07-05 08:33:39.500000+00:00,combi,Sitting,Sitting
2024-07-05 08:34:39.500000+00:00,combi,Lying,Lying
2024-07-05 08:35:39.500000+00:00,combi,Lying,Lying
2024-07-05 08:36:39.500000+00:00,combi,Lying,Lying
2024-07-05 08:37:39.500000+00:00,combi,Lying,Lying
2024-07-05 08:38:39.500000+00:00,combi,Lying,Lying
2024-07-05 08:39:39.500000+00:00,combi,Lying,Lying
2024-07-05 08:40:39.500000+00:00,combi,Lying,Lying
2024-07-05 08:41:39.500000+00:00,combi,Lying,Lying
2024-07-05 08:42:39.500000+00:00,combi,Lying,Lying
2024-07-05 08:43:39.500000+00:00,combi,Lying,Lying
2024-07-05 08:44:39.500000+00:00,combi,Lying,Lying
2024-07-05 08:45:39.500000+00:00,combi,Lying,Lying
2024-07-05 08:46:39.500000+00:00,combi,Lying,Lying
2024-07-05 08:47:39.500000+00:00,combi,Lying,Lying
2024-07-05 08:48:39.500000+00:00,combi,Lying,Lying
2024-07-05 08:49:39.500000+00:00,combi,Lying,Lying
2024-07-05 08:50:39.500000+00:00,combi,Lying,Lying
2024-07-05 08:51:39.500000+00:00,combi,Lying,Lying
2024-07-05 08:52:39.500000+00:00,combi,Lying,Lying
2024-07-05 08:53:39.500000+00:00,combi,Lying,Lying
2024-07-05 08:54:39.500000+00:00,combi,Lying,Lying
2024-07-05 08:55:39.500000+00:00,combi,Lying,Lying
2024-07-05 08:56:39.500000+00:00,combi,Lying,Lying
2024-07-05 08:57:39.500000+00:00,combi,Lying,Lying
2024-07-05 08:58:39.500000+00:00,combi,Lying,Lying
2024-07-05 08:59:39.500000+00:00,combi,Lying,Lying
2024-07-05 09:00:39.500000+00:00,combi,Lying,Lying
2024-07-05 09:01:39.500000+00:00,combi,Lying,Lying
2024-07-05 09:02:39.500000+00:00,combi,Lying,Lying
2024-07-05 09:03:39.500000+00:00,combi,Lying,Lying
2024-07-05 09:04:39.500000+00:00,combi,Lying,Lying
2024-07-05 09:05:39.500000+00:00,combi,Lying,Lying
2024-07-05 09:06:39.500000+00:00,combi,Lying,Lying
2024-07-05 09:07:39.500000+00:00,combi,Lying,Lying
2024-07-05 09:08:39.500000+00:00,combi,Lying,Lying
2024-07-05 09:09:39.500000+00:00,combi,Lying,Lying
2024-07-05 09:10:39.500000+00:00,combi,Lying,Lying
2024-07-05 09:11:39.500000+00:00,combi,Lying,Lying
2024-07-05 09:12:39.500000+00:00,combi,Lying,Lying
2024-07-05 09:13:39.500000+00:00,combi,Lying,Lying
2024-07-05 09:14:39.500000+00:00,combi,Lying,Lying
2024-07-05 09:15:39.500000+00:00,combi,Sitting,Sitting
2024-07-05 09:16:39.500000+00:00,combi,Sitting,Sitting
2024-07-05 09:17:39.500000+00:00,combi,Standing,Sitting
2024-07-05 09:18:39.500000+00:00,combi,Lying,Lying
2024-07-05 09:19:39.500000+00:00,combi,Lying,Lying
2024-07-05 09:20:39.500000+00:00,combi,Lying,Lying
2024-07-05 09:21:39.500000+00:00,combi,Lying,Lying
2024-07-05 09:22:39.500000+00:00,combi,Lying,Lying
2024-07-05 09:23:39.500000+00:00,combi,Lying,Lying
2024-07-05 09:24:39.500000+00:00,combi,Lying,Lying
2024-07-05 09:25:39.500000+00:00,combi,Lying,Lying
2024-07-05 09:26:39.500000+00:00,combi,Lying,Lying
2024-07-05 09:27:39.500000+00:00,combi,Lying,Lying
2024-07-05 09:28:39.500000+00:00,combi,Lying,Lying
2024-07-05 09:29:39.500000+00:00,combi,Sitting,Sitting
2024-07-05 09:30:39.500000+00:00,combi,Standing,Dynamic
2024-07-05 09:31:39.500000+00:00,combi,Standing,Dynamic
2024-07-05 09:32:39.500000+00:00,combi,Standing,Dynamic
2024-07-05 09:33:39.500000+00:00,combi,Standing,Standing
2024-07-05 09:34:39.500000+00:00,combi,Standing,Sitting
2024-07-05 09:35:39.500000+00:00,combi,Standing,Dynamic
2024-07-05 09:36:39.500000+00:00,combi,Sitting,Sitting
2024-07-05 09:37:39.500000+00:00,combi,Standing,Dynamic
2024-07-05 09:38:39.500000+00:00,combi,Sitting,Sitting
2024-07-05 09:39:39.500000+00:00,combi,Sitting,Sitting
2024-07-05 09:40:39.500000+00:00,combi,Sitting,Sitting
2024-07-05 09:41:39.500000+00:00,combi,Sitting,Sitting
2024-07-05 09:42:39.500000+00:00,combi,Sitting,Sitting
2024-07-05 09:43:39.500000+00:00,combi,Sitting,Sitting
2024-07-05 09:44:39.500000+00:00,combi,Sitting,Sitting
2024-07-05 09:45:39.500000+00:00,combi,Standing,Dynamic
2024-07-05 09:46:39.500000+00:00,combi,Sitting,Dynamic
2024-07-05 09:47:39.500000+00:00,combi,Standing,Dynamic
2024-07-05 09:48:39.500000+00:00,combi,Standing,Dynamic
2024-07-05 09:49:39.500000+00:00,combi,Standing,Dynamic
2024-07-05 09:50:39.500000+00:00,combi,Sitting,Dynamic
2024-07-05 09:51:39.500000+00:00,combi,Sitting,Dynamic
2024-07-05 09:52:39.500000+00:00,combi,Sitting,Dynamic
2024-07-05 09:53:39.500000+00:00,combi,Sitting,Dynamic
2024-07-05 09:54:39.500000+00:00,combi,Sitting,Dynamic
2024-07-05 09:55:39.500000+00:00,combi,Sitting,Dynamic
2024-07-05 09:56:39.500000+00:00,combi,Sitting,Dynamic
2024-07-05 09:57:39.500000+00:00,combi,Sitting,Dynamic
2024-07-05 09:58:39.500000+00:00,combi,Sitting,Dynamic
2024-07-05 09:59:39.500000+00:00,combi,Sitting,Dynamic
2024-07-05 10:00:39.500000+00:00,combi,Sitting,Dynamic
2024-07-05 10:01:39.500000+00:00,combi,Sitting,Dynamic
2024-07-05 10:02:39.500000+00:00,combi,Sitting,Dynamic
2024-07-05 10:03:39.500000+00:00,combi,Standing,Dynamic
2024-07-05 10:04:39.500000+00:00,combi,Standing,Dynamic
2024-07-05 10:05:39.500000+00:00,combi,Standing,Dynamic
2024-07-05 10:06:39.500000+00:00,combi,Lying,Dynamic
2024-07-05 10:07:39.500000+00:00,combi,Standing,Dynamic
2024-07-05 10:08:39.500000+00:00,combi,Standing,Dynamic
2024-07-05 10:09:39.500000+00:00,combi,Sitting,Dynamic
2024-07-05 10:10:39.500000+00:00,combi,Sitting,Dynamic
2024-07-05 10:11:39.500000+00:00,combi,Sitting,Dynamic
2024-07-05 10:12:39.500000+00:00,combi,Sitting,Dynamic
2024-07-05 10:13:39.500000+00:00,combi,Sitting,Dynamic
2024-07-05 10:14:39.500000+00:00,combi,Sitting,Sitting
2024-07-05 10:15:39.500000+00:00,combi,Sitting,Dynamic
2024-07-05 10:16:39.500000+00:00,combi,Sitting,Dynamic
2024-07-05 10:17:39.500000+00:00,combi,Sitting,Dynamic
2024-07-05 10:18:39.500000+00:00,combi,Sitting,Dynamic
2024-07-05 10:19:39.500000+00:00,combi,Lying,Dynamic
2024-07-05 10:20:39.500000+00:00,combi,Standing,Dynamic
2024-07-05 10:21:39.500000+00:00,combi,Standing,Dynamic
2024-07-05 10:22:39.500000+00:00,combi,Sitting,Sitting
2024-07-05 10:23:39.500000+00:00,combi,Sitting,Sitting
2024-07-05 10:24:39.500000+00:00,combi,Standing,Dynamic
2024-07-05 10:25:39.500000+00:00,combi,Lying,Lying
2024-07-05 10:26:39.500000+00:00,combi,Sitting,Sitting
2024-07-05 10:27:39.500000+00:00,combi,Sitting,Sitting
2024-07-05 10:28:39.500000+00:00,combi,Sitting,Sitting
2024-07-05 10:29:39.500000+00:00,combi,Sitting,Sitting
2024-07-05 10:30:39.500000+00:00,combi,Sitting,Sitting
2024-07-05 10:31:39.500000+00:00,combi,Sitting,Sitting
2024-07-05 10:32:39.500000+00:00,combi,Sitting,Sitting
2024-07-05 10:33:39.500000+00:00,combi,Sitting,Sitting
2024-07-05 10:34:39.500000+00:00,combi,Sitting,Sitting
2024-07-05 10:35:39.500000+00:00,combi,Sitting,Sitting
2024-07-05 10:36:39.500000+00:00,combi,Sitting,Sitting
2024-07-05 10:37:39.500000+00:00,combi,Sitting,Sitting
2024-07-05 10:38:39.500000+00:00,combi,Sitting,Sitting
2024-07-05 10:39:39.500000+00:00,combi,Sitting,Sitting
2024-07-05 10:40:39.500000+00:00,combi,Sitting,Sitting
2024-07-05 10:41:39.500000+00:00,combi,Sitting,Sitting
2024-07-05 10:42:39.500000+00:00,combi,Sitting,Sitting
2024-07-05 10:43:39.500000+00:00,combi,Sitting,Sitting
2024-07-05 10:44:39.500000+00:00,combi,Sitting,Sitting
2024-07-05 10:45:39.500000+00:00,combi,Sitting,Sitting
2024-07-05 10:46:39.500000+00:00,combi,Sitting,Sitting
2024-07-05 10:47:39.500000+00:00,combi,Sitting,Sitting
2024-07-05 10:48:39.500000+00:00,combi,Sitting,Sitting
2024-07-05 10:49:39.500000+00:00,combi,Sitting,Sitting
2024-07-05 10:50:39.500000+00:00,combi,Sitting,Sitting
2024-07-05 10:51:39.500000+00:00,combi,Sitting,Sitting
2024-07-05 10:52:39.500000+00:00,combi,Sitting,Sitting
2024-07-05 10:53:39.500000+00:00,combi,Sitting,Sitting
2024-07-05 10:54:39.500000+00:00,combi,Sitting,Sitting
2024-07-05 10:55:39.500000+00:00,combi,Sitting,Sitting
2024-07-05 10:56:39.500000+00:00,combi,Sitting,Sitting
2024-07-05 10:57:39.500000+00:00,combi,Sitting,Sitting
2024-07-05 10:58:39.500000+00:00,combi,Sitting,Sitting
2024-07-05 10:59:39.500000+00:00,combi,Sitting,Sitting
2024-07-05 11:00:39.500000+00:00,combi,Sitting,Sitting
2024-07-05 11:01:39.500000+00:00,combi,Sitting,Sitting
2024-07-05 11:02:39.500000+00:00,combi,Sitting,Sitting
2024-07-05 11:03:39.500000+00:00,combi,Sitting,Sitting
2024-07-05 11:04:39.500000+00:00,combi,Sitting,Sitting
2024-07-05 11:05:39.500000+00:00,combi,Sitting,Sitting
2024-07-05 11:06:39.500000+00:00,combi,Sitting,Sitting
2024-07-05 11:07:39.500000+00:00,combi,Sitting,Sitting
2024-07-05 11:08:39.500000+00:00,combi,Sitting,Sitting
2024-07-05 11:09:39.500000+00:00,combi,Sitting,Sitting
2024-07-05 11:10:39.500000+00:00,combi,Sitting,Sitting
2024-07-05 11:11:39.500000+00:00,combi,Sitting,Sitting
2024-07-05 11:12:39.500000+00:00,combi,Sitting,Sitting
2024-07-05 11:13:39.500000+00:00,combi,Sitting,Sitting
2024-07-05 11:14:39.500000+00:00,combi,Sitting,Sitting
2024-07-05 11:15:39.500000+00:00,combi,Sitting,Sitting
2024-07-05 11:16:39.500000+00:00,combi,Sitting,Sitting
2024-07-05 11:17:39.500000+00:00,combi,Sitting,Sitting
2024-07-05 11:18:39.500000+00:00,combi,Sitting,Sitting
2024-07-05 11:19:39.500000+00:00,combi,Sitting,Sitting
2024-07-05 11:20:39.500000+00:00,combi,Sitting,Sitting
2024-07-05 11:21:39.500000+00:00,combi,Sitting,Sitting
2024-07-05 11:22:39.500000+00:00,combi,Sitting,Sitting
2024-07-05 11:23:39.500000+00:00,combi,Sitting,Sitting
2024-07-05 11:24:39.500000+00:00,combi,Sitting,Sitting
2024-07-05 11:25:39.500000+00:00,combi,Sitting,Sitting
2024-07-05 11:26:39.500000+00:00,combi,Sitting,Sitting
2024-07-05 11:27:39.500000+00:00,combi,Sitting,Sitting
2024-07-05 11:28:39.500000+00:00,combi,Sitting,Sitting
2024-07-05 11:29:39.500000+00:00,combi,Sitting,Sitting
2024-07-05 11:30:39.500000+00:00,combi,Sitting,Sitting
2024-07-05 11:31:39.500000+00:00,combi,Sitting,Sitting
2024-07-05 11:32:39.500000+00:00,combi,Sitting,Sitting
2024-07-05 11:33:39.500000+00:00,combi,Sitting,Sitting
2024-07-05 11:34:39.500000+00:00,combi,Sitting,Sitting
2024-07-05 11:35:39.500000+00:00,combi,Sitting,Sitting
2024-07-05 11:36:39.500000+00:00,combi,Sitting,Sitting
2024-07-05 11:37:39.500000+00:00,combi,Sitting,Sitting
2024-07-05 11:38:39.500000+00:00,combi,Sitting,Sitting
2024-07-05 11:39:39.500000+00:00,combi,Sitting,Sitting
2024-07-05 11:40:39.500000+00:00,combi,Sitting,Sitting
2024-07-05 11:41:39.500000+00:00,combi,Sitting,Sitting
2024-07-05 11:42:39.500000+00:00,combi,Sitting,Sitting
2024-07-05 11:43:39.500000+00:00,combi,Sitting,Sitting
2024-07-05 11:44:39.500000+00:00,combi,Sitting,Sitting
2024-07-05 11:45:39.500000+00:00,combi,Sitting,Sitting
2024-07-05 11:46:39.500000+00:00,combi,Sitting,Sitting
2024-07-05 11:47:39.500000+00:00,combi,Sitting,Sitting
2024-07-05 11:48:39.500000+00:00,combi,Sitting,Sitting
2024-07-05 11:49:39.500000+00:00,combi,Sitting,Sitting
2024-07-05 11:50:39.500000+00:00,combi,Sitting,Sitting
2024-07-05 11:51:39.500000+00:00,combi,Sitting,Sitting
2024-07-05 11:52:39.500000+00:00,combi,Sitting,Sitting
2024-07-05 11:53:39.500000+00:00,combi,Sitting,Sitting
2024-07-05 11:54:39.500000+00:00,combi,Sitting,Sitting
2024-07-05 11:55:39.500000+00:00,combi,Sitting,Sitting
2024-07-05 11:56:39.500000+00:00,combi,Sitting,Sitting
2024-07-05 11:57:39.500000+00:00,combi,Sitting,Sitting
2024-07-05 11:58:39.500000+00:00,combi,Sitting,Sitting
2024-07-05 11:59:39.500000+00:00,combi,Sitting,Sitting
2024-07-05 12:00:39.500000+00:00,combi,Sitting,Sitting
2024-07-05 12:01:39.500000+00:00,combi,Sitting,Sitting
2024-07-05 12:02:39.500000+00:00,combi,Standing,Dynamic
2024-07-05 12:03:39.500000+00:00,combi,Sitting,Sitting
2024-07-05 12:04:39.500000+00:00,combi,Sitting,Sitting
2024-07-05 12:05:39.500000+00:00,combi,Standing,Dynamic
2024-07-05 12:06:39.500000+00:00,combi,Standing,Dynamic
2024-07-05 12:07:39.500000+00:00,combi,Standing,Dynamic
2024-07-05 12:08:39.500000+00:00,combi,Standing,Dynamic
2024-07-05 12:09:39.500000+00:00,combi,Standing,Sitting
2024-07-05 12:10:39.500000+00:00,combi,Sitting,Sitting
2024-07-05 12:11:39.500000+00:00,combi,Sitting,Sitting
2024-07-05 12:12:39.500000+00:00,combi,Sitting,Sitting
2024-07-05 12:13:39.500000+00:00,combi,Standing,Dynamic
2024-07-05 12:14:39.500000+00:00,combi,Standing,Standing
2024-07-05 12:15:39.500000+00:00,combi,Standing,Dynamic
2024-07-05 12:16:39.500000+00:00,combi,Sitting,Sitting
2024-07-05 12:17:39.500000+00:00,combi,Sitting,Sitting
2024-07-05 12:18:39.500000+00:00,combi,Sitting,Sitting
2024-07-05 12:19:39.500000+00:00,combi,Sitting,Sitting
2024-07-05 12:20:39.500000+00:00,combi,Lying,Dynamic
2024-07-05 12:21:39.500000+00:00,combi,Sitting,Sitting
2024-07-05 12:22:39.500000+00:00,combi,Sitting,Sitting
2024-07-05 12:23:39.500000+00:00,combi,Sitting,Sitting
2024-07-05 12:24:39.500000+00:00,combi,Sitting,Sitting
2024-07-05 12:25:39.500000+00:00,combi,Sitting,Sitting
2024-07-05 12:26:39.500000+00:00,combi,Sitting,Sitting
2024-07-05 12:27:39.500000+00:00,combi,Sitting,Sitting
2024-07-05 12:28:39.500000+00:00,combi,Sitting,Sitting
2024-07-05 12:29:39.500000+00:00,combi,Sitting,Sitting
2024-07-05 12:30:39.500000+00:00,combi,Sitting,Sitting
2024-07-05 12:31:39.500000+00:00,combi,Sitting,Sitting
2024-07-05 12:32:39.500000+00:00,combi,Sitting,Sitting
2024-07-05 12:33:39.500000+00:00,combi,Sitting,Sitting
2024-07-05 12:34:39.500000+00:00,combi,Sitting,Sitting
2024-07-05 12:35:39.500000+00:00,combi,Sitting,Sitting
2024-07-05 12:36:39.500000+00:00,combi,Sitting,Sitting
2024-07-05 12:37:39.500000+00:00,combi,Sitting,Sitting
2024-07-05 12:38:39.500000+00:00,combi,Sitting,Sitting
2024-07-05 12:39:39.500000+00:00,combi,Sitting,Sitting
2024-07-05 12:40:39.500000+00:00,combi,Sitting,Sitting
2024-07-05 12:41:39.500000+00:00,combi,Sitting,Sitting
2024-07-05 12:42:39.500000+00:00,combi,Sitting,Sitting
2024-07-05 12:43:39.500000+00:00,combi,Sitting,Sitting
2024-07-05 12:44:39.500000+00:00,combi,Standing,Standing
2024-07-05 12:45:39.500000+00:00,combi,Standing,Standing
2024-07-05 12:46:39.500000+00:00,combi,Lying,Lying
2024-07-05 12:47:39.500000+00:00,combi,Lying,Lying
2024-07-05 12:48:39.500000+00:00,combi,Lying,Lying
2024-07-05 12:49:39.500000+00:00,combi,Lying,Lying
2024-07-05 12:50:39.500000+00:00,combi,Lying,Lying
2024-07-05 12:51:39.500000+00:00,combi,Standing,Dynamic
2024-07-05 12:52:39.500000+00:00,combi,Standing,Standing
2024-07-05 12:53:39.500000+00:00,combi,Lying,Dynamic
2024-07-05 12:54:39.500000+00:00,combi,Lying,Lying
2024-07-05 12:55:39.500000+00:00,combi,Lying,Lying
2024-07-05 12:56:39.500000+00:00,combi,Lying,Lying
2024-07-05 12:57:39.500000+00:00,combi,Lying,Lying
2024-07-05 12:58:39.500000+00:00,combi,Lying,Lying
2024-07-05 12:59:39.500000+00:00,combi,Lying,Lying
2024-07-05 13:00:39.500000+00:00,combi,Lying,Lying
2024-07-05 13:01:39.500000+00:00,combi,Lying,Lying
2024-07-05 13:02:39.500000+00:00,combi,Lying,Lying
2024-07-05 13:03:39.500000+00:00,combi,Lying,Lying
2024-07-05 13:04:39.500000+00:00,combi,Lying,Lying
2024-07-05 13:05:39.500000+00:00,combi,Lying,Lying
2024-07-05 13:06:39.500000+00:00,combi,Lying,Lying
2024-07-05 13:07:39.500000+00:00,combi,Lying,Lying
2024-07-05 13:08:39.500000+00:00,combi,Lying,Lying
2024-07-05 13:09:39.500000+00:00,combi,Lying,Lying
2024-07-05 13:10:39.500000+00:00,combi,Lying,Lying
2024-07-05 13:11:39.500000+00:00,combi,Lying,Lying
2024-07-05 13:12:39.500000+00:00,combi,Lying,Lying
2024-07-05 13:13:39.500000+00:00,combi,Lying,Lying
2024-07-05 13:14:39.500000+00:00,combi,Lying,Lying
2024-07-05 13:15:39.500000+00:00,combi,Lying,Lying
2024-07-05 13:16:39.500000+00:00,combi,Lying,Lying
2024-07-05 13:17:39.500000+00:00,combi,Sitting,Sitting
2024-07-05 13:18:39.500000+00:00,combi,Sitting,Sitting
2024-07-05 13:19:39.500000+00:00,combi,Sitting,Sitting
2024-07-05 13:20:39.500000+00:00,combi,Sitting,Sitting
2024-07-05 13:21:39.500000+00:00,combi,Sitting,Sitting
2024-07-05 13:22:39.500000+00:00,combi,Sitting,Sitting
2024-07-05 13:23:39.500000+00:00,combi,Sitting,Sitting
2024-07-05 13:24:39.500000+00:00,combi,Standing,Standing
2024-07-05 13:25:39.500000+00:00,combi,Standing,Dynamic
2024-07-05 13:26:39.500000+00:00,combi,Standing,Dynamic
2024-07-05 13:27:39.500000+00:00,combi,Sitting,Dynamic
2024-07-05 13:28:39.500000+00:00,combi,Standing,Dynamic
2024-07-05 13:29:39.500000+00:00,combi,Standing,Dynamic
2024-07-05 13:30:39.500000+00:00,combi,Standing,Dynamic
2024-07-05 13:31:39.500000+00:00,combi,Standing,Dynamic
2024-07-05 13:32:39.500000+00:00,combi,Standing,Dynamic
2024-07-05 13:33:39.500000+00:00,combi,Sitting,Dynamic
2024-07-05 13:34:39.500000+00:00,combi,Sitting,Dynamic
2024-07-05 13:35:39.500000+00:00,combi,Sitting,Dynamic
2024-07-05 13:36:39.500000+00:00,combi,Standing,Dynamic
2024-07-05 13:37:39.500000+00:00,combi,Sitting,Dynamic
2024-07-05 13:38:39.500000+00:00,combi,Standing,Standing
2024-07-05 13:39:39.500000+00:00,combi,Sitting,Dynamic
2024-07-05 13:40:39.500000+00:00,combi,Sitting,Dynamic
2024-07-05 13:41:39.500000+00:00,combi,Sitting,Dynamic
2024-07-05 13:42:39.500000+00:00,combi,Sitting,Dynamic
2024-07-05 13:43:39.500000+00:00,combi,Standing,Dynamic
2024-07-05 13:44:39.500000+00:00,combi,Standing,Dynamic
2024-07-05 13:45:39.500000+00:00,combi,Standing,Dynamic
2024-07-05 13:46:39.500000+00:00,combi,Standing,Standing
2024-07-05 13:47:39.500000+00:00,combi,Standing,Standing
2024-07-05 13:48:39.500000+00:00,combi,Standing,Dynamic
2024-07-05 13:49:39.500000+00:00,combi,Standing,Dynamic
2024-07-05 13:50:39.500000+00:00,combi,Standing,Sitting
2024-07-05 13:51:39.500000+00:00,combi,Sitting,Sitting
2024-07-05 13:52:39.500000+00:00,combi,Standing,Dynamic
2024-07-05 13:53:39.500000+00:00,combi,Sitting,Sitting
2024-07-05 13:54:39.500000+00:00,combi,Sitting,Sitting
2024-07-05 13:55:39.500000+00:00,combi,Sitting,Sitting
2024-07-05 13:56:39.500000+00:00,combi,Sitting,Sitting
2024-07-05 13:57:39.500000+00:00,combi,Sitting,Sitting
2024-07-05 13:58:39.500000+00:00,combi,Sitting,Sitting
2024-07-05 13:59:39.500000+00:00,combi,Sitting,Sitting
2024-07-05 14:00:39.500000+00:00,combi,Sitting,Sitting
2024-07-05 14:01:39.500000+00:00,combi,Sitting,Sitting
2024-07-05 14:02:39.500000+00:00,combi,Sitting,Sitting
2024-07-05 14:03:39.500000+00:00,combi,Sitting,Sitting
2024-07-05 14:04:39.500000+00:00,combi,Sitting,Sitting
2024-07-05 14:05:39.500000+00:00,combi,Sitting,Sitting
2024-07-05 14:06:39.500000+00:00,combi,Sitting,Sitting
2024-07-05 14:07:39.500000+00:00,combi,Sitting,Sitting
2024-07-05 14:08:39.500000+00:00,combi,Sitting,Sitting
2024-07-05 14:09:39.500000+00:00,combi,Sitting,Sitting
2024-07-05 14:10:39.500000+00:00,combi,Sitting,Sitting
2024-07-05 14:11:39.500000+00:00,combi,Sitting,Sitting
2024-07-05 14:12:39.500000+00:00,combi,Sitting,Sitting
2024-07-05 14:13:39.500000+00:00,combi,Sitting,Sitting
2024-07-05 14:14:39.500000+00:00,combi,Sitting,Sitting
2024-07-05 14:15:39.500000+00:00,combi,Sitting,Sitting
2024-07-05 14:16:39.500000+00:00,combi,Sitting,Sitting
2024-07-05 14:17:39.500000+00:00,combi,Sitting,Sitting
2024-07-05 14:18:39.500000+00:00,combi,Sitting,Sitting
2024-07-05 14:19:39.500000+00:00,combi,Sitting,Sitting
2024-07-05 14:20:39.500000+00:00,combi,Sitting,Sitting
2024-07-05 14:21:39.500000+00:00,combi,Sitting,Sitting
2024-07-05 14:22:39.500000+00:00,combi,Sitting,Sitting
2024-07-05 14:23:39.500000+00:00,combi,Sitting,Sitting
2024-07-05 14:24:39.500000+00:00,combi,Sitting,Sitting
2024-07-05 14:25:39.500000+00:00,combi,Sitting,Sitting
2024-07-05 14:26:39.500000+00:00,combi,Sitting,Sitting
2024-07-05 14:27:39.500000+00:00,combi,Sitting,Sitting
2024-07-05 14:28:39.500000+00:00,combi,Sitting,Sitting
2024-07-05 14:29:39.500000+00:00,combi,Sitting,Sitting
2024-07-05 14:30:39.500000+00:00,combi,Sitting,Sitting
2024-07-05 14:31:39.500000+00:00,combi,Sitting,Sitting
2024-07-05 14:32:39.500000+00:00,combi,Sitting,Sitting
2024-07-05 14:33:39.500000+00:00,combi,Sitting,Sitting
2024-07-05 14:34:39.500000+00:00,combi,Sitting,Sitting
2024-07-05 14:35:39.500000+00:00,combi,Sitting,Sitting
2024-07-05 14:36:39.500000+00:00,combi,Sitting,Sitting
2024-07-05 14:37:39.500000+00:00,combi,Sitting,Sitting
2024-07-05 14:38:39.500000+00:00,combi,Sitting,Sitting
2024-07-05 14:39:39.500000+00:00,combi,Sitting,Sitting
2024-07-05 14:40:39.500000+00:00,combi,Sitting,Sitting
2024-07-05 14:41:39.500000+00:00,combi,Sitting,Sitting
2024-07-05 14:42:39.500000+00:00,combi,Sitting,Sitting
2024-07-05 14:43:39.500000+00:00,combi,Sitting,Sitting
2024-07-05 14:44:39.500000+00:00,combi,Sitting,Sitting
2024-07-05 14:45:39.500000+00:00,combi,Sitting,Sitting
2024-07-05 14:46:39.500000+00:00,combi,Sitting,Sitting
2024-07-05 14:47:39.500000+00:00,combi,Sitting,Sitting
2024-07-05 14:48:39.500000+00:00,combi,Sitting,Sitting
2024-07-05 14:49:39.500000+00:00,combi,Sitting,Sitting
2024-07-05 14:50:39.500000+00:00,combi,Sitting,Sitting
2024-07-05 14:51:39.500000+00:00,combi,Sitting,Sitting
2024-07-05 14:52:39.500000+00:00,combi,Sitting,Sitting
2024-07-05 14:53:39.500000+00:00,combi,Standing,Dynamic
2024-07-05 14:54:39.500000+00:00,combi,Sitting,Sitting
2024-07-05 14:55:39.500000+00:00,combi,Sitting,Sitting
2024-07-05 14:56:39.500000+00:00,combi,Sitting,Sitting
2024-07-05 14:57:39.500000+00:00,combi,Sitting,Sitting
2024-07-05 14:58:39.500000+00:00,combi,Sitting,Sitting
2024-07-05 14:59:39.500000+00:00,combi,Sitting,Sitting
2024-07-05 15:00:39.500000+00:00,combi,Sitting,Sitting
2024-07-05 15:01:39.500000+00:00,combi,Sitting,Sitting
2024-07-05 15:02:39.500000+00:00,combi,Sitting,Sitting
2024-07-05 15:03:39.500000+00:00,combi,Sitting,Sitting
2024-07-05 15:04:39.500000+00:00,combi,Sitting,Sitting
2024-07-05 15:05:39.500000+00:00,combi,Sitting,Sitting
2024-07-05 15:06:39.500000+00:00,combi,Sitting,Sitting
2024-07-05 15:07:39.500000+00:00,combi,Sitting,Sitting
2024-07-05 15:08:39.500000+00:00,combi,Sitting,Sitting
2024-07-05 15:09:39.500000+00:00,combi,Sitting,Sitting
2024-07-05 15:10:39.500000+00:00,combi,Sitting,Sitting
2024-07-05 15:11:39.500000+00:00,combi,Sitting,Sitting
2024-07-05 15:12:39.500000+00:00,combi,Sitting,Sitting
2024-07-05 15:13:39.500000+00:00,combi,Sitting,Sitting
2024-07-05 15:14:39.500000+00:00,combi,Lying,Dynamic
2024-07-05 15:15:39.500000+00:00,combi,Standing,Standing
2024-07-05 15:16:39.500000+00:00,combi,Sitting,Sitting
2024-07-05 15:17:39.500000+00:00,combi,Sitting,Sitting
2024-07-05 15:18:39.500000+00:00,combi,Sitting,Sitting
2024-07-05 15:19:39.500000+00:00,combi,Sitting,Sitting
2024-07-05 15:20:39.500000+00:00,combi,Sitting,Sitting
2024-07-05 15:21:39.500000+00:00,combi,Sitting,Sitting
2024-07-05 15:22:39.500000+00:00,combi,Sitting,Sitting
2024-07-05 15:23:39.500000+00:00,combi,Sitting,Sitting
2024-07-05 15:24:39.500000+00:00,combi,Sitting,Sitting
2024-07-05 15:25:39.500000+00:00,combi,Sitting,Sitting
2024-07-05 15:26:39.500000+00:00,combi,Sitting,Sitting
2024-07-05 15:27:39.500000+00:00,combi,Sitting,Sitting
2024-07-05 15:28:39.500000+00:00,combi,Sitting,Sitting
2024-07-05 15:29:39.500000+00:00,combi,Sitting,Sitting
2024-07-05 15:30:39.500000+00:00,combi,Standing,Dynamic
2024-07-05 15:31:39.500000+00:00,combi,Sitting,Sitting
2024-07-05 15:32:39.500000+00:00,combi,Sitting,Sitting
2024-07-05 15:33:39.500000+00:00,combi,Sitting,Sitting
2024-07-05 15:34:39.500000+00:00,combi,Sitting,Sitting
2024-07-05 15:35:39.500000+00:00,combi,Sitting,Sitting
2024-07-05 15:36:39.500000+00:00,combi,Sitting,Sitting
2024-07-05 15:37:39.500000+00:00,combi,Sitting,Sitting
2024-07-05 15:38:39.500000+00:00,combi,Sitting,Sitting
2024-07-05 15:39:39.500000+00:00,combi,Sitting,Sitting
2024-07-05 15:40:39.500000+00:00,combi,Sitting,Sitting
2024-07-05 15:41:39.500000+00:00,combi,Sitting,Sitting
2024-07-05 15:42:39.500000+00:00,combi,Sitting,Sitting
2024-07-05 15:43:39.500000+00:00,combi,Sitting,Sitting
2024-07-05 15:44:39.500000+00:00,combi,Sitting,Sitting
2024-07-05 15:45:39.500000+00:00,combi,Sitting,Sitting
2024-07-05 15:46:39.500000+00:00,combi,Sitting,Sitting
2024-07-05 15:47:39.500000+00:00,combi,Sitting,Sitting
2024-07-05 15:48:39.500000+00:00,combi,Sitting,Sitting
2024-07-05 15:49:39.500000+00:00,combi,Sitting,Sitting
2024-07-05 15:50:39.500000+00:00,combi,Sitting,Sitting
2024-07-05 15:51:39.500000+00:00,combi,Sitting,Sitting
2024-07-05 15:52:39.500000+00:00,combi,Sitting,Sitting
2024-07-05 15:53:39.500000+00:00,combi,Sitting,Sitting
2024-07-05 15:54:39.500000+00:00,combi,Sitting,Sitting
2024-07-05 15:55:39.500000+00:00,combi,Sitting,Sitting
2024-07-05 15:56:39.500000+00:00,combi,Sitting,Sitting
2024-07-05 15:57:39.500000+00:00,combi,Sitting,Sitting
2024-07-05 15:58:39.500000+00:00,combi,Sitting,Sitting
2024-07-05 15:59:39.500000+00:00,combi,Sitting,Sitting
2024-07-05 16:00:39.500000+00:00,combi,Sitting,Sitting
2024-07-05 16:01:39.500000+00:00,combi,Sitting,Sitting
2024-07-05 16:02:39.500000+00:00,combi,Sitting,Sitting
2024-07-05 16:03:39.500000+00:00,combi,Sitting,Sitting
2024-07-05 16:04:39.500000+00:00,combi,Sitting,Sitting
2024-07-05 16:05:39.500000+00:00,combi,Sitting,Sitting
2024-07-05 16:06:39.500000+00:00,combi,Sitting,Sitting
2024-07-05 16:07:39.500000+00:00,combi,Sitting,Sitting
2024-07-05 16:08:39.500000+00:00,combi,Sitting,Sitting
2024-07-05 16:09:39.500000+00:00,combi,Sitting,Sitting
2024-07-05 16:10:39.500000+00:00,combi,Sitting,Sitting
2024-07-05 16:11:39.500000+00:00,combi,Sitting,Sitting
2024-07-05 16:12:39.500000+00:00,combi,Sitting,Sitting
2024-07-05 16:13:39.500000+00:00,combi,Sitting,Sitting
2024-07-05 16:14:39.500000+00:00,combi,Sitting,Sitting
2024-07-05 16:15:39.500000+00:00,combi,Sitting,Sitting
2024-07-05 16:16:39.500000+00:00,combi,Sitting,Sitting
2024-07-05 16:17:39.500000+00:00,combi,Standing,Dynamic
2024-07-05 16:18:39.500000+00:00,combi,Sitting,Sitting
2024-07-05 16:19:39.500000+00:00,combi,Sitting,Sitting
2024-07-05 16:20:39.500000+00:00,combi,Sitting,Sitting
2024-07-05 16:21:39.500000+00:00,combi,Sitting,Sitting
2024-07-05 16:22:39.500000+00:00,combi,Sitting,Sitting
2024-07-05 16:23:39.500000+00:00,combi,Sitting,Sitting
2024-07-05 16:24:39.500000+00:00,combi,Sitting,Sitting
2024-07-05 16:25:39.500000+00:00,combi,Sitting,Sitting
2024-07-05 16:26:39.500000+00:00,combi,Sitting,Sitting
2024-07-05 16:27:39.500000+00:00,combi,Sitting,Sitting
2024-07-05 16:28:39.500000+00:00,combi,Sitting,Sitting
2024-07-05 16:29:39.500000+00:00,combi,Sitting,Sitting
2024-07-05 16:30:39.500000+00:00,combi,Sitting,Sitting
2024-07-05 16:31:39.500000+00:00,combi,Sitting,Sitting
2024-07-05 16:32:39.500000+00:00,combi,Sitting,Sitting
2024-07-05 16:33:39.500000+00:00,combi,Sitting,Sitting
2024-07-05 16:34:39.500000+00:00,combi,Sitting,Sitting
2024-07-05 16:35:39.500000+00:00,combi,Sitting,Sitting
2024-07-05 16:36:39.500000+00:00,combi,Sitting,Sitting
2024-07-05 16:37:39.500000+00:00,combi,Sitting,Sitting
2024-07-05 16:38:39.500000+00:00,combi,Sitting,Sitting
2024-07-05 16:39:39.500000+00:00,combi,Sitting,Sitting
2024-07-05 16:40:39.500000+00:00,combi,Sitting,Sitting
2024-07-05 16:41:39.500000+00:00,combi,Sitting,Sitting
2024-07-05 16:42:39.500000+00:00,combi,Sitting,Sitting
2024-07-05 16:43:39.500000+00:00,combi,Sitting,Sitting
2024-07-05 16:44:39.500000+00:00,combi,Sitting,Sitting
2024-07-05 16:45:39.500000+00:00,combi,Sitting,Sitting
2024-07-05 16:46:39.500000+00:00,combi,Sitting,Sitting
2024-07-05 16:47:39.500000+00:00,combi,Sitting,Sitting
2024-07-05 16:48:39.500000+00:00,combi,Sitting,Sitting
2024-07-05 16:49:39.500000+00:00,combi,Sitting,Sitting
2024-07-05 16:50:39.500000+00:00,combi,Sitting,Sitting
2024-07-05 16:51:39.500000+00:00,combi,Sitting,Sitting
2024-07-05 16:52:39.500000+00:00,combi,Standing,Dynamic
2024-07-05 16:53:39.500000+00:00,combi,Standing,Dynamic
2024-07-05 16:54:39.500000+00:00,combi,Standing,Standing
2024-07-05 16:55:39.500000+00:00,combi,Standing,Dynamic
2024-07-05 16:56:39.500000+00:00,combi,Standing,Dynamic
2024-07-05 16:57:39.500000+00:00,combi,Sitting,Dynamic
2024-07-05 16:58:39.500000+00:00,combi,Sitting,Dynamic
2024-07-05 16:59:39.500000+00:00,combi,Lying,Dynamic
2024-07-05 17:00:39.500000+00:00,combi,Standing,Standing
2024-07-05 17:01:39.500000+00:00,combi,Standing,Standing
2024-07-05 17:02:39.500000+00:00,combi,Standing,Dynamic
2024-07-05 17:03:39.500000+00:00,combi,Standing,Dynamic
2024-07-05 17:04:39.500000+00:00,combi,Sitting,Sitting
2024-07-05 17:05:39.500000+00:00,combi,Sitting,Sitting
2024-07-05 17:06:39.500000+00:00,combi,Sitting,Sitting
2024-07-05 17:07:39.500000+00:00,combi,Standing,Sitting
2024-07-05 17:08:39.500000+00:00,combi,Sitting,Sitting
2024-07-05 17:09:39.500000+00:00,combi,Sitting,Sitting
2024-07-05 17:10:39.500000+00:00,combi,Sitting,Sitting
2024-07-05 17:11:39.500000+00:00,combi,Sitting,Sitting
2024-07-05 17:12:39.500000+00:00,combi,Sitting,Sitting
2024-07-05 17:13:39.500000+00:00,combi,Sitting,Sitting
2024-07-05 17:14:39.500000+00:00,combi,Sitting,Sitting
2024-07-05 17:15:39.500000+00:00,combi,Sitting,Sitting
2024-07-05 17:16:39.500000+00:00,combi,Sitting,Sitting
2024-07-05 17:17:39.500000+00:00,combi,Sitting,Sitting
2024-07-05 17:18:39.500000+00:00,combi,Sitting,Sitting
2024-07-05 17:19:39.500000+00:00,combi,Sitting,Sitting
2024-07-05 17:20:39.500000+00:00,combi,Sitting,Sitting
2024-07-05 17:21:39.500000+00:00,combi,Standing,Standing
2024-07-05 17:22:39.500000+00:00,combi,Sitting,Sitting
2024-07-05 17:23:39.500000+00:00,combi,Sitting,Sitting
2024-07-05 17:24:39.500000+00:00,combi,Sitting,Sitting
2024-07-05 17:25:39.500000+00:00,combi,Sitting,Sitting
2024-07-05 17:26:39.500000+00:00,combi,Sitting,Sitting
2024-07-05 17:27:39.500000+00:00,combi,Sitting,Sitting
2024-07-05 17:28:39.500000+00:00,combi,Sitting,Sitting
2024-07-05 17:29:39.500000+00:00,combi,Sitting,Sitting
2024-07-05 17:30:39.500000+00:00,combi,Sitting,Sitting
2024-07-05 17:31:39.500000+00:00,combi,Sitting,Sitting
2024-07-05 17:32:39.500000+00:00,combi,Standing,Standing
2024-07-05 17:33:39.500000+00:00,combi,Standing,Sitting
2024-07-05 17:34:39.500000+00:00,combi,Sitting,Sitting
2024-07-05 17:35:39.500000+00:00,combi,Sitting,Sitting
2024-07-05 17:36:39.500000+00:00,combi,Sitting,Sitting
2024-07-05 17:37:39.500000+00:00,combi,Sitting,Sitting
2024-07-05 17:38:39.500000+00:00,combi,Sitting,Sitting
2024-07-05 17:39:39.500000+00:00,combi,Sitting,Sitting
2024-07-05 17:40:39.500000+00:00,combi,Standing,Standing
2024-07-05 17:41:39.500000+00:00,combi,Standing,Standing
2024-07-05 17:42:39.500000+00:00,combi,Sitting,Sitting
2024-07-05 17:43:39.500000+00:00,combi,Sitting,Sitting
2024-07-05 17:44:39.500000+00:00,combi,Sitting,Sitting
2024-07-05 17:45:39.500000+00:00,combi,Sitting,Sitting
2024-07-05 17:46:39.500000+00:00,combi,Sitting,Sitting
2024-07-05 17:47:39.500000+00:00,combi,Sitting,Sitting
2024-07-05 17:48:39.500000+00:00,combi,Sitting,Sitting
2024-07-05 17:49:39.500000+00:00,combi,Sitting,Sitting
2024-07-05 17:50:39.500000+00:00,combi,Sitting,Sitting
2024-07-05 17:51:39.500000+00:00,combi,Sitting,Sitting
2024-07-05 17:52:39.500000+00:00,combi,Sitting,Sitting
2024-07-05 17:53:39.500000+00:00,combi,Sitting,Sitting
2024-07-05 17:54:39.500000+00:00,combi,Sitting,Sitting
2024-07-05 17:55:39.500000+00:00,combi,Sitting,Sitting
2024-07-05 17:56:39.500000+00:00,combi,Sitting,Sitting
2024-07-05 17:57:39.500000+00:00,combi,Sitting,Sitting
2024-07-05 17:58:39.500000+00:00,combi,Sitting,Sitting
2024-07-05 17:59:39.500000+00:00,combi,Sitting,Sitting
2024-07-05 18:00:39.500000+00:00,combi,Sitting,Sitting
2024-07-05 18:01:39.500000+00:00,combi,Sitting,Sitting
2024-07-05 18:02:39.500000+00:00,combi,Sitting,Sitting
2024-07-05 18:03:39.500000+00:00,combi,Sitting,Sitting
2024-07-05 18:04:39.500000+00:00,combi,Sitting,Sitting
2024-07-05 18:05:39.500000+00:00,combi,Sitting,Sitting
2024-07-05 18:06:39.500000+00:00,combi,Sitting,Sitting
2024-07-05 18:07:39.500000+00:00,combi,Sitting,Sitting
2024-07-05 18:08:39.500000+00:00,combi,Sitting,Sitting
2024-07-05 18:09:39.500000+00:00,combi,Sitting,Sitting
2024-07-05 18:10:39.500000+00:00,combi,Sitting,Sitting
2024-07-05 18:11:39.500000+00:00,combi,Sitting,Sitting
2024-07-05 18:12:39.500000+00:00,combi,Sitting,Sitting
2024-07-05 18:13:39.500000+00:00,combi,Sitting,Sitting
2024-07-05 18:14:39.500000+00:00,combi,Sitting,Sitting
2024-07-05 18:15:39.500000+00:00,combi,Sitting,Sitting
2024-07-05 18:16:39.500000+00:00,combi,Sitting,Sitting
2024-07-05 18:17:39.500000+00:00,combi,Sitting,Sitting
2024-07-05 18:18:39.500000+00:00,combi,Sitting,Sitting
2024-07-05 18:19:39.500000+00:00,combi,Sitting,Sitting
2024-07-05 18:20:39.500000+00:00,combi,Sitting,Sitting
2024-07-05 18:21:39.500000+00:00,combi,Sitting,Sitting
2024-07-05 18:22:39.500000+00:00,combi,Sitting,Sitting
2024-07-05 18:23:39.500000+00:00,combi,Sitting,Sitting
2024-07-05 18:24:39.500000+00:00,combi,Sitting,Sitting
2024-07-05 18:25:39.500000+00:00,combi,Sitting,Sitting
2024-07-05 18:26:39.500000+00:00,combi,Sitting,Sitting
2024-07-05 18:27:39.500000+00:00,combi,Sitting,Sitting
2024-07-05 18:28:39.500000+00:00,combi,Sitting,Sitting
2024-07-05 18:29:39.500000+00:00,combi,Sitting,Sitting
2024-07-05 18:30:39.500000+00:00,combi,Sitting,Sitting
2024-07-05 18:31:39.500000+00:00,combi,Sitting,Sitting
2024-07-05 18:32:39.500000+00:00,combi,Sitting,Sitting
2024-07-05 18:33:39.500000+00:00,combi,Sitting,Sitting
2024-07-05 18:34:39.500000+00:00,combi,Sitting,Sitting
2024-07-05 18:35:39.500000+00:00,combi,Sitting,Sitting
2024-07-05 18:36:39.500000+00:00,combi,Sitting,Sitting
2024-07-05 18:37:39.500000+00:00,combi,Sitting,Sitting
2024-07-05 18:38:39.500000+00:00,combi,Sitting,Sitting
2024-07-05 18:39:39.500000+00:00,combi,Sitting,Sitting
2024-07-05 18:40:39.500000+00:00,combi,Sitting,Sitting
2024-07-05 18:41:39.500000+00:00,combi,Sitting,Sitting
2024-07-05 18:42:39.500000+00:00,combi,Sitting,Sitting
2024-07-05 18:43:39.500000+00:00,combi,Sitting,Sitting
2024-07-05 18:44:39.500000+00:00,combi,Sitting,Sitting
2024-07-05 18:45:39.500000+00:00,combi,Sitting,Sitting
2024-07-05 18:46:39.500000+00:00,combi,Sitting,Sitting
2024-07-05 18:47:39.500000+00:00,combi,Standing,Dynamic
2024-07-05 18:48:39.500000+00:00,combi,Standing,Dynamic
2024-07-05 18:49:39.500000+00:00,combi,Standing,Standing
2024-07-05 18:50:39.500000+00:00,combi,Sitting,Sitting
2024-07-05 18:51:39.500000+00:00,combi,Sitting,Sitting
2024-07-05 18:52:39.500000+00:00,combi,Sitting,Sitting
2024-07-05 18:53:39.500000+00:00,combi,Sitting,Sitting
2024-07-05 18:54:39.500000+00:00,combi,Sitting,Sitting
2024-07-05 18:55:39.500000+00:00,combi,Sitting,Sitting
2024-07-05 18:56:39.500000+00:00,combi,Sitting,Sitting
2024-07-05 18:57:39.500000+00:00,combi,Standing,Sitting
2024-07-05 18:58:39.500000+00:00,combi,Sitting,Sitting
2024-07-05 18:59:39.500000+00:00,combi,Sitting,Sitting
2024-07-05 19:00:39.500000+00:00,combi,Standing,Dynamic
2024-07-05 19:01:39.500000+00:00,combi,Standing,Dynamic
2024-07-05 19:02:39.500000+00:00,combi,Lying,Dynamic
2024-07-05 19:03:39.500000+00:00,combi,Sitting,Dynamic
2024-07-05 19:04:39.500000+00:00,combi,Standing,Dynamic
2024-07-05 19:05:39.500000+00:00,combi,Standing,Dynamic
2024-07-05 19:06:39.500000+00:00,combi,Lying,Lying
2024-07-05 19:07:39.500000+00:00,combi,Lying,Lying
2024-07-05 19:08:39.500000+00:00,combi,Lying,Lying
2024-07-05 19:09:39.500000+00:00,combi,Lying,Lying
2024-07-05 19:10:39.500000+00:00,combi,Lying,Lying
2024-07-05 19:11:39.500000+00:00,combi,Sitting,Sitting
2024-07-05 19:12:39.500000+00:00,combi,Lying,Lying
2024-07-05 19:13:39.500000+00:00,combi,Lying,Lying
2024-07-05 19:14:39.500000+00:00,combi,Lying,Lying
2024-07-05 19:15:39.500000+00:00,combi,Lying,Lying
2024-07-05 19:16:39.500000+00:00,combi,Lying,Lying
2024-07-05 19:17:39.500000+00:00,combi,Lying,Lying
2024-07-05 19:18:39.500000+00:00,combi,Lying,Lying
2024-07-05 19:19:39.500000+00:00,combi,Lying,Lying
2024-07-05 19:20:39.500000+00:00,combi,Lying,Lying
2024-07-05 19:21:39.500000+00:00,combi,Lying,Lying
2024-07-05 19:22:39.500000+00:00,combi,Lying,Sitting
2024-07-05 19:23:39.500000+00:00,combi,Lying,Lying
2024-07-05 19:24:39.500000+00:00,combi,Lying,Lying
2024-07-05 19:25:39.500000+00:00,combi,Lying,Lying
2024-07-05 19:26:39.500000+00:00,combi,Lying,Lying
2024-07-05 19:27:39.500000+00:00,combi,Lying,Lying
2024-07-05 19:28:39.500000+00:00,combi,Lying,Lying
2024-07-05 19:29:39.500000+00:00,combi,Lying,Lying
2024-07-05 19:30:39.500000+00:00,combi,Lying,Lying
2024-07-05 19:31:39.500000+00:00,combi,Lying,Lying
2024-07-05 19:32:39.500000+00:00,combi,Lying,Lying
2024-07-05 19:33:39.500000+00:00,combi,Lying,Lying
2024-07-05 19:34:39.500000+00:00,combi,Lying,Lying
2024-07-05 19:35:39.500000+00:00,combi,Lying,Lying
2024-07-05 19:36:39.500000+00:00,combi,Lying,Lying
2024-07-05 19:37:39.500000+00:00,combi,Lying,Lying
2024-07-05 19:38:39.500000+00:00,combi,Lying,Lying
2024-07-05 19:39:39.500000+00:00,combi,Lying,Lying
2024-07-05 19:40:39.500000+00:00,combi,Lying,Lying
2024-07-05 19:41:39.500000+00:00,combi,Lying,Lying
2024-07-05 19:42:39.500000+00:00,combi,Lying,Lying
2024-07-05 19:43:39.500000+00:00,combi,Lying,Lying
2024-07-05 19:44:39.500000+00:00,combi,Lying,Lying
2024-07-05 19:45:39.500000+00:00,combi,Lying,Lying
2024-07-05 19:46:39.500000+00:00,combi,Lying,Lying
2024-07-05 19:47:39.500000+00:00,combi,Sitting,Sitting
2024-07-05 19:48:39.500000+00:00,combi,Sitting,Dynamic
2024-07-05 19:49:39.500000+00:00,combi,Sitting,Sitting
2024-07-05 19:50:39.500000+00:00,combi,Sitting,Sitting
2024-07-05 19:51:39.500000+00:00,combi,Sitting,Dynamic
2024-07-05 19:52:39.500000+00:00,combi,Lying,Lying
2024-07-05 19:53:39.500000+00:00,combi,Lying,Lying
2024-07-05 19:54:39.500000+00:00,combi,Lying,Lying
2024-07-05 19:55:39.500000+00:00,combi,Lying,Lying
2024-07-05 19:56:39.500000+00:00,combi,Lying,Lying
2024-07-05 19:57:39.500000+00:00,combi,Lying,Lying
2024-07-05 19:58:39.500000+00:00,combi,Lying,Lying
2024-07-05 19:59:39.500000+00:00,combi,Lying,Lying
2024-07-05 20:00:39.500000+00:00,combi,Lying,Lying
2024-07-05 20:01:39.500000+00:00,combi,Lying,Lying
2024-07-05 20:02:39.500000+00:00,combi,Lying,Lying
2024-07-05 20:03:39.500000+00:00,combi,Lying,Lying
2024-07-05 20:04:39.500000+00:00,combi,Lying,Lying
2024-07-05 20:05:39.500000+00:00,combi,Lying,Lying
2024-07-05 20:06:39.500000+00:00,combi,Lying,Lying
2024-07-05 20:07:39.500000+00:00,combi,Lying,Lying
2024-07-05 20:08:39.500000+00:00,combi,Lying,Lying
2024-07-05 20:09:39.500000+00:00,combi,Lying,Lying
2024-07-05 20:10:39.500000+00:00,combi,Lying,Lying
2024-07-05 20:11:39.500000+00:00,combi,Lying,Lying
2024-07-05 20:12:39.500000+00:00,combi,Lying,Lying
2024-07-05 20:13:39.500000+00:00,combi,Lying,Lying
2024-07-05 20:14:39.500000+00:00,combi,Lying,Lying
2024-07-05 20:15:39.500000+00:00,combi,Lying,Lying
2024-07-05 20:16:39.500000+00:00,combi,Lying,Lying
2024-07-05 20:17:39.500000+00:00,combi,Lying,Lying
2024-07-05 20:18:39.500000+00:00,combi,Lying,Lying
2024-07-05 20:19:39.500000+00:00,combi,Lying,Lying
2024-07-05 20:20:39.500000+00:00,combi,Lying,Lying
2024-07-05 20:21:39.500000+00:00,combi,Lying,Lying
2024-07-05 20:22:39.500000+00:00,combi,Lying,Lying
2024-07-05 20:23:39.500000+00:00,combi,Lying,Lying
2024-07-05 20:24:39.500000+00:00,combi,Lying,Lying
2024-07-05 20:25:39.500000+00:00,combi,Lying,Lying
2024-07-05 20:26:39.500000+00:00,combi,Lying,Lying
2024-07-05 20:27:39.500000+00:00,combi,Lying,Lying
2024-07-05 20:28:39.500000+00:00,combi,Lying,Lying
2024-07-05 20:29:39.500000+00:00,combi,Lying,Lying
2024-07-05 20:30:39.500000+00:00,combi,Lying,Lying
2024-07-05 20:31:39.500000+00:00,combi,Lying,Lying
2024-07-05 20:32:39.500000+00:00,combi,Lying,Lying
2024-07-05 20:33:39.500000+00:00,combi,Lying,Lying
2024-07-05 20:34:39.500000+00:00,combi,Lying,Lying
2024-07-05 20:35:39.500000+00:00,combi,Lying,Lying
2024-07-05 20:36:39.500000+00:00,combi,Lying,Lying
2024-07-05 20:37:39.500000+00:00,combi,Lying,Lying
2024-07-05 20:38:39.500000+00:00,combi,Lying,Lying
2024-07-05 20:39:39.500000+00:00,combi,Lying,Lying
2024-07-05 20:40:39.500000+00:00,combi,Lying,Lying
2024-07-05 20:41:39.500000+00:00,combi,Lying,Lying
2024-07-05 20:42:39.500000+00:00,combi,Lying,Lying
2024-07-05 20:43:39.500000+00:00,combi,Lying,Lying
2024-07-05 20:44:39.500000+00:00,combi,Lying,Lying
2024-07-05 20:45:39.500000+00:00,combi,Lying,Lying
2024-07-05 20:46:39.500000+00:00,combi,Lying,Lying
2024-07-05 20:47:39.500000+00:00,combi,Lying,Lying
2024-07-05 20:48:39.500000+00:00,combi,Lying,Lying
2024-07-05 20:49:39.500000+00:00,combi,Lying,Lying
2024-07-05 20:50:39.500000+00:00,combi,Lying,Lying
2024-07-05 20:51:39.500000+00:00,combi,Lying,Lying
2024-07-05 20:52:39.500000+00:00,combi,Lying,Lying
2024-07-05 20:53:39.500000+00:00,combi,Lying,Lying
2024-07-05 20:54:39.500000+00:00,combi,Sitting,Dynamic
2024-07-05 20:55:39.500000+00:00,combi,Sitting,Sitting
2024-07-05 20:56:39.500000+00:00,combi,Sitting,Sitting
2024-07-05 20:57:39.500000+00:00,combi,Sitting,Sitting
2024-07-05 20:58:39.500000+00:00,combi,Sitting,Sitting
2024-07-05 20:59:39.500000+00:00,combi,Sitting,Sitting
2024-07-05 21:00:39.500000+00:00,combi,Sitting,Sitting
2024-07-05 21:01:39.500000+00:00,combi,Lying,Lying
2024-07-05 21:02:39.500000+00:00,combi,Lying,Lying
2024-07-05 21:03:39.500000+00:00,combi,Sitting,Sitting
2024-07-05 21:04:39.500000+00:00,combi,Sitting,Sitting
2024-07-05 21:05:39.500000+00:00,combi,Sitting,Sitting
2024-07-05 21:06:39.500000+00:00,combi,Sitting,Sitting
2024-07-05 21:07:39.500000+00:00,combi,Sitting,Dynamic
2024-07-05 21:08:39.500000+00:00,combi,Sitting,Sitting
2024-07-05 21:09:39.500000+00:00,combi,Sitting,Sitting
2024-07-05 21:10:39.500000+00:00,combi,Lying,Lying
2024-07-05 21:11:39.500000+00:00,combi,Lying,Lying
2024-07-05 21:12:39.500000+00:00,combi,Lying,Lying
2024-07-05 21:13:39.500000+00:00,combi,Lying,Lying
2024-07-05 21:14:39.500000+00:00,combi,Lying,Lying
2024-07-05 21:15:39.500000+00:00,combi,Lying,Lying
2024-07-05 21:16:39.500000+00:00,combi,Lying,Lying
2024-07-05 21:17:39.500000+00:00,combi,Lying,Lying
2024-07-05 21:18:39.500000+00:00,combi,Lying,Lying
2024-07-05 21:19:39.500000+00:00,combi,Lying,Lying
2024-07-05 21:20:39.500000+00:00,combi,Lying,Lying
2024-07-05 21:21:39.500000+00:00,combi,Lying,Lying
2024-07-05 21:22:39.500000+00:00,combi,Lying,Lying
2024-07-05 21:23:39.500000+00:00,combi,Lying,Lying
2024-07-05 21:24:39.500000+00:00,combi,Lying,Lying
2024-07-05 21:25:39.500000+00:00,combi,Lying,Lying
2024-07-05 21:26:39.500000+00:00,combi,Lying,Lying
2024-07-05 21:27:39.500000+00:00,combi,Lying,Lying
2024-07-05 21:28:39.500000+00:00,combi,Lying,Lying
2024-07-05 21:29:39.500000+00:00,combi,Lying,Lying
2024-07-05 21:30:39.500000+00:00,combi,Lying,Lying
2024-07-05 21:31:39.500000+00:00,combi,Lying,Lying
2024-07-05 21:32:39.500000+00:00,combi,Lying,Lying
2024-07-05 21:33:39.500000+00:00,combi,Lying,Lying
2024-07-05 21:34:39.500000+00:00,combi,Lying,Lying
2024-07-05 21:35:39.500000+00:00,combi,Lying,Lying
2024-07-05 21:36:39.500000+00:00,combi,Lying,Lying
2024-07-05 21:37:39.500000+00:00,combi,Lying,Lying
2024-07-05 21:38:39.500000+00:00,combi,Lying,Lying
2024-07-05 21:39:39.500000+00:00,combi,Sitting,Sitting
2024-07-05 21:40:39.500000+00:00,combi,Lying,Dynamic
2024-07-05 21:41:39.500000+00:00,combi,Lying,Lying
2024-07-05 21:42:39.500000+00:00,combi,Lying,Lying
2024-07-05 21:43:39.500000+00:00,combi,Lying,Lying
2024-07-05 21:44:39.500000+00:00,combi,Lying,Lying
2024-07-05 21:45:39.500000+00:00,combi,Lying,Lying
2024-07-05 21:46:39.500000+00:00,combi,Lying,Lying
2024-07-05 21:47:39.500000+00:00,combi,Lying,Lying
2024-07-05 21:48:39.500000+00:00,combi,Lying,Lying
2024-07-05 21:49:39.500000+00:00,combi,Lying,Lying
2024-07-05 21:50:39.500000+00:00,combi,Lying,Lying
2024-07-05 21:51:39.500000+00:00,combi,Lying,Lying
2024-07-05 21:52:39.500000+00:00,combi,Lying,Lying
2024-07-05 21:53:39.500000+00:00,combi,Lying,Lying
2024-07-05 21:54:39.500000+00:00,combi,Lying,Lying
2024-07-05 21:55:39.500000+00:00,combi,Lying,Lying
2024-07-05 21:56:39.500000+00:00,combi,Lying,Lying
2024-07-05 21:57:39.500000+00:00,combi,Lying,Lying
2024-07-05 21:58:39.500000+00:00,combi,Lying,Lying
2024-07-05 21:59:39.500000+00:00,combi,Lying,Lying
2024-07-05 22:00:39.500000+00:00,combi,Lying,Lying
2024-07-05 22:01:39.500000+00:00,combi,Lying,Lying
2024-07-05 22:02:39.500000+00:00,combi,Lying,Lying
2024-07-05 22:03:39.500000+00:00,combi,Lying,Lying
2024-07-05 22:04:39.500000+00:00,combi,Lying,Lying
2024-07-05 22:05:39.500000+00:00,combi,Lying,Lying
2024-07-05 22:06:39.500000+00:00,combi,Lying,Lying
2024-07-05 22:07:39.500000+00:00,combi,Lying,Lying
2024-07-05 22:08:39.500000+00:00,combi,Lying,Lying
2024-07-05 22:09:39.500000+00:00,combi,Lying,Lying
2024-07-05 22:10:39.500000+00:00,combi,Lying,Lying
2024-07-05 22:11:39.500000+00:00,combi,Lying,Lying
2024-07-05 22:12:39.500000+00:00,combi,Lying,Lying
2024-07-05 22:13:39.500000+00:00,combi,Lying,Lying
2024-07-05 22:14:39.500000+00:00,combi,Lying,Lying
2024-07-05 22:15:39.500000+00:00,combi,Lying,Lying
2024-07-05 22:16:39.500000+00:00,combi,Lying,Lying
2024-07-05 22:17:39.500000+00:00,combi,Lying,Lying
2024-07-05 22:18:39.500000+00:00,combi,Lying,Lying
2024-07-05 22:19:39.500000+00:00,combi,Lying,Lying
2024-07-05 22:20:39.500000+00:00,combi,Lying,Lying
2024-07-05 22:21:39.500000+00:00,combi,Lying,Lying
2024-07-05 22:22:39.500000+00:00,combi,Lying,Lying
2024-07-05 22:23:39.500000+00:00,combi,Lying,Lying
2024-07-05 22:24:39.500000+00:00,combi,Lying,Lying
2024-07-05 22:25:39.500000+00:00,combi,Lying,Lying
2024-07-05 22:26:39.500000+00:00,combi,Lying,Lying
2024-07-05 22:27:39.500000+00:00,combi,Lying,Lying
2024-07-05 22:28:39.500000+00:00,combi,Lying,Lying
2024-07-05 22:29:39.500000+00:00,combi,Lying,Lying
2024-07-05 22:30:39.500000+00:00,combi,Lying,Lying
2024-07-05 22:31:39.500000+00:00,combi,Lying,Lying
2024-07-05 22:32:39.500000+00:00,combi,Lying,Lying
2024-07-05 22:33:39.500000+00:00,combi,Lying,Lying
2024-07-05 22:34:39.500000+00:00,combi,Lying,Lying
2024-07-05 22:35:39.500000+00:00,combi,Lying,Lying
2024-07-05 22:36:39.500000+00:00,combi,Lying,Lying
2024-07-05 22:37:39.500000+00:00,combi,Lying,Lying
2024-07-05 22:38:39.500000+00:00,combi,Lying,Lying
2024-07-05 22:39:39.500000+00:00,combi,Lying,Lying
2024-07-05 22:40:39.500000+00:00,combi,Lying,Lying
2024-07-05 22:41:39.500000+00:00,combi,Lying,Lying
2024-07-05 22:42:39.500000+00:00,combi,Lying,Lying
2024-07-05 22:43:39.500000+00:00,combi,Lying,Lying
2024-07-05 22:44:39.500000+00:00,combi,Lying,Lying
2024-07-05 22:45:39.500000+00:00,combi,Lying,Lying
2024-07-05 22:46:39.500000+00:00,combi,Lying,Lying
2024-07-05 22:47:39.500000+00:00,combi,Lying,Lying
