Time,Participant,Majority_postures,Majority_including_dynamic
2024-09-02 09:29:53.500000+00:00,combi,Standing,Standing
2024-09-02 09:30:53.500000+00:00,combi,Standing,Standing
2024-09-02 09:31:53.500000+00:00,combi,Standing,Standing
2024-09-02 09:32:53.500000+00:00,combi,Standing,Standing
2024-09-02 09:33:53.500000+00:00,combi,Standing,Standing
2024-09-02 09:34:53.500000+00:00,combi,Standing,Standing
2024-09-02 09:35:53.500000+00:00,combi,Standing,Standing
2024-09-02 09:36:53.500000+00:00,combi,Standing,Standing
2024-09-02 09:37:53.500000+00:00,combi,Standing,Standing
2024-09-02 09:38:53.500000+00:00,combi,Standing,Standing
2024-09-02 09:39:53.500000+00:00,combi,Standing,Sitting
2024-09-02 09:40:53.500000+00:00,combi,Standing,Sitting
2024-09-02 09:41:53.500000+00:00,combi,Sitting,Sitting
2024-09-02 09:42:53.500000+00:00,combi,Lying,Lying
2024-09-02 09:43:53.500000+00:00,combi,Lying,Lying
2024-09-02 09:44:53.500000+00:00,combi,Lying,Lying
2024-09-02 09:45:53.500000+00:00,combi,Sitting,Sitting
2024-09-02 09:46:53.500000+00:00,combi,Sitting,Sitting
2024-09-02 09:47:53.500000+00:00,combi,Sitting,Sitting
2024-09-02 09:48:53.500000+00:00,combi,Sitting,Sitting
2024-09-02 09:49:53.500000+00:00,combi,Standing,Standing
2024-09-02 09:50:53.500000+00:00,combi,Standing,Standing
2024-09-02 09:51:53.500000+00:00,combi,Standing,Standing
2024-09-02 09:52:53.500000+00:00,combi,Standing,Standing
2024-09-02 09:53:53.500000+00:00,combi,Standing,Standing
2024-09-02 09:54:53.500000+00:00,combi,Standing,Standing
2024-09-02 09:55:53.500000+00:00,combi,Standing,Standing
2024-09-02 09:56:53.500000+00:00,combi,Lying,Lying
2024-09-02 09:57:53.500000+00:00,combi,Lying,Lying
2024-09-02 09:58:53.500000+00:00,combi,Lying,Lying
2024-09-02 09:59:53.500000+00:00,combi,Lying,Lying
2024-09-02 10:00:53.500000+00:00,combi,Lying,Lying
2024-09-02 10:01:53.500000+00:00,combi,Lying,Lying
2024-09-02 10:02:53.500000+00:00,combi,Lying,Lying
2024-09-02 10:03:53.500000+00:00,combi,Lying,Lying
2024-09-02 10:04:53.500000+00:00,combi,Lying,Lying
2024-09-02 10:05:53.500000+00:00,combi,Sitting,Sitting
2024-09-02 10:06:53.500000+00:00,combi,Sitting,Sitting
2024-09-02 10:07:53.500000+00:00,combi,Sitting,Sitting
2024-09-02 10:08:53.500000+00:00,combi,Sitting,Sitting
2024-09-02 10:09:53.500000+00:00,combi,Sitting,Sitting
2024-09-02 10:10:53.500000+00:00,combi,Sitting,Sitting
2024-09-02 10:11:53.500000+00:00,combi,Sitting,Sitting
2024-09-02 10:12:53.500000+00:00,combi,Sitting,Sitting
2024-09-02 10:13:53.500000+00:00,combi,Sitting,Sitting
2024-09-02 10:14:53.500000+00:00,combi,Standing,Standing
2024-09-02 10:15:53.500000+00:00,combi,Standing,Standing
2024-09-02 10:16:53.500000+00:00,combi,Standing,Standing
2024-09-02 10:17:53.500000+00:00,combi,Standing,Standing
2024-09-02 10:18:53.500000+00:00,combi,Standing,Standing
2024-09-02 10:19:53.500000+00:00,combi,Standing,Standing
2024-09-02 10:20:53.500000+00:00,combi,Standing,Standing
2024-09-02 10:21:53.500000+00:00,combi,Standing,Standing
2024-09-02 10:22:53.500000+00:00,combi,Standing,Standing
2024-09-02 10:23:53.500000+00:00,combi,Standing,Standing
2024-09-02 10:24:53.500000+00:00,combi,Sitting,Sitting
2024-09-02 10:25:53.500000+00:00,combi,Sitting,Sitting
2024-09-02 10:26:53.500000+00:00,combi,Sitting,Sitting
2024-09-02 10:27:53.500000+00:00,combi,Sitting,Sitting
2024-09-02 10:28:53.500000+00:00,combi,Sitting,Sitting
2024-09-02 10:29:53.500000+00:00,combi,Sitting,Sitting
2024-09-02 10:30:53.500000+00:00,combi,Sitting,Sitting
2024-09-02 10:31:53.500000+00:00,combi,Sitting,Sitting
2024-09-02 10:32:53.500000+00:00,combi,Sitting,Sitting
2024-09-02 10:33:53.500000+00:00,combi,Sitting,Sitting
2024-09-02 10:34:53.500000+00:00,combi,Sitting,Sitting
2024-09-02 10:35:53.500000+00:00,combi,Sitting,Sitting
2024-09-02 10:36:53.500000+00:00,combi,Sitting,Sitting
2024-09-02 10:37:53.500000+00:00,combi,Sitting,Sitting
2024-09-02 10:38:53.500000+00:00,combi,Sitting,Sitting
2024-09-02 10:39:53.500000+00:00,combi,Sitting,Sitting
2024-09-02 10:40:53.500000+00:00,combi,Sitting,Sitting
2024-09-02 10:41:53.500000+00:00,combi,Sitting,Sitting
2024-09-02 10:42:53.500000+00:00,combi,Sitting,Sitting
2024-09-02 10:43:53.500000+00:00,combi,Sitting,Sitting
2024-09-02 10:44:53.500000+00:00,combi,Sitting,Sitting
2024-09-02 10:45:53.500000+00:00,combi,Sitting,Sitting
2024-09-02 10:46:53.500000+00:00,combi,Sitting,Sitting
2024-09-02 10:47:53.500000+00:00,combi,Sitting,Sitting
2024-09-02 10:48:53.500000+00:00,combi,Sitting,Sitting
2024-09-02 10:49:53.500000+00:00,combi,Standing,Standing
2024-09-02 10:50:53.500000+00:00,combi,Sitting,Sitting
2024-09-02 10:51:53.500000+00:00,combi,Sitting,Sitting
2024-09-02 10:52:53.500000+00:00,combi,Sitting,Sitting
2024-09-02 10:53:53.500000+00:00,combi,Sitting,Sitting
2024-09-02 10:54:53.500000+00:00,combi,Sitting,Sitting
2024-09-02 10:55:53.500000+00:00,combi,Sitting,Sitting
2024-09-02 10:56:53.500000+00:00,combi,Sitting,Sitting
2024-09-02 10:57:53.500000+00:00,combi,Sitting,Sitting
2024-09-02 10:58:53.500000+00:00,combi,Sitting,Sitting
2024-09-02 10:59:53.500000+00:00,combi,Standing,Standing
2024-09-02 11:00:53.500000+00:00,combi,Standing,Standing
2024-09-02 11:01:53.500000+00:00,combi,Standing,Standing
2024-09-02 11:02:53.500000+00:00,combi,Standing,Standing
2024-09-02 11:03:53.500000+00:00,combi,Standing,Standing
2024-09-02 11:04:53.500000+00:00,combi,Standing,Standing
2024-09-02 11:05:53.500000+00:00,combi,Standing,Standing
2024-09-02 11:06:53.500000+00:00,combi,Standing,Standing
2024-09-02 11:07:53.500000+00:00,combi,Standing,Standing
2024-09-02 11:08:53.500000+00:00,combi,Standing,Standing
2024-09-02 11:09:53.500000+00:00,combi,Standing,Standing
2024-09-02 11:10:53.500000+00:00,combi,Standing,Dynamic
2024-09-02 11:11:53.500000+00:00,combi,Standing,Dynamic
2024-09-02 11:12:53.500000+00:00,combi,Standing,Dynamic
2024-09-02 11:13:53.500000+00:00,combi,Sitting,Dynamic
2024-09-02 11:14:53.500000+00:00,combi,Standing,Dynamic
2024-09-02 11:15:53.500000+00:00,combi,Sitting,Dynamic
2024-09-02 11:16:53.500000+00:00,combi,Sitting,Dynamic
2024-09-02 11:17:53.500000+00:00,combi,Sitting,Dynamic
2024-09-02 11:18:53.500000+00:00,combi,Sitting,Dynamic
2024-09-02 11:19:53.500000+00:00,combi,Sitting,Dynamic
2024-09-02 11:20:53.500000+00:00,combi,Standing,Dynamic
2024-09-02 11:21:53.500000+00:00,combi,Standing,Dynamic
2024-09-02 11:22:53.500000+00:00,combi,Standing,Dynamic
2024-09-02 11:23:53.500000+00:00,combi,Standing,Dynamic
2024-09-02 11:24:53.500000+00:00,combi,Standing,Standing
2024-09-02 11:25:53.500000+00:00,combi,Sitting,Dynamic
2024-09-02 11:26:53.500000+00:00,combi,Sitting,Dynamic
2024-09-02 11:27:53.500000+00:00,combi,Sitting,Dynamic
2024-09-02 11:28:53.500000+00:00,combi,Standing,Dynamic
2024-09-02 11:29:53.500000+00:00,combi,Standing,Dynamic
2024-09-02 11:30:53.500000+00:00,combi,Standing,Standing
2024-09-02 11:31:53.500000+00:00,combi,Standing,Standing
2024-09-02 11:32:53.500000+00:00,combi,Standing,Standing
2024-09-02 11:33:53.500000+00:00,combi,Standing,Standing
2024-09-02 11:34:53.500000+00:00,combi,Standing,Dynamic
2024-09-02 11:35:53.500000+00:00,combi,Standing,Dynamic
2024-09-02 11:36:53.500000+00:00,combi,Sitting,Dynamic
2024-09-02 11:37:53.500000+00:00,combi,Standing,Dynamic
2024-09-02 11:38:53.500000+00:00,combi,Standing,Dynamic
2024-09-02 11:39:53.500000+00:00,combi,Standing,Dynamic
2024-09-02 11:40:53.500000+00:00,combi,Standing,Dynamic
2024-09-02 11:41:53.500000+00:00,combi,Sitting,Sitting
2024-09-02 11:42:53.500000+00:00,combi,Sitting,Sitting
2024-09-02 11:43:53.500000+00:00,combi,Sitting,Sitting
2024-09-02 11:44:53.500000+00:00,combi,Sitting,Sitting
2024-09-02 11:45:53.500000+00:00,combi,Sitting,Sitting
2024-09-02 11:46:53.500000+00:00,combi,Sitting,Sitting
2024-09-02 11:47:53.500000+00:00,combi,Standing,Dynamic
2024-09-02 11:48:53.500000+00:00,combi,Standing,Dynamic
2024-09-02 11:49:53.500000+00:00,combi,Standing,Standing
2024-09-02 11:50:53.500000+00:00,combi,Standing,Dynamic
2024-09-02 11:51:53.500000+00:00,combi,Standing,Sitting
2024-09-02 11:52:53.500000+00:00,combi,Sitting,Sitting
2024-09-02 11:53:53.500000+00:00,combi,Sitting,Sitting
2024-09-02 11:54:53.500000+00:00,combi,Sitting,Sitting
2024-09-02 11:55:53.500000+00:00,combi,Sitting,Sitting
2024-09-02 11:56:53.500000+00:00,combi,Sitting,Sitting
2024-09-02 11:57:53.500000+00:00,combi,Standing,Sitting
2024-09-02 11:58:53.500000+00:00,combi,Standing,Dynamic
2024-09-02 11:59:53.500000+00:00,combi,Standing,Standing
2024-09-02 12:00:53.500000+00:00,combi,Standing,Standing
2024-09-02 12:01:53.500000+00:00,combi,Standing,Dynamic
2024-09-02 12:02:53.500000+00:00,combi,Standing,Dynamic
2024-09-02 12:03:53.500000+00:00,combi,Standing,Sitting
2024-09-02 12:04:53.500000+00:00,combi,Sitting,Sitting
2024-09-02 12:05:53.500000+00:00,combi,Sitting,Sitting
2024-09-02 12:06:53.500000+00:00,combi,Sitting,Sitting
2024-09-02 12:07:53.500000+00:00,combi,Sitting,Sitting
2024-09-02 12:08:53.500000+00:00,combi,Sitting,Sitting
2024-09-02 12:09:53.500000+00:00,combi,Sitting,Sitting
2024-09-02 12:10:53.500000+00:00,combi,Sitting,Sitting
2024-09-02 12:11:53.500000+00:00,combi,Sitting,Sitting
2024-09-02 12:12:53.500000+00:00,combi,Sitting,Sitting
2024-09-02 12:13:53.500000+00:00,combi,Sitting,Sitting
2024-09-02 12:14:53.500000+00:00,combi,Sitting,Sitting
2024-09-02 12:15:53.500000+00:00,combi,Sitting,Sitting
2024-09-02 12:16:53.500000+00:00,combi,Sitting,Sitting
2024-09-02 12:17:53.500000+00:00,combi,Sitting,Sitting
2024-09-02 12:18:53.500000+00:00,combi,Sitting,Sitting
2024-09-02 12:19:53.500000+00:00,combi,Sitting,Sitting
2024-09-02 12:20:53.500000+00:00,combi,Sitting,Sitting
2024-09-02 12:21:53.500000+00:00,combi,Sitting,Sitting
2024-09-02 12:22:53.500000+00:00,combi,Sitting,Sitting
2024-09-02 12:23:53.500000+00:00,combi,Sitting,Sitting
2024-09-02 12:24:53.500000+00:00,combi,Standing,Dynamic
2024-09-02 12:25:53.500000+00:00,combi,Standing,Dynamic
2024-09-02 12:26:53.500000+00:00,combi,Standing,Dynamic
2024-09-02 12:27:53.500000+00:00,combi,Standing,Standing
2024-09-02 12:28:53.500000+00:00,combi,Standing,Dynamic
2024-09-02 12:29:53.500000+00:00,combi,Lying,Dynamic
2024-09-02 12:30:53.500000+00:00,combi,Standing,Dynamic
2024-09-02 12:31:53.500000+00:00,combi,Standing,Dynamic
2024-09-02 12:32:53.500000+00:00,combi,Standing,Dynamic
2024-09-02 12:33:53.500000+00:00,combi,Standing,Dynamic
2024-09-02 12:34:53.500000+00:00,combi,Standing,Standing
2024-09-02 12:35:53.500000+00:00,combi,Standing,Standing
2024-09-02 12:36:53.500000+00:00,combi,Standing,Standing
2024-09-02 12:37:53.500000+00:00,combi,Standing,Dynamic
2024-09-02 12:38:53.500000+00:00,combi,Standing,Dynamic
2024-09-02 12:39:53.500000+00:00,combi,Standing,Standing
2024-09-02 12:40:53.500000+00:00,combi,Standing,Standing
2024-09-02 12:41:53.500000+00:00,combi,Standing,Standing
2024-09-02 12:42:53.500000+00:00,combi,Standing,Standing
2024-09-02 12:43:53.500000+00:00,combi,Sitting,Sitting
2024-09-02 12:44:53.500000+00:00,combi,Standing,Dynamic
2024-09-02 12:45:53.500000+00:00,combi,Standing,Dynamic
2024-09-02 12:46:53.500000+00:00,combi,Standing,Dynamic
2024-09-02 12:47:53.500000+00:00,combi,Standing,Dynamic
2024-09-02 12:48:53.500000+00:00,combi,Sitting,Sitting
2024-09-02 12:49:53.500000+00:00,combi,Sitting,Sitting
2024-09-02 12:50:53.500000+00:00,combi,Sitting,Sitting
2024-09-02 12:51:53.500000+00:00,combi,Sitting,Sitting
2024-09-02 12:52:53.500000+00:00,combi,Sitting,Sitting
2024-09-02 12:53:53.500000+00:00,combi,Sitting,Sitting
2024-09-02 12:54:53.500000+00:00,combi,Sitting,Sitting
2024-09-02 12:55:53.500000+00:00,combi,Sitting,Sitting
2024-09-02 12:56:53.500000+00:00,combi,Sitting,Sitting
2024-09-02 12:57:53.500000+00:00,combi,Sitting,Sitting
2024-09-02 12:58:53.500000+00:00,combi,Sitting,Sitting
2024-09-02 12:59:53.500000+00:00,combi,Standing,Dynamic
2024-09-02 13:00:53.500000+00:00,combi,Standing,Standing
2024-09-02 13:01:53.500000+00:00,combi,Sitting,Sitting
2024-09-02 13:02:53.500000+00:00,combi,Standing,Standing
2024-09-02 13:03:53.500000+00:00,combi,Sitting,Sitting
2024-09-02 13:04:53.500000+00:00,combi,Sitting,Sitting
2024-09-02 13:05:53.500000+00:00,combi,Sitting,Sitting
2024-09-02 13:06:53.500000+00:00,combi,Sitting,Sitting
2024-09-02 13:07:53.500000+00:00,combi,Sitting,Sitting
2024-09-02 13:08:53.500000+00:00,combi,Sitting,Sitting
2024-09-02 13:09:53.500000+00:00,combi,Sitting,Sitting
2024-09-02 13:10:53.500000+00:00,combi,Sitting,Sitting
2024-09-02 13:11:53.500000+00:00,combi,Sitting,Sitting
2024-09-02 13:12:53.500000+00:00,combi,Sitting,Sitting
2024-09-02 13:13:53.500000+00:00,combi,Lying,Lying
2024-09-02 13:14:53.500000+00:00,combi,Lying,Lying
2024-09-02 13:15:53.500000+00:00,combi,Lying,Lying
2024-09-02 13:16:53.500000+00:00,combi,Lying,Lying
2024-09-02 13:17:53.500000+00:00,combi,Lying,Lying
2024-09-02 13:18:53.500000+00:00,combi,Lying,Lying
2024-09-02 13:19:53.500000+00:00,combi,Lying,Lying
2024-09-02 13:20:53.500000+00:00,combi,Lying,Lying
2024-09-02 13:21:53.500000+00:00,combi,Lying,Lying
2024-09-02 13:22:53.500000+00:00,combi,Lying,Lying
2024-09-02 13:23:53.500000+00:00,combi,Lying,Lying
2024-09-02 13:24:53.500000+00:00,combi,Lying,Lying
2024-09-02 13:25:53.500000+00:00,combi,Sitting,Sitting
2024-09-02 13:26:53.500000+00:00,combi,Sitting,Sitting
2024-09-02 13:27:53.500000+00:00,combi,Sitting,Sitting
2024-09-02 13:28:53.500000+00:00,combi,Standing,Sitting
2024-09-02 13:29:53.500000+00:00,combi,Sitting,Sitting
2024-09-02 13:30:53.500000+00:00,combi,Sitting,Sitting
2024-09-02 13:31:53.500000+00:00,combi,Sitting,Sitting
2024-09-02 13:32:53.500000+00:00,combi,Sitting,Sitting
2024-09-02 13:33:53.500000+00:00,combi,Sitting,Sitting
2024-09-02 13:34:53.500000+00:00,combi,Sitting,Sitting
2024-09-02 13:35:53.500000+00:00,combi,Sitting,Sitting
2024-09-02 13:36:53.500000+00:00,combi,Standing,Dynamic
2024-09-02 13:37:53.500000+00:00,combi,Standing,Standing
2024-09-02 13:38:53.500000+00:00,combi,Standing,Dynamic
2024-09-02 13:39:53.500000+00:00,combi,Standing,Dynamic
2024-09-02 13:40:53.500000+00:00,combi,Standing,Standing
2024-09-02 13:41:53.500000+00:00,combi,Sitting,Sitting
2024-09-02 13:42:53.500000+00:00,combi,Sitting,Standing
2024-09-02 13:43:53.500000+00:00,combi,Sitting,Sitting
2024-09-02 13:44:53.500000+00:00,combi,Sitting,Sitting
2024-09-02 13:45:53.500000+00:00,combi,Sitting,Sitting
2024-09-02 13:46:53.500000+00:00,combi,Sitting,Sitting
2024-09-02 13:47:53.500000+00:00,combi,Sitting,Sitting
2024-09-02 13:48:53.500000+00:00,combi,Standing,Standing
2024-09-02 13:49:53.500000+00:00,combi,Sitting,Sitting
2024-09-02 13:50:53.500000+00:00,combi,Sitting,Sitting
2024-09-02 13:51:53.500000+00:00,combi,Sitting,Sitting
2024-09-02 13:52:53.500000+00:00,combi,Sitting,Sitting
2024-09-02 13:53:53.500000+00:00,combi,Sitting,Sitting
2024-09-02 13:54:53.500000+00:00,combi,Sitting,Sitting
2024-09-02 13:55:53.500000+00:00,combi,Sitting,Sitting
2024-09-02 13:56:53.500000+00:00,combi,Standing,Sitting
2024-09-02 13:57:53.500000+00:00,combi,Standing,Standing
2024-09-02 13:58:53.500000+00:00,combi,Standing,Dynamic
2024-09-02 13:59:53.500000+00:00,combi,Standing,Dynamic
2024-09-02 14:00:53.500000+00:00,combi,Standing,Dynamic
2024-09-02 14:01:53.500000+00:00,combi,Standing,Standing
2024-09-02 14:02:53.500000+00:00,combi,Standing,Dynamic
2024-09-02 14:03:53.500000+00:00,combi,Lying,Dynamic
2024-09-02 14:04:53.500000+00:00,combi,Standing,Standing
2024-09-02 14:05:53.500000+00:00,combi,Sitting,Sitting
2024-09-02 14:06:53.500000+00:00,combi,Lying,Dynamic
2024-09-02 14:07:53.500000+00:00,combi,Standing,Dynamic
2024-09-02 14:08:53.500000+00:00,combi,Standing,Dynamic
2024-09-02 14:09:53.500000+00:00,combi,Standing,Dynamic
2024-09-02 14:10:53.500000+00:00,combi,Standing,Dynamic
2024-09-02 14:11:53.500000+00:00,combi,Standing,Dynamic
2024-09-02 14:12:53.500000+00:00,combi,Standing,Standing
2024-09-02 14:13:53.500000+00:00,combi,Standing,Dynamic
2024-09-02 14:14:53.500000+00:00,combi,Standing,Dynamic
2024-09-02 14:15:53.500000+00:00,combi,Standing,Standing
2024-09-02 14:16:53.500000+00:00,combi,Standing,Standing
2024-09-02 14:17:53.500000+00:00,combi,Standing,Dynamic
2024-09-02 14:18:53.500000+00:00,combi,Standing,Standing
2024-09-02 14:19:53.500000+00:00,combi,Standing,Dynamic
2024-09-02 14:20:53.500000+00:00,combi,Standing,Dynamic
2024-09-02 14:21:53.500000+00:00,combi,Sitting,Sitting
2024-09-02 14:22:53.500000+00:00,combi,Sitting,Sitting
2024-09-02 14:23:53.500000+00:00,combi,Sitting,Sitting
2024-09-02 14:24:53.500000+00:00,combi,Sitting,Sitting
2024-09-02 14:25:53.500000+00:00,combi,Sitting,Sitting
2024-09-02 14:26:53.500000+00:00,combi,Sitting,Sitting
2024-09-02 14:27:53.500000+00:00,combi,Sitting,Sitting
2024-09-02 14:28:53.500000+00:00,combi,Sitting,Sitting
2024-09-02 14:29:53.500000+00:00,combi,Sitting,Sitting
2024-09-02 14:30:53.500000+00:00,combi,Sitting,Sitting
2024-09-02 14:31:53.500000+00:00,combi,Sitting,Sitting
2024-09-02 14:32:53.500000+00:00,combi,Sitting,Sitting
2024-09-02 14:33:53.500000+00:00,combi,Sitting,Sitting
2024-09-02 14:34:53.500000+00:00,combi,Sitting,Sitting
2024-09-02 14:35:53.500000+00:00,combi,Sitting,Sitting
2024-09-02 14:36:53.500000+00:00,combi,Sitting,Sitting
2024-09-02 14:37:53.500000+00:00,combi,Sitting,Sitting
2024-09-02 14:38:53.500000+00:00,combi,Sitting,Sitting
2024-09-02 14:39:53.500000+00:00,combi,Sitting,Sitting
2024-09-02 14:40:53.500000+00:00,combi,Sitting,Sitting
2024-09-02 14:41:53.500000+00:00,combi,Sitting,Sitting
2024-09-02 14:42:53.500000+00:00,combi,Sitting,Sitting
2024-09-02 14:43:53.500000+00:00,combi,Sitting,Sitting
2024-09-02 14:44:53.500000+00:00,combi,Sitting,Sitting
2024-09-02 14:45:53.500000+00:00,combi,Sitting,Sitting
2024-09-02 14:46:53.500000+00:00,combi,Sitting,Sitting
2024-09-02 14:47:53.500000+00:00,combi,Sitting,Sitting
2024-09-02 14:48:53.500000+00:00,combi,Sitting,Sitting
2024-09-02 14:49:53.500000+00:00,combi,Sitting,Sitting
2024-09-02 14:50:53.500000+00:00,combi,Sitting,Sitting
2024-09-02 14:51:53.500000+00:00,combi,Sitting,Sitting
2024-09-02 14:52:53.500000+00:00,combi,Sitting,Sitting
2024-09-02 14:53:53.500000+00:00,combi,Sitting,Sitting
2024-09-02 14:54:53.500000+00:00,combi,Sitting,Sitting
2024-09-02 14:55:53.500000+00:00,combi,Sitting,Sitting
2024-09-02 14:56:53.500000+00:00,combi,Sitting,Dynamic
2024-09-02 14:57:53.500000+00:00,combi,Sitting,Sitting
2024-09-02 14:58:53.500000+00:00,combi,Sitting,Sitting
2024-09-02 14:59:53.500000+00:00,combi,Sitting,Sitting
2024-09-02 15:00:53.500000+00:00,combi,Sitting,Sitting
2024-09-02 15:01:53.500000+00:00,combi,Sitting,Dynamic
2024-09-02 15:02:53.500000+00:00,combi,Standing,Dynamic
2024-09-02 15:03:53.500000+00:00,combi,Standing,Dynamic
2024-09-02 15:04:53.500000+00:00,combi,Standing,Standing
2024-09-02 15:05:53.500000+00:00,combi,Standing,Standing
2024-09-02 15:06:53.500000+00:00,combi,Standing,Standing
2024-09-02 15:07:53.500000+00:00,combi,Standing,Standing
2024-09-02 15:08:53.500000+00:00,combi,Standing,Standing
2024-09-02 15:09:53.500000+00:00,combi,Standing,Standing
2024-09-02 15:10:53.500000+00:00,combi,Standing,Standing
2024-09-02 15:11:53.500000+00:00,combi,Standing,Dynamic
2024-09-02 15:12:53.500000+00:00,combi,Standing,Dynamic
2024-09-02 15:13:53.500000+00:00,combi,Standing,Standing
2024-09-02 15:14:53.500000+00:00,combi,Standing,Dynamic
2024-09-02 15:15:53.500000+00:00,combi,Standing,Dynamic
2024-09-02 15:16:53.500000+00:00,combi,Standing,Standing
2024-09-02 15:17:53.500000+00:00,combi,Standing,Standing
2024-09-02 15:18:53.500000+00:00,combi,Standing,Standing
2024-09-02 15:19:53.500000+00:00,combi,Standing,Standing
2024-09-02 15:20:53.500000+00:00,combi,Standing,Standing
2024-09-02 15:21:53.500000+00:00,combi,Standing,Standing
2024-09-02 15:22:53.500000+00:00,combi,Standing,Dynamic
2024-09-02 15:23:53.500000+00:00,combi,Standing,Dynamic
2024-09-02 15:24:53.500000+00:00,combi,Standing,Standing
2024-09-02 15:25:53.500000+00:00,combi,Standing,Dynamic
2024-09-02 15:26:53.500000+00:00,combi,Standing,Dynamic
2024-09-02 15:27:53.500000+00:00,combi,Standing,Standing
2024-09-02 15:28:53.500000+00:00,combi,Standing,Dynamic
2024-09-02 15:29:53.500000+00:00,combi,Standing,Dynamic
2024-09-02 15:30:53.500000+00:00,combi,Standing,Dynamic
2024-09-02 15:31:53.500000+00:00,combi,Standing,Dynamic
2024-09-02 15:32:53.500000+00:00,combi,Standing,Dynamic
2024-09-02 15:33:53.500000+00:00,combi,Standing,Dynamic
2024-09-02 15:34:53.500000+00:00,combi,Standing,Dynamic
2024-09-02 15:35:53.500000+00:00,combi,Standing,Standing
2024-09-02 15:36:53.500000+00:00,combi,Standing,Dynamic
2024-09-02 15:37:53.500000+00:00,combi,Standing,Standing
2024-09-02 15:38:53.500000+00:00,combi,Standing,Dynamic
2024-09-02 15:39:53.500000+00:00,combi,Standing,Standing
2024-09-02 15:40:53.500000+00:00,combi,Standing,Standing
2024-09-02 15:41:53.500000+00:00,combi,Standing,Dynamic
2024-09-02 15:42:53.500000+00:00,combi,Standing,Dynamic
2024-09-02 15:43:53.500000+00:00,combi,Standing,Dynamic
2024-09-02 15:44:53.500000+00:00,combi,Standing,Dynamic
2024-09-02 15:45:53.500000+00:00,combi,Sitting,Sitting
2024-09-02 15:46:53.500000+00:00,combi,Sitting,Sitting
2024-09-02 15:47:53.500000+00:00,combi,Sitting,Sitting
2024-09-02 15:48:53.500000+00:00,combi,Sitting,Sitting
2024-09-02 15:49:53.500000+00:00,combi,Sitting,Sitting
2024-09-02 15:50:53.500000+00:00,combi,Sitting,Sitting
2024-09-02 15:51:53.500000+00:00,combi,Standing,Dynamic
2024-09-02 15:52:53.500000+00:00,combi,Standing,Dynamic
2024-09-02 15:53:53.500000+00:00,combi,Standing,Standing
2024-09-02 15:54:53.500000+00:00,combi,Standing,Dynamic
2024-09-02 15:55:53.500000+00:00,combi,Standing,Dynamic
2024-09-02 15:56:53.500000+00:00,combi,Standing,Standing
2024-09-02 15:57:53.500000+00:00,combi,Standing,Sitting
2024-09-02 15:58:53.500000+00:00,combi,Standing,Standing
2024-09-02 15:59:53.500000+00:00,combi,Sitting,Sitting
2024-09-02 16:00:53.500000+00:00,combi,Sitting,Sitting
2024-09-02 16:01:53.500000+00:00,combi,Standing,Standing
2024-09-02 16:02:53.500000+00:00,combi,Standing,Standing
2024-09-02 16:03:53.500000+00:00,combi,Standing,Standing
2024-09-02 16:04:53.500000+00:00,combi,Standing,Standing
2024-09-02 16:05:53.500000+00:00,combi,Standing,Dynamic
2024-09-02 16:06:53.500000+00:00,combi,Standing,Standing
2024-09-02 16:07:53.500000+00:00,combi,Standing,Dynamic
2024-09-02 16:08:53.500000+00:00,combi,Standing,Standing
2024-09-02 16:09:53.500000+00:00,combi,Standing,Dynamic
2024-09-02 16:10:53.500000+00:00,combi,Sitting,Dynamic
2024-09-02 16:11:53.500000+00:00,combi,Standing,Dynamic
2024-09-02 16:12:53.500000+00:00,combi,Standing,Dynamic
2024-09-02 16:13:53.500000+00:00,combi,Standing,Dynamic
2024-09-02 16:14:53.500000+00:00,combi,Standing,Dynamic
2024-09-02 16:15:53.500000+00:00,combi,Standing,Dynamic
2024-09-02 16:16:53.500000+00:00,combi,Standing,Standing
2024-09-02 16:17:53.500000+00:00,combi,Standing,Standing
2024-09-02 16:18:53.500000+00:00,combi,Standing,Standing
2024-09-02 16:19:53.500000+00:00,combi,Sitting,Sitting
2024-09-02 16:20:53.500000+00:00,combi,Sitting,Sitting
2024-09-02 16:21:53.500000+00:00,combi,Sitting,Sitting
2024-09-02 16:22:53.500000+00:00,combi,Sitting,Sitting
2024-09-02 16:23:53.500000+00:00,combi,Sitting,Sitting
2024-09-02 16:24:53.500000+00:00,combi,Sitting,Sitting
2024-09-02 16:25:53.500000+00:00,combi,Sitting,Sitting
2024-09-02 16:26:53.500000+00:00,combi,Standing,Dynamic
2024-09-02 16:27:53.500000+00:00,combi,Standing,Dynamic
2024-09-02 16:28:53.500000+00:00,combi,Sitting,Sitting
2024-09-02 16:29:53.500000+00:00,combi,Sitting,Sitting
2024-09-02 16:30:53.500000+00:00,combi,Sitting,Sitting
2024-09-02 16:31:53.500000+00:00,combi,Sitting,Sitting
2024-09-02 16:32:53.500000+00:00,combi,Sitting,Sitting
2024-09-02 16:33:53.500000+00:00,combi,Sitting,Sitting
2024-09-02 16:34:53.500000+00:00,combi,Sitting,Sitting
2024-09-02 16:35:53.500000+00:00,combi,Sitting,Sitting
2024-09-02 16:36:53.500000+00:00,combi,Sitting,Sitting
2024-09-02 16:37:53.500000+00:00,combi,Standing,Dynamic
2024-09-02 16:38:53.500000+00:00,combi,Sitting,Sitting
2024-09-02 16:39:53.500000+00:00,combi,Sitting,Sitting
2024-09-02 16:40:53.500000+00:00,combi,Sitting,Sitting
2024-09-02 16:41:53.500000+00:00,combi,Standing,Standing
2024-09-02 16:42:53.500000+00:00,combi,Sitting,Sitting
2024-09-02 16:43:53.500000+00:00,combi,Sitting,Sitting
2024-09-02 16:44:53.500000+00:00,combi,Sitting,Sitting
2024-09-02 16:45:53.500000+00:00,combi,Sitting,Sitting
2024-09-02 16:46:53.500000+00:00,combi,Sitting,Sitting
2024-09-02 16:47:53.500000+00:00,combi,Sitting,Sitting
2024-09-02 16:48:53.500000+00:00,combi,Sitting,Sitting
2024-09-02 16:49:53.500000+00:00,combi,Sitting,Sitting
2024-09-02 16:50:53.500000+00:00,combi,Sitting,Sitting
2024-09-02 16:51:53.500000+00:00,combi,Sitting,Sitting
2024-09-02 16:52:53.500000+00:00,combi,Sitting,Sitting
2024-09-02 16:53:53.500000+00:00,combi,Sitting,Sitting
2024-09-02 16:54:53.500000+00:00,combi,Sitting,Sitting
2024-09-02 16:55:53.500000+00:00,combi,Sitting,Sitting
2024-09-02 16:56:53.500000+00:00,combi,Sitting,Sitting
2024-09-02 16:57:53.500000+00:00,combi,Sitting,Sitting
2024-09-02 16:58:53.500000+00:00,combi,Sitting,Sitting
2024-09-02 16:59:53.500000+00:00,combi,Sitting,Sitting
2024-09-02 17:00:53.500000+00:00,combi,Sitting,Sitting
2024-09-02 17:01:53.500000+00:00,combi,Sitting,Sitting
2024-09-02 17:02:53.500000+00:00,combi,Sitting,Sitting
2024-09-02 17:03:53.500000+00:00,combi,Sitting,Sitting
2024-09-02 17:04:53.500000+00:00,combi,Sitting,Sitting
2024-09-02 17:05:53.500000+00:00,combi,Sitting,Sitting
2024-09-02 17:06:53.500000+00:00,combi,Sitting,Sitting
2024-09-02 17:07:53.500000+00:00,combi,Sitting,Sitting
2024-09-02 17:08:53.500000+00:00,combi,Sitting,Sitting
2024-09-02 17:09:53.500000+00:00,combi,Sitting,Sitting
2024-09-02 17:10:53.500000+00:00,combi,Sitting,Sitting
2024-09-02 17:11:53.500000+00:00,combi,Standing,Standing
2024-09-02 17:12:53.500000+00:00,combi,Standing,Standing
2024-09-02 17:13:53.500000+00:00,combi,Standing,Dynamic
2024-09-02 17:14:53.500000+00:00,combi,Standing,Standing
2024-09-02 17:15:53.500000+00:00,combi,Standing,Standing
2024-09-02 17:16:53.500000+00:00,combi,Standing,Standing
2024-09-02 17:17:53.500000+00:00,combi,Standing,Standing
2024-09-02 17:18:53.500000+00:00,combi,Standing,Standing
2024-09-02 17:19:53.500000+00:00,combi,Standing,Standing
2024-09-02 17:20:53.500000+00:00,combi,Standing,Standing
2024-09-02 17:21:53.500000+00:00,combi,Standing,Standing
2024-09-02 17:22:53.500000+00:00,combi,Standing,Standing
2024-09-02 17:23:53.500000+00:00,combi,Standing,Standing
2024-09-02 17:24:53.500000+00:00,combi,Standing,Standing
2024-09-02 17:25:53.500000+00:00,combi,Standing,Standing
2024-09-02 17:26:53.500000+00:00,combi,Standing,Standing
2024-09-02 17:27:53.500000+00:00,combi,Standing,Standing
2024-09-02 17:28:53.500000+00:00,combi,Standing,Standing
2024-09-02 17:29:53.500000+00:00,combi,Standing,Dynamic
2024-09-02 17:30:53.500000+00:00,combi,Standing,Dynamic
2024-09-02 17:31:53.500000+00:00,combi,Lying,Lying
2024-09-02 17:32:53.500000+00:00,combi,Standing,Dynamic
2024-09-02 17:33:53.500000+00:00,combi,Sitting,Sitting
2024-09-02 17:34:53.500000+00:00,combi,Standing,Standing
2024-09-02 17:35:53.500000+00:00,combi,Standing,Standing
2024-09-02 17:36:53.500000+00:00,combi,Standing,Dynamic
2024-09-02 17:37:53.500000+00:00,combi,Sitting,Sitting
2024-09-02 17:38:53.500000+00:00,combi,Sitting,Sitting
2024-09-02 17:39:53.500000+00:00,combi,Sitting,Sitting
2024-09-02 17:40:53.500000+00:00,combi,Sitting,Sitting
2024-09-02 17:41:53.500000+00:00,combi,Sitting,Sitting
2024-09-02 17:42:53.500000+00:00,combi,Sitting,Sitting
2024-09-02 17:43:53.500000+00:00,combi,Sitting,Sitting
2024-09-02 17:44:53.500000+00:00,combi,Sitting,Sitting
2024-09-02 17:45:53.500000+00:00,combi,Sitting,Sitting
2024-09-02 17:46:53.500000+00:00,combi,Sitting,Sitting
2024-09-02 17:47:53.500000+00:00,combi,Sitting,Sitting
2024-09-02 17:48:53.500000+00:00,combi,Sitting,Sitting
2024-09-02 17:49:53.500000+00:00,combi,Sitting,Sitting
2024-09-02 17:50:53.500000+00:00,combi,Sitting,Sitting
2024-09-02 17:51:53.500000+00:00,combi,Sitting,Sitting
2024-09-02 17:52:53.500000+00:00,combi,Sitting,Sitting
2024-09-02 17:53:53.500000+00:00,combi,Sitting,Sitting
2024-09-02 17:54:53.500000+00:00,combi,Sitting,Sitting
2024-09-02 17:55:53.500000+00:00,combi,Sitting,Sitting
2024-09-02 17:56:53.500000+00:00,combi,Sitting,Sitting
2024-09-02 17:57:53.500000+00:00,combi,Standing,Dynamic
2024-09-02 17:58:53.500000+00:00,combi,Standing,Standing
2024-09-02 17:59:53.500000+00:00,combi,Standing,Standing
2024-09-02 18:00:53.500000+00:00,combi,Standing,Standing
2024-09-02 18:01:53.500000+00:00,combi,Standing,Standing
2024-09-02 18:02:53.500000+00:00,combi,Standing,Standing
2024-09-02 18:03:53.500000+00:00,combi,Standing,Standing
2024-09-02 18:04:53.500000+00:00,combi,Standing,Sitting
2024-09-02 18:05:53.500000+00:00,combi,Standing,Standing
2024-09-02 18:06:53.500000+00:00,combi,Standing,Standing
2024-09-02 18:07:53.500000+00:00,combi,Sitting,Sitting
2024-09-02 18:08:53.500000+00:00,combi,Standing,Standing
2024-09-02 18:09:53.500000+00:00,combi,Standing,Dynamic
2024-09-02 18:10:53.500000+00:00,combi,Standing,Standing
2024-09-02 18:11:53.500000+00:00,combi,Standing,Standing
2024-09-02 18:12:53.500000+00:00,combi,Standing,Dynamic
2024-09-02 18:13:53.500000+00:00,combi,Standing,Standing
2024-09-02 18:14:53.500000+00:00,combi,Standing,Standing
2024-09-02 18:15:53.500000+00:00,combi,Standing,Standing
2024-09-02 18:16:53.500000+00:00,combi,Standing,Standing
2024-09-02 18:17:53.500000+00:00,combi,Standing,Standing
2024-09-02 18:18:53.500000+00:00,combi,Standing,Standing
2024-09-02 18:19:53.500000+00:00,combi,Standing,Standing
2024-09-02 18:20:53.500000+00:00,combi,Standing,Standing
2024-09-02 18:21:53.500000+00:00,combi,Sitting,Sitting
2024-09-02 18:22:53.500000+00:00,combi,Standing,Standing
2024-09-02 18:23:53.500000+00:00,combi,Standing,Standing
2024-09-02 18:24:53.500000+00:00,combi,Standing,Standing
2024-09-02 18:25:53.500000+00:00,combi,Standing,Dynamic
2024-09-02 18:26:53.500000+00:00,combi,Standing,Standing
2024-09-02 18:27:53.500000+00:00,combi,Standing,Dynamic
2024-09-02 18:28:53.500000+00:00,combi,Sitting,Sitting
2024-09-02 18:29:53.500000+00:00,combi,Sitting,Sitting
2024-09-02 18:30:53.500000+00:00,combi,Standing,Standing
2024-09-02 18:31:53.500000+00:00,combi,Standing,Standing
2024-09-02 18:32:53.500000+00:00,combi,Standing,Standing
2024-09-02 18:33:53.500000+00:00,combi,Sitting,Sitting
2024-09-02 18:34:53.500000+00:00,combi,Sitting,Sitting
2024-09-02 18:35:53.500000+00:00,combi,Sitting,Dynamic
2024-09-02 18:36:53.500000+00:00,combi,Standing,Standing
2024-09-02 18:37:53.500000+00:00,combi,Standing,Standing
2024-09-02 18:38:53.500000+00:00,combi,Standing,Standing
2024-09-02 18:39:53.500000+00:00,combi,Sitting,Sitting
2024-09-02 18:40:53.500000+00:00,combi,Sitting,Sitting
2024-09-02 18:41:53.500000+00:00,combi,Standing,Dynamic
2024-09-02 18:42:53.500000+00:00,combi,Standing,Standing
2024-09-02 18:43:53.500000+00:00,combi,Standing,Dynamic
2024-09-02 18:44:53.500000+00:00,combi,Standing,Dynamic
2024-09-02 18:45:53.500000+00:00,combi,Standing,Standing
2024-09-02 18:46:53.500000+00:00,combi,Sitting,Sitting
2024-09-02 18:47:53.500000+00:00,combi,Sitting,Sitting
2024-09-02 18:48:53.500000+00:00,combi,Sitting,Sitting
2024-09-02 18:49:53.500000+00:00,combi,Standing,Standing
2024-09-02 18:50:53.500000+00:00,combi,Sitting,Sitting
2024-09-02 18:51:53.500000+00:00,combi,Standing,Standing
2024-09-02 18:52:53.500000+00:00,combi,Standing,Standing
2024-09-02 18:53:53.500000+00:00,combi,Standing,Dynamic
2024-09-02 18:54:53.500000+00:00,combi,Standing,Sitting
2024-09-02 18:55:53.500000+00:00,combi,Standing,Standing
2024-09-02 18:56:53.500000+00:00,combi,Standing,Standing
2024-09-02 18:57:53.500000+00:00,combi,Standing,Standing
2024-09-02 18:58:53.500000+00:00,combi,Sitting,Sitting
2024-09-02 18:59:53.500000+00:00,combi,Sitting,Sitting
2024-09-02 19:00:53.500000+00:00,combi,Sitting,Sitting
2024-09-02 19:01:53.500000+00:00,combi,Sitting,Sitting
2024-09-02 19:02:53.500000+00:00,combi,Sitting,Sitting
2024-09-02 19:03:53.500000+00:00,combi,Sitting,Sitting
2024-09-02 19:04:53.500000+00:00,combi,Sitting,Sitting
2024-09-02 19:05:53.500000+00:00,combi,Sitting,Sitting
2024-09-02 19:06:53.500000+00:00,combi,Sitting,Sitting
2024-09-02 19:07:53.500000+00:00,combi,Sitting,Sitting
2024-09-02 19:08:53.500000+00:00,combi,Sitting,Sitting
2024-09-02 19:09:53.500000+00:00,combi,Sitting,Sitting
2024-09-02 19:10:53.500000+00:00,combi,Sitting,Sitting
2024-09-02 19:11:53.500000+00:00,combi,Sitting,Sitting
2024-09-02 19:12:53.500000+00:00,combi,Standing,Standing
2024-09-02 19:13:53.500000+00:00,combi,Standing,Standing
2024-09-02 19:14:53.500000+00:00,combi,Standing,Standing
2024-09-02 19:15:53.500000+00:00,combi,Standing,Standing
2024-09-02 19:16:53.500000+00:00,combi,Standing,Dynamic
2024-09-02 19:17:53.500000+00:00,combi,Standing,Standing
2024-09-02 19:18:53.500000+00:00,combi,Standing,Standing
2024-09-02 19:19:53.500000+00:00,combi,Sitting,Dynamic
2024-09-02 19:20:53.500000+00:00,combi,Sitting,Sitting
2024-09-02 19:21:53.500000+00:00,combi,Sitting,Sitting
2024-09-02 19:22:53.500000+00:00,combi,Standing,Standing
2024-09-02 19:23:53.500000+00:00,combi,Sitting,Sitting
2024-09-02 19:24:53.500000+00:00,combi,Sitting,Sitting
2024-09-02 19:25:53.500000+00:00,combi,Standing,Standing
2024-09-02 19:26:53.500000+00:00,combi,Standing,Standing
2024-09-02 19:27:53.500000+00:00,combi,Sitting,Sitting
2024-09-02 19:28:53.500000+00:00,combi,Sitting,Sitting
2024-09-02 19:29:53.500000+00:00,combi,Standing,Dynamic
2024-09-02 19:30:53.500000+00:00,combi,Standing,Dynamic
2024-09-02 19:31:53.500000+00:00,combi,Standing,Dynamic
2024-09-02 19:32:53.500000+00:00,combi,Standing,Standing
2024-09-02 19:33:53.500000+00:00,combi,Standing,Dynamic
2024-09-02 19:34:53.500000+00:00,combi,Standing,Dynamic
2024-09-02 19:35:53.500000+00:00,combi,Standing,Dynamic
2024-09-02 19:36:53.500000+00:00,combi,Standing,Sitting
2024-09-02 19:37:53.500000+00:00,combi,Standing,Standing
2024-09-02 19:38:53.500000+00:00,combi,Standing,Sitting
2024-09-02 19:39:53.500000+00:00,combi,Standing,Standing
2024-09-02 19:40:53.500000+00:00,combi,Standing,Standing
2024-09-02 19:41:53.500000+00:00,combi,Standing,Standing
2024-09-02 19:42:53.500000+00:00,combi,Standing,Standing
2024-09-02 19:43:53.500000+00:00,combi,Standing,Standing
2024-09-02 19:44:53.500000+00:00,combi,Standing,Dynamic
2024-09-02 19:45:53.500000+00:00,combi,Lying,Dynamic
2024-09-02 19:46:53.500000+00:00,combi,Lying,Lying
2024-09-02 19:47:53.500000+00:00,combi,Lying,Lying
2024-09-02 19:48:53.500000+00:00,combi,Lying,Lying
2024-09-02 19:49:53.500000+00:00,combi,Lying,Lying
2024-09-02 19:50:53.500000+00:00,combi,Lying,Lying
2024-09-02 19:51:53.500000+00:00,combi,Lying,Lying
2024-09-02 19:52:53.500000+00:00,combi,Lying,Lying
2024-09-02 19:53:53.500000+00:00,combi,Lying,Lying
2024-09-02 19:54:53.500000+00:00,combi,Lying,Lying
2024-09-02 19:55:53.500000+00:00,combi,Lying,Lying
2024-09-02 19:56:53.500000+00:00,combi,Lying,Lying
2024-09-02 19:57:53.500000+00:00,combi,Lying,Lying
2024-09-02 19:58:53.500000+00:00,combi,Lying,Lying
2024-09-02 19:59:53.500000+00:00,combi,Lying,Lying
2024-09-02 20:00:53.500000+00:00,combi,Lying,Lying
2024-09-02 20:01:53.500000+00:00,combi,Lying,Lying
2024-09-02 20:02:53.500000+00:00,combi,Lying,Lying
2024-09-02 20:03:53.500000+00:00,combi,Lying,Lying
2024-09-02 20:04:53.500000+00:00,combi,Lying,Lying
2024-09-02 20:05:53.500000+00:00,combi,Lying,Lying
2024-09-02 20:06:53.500000+00:00,combi,Lying,Lying
2024-09-02 20:07:53.500000+00:00,combi,Lying,Lying
2024-09-02 20:08:53.500000+00:00,combi,Lying,Lying
2024-09-02 20:09:53.500000+00:00,combi,Lying,Lying
2024-09-02 20:10:53.500000+00:00,combi,Lying,Lying
2024-09-02 20:11:53.500000+00:00,combi,Lying,Lying
2024-09-02 20:12:53.500000+00:00,combi,Lying,Lying
2024-09-02 20:13:53.500000+00:00,combi,Lying,Lying
2024-09-02 20:14:53.500000+00:00,combi,Lying,Lying
2024-09-02 20:15:53.500000+00:00,combi,Lying,Lying
2024-09-02 20:16:53.500000+00:00,combi,Lying,Lying
2024-09-02 20:17:53.500000+00:00,combi,Lying,Lying
2024-09-02 20:18:53.500000+00:00,combi,Lying,Lying
2024-09-02 20:19:53.500000+00:00,combi,Lying,Lying
2024-09-02 20:20:53.500000+00:00,combi,Lying,Lying
2024-09-02 20:21:53.500000+00:00,combi,Lying,Lying
2024-09-02 20:22:53.500000+00:00,combi,Lying,Lying
2024-09-02 20:23:53.500000+00:00,combi,Lying,Lying
2024-09-02 20:24:53.500000+00:00,combi,Lying,Lying
2024-09-02 20:25:53.500000+00:00,combi,Lying,Lying
2024-09-02 20:26:53.500000+00:00,combi,Lying,Lying
2024-09-02 20:27:53.500000+00:00,combi,Lying,Lying
2024-09-02 20:28:53.500000+00:00,combi,Lying,Lying
2024-09-02 20:29:53.500000+00:00,combi,Lying,Lying
2024-09-02 20:30:53.500000+00:00,combi,Lying,Lying
2024-09-02 20:31:53.500000+00:00,combi,Lying,Lying
2024-09-02 20:32:53.500000+00:00,combi,Lying,Lying
2024-09-02 20:33:53.500000+00:00,combi,Lying,Lying
2024-09-02 20:34:53.500000+00:00,combi,Lying,Lying
2024-09-02 20:35:53.500000+00:00,combi,Lying,Lying
2024-09-02 20:36:53.500000+00:00,combi,Lying,Lying
2024-09-02 20:37:53.500000+00:00,combi,Lying,Lying
2024-09-02 20:38:53.500000+00:00,combi,Lying,Lying
2024-09-02 20:39:53.500000+00:00,combi,Lying,Lying
2024-09-02 20:40:53.500000+00:00,combi,Lying,Lying
2024-09-02 20:41:53.500000+00:00,combi,Lying,Lying
2024-09-02 20:42:53.500000+00:00,combi,Lying,Lying
2024-09-02 20:43:53.500000+00:00,combi,Lying,Lying
2024-09-02 20:44:53.500000+00:00,combi,Lying,Lying
2024-09-02 20:45:53.500000+00:00,combi,Lying,Lying
2024-09-02 20:46:53.500000+00:00,combi,Lying,Lying
2024-09-02 20:47:53.500000+00:00,combi,Lying,Lying
2024-09-02 20:48:53.500000+00:00,combi,Lying,Lying
2024-09-02 20:49:53.500000+00:00,combi,Lying,Lying
2024-09-02 20:50:53.500000+00:00,combi,Lying,Lying
2024-09-02 20:51:53.500000+00:00,combi,Lying,Lying
2024-09-02 20:52:53.500000+00:00,combi,Lying,Lying
2024-09-02 20:53:53.500000+00:00,combi,Lying,Lying
2024-09-02 20:54:53.500000+00:00,combi,Lying,Lying
2024-09-02 20:55:53.500000+00:00,combi,Lying,Lying
2024-09-02 20:56:53.500000+00:00,combi,Lying,Lying
2024-09-02 20:57:53.500000+00:00,combi,Lying,Lying
2024-09-02 20:58:53.500000+00:00,combi,Lying,Lying
2024-09-02 20:59:53.500000+00:00,combi,Lying,Lying
2024-09-02 21:00:53.500000+00:00,combi,Lying,Lying
2024-09-02 21:01:53.500000+00:00,combi,Lying,Lying
2024-09-02 21:02:53.500000+00:00,combi,Lying,Lying
2024-09-02 21:03:53.500000+00:00,combi,Lying,Lying
2024-09-02 21:04:53.500000+00:00,combi,Lying,Lying
2024-09-02 21:05:53.500000+00:00,combi,Lying,Lying
2024-09-02 21:06:53.500000+00:00,combi,Lying,Lying
2024-09-02 21:07:53.500000+00:00,combi,Lying,Lying
2024-09-02 21:08:53.500000+00:00,combi,Lying,Lying
2024-09-02 21:09:53.500000+00:00,combi,Lying,Lying
2024-09-02 21:10:53.500000+00:00,combi,Lying,Lying
2024-09-02 21:11:53.500000+00:00,combi,Lying,Lying
2024-09-02 21:12:53.500000+00:00,combi,Lying,Lying
2024-09-02 21:13:53.500000+00:00,combi,Lying,Lying
2024-09-02 21:14:53.500000+00:00,combi,Lying,Lying
2024-09-02 21:15:53.500000+00:00,combi,Lying,Lying
2024-09-02 21:16:53.500000+00:00,combi,Lying,Lying
2024-09-02 21:17:53.500000+00:00,combi,Lying,Lying
2024-09-02 21:18:53.500000+00:00,combi,Lying,Lying
2024-09-02 21:19:53.500000+00:00,combi,Lying,Lying
2024-09-02 21:20:53.500000+00:00,combi,Lying,Lying
2024-09-02 21:21:53.500000+00:00,combi,Lying,Lying
2024-09-02 21:22:53.500000+00:00,combi,Lying,Lying
2024-09-02 21:23:53.500000+00:00,combi,Lying,Lying
2024-09-02 21:24:53.500000+00:00,combi,Lying,Lying
2024-09-02 21:25:53.500000+00:00,combi,Lying,Lying
2024-09-02 21:26:53.500000+00:00,combi,Lying,Lying
2024-09-02 21:27:53.500000+00:00,combi,Lying,Lying
2024-09-02 21:28:53.500000+00:00,combi,Lying,Lying
2024-09-02 21:29:53.500000+00:00,combi,Lying,Lying
2024-09-02 21:30:53.500000+00:00,combi,Lying,Lying
2024-09-02 21:31:53.500000+00:00,combi,Lying,Lying
2024-09-02 21:32:53.500000+00:00,combi,Lying,Lying
2024-09-02 21:33:53.500000+00:00,combi,Lying,Lying
2024-09-02 21:34:53.500000+00:00,combi,Lying,Lying
2024-09-02 21:35:53.500000+00:00,combi,Lying,Lying
2024-09-02 21:36:53.500000+00:00,combi,Lying,Lying
2024-09-02 21:37:53.500000+00:00,combi,Lying,Lying
2024-09-02 21:38:53.500000+00:00,combi,Lying,Lying
2024-09-02 21:39:53.500000+00:00,combi,Lying,Lying
2024-09-02 21:40:53.500000+00:00,combi,Lying,Lying
2024-09-02 21:41:53.500000+00:00,combi,Lying,Lying
2024-09-02 21:42:53.500000+00:00,combi,Lying,Lying
2024-09-02 21:43:53.500000+00:00,combi,Lying,Lying
2024-09-02 21:44:53.500000+00:00,combi,Lying,Lying
2024-09-02 21:45:53.500000+00:00,combi,Lying,Lying
2024-09-02 21:46:53.500000+00:00,combi,Lying,Lying
2024-09-02 21:47:53.500000+00:00,combi,Lying,Lying
2024-09-02 21:48:53.500000+00:00,combi,Lying,Lying
2024-09-02 21:49:53.500000+00:00,combi,Lying,Lying
2024-09-02 21:50:53.500000+00:00,combi,Lying,Lying
2024-09-02 21:51:53.500000+00:00,combi,Sitting,Sitting
2024-09-02 21:52:53.500000+00:00,combi,Sitting,Sitting
2024-09-02 21:53:53.500000+00:00,combi,Standing,Dynamic
2024-09-02 21:54:53.500000+00:00,combi,Standing,Standing
2024-09-02 21:55:53.500000+00:00,combi,Standing,Standing
2024-09-02 21:56:53.500000+00:00,combi,Standing,Standing
2024-09-02 21:57:53.500000+00:00,combi,Standing,Standing
2024-09-02 21:58:53.500000+00:00,combi,Standing,Standing
2024-09-02 21:59:53.500000+00:00,combi,Standing,Standing
2024-09-02 22:00:53.500000+00:00,combi,Standing,Standing
2024-09-02 22:01:53.500000+00:00,combi,Standing,Standing
2024-09-02 22:02:53.500000+00:00,combi,Sitting,Dynamic
2024-09-02 22:03:53.500000+00:00,combi,Lying,Lying
2024-09-02 22:04:53.500000+00:00,combi,Lying,Dynamic
2024-09-02 22:05:53.500000+00:00,combi,Lying,Lying
2024-09-02 22:06:53.500000+00:00,combi,Lying,Lying
2024-09-02 22:07:53.500000+00:00,combi,Lying,Lying
2024-09-02 22:08:53.500000+00:00,combi,Lying,Lying
2024-09-02 22:09:53.500000+00:00,combi,Lying,Lying
2024-09-02 22:10:53.500000+00:00,combi,Lying,Lying
2024-09-02 22:11:53.500000+00:00,combi,Lying,Lying
2024-09-02 22:12:53.500000+00:00,combi,Lying,Lying
2024-09-02 22:13:53.500000+00:00,combi,Lying,Lying
2024-09-02 22:14:53.500000+00:00,combi,Lying,Lying
2024-09-02 22:15:53.500000+00:00,combi,Lying,Lying
2024-09-02 22:16:53.500000+00:00,combi,Lying,Lying
2024-09-02 22:17:53.500000+00:00,combi,Lying,Lying
2024-09-02 22:18:53.500000+00:00,combi,Lying,Lying
2024-09-02 22:19:53.500000+00:00,combi,Lying,Lying
2024-09-02 22:20:53.500000+00:00,combi,Lying,Lying
2024-09-02 22:21:53.500000+00:00,combi,Lying,Lying
2024-09-02 22:22:53.500000+00:00,combi,Lying,Lying
2024-09-02 22:23:53.500000+00:00,combi,Lying,Lying
2024-09-02 22:24:53.500000+00:00,combi,Lying,Lying
2024-09-02 22:25:53.500000+00:00,combi,Lying,Lying
2024-09-02 22:26:53.500000+00:00,combi,Lying,Lying
2024-09-02 22:27:53.500000+00:00,combi,Lying,Lying
2024-09-02 22:28:53.500000+00:00,combi,Lying,Lying
2024-09-02 22:29:53.500000+00:00,combi,Lying,Lying
2024-09-02 22:30:53.500000+00:00,combi,Lying,Lying
2024-09-02 22:31:53.500000+00:00,combi,Lying,Lying
2024-09-02 22:32:53.500000+00:00,combi,Lying,Lying
2024-09-02 22:33:53.500000+00:00,combi,Lying,Lying
2024-09-02 22:34:53.500000+00:00,combi,Lying,Lying
2024-09-02 22:35:53.500000+00:00,combi,Lying,Lying
2024-09-02 22:36:53.500000+00:00,combi,Lying,Lying
2024-09-02 22:37:53.500000+00:00,combi,Lying,Lying
2024-09-02 22:38:53.500000+00:00,combi,Lying,Lying
2024-09-02 22:39:53.500000+00:00,combi,Lying,Lying
2024-09-02 22:40:53.500000+00:00,combi,Lying,Lying
2024-09-02 22:41:53.500000+00:00,combi,Lying,Lying
2024-09-02 22:42:53.500000+00:00,combi,Lying,Lying
2024-09-02 22:43:53.500000+00:00,combi,Lying,Lying
2024-09-02 22:44:53.500000+00:00,combi,Lying,Lying
2024-09-02 22:45:53.500000+00:00,combi,Lying,Lying
2024-09-02 22:46:53.500000+00:00,combi,Lying,Lying
2024-09-02 22:47:53.500000+00:00,combi,Lying,Lying
2024-09-02 22:48:53.500000+00:00,combi,Lying,Lying
2024-09-02 22:49:53.500000+00:00,combi,Lying,Lying
2024-09-02 22:50:53.500000+00:00,combi,Lying,Lying
2024-09-02 22:51:53.500000+00:00,combi,Lying,Lying
2024-09-02 22:52:53.500000+00:00,combi,Lying,Lying
2024-09-02 22:53:53.500000+00:00,combi,Lying,Lying
2024-09-02 22:54:53.500000+00:00,combi,Lying,Lying
2024-09-02 22:55:53.500000+00:00,combi,Lying,Lying
2024-09-02 22:56:53.500000+00:00,combi,Lying,Lying
2024-09-02 22:57:53.500000+00:00,combi,Lying,Lying
2024-09-02 22:58:53.500000+00:00,combi,Lying,Lying
2024-09-02 22:59:53.500000+00:00,combi,Lying,Lying
2024-09-02 23:00:53.500000+00:00,combi,Lying,Lying
2024-09-02 23:01:53.500000+00:00,combi,Lying,Lying
2024-09-02 23:02:53.500000+00:00,combi,Lying,Lying
2024-09-02 23:03:53.500000+00:00,combi,Lying,Lying
2024-09-02 23:04:53.500000+00:00,combi,Lying,Lying
2024-09-02 23:05:53.500000+00:00,combi,Lying,Lying
2024-09-02 23:06:53.500000+00:00,combi,Lying,Lying
2024-09-02 23:07:53.500000+00:00,combi,Lying,Lying
2024-09-02 23:08:53.500000+00:00,combi,Lying,Lying
2024-09-02 23:09:53.500000+00:00,combi,Lying,Lying
2024-09-02 23:10:53.500000+00:00,combi,Lying,Lying
2024-09-02 23:11:53.500000+00:00,combi,Lying,Lying
2024-09-02 23:12:53.500000+00:00,combi,Lying,Lying
2024-09-02 23:13:53.500000+00:00,combi,Lying,Lying
2024-09-02 23:14:53.500000+00:00,combi,Lying,Lying
2024-09-02 23:15:53.500000+00:00,combi,Lying,Lying
2024-09-02 23:16:53.500000+00:00,combi,Lying,Lying
2024-09-02 23:17:53.500000+00:00,combi,Lying,Lying
2024-09-02 23:18:53.500000+00:00,combi,Lying,Lying
2024-09-02 23:19:53.500000+00:00,combi,Lying,Lying
2024-09-02 23:20:53.500000+00:00,combi,Lying,Lying
2024-09-02 23:21:53.500000+00:00,combi,Lying,Lying
2024-09-02 23:22:53.500000+00:00,combi,Lying,Lying
2024-09-02 23:23:53.500000+00:00,combi,Lying,Lying
2024-09-02 23:24:53.500000+00:00,combi,Lying,Lying
2024-09-02 23:25:53.500000+00:00,combi,Lying,Lying
2024-09-02 23:26:53.500000+00:00,combi,Lying,Lying
2024-09-02 23:27:53.500000+00:00,combi,Lying,Lying
2024-09-02 23:28:53.500000+00:00,combi,Lying,Lying
2024-09-02 23:29:53.500000+00:00,combi,Lying,Lying
2024-09-02 23:30:53.500000+00:00,combi,Lying,Lying
2024-09-02 23:31:53.500000+00:00,combi,Lying,Lying
2024-09-02 23:32:53.500000+00:00,combi,Lying,Lying
2024-09-02 23:33:53.500000+00:00,combi,Lying,Lying
2024-09-02 23:34:53.500000+00:00,combi,Lying,Lying
2024-09-02 23:35:53.500000+00:00,combi,Lying,Lying
2024-09-02 23:36:53.500000+00:00,combi,Lying,Lying
2024-09-02 23:37:53.500000+00:00,combi,Lying,Lying
2024-09-02 23:38:53.500000+00:00,combi,Lying,Lying
2024-09-02 23:39:53.500000+00:00,combi,Lying,Lying
2024-09-02 23:40:53.500000+00:00,combi,Lying,Lying
2024-09-02 23:41:53.500000+00:00,combi,Lying,Lying
2024-09-02 23:42:53.500000+00:00,combi,Lying,Lying
2024-09-02 23:43:53.500000+00:00,combi,Lying,Lying
2024-09-02 23:44:53.500000+00:00,combi,Lying,Lying
2024-09-02 23:45:53.500000+00:00,combi,Lying,Lying
2024-09-02 23:46:53.500000+00:00,combi,Lying,Lying
2024-09-02 23:47:53.500000+00:00,combi,Lying,Lying
2024-09-02 23:48:53.500000+00:00,combi,Lying,Lying
2024-09-02 23:49:53.500000+00:00,combi,Lying,Lying
2024-09-02 23:50:53.500000+00:00,combi,Lying,Lying
2024-09-02 23:51:53.500000+00:00,combi,Lying,Lying
2024-09-02 23:52:53.500000+00:00,combi,Lying,Lying
2024-09-02 23:53:53.500000+00:00,combi,Lying,Lying
2024-09-02 23:54:53.500000+00:00,combi,Lying,Lying
2024-09-02 23:55:53.500000+00:00,combi,Lying,Lying
2024-09-02 23:56:53.500000+00:00,combi,Lying,Lying
2024-09-02 23:57:53.500000+00:00,combi,Lying,Lying
2024-09-02 23:58:53.500000+00:00,combi,Lying,Lying
2024-09-02 23:59:53.500000+00:00,combi,Lying,Lying
2024-09-03 00:00:53.500000+00:00,combi,Lying,Lying
2024-09-03 00:01:53.500000+00:00,combi,Lying,Lying
2024-09-03 00:02:53.500000+00:00,combi,Lying,Lying
2024-09-03 00:03:53.500000+00:00,combi,Lying,Lying
2024-09-03 00:04:53.500000+00:00,combi,Lying,Lying
2024-09-03 00:05:53.500000+00:00,combi,Lying,Lying
2024-09-03 00:06:53.500000+00:00,combi,Lying,Lying
2024-09-03 00:07:53.500000+00:00,combi,Lying,Lying
2024-09-03 00:08:53.500000+00:00,combi,Lying,Lying
2024-09-03 00:09:53.500000+00:00,combi,Lying,Lying
2024-09-03 00:10:53.500000+00:00,combi,Lying,Lying
2024-09-03 00:11:53.500000+00:00,combi,Lying,Lying
2024-09-03 00:12:53.500000+00:00,combi,Lying,Lying
2024-09-03 00:13:53.500000+00:00,combi,Lying,Lying
2024-09-03 00:14:53.500000+00:00,combi,Lying,Lying
2024-09-03 00:15:53.500000+00:00,combi,Lying,Lying
2024-09-03 00:16:53.500000+00:00,combi,Lying,Lying
2024-09-03 00:17:53.500000+00:00,combi,Lying,Lying
2024-09-03 00:18:53.500000+00:00,combi,Lying,Lying
2024-09-03 00:19:53.500000+00:00,combi,Lying,Lying
2024-09-03 00:20:53.500000+00:00,combi,Lying,Lying
2024-09-03 00:21:53.500000+00:00,combi,Lying,Lying
2024-09-03 00:22:53.500000+00:00,combi,Lying,Lying
2024-09-03 00:23:53.500000+00:00,combi,Lying,Lying
2024-09-03 00:24:53.500000+00:00,combi,Lying,Lying
2024-09-03 00:25:53.500000+00:00,combi,Lying,Lying
2024-09-03 00:26:53.500000+00:00,combi,Lying,Lying
2024-09-03 00:27:53.500000+00:00,combi,Lying,Lying
2024-09-03 00:28:53.500000+00:00,combi,Lying,Lying
2024-09-03 00:29:53.500000+00:00,combi,Lying,Lying
2024-09-03 00:30:53.500000+00:00,combi,Lying,Lying
2024-09-03 00:31:53.500000+00:00,combi,Lying,Lying
2024-09-03 00:32:53.500000+00:00,combi,Lying,Lying
2024-09-03 00:33:53.500000+00:00,combi,Lying,Lying
2024-09-03 00:34:53.500000+00:00,combi,Lying,Lying
2024-09-03 00:35:53.500000+00:00,combi,Lying,Lying
2024-09-03 00:36:53.500000+00:00,combi,Lying,Lying
2024-09-03 00:37:53.500000+00:00,combi,Lying,Lying
2024-09-03 00:38:53.500000+00:00,combi,Lying,Lying
2024-09-03 00:39:53.500000+00:00,combi,Lying,Lying
2024-09-03 00:40:53.500000+00:00,combi,Lying,Lying
2024-09-03 00:41:53.500000+00:00,combi,Lying,Lying
2024-09-03 00:42:53.500000+00:00,combi,Lying,Lying
2024-09-03 00:43:53.500000+00:00,combi,Lying,Lying
2024-09-03 00:44:53.500000+00:00,combi,Lying,Lying
2024-09-03 00:45:53.500000+00:00,combi,Lying,Lying
2024-09-03 00:46:53.500000+00:00,combi,Lying,Lying
2024-09-03 00:47:53.500000+00:00,combi,Lying,Lying
2024-09-03 00:48:53.500000+00:00,combi,Lying,Lying
2024-09-03 00:49:53.500000+00:00,combi,Lying,Lying
2024-09-03 00:50:53.500000+00:00,combi,Lying,Lying
2024-09-03 00:51:53.500000+00:00,combi,Lying,Lying
2024-09-03 00:52:53.500000+00:00,combi,Sitting,Sitting
2024-09-03 00:53:53.500000+00:00,combi,Lying,Sitting
2024-09-03 00:54:53.500000+00:00,combi,Lying,Sitting
2024-09-03 00:55:53.500000+00:00,combi,Lying,Lying
2024-09-03 00:56:53.500000+00:00,combi,Sitting,Sitting
2024-09-03 00:57:53.500000+00:00,combi,Sitting,Sitting
2024-09-03 00:58:53.500000+00:00,combi,Lying,Lying
2024-09-03 00:59:53.500000+00:00,combi,Lying,Lying
2024-09-03 01:00:53.500000+00:00,combi,Lying,Lying
2024-09-03 01:01:53.500000+00:00,combi,Lying,Lying
2024-09-03 01:02:53.500000+00:00,combi,Lying,Lying
2024-09-03 01:03:53.500000+00:00,combi,Lying,Lying
2024-09-03 01:04:53.500000+00:00,combi,Lying,Lying
2024-09-03 01:05:53.500000+00:00,combi,Lying,Lying
2024-09-03 01:06:53.500000+00:00,combi,Lying,Lying
2024-09-03 01:07:53.500000+00:00,combi,Lying,Lying
2024-09-03 01:08:53.500000+00:00,combi,Lying,Lying
2024-09-03 01:09:53.500000+00:00,combi,Lying,Lying
2024-09-03 01:10:53.500000+00:00,combi,Lying,Lying
2024-09-03 01:11:53.500000+00:00,combi,Lying,Lying
2024-09-03 01:12:53.500000+00:00,combi,Lying,Lying
2024-09-03 01:13:53.500000+00:00,combi,Lying,Lying
2024-09-03 01:14:53.500000+00:00,combi,Lying,Lying
2024-09-03 01:15:53.500000+00:00,combi,Lying,Lying
2024-09-03 01:16:53.500000+00:00,combi,Sitting,Sitting
2024-09-03 01:17:53.500000+00:00,combi,Lying,Lying
2024-09-03 01:18:53.500000+00:00,combi,Lying,Lying
2024-09-03 01:19:53.500000+00:00,combi,Lying,Sitting
2024-09-03 01:20:53.500000+00:00,combi,Sitting,Sitting
2024-09-03 01:21:53.500000+00:00,combi,Sitting,Sitting
2024-09-03 01:22:53.500000+00:00,combi,Lying,Sitting
2024-09-03 01:23:53.500000+00:00,combi,Sitting,Sitting
2024-09-03 01:24:53.500000+00:00,combi,Sitting,Sitting
2024-09-03 01:25:53.500000+00:00,combi,Lying,Sitting
2024-09-03 01:26:53.500000+00:00,combi,Sitting,Sitting
2024-09-03 01:27:53.500000+00:00,combi,Sitting,Sitting
2024-09-03 01:28:53.500000+00:00,combi,Lying,Lying
2024-09-03 01:29:53.500000+00:00,combi,Lying,Lying
2024-09-03 01:30:53.500000+00:00,combi,Lying,Lying
2024-09-03 01:31:53.500000+00:00,combi,Lying,Lying
2024-09-03 01:32:53.500000+00:00,combi,Lying,Lying
2024-09-03 01:33:53.500000+00:00,combi,Lying,Lying
2024-09-03 01:34:53.500000+00:00,combi,Lying,Lying
2024-09-03 01:35:53.500000+00:00,combi,Lying,Lying
2024-09-03 01:36:53.500000+00:00,combi,Lying,Lying
2024-09-03 01:37:53.500000+00:00,combi,Lying,Lying
2024-09-03 01:38:53.500000+00:00,combi,Lying,Lying
2024-09-03 01:39:53.500000+00:00,combi,Lying,Lying
2024-09-03 01:40:53.500000+00:00,combi,Lying,Lying
2024-09-03 01:41:53.500000+00:00,combi,Lying,Lying
2024-09-03 01:42:53.500000+00:00,combi,Lying,Lying
2024-09-03 01:43:53.500000+00:00,combi,Lying,Lying
2024-09-03 01:44:53.500000+00:00,combi,Lying,Lying
2024-09-03 01:45:53.500000+00:00,combi,Lying,Lying
2024-09-03 01:46:53.500000+00:00,combi,Lying,Lying
2024-09-03 01:47:53.500000+00:00,combi,Lying,Lying
2024-09-03 01:48:53.500000+00:00,combi,Lying,Lying
2024-09-03 01:49:53.500000+00:00,combi,Lying,Lying
2024-09-03 01:50:53.500000+00:00,combi,Lying,Lying
2024-09-03 01:51:53.500000+00:00,combi,Lying,Lying
2024-09-03 01:52:53.500000+00:00,combi,Lying,Lying
2024-09-03 01:53:53.500000+00:00,combi,Lying,Lying
2024-09-03 01:54:53.500000+00:00,combi,Lying,Lying
2024-09-03 01:55:53.500000+00:00,combi,Lying,Lying
2024-09-03 01:56:53.500000+00:00,combi,Lying,Lying
2024-09-03 01:57:53.500000+00:00,combi,Lying,Lying
2024-09-03 01:58:53.500000+00:00,combi,Lying,Lying
2024-09-03 01:59:53.500000+00:00,combi,Lying,Lying
2024-09-03 02:00:53.500000+00:00,combi,Lying,Lying
2024-09-03 02:01:53.500000+00:00,combi,Lying,Lying
2024-09-03 02:02:53.500000+00:00,combi,Sitting,Sitting
2024-09-03 02:03:53.500000+00:00,combi,Sitting,Sitting
2024-09-03 02:04:53.500000+00:00,combi,Sitting,Sitting
2024-09-03 02:05:53.500000+00:00,combi,Sitting,Sitting
2024-09-03 02:06:53.500000+00:00,combi,Sitting,Sitting
2024-09-03 02:07:53.500000+00:00,combi,Sitting,Sitting
2024-09-03 02:08:53.500000+00:00,combi,Sitting,Sitting
2024-09-03 02:09:53.500000+00:00,combi,Sitting,Sitting
2024-09-03 02:10:53.500000+00:00,combi,Sitting,Sitting
2024-09-03 02:11:53.500000+00:00,combi,Sitting,Sitting
2024-09-03 02:12:53.500000+00:00,combi,Sitting,Sitting
2024-09-03 02:13:53.500000+00:00,combi,Sitting,Sitting
2024-09-03 02:14:53.500000+00:00,combi,Sitting,Sitting
2024-09-03 02:15:53.500000+00:00,combi,Lying,Lying
2024-09-03 02:16:53.500000+00:00,combi,Lying,Lying
2024-09-03 02:17:53.500000+00:00,combi,Lying,Lying
2024-09-03 02:18:53.500000+00:00,combi,Lying,Lying
2024-09-03 02:19:53.500000+00:00,combi,Lying,Lying
2024-09-03 02:20:53.500000+00:00,combi,Lying,Lying
2024-09-03 02:21:53.500000+00:00,combi,Lying,Lying
2024-09-03 02:22:53.500000+00:00,combi,Lying,Lying
2024-09-03 02:23:53.500000+00:00,combi,Lying,Lying
2024-09-03 02:24:53.500000+00:00,combi,Lying,Lying
2024-09-03 02:25:53.500000+00:00,combi,Lying,Lying
2024-09-03 02:26:53.500000+00:00,combi,Lying,Lying
2024-09-03 02:27:53.500000+00:00,combi,Lying,Lying
2024-09-03 02:28:53.500000+00:00,combi,Lying,Lying
2024-09-03 02:29:53.500000+00:00,combi,Lying,Lying
2024-09-03 02:30:53.500000+00:00,combi,Lying,Lying
2024-09-03 02:31:53.500000+00:00,combi,Lying,Lying
2024-09-03 02:32:53.500000+00:00,combi,Lying,Lying
2024-09-03 02:33:53.500000+00:00,combi,Lying,Lying
2024-09-03 02:34:53.500000+00:00,combi,Lying,Lying
2024-09-03 02:35:53.500000+00:00,combi,Lying,Lying
2024-09-03 02:36:53.500000+00:00,combi,Lying,Sitting
2024-09-03 02:37:53.500000+00:00,combi,Lying,Lying
2024-09-03 02:38:53.500000+00:00,combi,Lying,Lying
2024-09-03 02:39:53.500000+00:00,combi,Lying,Lying
2024-09-03 02:40:53.500000+00:00,combi,Lying,Lying
2024-09-03 02:41:53.500000+00:00,combi,Lying,Lying
2024-09-03 02:42:53.500000+00:00,combi,Lying,Sitting
2024-09-03 02:43:53.500000+00:00,combi,Sitting,Sitting
2024-09-03 02:44:53.500000+00:00,combi,Lying,Dynamic
2024-09-03 02:45:53.500000+00:00,combi,Sitting,Sitting
2024-09-03 02:46:53.500000+00:00,combi,Lying,Lying
2024-09-03 02:47:53.500000+00:00,combi,Sitting,Sitting
2024-09-03 02:48:53.500000+00:00,combi,Sitting,Sitting
2024-09-03 02:49:53.500000+00:00,combi,Sitting,Sitting
2024-09-03 02:50:53.500000+00:00,combi,Sitting,Sitting
2024-09-03 02:51:53.500000+00:00,combi,Sitting,Sitting
2024-09-03 02:52:53.500000+00:00,combi,Sitting,Sitting
2024-09-03 02:53:53.500000+00:00,combi,Lying,Lying
2024-09-03 02:54:53.500000+00:00,combi,Lying,Lying
2024-09-03 02:55:53.500000+00:00,combi,Lying,Lying
2024-09-03 02:56:53.500000+00:00,combi,Lying,Lying
2024-09-03 02:57:53.500000+00:00,combi,Lying,Lying
2024-09-03 02:58:53.500000+00:00,combi,Lying,Lying
2024-09-03 02:59:53.500000+00:00,combi,Lying,Lying
2024-09-03 03:00:53.500000+00:00,combi,Lying,Lying
2024-09-03 03:01:53.500000+00:00,combi,Lying,Lying
2024-09-03 03:02:53.500000+00:00,combi,Lying,Lying
2024-09-03 03:03:53.500000+00:00,combi,Lying,Lying
2024-09-03 03:04:53.500000+00:00,combi,Lying,Lying
2024-09-03 03:05:53.500000+00:00,combi,Lying,Lying
2024-09-03 03:06:53.500000+00:00,combi,Lying,Lying
2024-09-03 03:07:53.500000+00:00,combi,Lying,Lying
2024-09-03 03:08:53.500000+00:00,combi,Lying,Lying
2024-09-03 03:09:53.500000+00:00,combi,Lying,Lying
2024-09-03 03:10:53.500000+00:00,combi,Lying,Lying
2024-09-03 03:11:53.500000+00:00,combi,Lying,Lying
2024-09-03 03:12:53.500000+00:00,combi,Lying,Lying
2024-09-03 03:13:53.500000+00:00,combi,Lying,Lying
2024-09-03 03:14:53.500000+00:00,combi,Lying,Lying
2024-09-03 03:15:53.500000+00:00,combi,Lying,Lying
2024-09-03 03:16:53.500000+00:00,combi,Lying,Lying
2024-09-03 03:17:53.500000+00:00,combi,Sitting,Sitting
2024-09-03 03:18:53.500000+00:00,combi,Lying,Lying
2024-09-03 03:19:53.500000+00:00,combi,Lying,Lying
2024-09-03 03:20:53.500000+00:00,combi,Sitting,Sitting
2024-09-03 03:21:53.500000+00:00,combi,Lying,Lying
2024-09-03 03:22:53.500000+00:00,combi,Sitting,Sitting
2024-09-03 03:23:53.500000+00:00,combi,Sitting,Sitting
2024-09-03 03:24:53.500000+00:00,combi,Sitting,Sitting
2024-09-03 03:25:53.500000+00:00,combi,Sitting,Sitting
2024-09-03 03:26:53.500000+00:00,combi,Sitting,Sitting
2024-09-03 03:27:53.500000+00:00,combi,Sitting,Sitting
2024-09-03 03:28:53.500000+00:00,combi,Lying,Lying
