Time,Participant,Majority_postures,Majority_including_dynamic
2024-09-19 10:40:44.500000+00:00,combi,Standing,Standing
2024-09-19 10:41:44.500000+00:00,combi,Standing,Standing
2024-09-19 10:42:44.500000+00:00,combi,Standing,Standing
2024-09-19 10:43:44.500000+00:00,combi,Standing,Dynamic
2024-09-19 10:44:44.500000+00:00,combi,Standing,Standing
2024-09-19 10:45:44.500000+00:00,combi,Standing,Standing
2024-09-19 10:46:44.500000+00:00,combi,Standing,Dynamic
2024-09-19 10:47:44.500000+00:00,combi,Standing,Dynamic
2024-09-19 10:48:44.500000+00:00,combi,Sitting,Sitting
2024-09-19 10:49:44.500000+00:00,combi,Standing,Dynamic
2024-09-19 10:50:44.500000+00:00,combi,Sitting,Sitting
2024-09-19 10:51:44.500000+00:00,combi,Sitting,Sitting
2024-09-19 10:52:44.500000+00:00,combi,Sitting,Sitting
2024-09-19 10:53:44.500000+00:00,combi,Sitting,Sitting
2024-09-19 10:54:44.500000+00:00,combi,Sitting,Sitting
2024-09-19 10:55:44.500000+00:00,combi,Standing,Standing
2024-09-19 10:56:44.500000+00:00,combi,Lying,Dynamic
2024-09-19 10:57:44.500000+00:00,combi,Lying,Lying
2024-09-19 10:58:44.500000+00:00,combi,Lying,Lying
2024-09-19 10:59:44.500000+00:00,combi,Lying,Lying
2024-09-19 11:00:44.500000+00:00,combi,Sitting,Sitting
2024-09-19 11:01:44.500000+00:00,combi,Sitting,Sitting
2024-09-19 11:02:44.500000+00:00,combi,Standing,Sitting
2024-09-19 11:03:44.500000+00:00,combi,Standing,Standing
2024-09-19 11:04:44.500000+00:00,combi,Standing,Standing
2024-09-19 11:05:44.500000+00:00,combi,Standing,Standing
2024-09-19 11:06:44.500000+00:00,combi,Sitting,Sitting
2024-09-19 11:07:44.500000+00:00,combi,Lying,Sitting
2024-09-19 11:08:44.500000+00:00,combi,Lying,Lying
2024-09-19 11:09:44.500000+00:00,combi,Lying,Lying
2024-09-19 11:10:44.500000+00:00,combi,Lying,Lying
2024-09-19 11:11:44.500000+00:00,combi,Lying,Lying
2024-09-19 11:12:44.500000+00:00,combi,Lying,Lying
2024-09-19 11:13:44.500000+00:00,combi,Lying,Lying
2024-09-19 11:14:44.500000+00:00,combi,Lying,Lying
2024-09-19 11:15:44.500000+00:00,combi,Lying,Lying
2024-09-19 11:16:44.500000+00:00,combi,Lying,Lying
2024-09-19 11:17:44.500000+00:00,combi,Sitting,Sitting
2024-09-19 11:18:44.500000+00:00,combi,Sitting,Sitting
2024-09-19 11:19:44.500000+00:00,combi,Sitting,Sitting
2024-09-19 11:20:44.500000+00:00,combi,Sitting,Sitting
2024-09-19 11:21:44.500000+00:00,combi,Sitting,Sitting
2024-09-19 11:22:44.500000+00:00,combi,Sitting,Sitting
2024-09-19 11:23:44.500000+00:00,combi,Sitting,Sitting
2024-09-19 11:24:44.500000+00:00,combi,Sitting,Sitting
2024-09-19 11:25:44.500000+00:00,combi,Sitting,Sitting
2024-09-19 11:26:44.500000+00:00,combi,Standing,Standing
2024-09-19 11:27:44.500000+00:00,combi,Standing,Standing
2024-09-19 11:28:44.500000+00:00,combi,Standing,Standing
2024-09-19 11:29:44.500000+00:00,combi,Standing,Standing
2024-09-19 11:30:44.500000+00:00,combi,Standing,Standing
2024-09-19 11:31:44.500000+00:00,combi,Standing,Standing
2024-09-19 11:32:44.500000+00:00,combi,Standing,Standing
2024-09-19 11:33:44.500000+00:00,combi,Standing,Standing
2024-09-19 11:34:44.500000+00:00,combi,Standing,Standing
2024-09-19 11:35:44.500000+00:00,combi,Standing,Standing
2024-09-19 11:36:44.500000+00:00,combi,Standing,Standing
2024-09-19 11:37:44.500000+00:00,combi,Sitting,Sitting
2024-09-19 11:38:44.500000+00:00,combi,Sitting,Sitting
2024-09-19 11:39:44.500000+00:00,combi,Sitting,Sitting
2024-09-19 11:40:44.500000+00:00,combi,Sitting,Sitting
2024-09-19 11:41:44.500000+00:00,combi,Sitting,Sitting
2024-09-19 11:42:44.500000+00:00,combi,Sitting,Sitting
2024-09-19 11:43:44.500000+00:00,combi,Sitting,Sitting
2024-09-19 11:44:44.500000+00:00,combi,Sitting,Sitting
2024-09-19 11:45:44.500000+00:00,combi,Sitting,Sitting
2024-09-19 11:46:44.500000+00:00,combi,Sitting,Sitting
2024-09-19 11:47:44.500000+00:00,combi,Sitting,Sitting
2024-09-19 11:48:44.500000+00:00,combi,Sitting,Sitting
2024-09-19 11:49:44.500000+00:00,combi,Sitting,Sitting
2024-09-19 11:50:44.500000+00:00,combi,Sitting,Sitting
2024-09-19 11:51:44.500000+00:00,combi,Sitting,Sitting
2024-09-19 11:52:44.500000+00:00,combi,Sitting,Sitting
2024-09-19 11:53:44.500000+00:00,combi,Sitting,Sitting
2024-09-19 11:54:44.500000+00:00,combi,Sitting,Sitting
2024-09-19 11:55:44.500000+00:00,combi,Sitting,Sitting
2024-09-19 11:56:44.500000+00:00,combi,Sitting,Sitting
2024-09-19 11:57:44.500000+00:00,combi,Sitting,Sitting
2024-09-19 11:58:44.500000+00:00,combi,Standing,Sitting
2024-09-19 11:59:44.500000+00:00,combi,Standing,Standing
2024-09-19 12:00:44.500000+00:00,combi,Standing,Standing
2024-09-19 12:01:44.500000+00:00,combi,Standing,Standing
2024-09-19 12:02:44.500000+00:00,combi,Standing,Standing
2024-09-19 12:03:44.500000+00:00,combi,Standing,Standing
2024-09-19 12:04:44.500000+00:00,combi,Standing,Standing
2024-09-19 12:05:44.500000+00:00,combi,Standing,Standing
2024-09-19 12:06:44.500000+00:00,combi,Standing,Standing
2024-09-19 12:07:44.500000+00:00,combi,Standing,Standing
2024-09-19 12:08:44.500000+00:00,combi,Standing,Standing
2024-09-19 12:09:44.500000+00:00,combi,Standing,Standing
2024-09-19 12:10:44.500000+00:00,combi,Standing,Dynamic
2024-09-19 12:11:44.500000+00:00,combi,Standing,Standing
2024-09-19 12:12:44.500000+00:00,combi,Standing,Dynamic
2024-09-19 12:13:44.500000+00:00,combi,Standing,Dynamic
2024-09-19 12:14:44.500000+00:00,combi,Standing,Dynamic
2024-09-19 12:15:44.500000+00:00,combi,Standing,Dynamic
2024-09-19 12:16:44.500000+00:00,combi,Standing,Dynamic
2024-09-19 12:17:44.500000+00:00,combi,Standing,Dynamic
2024-09-19 12:18:44.500000+00:00,combi,Standing,Standing
2024-09-19 12:19:44.500000+00:00,combi,Standing,Standing
2024-09-19 12:20:44.500000+00:00,combi,Sitting,Sitting
2024-09-19 12:21:44.500000+00:00,combi,Sitting,Sitting
2024-09-19 12:22:44.500000+00:00,combi,Sitting,Sitting
2024-09-19 12:23:44.500000+00:00,combi,Sitting,Sitting
2024-09-19 12:24:44.500000+00:00,combi,Sitting,Sitting
2024-09-19 12:25:44.500000+00:00,combi,Standing,Standing
2024-09-19 12:26:44.500000+00:00,combi,Standing,Dynamic
2024-09-19 12:27:44.500000+00:00,combi,Standing,Standing
2024-09-19 12:28:44.500000+00:00,combi,Standing,Standing
2024-09-19 12:29:44.500000+00:00,combi,Standing,Standing
2024-09-19 12:30:44.500000+00:00,combi,Standing,Dynamic
2024-09-19 12:31:44.500000+00:00,combi,Standing,Dynamic
2024-09-19 12:32:44.500000+00:00,combi,Standing,Dynamic
2024-09-19 12:33:44.500000+00:00,combi,Standing,Dynamic
2024-09-19 12:34:44.500000+00:00,combi,Standing,Dynamic
2024-09-19 12:35:44.500000+00:00,combi,Standing,Dynamic
2024-09-19 12:36:44.500000+00:00,combi,Standing,Dynamic
2024-09-19 12:37:44.500000+00:00,combi,Standing,Dynamic
2024-09-19 12:38:44.500000+00:00,combi,Sitting,Sitting
2024-09-19 12:39:44.500000+00:00,combi,Sitting,Sitting
2024-09-19 12:40:44.500000+00:00,combi,Sitting,Sitting
2024-09-19 12:41:44.500000+00:00,combi,Sitting,Sitting
2024-09-19 12:42:44.500000+00:00,combi,Sitting,Sitting
2024-09-19 12:43:44.500000+00:00,combi,Sitting,Sitting
2024-09-19 12:44:44.500000+00:00,combi,Sitting,Sitting
2024-09-19 12:45:44.500000+00:00,combi,Sitting,Sitting
2024-09-19 12:46:44.500000+00:00,combi,Sitting,Sitting
2024-09-19 12:47:44.500000+00:00,combi,Sitting,Sitting
2024-09-19 12:48:44.500000+00:00,combi,Sitting,Sitting
2024-09-19 12:49:44.500000+00:00,combi,Sitting,Sitting
2024-09-19 12:50:44.500000+00:00,combi,Sitting,Sitting
2024-09-19 12:51:44.500000+00:00,combi,Sitting,Sitting
2024-09-19 12:52:44.500000+00:00,combi,Sitting,Sitting
2024-09-19 12:53:44.500000+00:00,combi,Sitting,Sitting
2024-09-19 12:54:44.500000+00:00,combi,Sitting,Sitting
2024-09-19 12:55:44.500000+00:00,combi,Sitting,Sitting
2024-09-19 12:56:44.500000+00:00,combi,Sitting,Sitting
2024-09-19 12:57:44.500000+00:00,combi,Sitting,Sitting
2024-09-19 12:58:44.500000+00:00,combi,Sitting,Sitting
2024-09-19 12:59:44.500000+00:00,combi,Sitting,Sitting
2024-09-19 13:00:44.500000+00:00,combi,Sitting,Sitting
2024-09-19 13:01:44.500000+00:00,combi,Sitting,Sitting
2024-09-19 13:02:44.500000+00:00,combi,Sitting,Sitting
2024-09-19 13:03:44.500000+00:00,combi,Sitting,Sitting
2024-09-19 13:04:44.500000+00:00,combi,Sitting,Sitting
2024-09-19 13:05:44.500000+00:00,combi,Sitting,Sitting
2024-09-19 13:06:44.500000+00:00,combi,Sitting,Sitting
2024-09-19 13:07:44.500000+00:00,combi,Sitting,Sitting
2024-09-19 13:08:44.500000+00:00,combi,Sitting,Sitting
2024-09-19 13:09:44.500000+00:00,combi,Sitting,Sitting
2024-09-19 13:10:44.500000+00:00,combi,Sitting,Sitting
2024-09-19 13:11:44.500000+00:00,combi,Sitting,Sitting
2024-09-19 13:12:44.500000+00:00,combi,Sitting,Sitting
2024-09-19 13:13:44.500000+00:00,combi,Sitting,Sitting
2024-09-19 13:14:44.500000+00:00,combi,Sitting,Sitting
2024-09-19 13:15:44.500000+00:00,combi,Sitting,Sitting
2024-09-19 13:16:44.500000+00:00,combi,Sitting,Sitting
2024-09-19 13:17:44.500000+00:00,combi,Sitting,Sitting
2024-09-19 13:18:44.500000+00:00,combi,Sitting,Sitting
2024-09-19 13:19:44.500000+00:00,combi,Sitting,Sitting
2024-09-19 13:20:44.500000+00:00,combi,Standing,Dynamic
2024-09-19 13:21:44.500000+00:00,combi,Standing,Dynamic
2024-09-19 13:22:44.500000+00:00,combi,Sitting,Sitting
2024-09-19 13:23:44.500000+00:00,combi,Sitting,Sitting
2024-09-19 13:24:44.500000+00:00,combi,Sitting,Sitting
2024-09-19 13:25:44.500000+00:00,combi,Sitting,Sitting
2024-09-19 13:26:44.500000+00:00,combi,Sitting,Sitting
2024-09-19 13:27:44.500000+00:00,combi,Sitting,Sitting
2024-09-19 13:28:44.500000+00:00,combi,Sitting,Sitting
2024-09-19 13:29:44.500000+00:00,combi,Sitting,Sitting
2024-09-19 13:30:44.500000+00:00,combi,Sitting,Sitting
2024-09-19 13:31:44.500000+00:00,combi,Sitting,Sitting
2024-09-19 13:32:44.500000+00:00,combi,Sitting,Sitting
2024-09-19 13:33:44.500000+00:00,combi,Sitting,Sitting
2024-09-19 13:34:44.500000+00:00,combi,Sitting,Sitting
2024-09-19 13:35:44.500000+00:00,combi,Sitting,Sitting
2024-09-19 13:36:44.500000+00:00,combi,Sitting,Sitting
2024-09-19 13:37:44.500000+00:00,combi,Sitting,Sitting
2024-09-19 13:38:44.500000+00:00,combi,Sitting,Sitting
2024-09-19 13:39:44.500000+00:00,combi,Sitting,Sitting
2024-09-19 13:40:44.500000+00:00,combi,Sitting,Sitting
2024-09-19 13:41:44.500000+00:00,combi,Sitting,Sitting
2024-09-19 13:42:44.500000+00:00,combi,Sitting,Sitting
2024-09-19 13:43:44.500000+00:00,combi,Sitting,Sitting
2024-09-19 13:44:44.500000+00:00,combi,Sitting,Sitting
2024-09-19 13:45:44.500000+00:00,combi,Sitting,Sitting
2024-09-19 13:46:44.500000+00:00,combi,Sitting,Sitting
2024-09-19 13:47:44.500000+00:00,combi,Sitting,Sitting
2024-09-19 13:48:44.500000+00:00,combi,Sitting,Sitting
2024-09-19 13:49:44.500000+00:00,combi,Sitting,Sitting
2024-09-19 13:50:44.500000+00:00,combi,Sitting,Sitting
2024-09-19 13:51:44.500000+00:00,combi,Sitting,Sitting
2024-09-19 13:52:44.500000+00:00,combi,Sitting,Sitting
2024-09-19 13:53:44.500000+00:00,combi,Sitting,Sitting
2024-09-19 13:54:44.500000+00:00,combi,Sitting,Sitting
2024-09-19 13:55:44.500000+00:00,combi,Sitting,Sitting
2024-09-19 13:56:44.500000+00:00,combi,Sitting,Sitting
2024-09-19 13:57:44.500000+00:00,combi,Sitting,Sitting
2024-09-19 13:58:44.500000+00:00,combi,Sitting,Sitting
2024-09-19 13:59:44.500000+00:00,combi,Sitting,Sitting
2024-09-19 14:00:44.500000+00:00,combi,Sitting,Sitting
2024-09-19 14:01:44.500000+00:00,combi,Sitting,Sitting
2024-09-19 14:02:44.500000+00:00,combi,Sitting,Sitting
2024-09-19 14:03:44.500000+00:00,combi,Sitting,Sitting
2024-09-19 14:04:44.500000+00:00,combi,Sitting,Sitting
2024-09-19 14:05:44.500000+00:00,combi,Sitting,Sitting
2024-09-19 14:06:44.500000+00:00,combi,Sitting,Sitting
2024-09-19 14:07:44.500000+00:00,combi,Sitting,Sitting
2024-09-19 14:08:44.500000+00:00,combi,Sitting,Sitting
2024-09-19 14:09:44.500000+00:00,combi,Sitting,Sitting
2024-09-19 14:10:44.500000+00:00,combi,Sitting,Sitting
2024-09-19 14:11:44.500000+00:00,combi,Sitting,Sitting
2024-09-19 14:12:44.500000+00:00,combi,Sitting,Sitting
2024-09-19 14:13:44.500000+00:00,combi,Sitting,Sitting
2024-09-19 14:14:44.500000+00:00,combi,Sitting,Sitting
2024-09-19 14:15:44.500000+00:00,combi,Sitting,Sitting
2024-09-19 14:16:44.500000+00:00,combi,Sitting,Sitting
2024-09-19 14:17:44.500000+00:00,combi,Sitting,Sitting
2024-09-19 14:18:44.500000+00:00,combi,Sitting,Sitting
2024-09-19 14:19:44.500000+00:00,combi,Sitting,Sitting
2024-09-19 14:20:44.500000+00:00,combi,Sitting,Sitting
2024-09-19 14:21:44.500000+00:00,combi,Sitting,Sitting
2024-09-19 14:22:44.500000+00:00,combi,Sitting,Sitting
2024-09-19 14:23:44.500000+00:00,combi,Sitting,Sitting
2024-09-19 14:24:44.500000+00:00,combi,Sitting,Sitting
2024-09-19 14:25:44.500000+00:00,combi,Sitting,Sitting
2024-09-19 14:26:44.500000+00:00,combi,Sitting,Sitting
2024-09-19 14:27:44.500000+00:00,combi,Sitting,Sitting
2024-09-19 14:28:44.500000+00:00,combi,Sitting,Sitting
2024-09-19 14:29:44.500000+00:00,combi,Sitting,Sitting
2024-09-19 14:30:44.500000+00:00,combi,Sitting,Sitting
2024-09-19 14:31:44.500000+00:00,combi,Sitting,Sitting
2024-09-19 14:32:44.500000+00:00,combi,Sitting,Sitting
2024-09-19 14:33:44.500000+00:00,combi,Sitting,Sitting
2024-09-19 14:34:44.500000+00:00,combi,Sitting,Sitting
2024-09-19 14:35:44.500000+00:00,combi,Sitting,Sitting
2024-09-19 14:36:44.500000+00:00,combi,Sitting,Sitting
2024-09-19 14:37:44.500000+00:00,combi,Sitting,Sitting
2024-09-19 14:38:44.500000+00:00,combi,Sitting,Sitting
2024-09-19 14:39:44.500000+00:00,combi,Sitting,Sitting
2024-09-19 14:40:44.500000+00:00,combi,Sitting,Sitting
2024-09-19 14:41:44.500000+00:00,combi,Sitting,Sitting
2024-09-19 14:42:44.500000+00:00,combi,Sitting,Sitting
2024-09-19 14:43:44.500000+00:00,combi,Sitting,Sitting
2024-09-19 14:44:44.500000+00:00,combi,Sitting,Sitting
2024-09-19 14:45:44.500000+00:00,combi,Sitting,Sitting
2024-09-19 14:46:44.500000+00:00,combi,Sitting,Sitting
2024-09-19 14:47:44.500000+00:00,combi,Sitting,Sitting
2024-09-19 14:48:44.500000+00:00,combi,Sitting,Sitting
2024-09-19 14:49:44.500000+00:00,combi,Sitting,Sitting
2024-09-19 14:50:44.500000+00:00,combi,Sitting,Sitting
2024-09-19 14:51:44.500000+00:00,combi,Sitting,Sitting
2024-09-19 14:52:44.500000+00:00,combi,Sitting,Sitting
2024-09-19 14:53:44.500000+00:00,combi,Sitting,Sitting
2024-09-19 14:54:44.500000+00:00,combi,Sitting,Sitting
2024-09-19 14:55:44.500000+00:00,combi,Sitting,Sitting
2024-09-19 14:56:44.500000+00:00,combi,Sitting,Sitting
2024-09-19 14:57:44.500000+00:00,combi,Sitting,Sitting
2024-09-19 14:58:44.500000+00:00,combi,Sitting,Sitting
2024-09-19 14:59:44.500000+00:00,combi,Sitting,Sitting
2024-09-19 15:00:44.500000+00:00,combi,Sitting,Sitting
2024-09-19 15:01:44.500000+00:00,combi,Sitting,Sitting
2024-09-19 15:02:44.500000+00:00,combi,Standing,Dynamic
2024-09-19 15:03:44.500000+00:00,combi,Standing,Dynamic
2024-09-19 15:04:44.500000+00:00,combi,Standing,Dynamic
2024-09-19 15:05:44.500000+00:00,combi,Standing,Dynamic
2024-09-19 15:06:44.500000+00:00,combi,Standing,Dynamic
2024-09-19 15:07:44.500000+00:00,combi,Standing,Dynamic
2024-09-19 15:08:44.500000+00:00,combi,Sitting,Sitting
2024-09-19 15:09:44.500000+00:00,combi,Sitting,Sitting
2024-09-19 15:10:44.500000+00:00,combi,Standing,Dynamic
2024-09-19 15:11:44.500000+00:00,combi,Standing,Dynamic
2024-09-19 15:12:44.500000+00:00,combi,Standing,Dynamic
2024-09-19 15:13:44.500000+00:00,combi,Standing,Dynamic
2024-09-19 15:14:44.500000+00:00,combi,Standing,Standing
2024-09-19 15:15:44.500000+00:00,combi,Standing,Standing
2024-09-19 15:16:44.500000+00:00,combi,Standing,Standing
2024-09-19 15:17:44.500000+00:00,combi,Standing,Dynamic
2024-09-19 15:18:44.500000+00:00,combi,Standing,Dynamic
2024-09-19 15:19:44.500000+00:00,combi,Standing,Dynamic
2024-09-19 15:20:44.500000+00:00,combi,Sitting,Standing
2024-09-19 15:21:44.500000+00:00,combi,Sitting,Sitting
2024-09-19 15:22:44.500000+00:00,combi,Sitting,Sitting
2024-09-19 15:23:44.500000+00:00,combi,Sitting,Sitting
2024-09-19 15:24:44.500000+00:00,combi,Sitting,Sitting
2024-09-19 15:25:44.500000+00:00,combi,Sitting,Sitting
2024-09-19 15:26:44.500000+00:00,combi,Sitting,Sitting
2024-09-19 15:27:44.500000+00:00,combi,Sitting,Sitting
2024-09-19 15:28:44.500000+00:00,combi,Sitting,Sitting
2024-09-19 15:29:44.500000+00:00,combi,Sitting,Sitting
2024-09-19 15:30:44.500000+00:00,combi,Sitting,Sitting
2024-09-19 15:31:44.500000+00:00,combi,Sitting,Sitting
2024-09-19 15:32:44.500000+00:00,combi,Sitting,Sitting
2024-09-19 15:33:44.500000+00:00,combi,Sitting,Sitting
2024-09-19 15:34:44.500000+00:00,combi,Sitting,Sitting
2024-09-19 15:35:44.500000+00:00,combi,Sitting,Sitting
2024-09-19 15:36:44.500000+00:00,combi,Sitting,Sitting
2024-09-19 15:37:44.500000+00:00,combi,Sitting,Sitting
2024-09-19 15:38:44.500000+00:00,combi,Sitting,Sitting
2024-09-19 15:39:44.500000+00:00,combi,Sitting,Sitting
2024-09-19 15:40:44.500000+00:00,combi,Sitting,Sitting
2024-09-19 15:41:44.500000+00:00,combi,Sitting,Sitting
2024-09-19 15:42:44.500000+00:00,combi,Sitting,Sitting
2024-09-19 15:43:44.500000+00:00,combi,Sitting,Sitting
2024-09-19 15:44:44.500000+00:00,combi,Sitting,Sitting
2024-09-19 15:45:44.500000+00:00,combi,Sitting,Sitting
2024-09-19 15:46:44.500000+00:00,combi,Sitting,Sitting
2024-09-19 15:47:44.500000+00:00,combi,Sitting,Sitting
2024-09-19 15:48:44.500000+00:00,combi,Sitting,Sitting
2024-09-19 15:49:44.500000+00:00,combi,Sitting,Sitting
2024-09-19 15:50:44.500000+00:00,combi,Sitting,Sitting
2024-09-19 15:51:44.500000+00:00,combi,Sitting,Sitting
2024-09-19 15:52:44.500000+00:00,combi,Sitting,Sitting
2024-09-19 15:53:44.500000+00:00,combi,Sitting,Sitting
2024-09-19 15:54:44.500000+00:00,combi,Sitting,Sitting
2024-09-19 15:55:44.500000+00:00,combi,Sitting,Sitting
2024-09-19 15:56:44.500000+00:00,combi,Sitting,Sitting
2024-09-19 15:57:44.500000+00:00,combi,Sitting,Sitting
2024-09-19 15:58:44.500000+00:00,combi,Sitting,Sitting
2024-09-19 15:59:44.500000+00:00,combi,Sitting,Sitting
2024-09-19 16:00:44.500000+00:00,combi,Sitting,Sitting
2024-09-19 16:01:44.500000+00:00,combi,Sitting,Sitting
2024-09-19 16:02:44.500000+00:00,combi,Sitting,Sitting
2024-09-19 16:03:44.500000+00:00,combi,Sitting,Sitting
2024-09-19 16:04:44.500000+00:00,combi,Sitting,Sitting
2024-09-19 16:05:44.500000+00:00,combi,Sitting,Sitting
2024-09-19 16:06:44.500000+00:00,combi,Sitting,Sitting
2024-09-19 16:07:44.500000+00:00,combi,Sitting,Sitting
2024-09-19 16:08:44.500000+00:00,combi,Sitting,Sitting
2024-09-19 16:09:44.500000+00:00,combi,Sitting,Sitting
2024-09-19 16:10:44.500000+00:00,combi,Sitting,Sitting
2024-09-19 16:11:44.500000+00:00,combi,Sitting,Sitting
2024-09-19 16:12:44.500000+00:00,combi,Sitting,Sitting
2024-09-19 16:13:44.500000+00:00,combi,Sitting,Sitting
2024-09-19 16:14:44.500000+00:00,combi,Sitting,Sitting
2024-09-19 16:15:44.500000+00:00,combi,Sitting,Sitting
2024-09-19 16:16:44.500000+00:00,combi,Sitting,Sitting
2024-09-19 16:17:44.500000+00:00,combi,Sitting,Sitting
2024-09-19 16:18:44.500000+00:00,combi,Sitting,Sitting
2024-09-19 16:19:44.500000+00:00,combi,Sitting,Sitting
2024-09-19 16:20:44.500000+00:00,combi,Sitting,Sitting
2024-09-19 16:21:44.500000+00:00,combi,Sitting,Sitting
2024-09-19 16:22:44.500000+00:00,combi,Sitting,Sitting
2024-09-19 16:23:44.500000+00:00,combi,Sitting,Sitting
2024-09-19 16:24:44.500000+00:00,combi,Sitting,Sitting
2024-09-19 16:25:44.500000+00:00,combi,Sitting,Sitting
2024-09-19 16:26:44.500000+00:00,combi,Sitting,Sitting
2024-09-19 16:27:44.500000+00:00,combi,Sitting,Sitting
2024-09-19 16:28:44.500000+00:00,combi,Sitting,Sitting
2024-09-19 16:29:44.500000+00:00,combi,Sitting,Sitting
2024-09-19 16:30:44.500000+00:00,combi,Sitting,Sitting
2024-09-19 16:31:44.500000+00:00,combi,Sitting,Sitting
2024-09-19 16:32:44.500000+00:00,combi,Sitting,Sitting
2024-09-19 16:33:44.500000+00:00,combi,Sitting,Sitting
2024-09-19 16:34:44.500000+00:00,combi,Sitting,Sitting
2024-09-19 16:35:44.500000+00:00,combi,Sitting,Sitting
2024-09-19 16:36:44.500000+00:00,combi,Sitting,Sitting
2024-09-19 16:37:44.500000+00:00,combi,Sitting,Sitting
2024-09-19 16:38:44.500000+00:00,combi,Sitting,Sitting
2024-09-19 16:39:44.500000+00:00,combi,Sitting,Sitting
2024-09-19 16:40:44.500000+00:00,combi,Sitting,Sitting
2024-09-19 16:41:44.500000+00:00,combi,Sitting,Sitting
2024-09-19 16:42:44.500000+00:00,combi,Sitting,Sitting
2024-09-19 16:43:44.500000+00:00,combi,Sitting,Sitting
2024-09-19 16:44:44.500000+00:00,combi,Sitting,Sitting
2024-09-19 16:45:44.500000+00:00,combi,Sitting,Sitting
2024-09-19 16:46:44.500000+00:00,combi,Sitting,Sitting
2024-09-19 16:47:44.500000+00:00,combi,Sitting,Sitting
2024-09-19 16:48:44.500000+00:00,combi,Sitting,Sitting
2024-09-19 16:49:44.500000+00:00,combi,Sitting,Sitting
2024-09-19 16:50:44.500000+00:00,combi,Sitting,Sitting
2024-09-19 16:51:44.500000+00:00,combi,Sitting,Sitting
2024-09-19 16:52:44.500000+00:00,combi,Sitting,Sitting
2024-09-19 16:53:44.500000+00:00,combi,Sitting,Sitting
2024-09-19 16:54:44.500000+00:00,combi,Sitting,Sitting
2024-09-19 16:55:44.500000+00:00,combi,Sitting,Sitting
2024-09-19 16:56:44.500000+00:00,combi,Sitting,Sitting
2024-09-19 16:57:44.500000+00:00,combi,Sitting,Sitting
2024-09-19 16:58:44.500000+00:00,combi,Sitting,Sitting
2024-09-19 16:59:44.500000+00:00,combi,Sitting,Sitting
2024-09-19 17:00:44.500000+00:00,combi,Sitting,Sitting
2024-09-19 17:01:44.500000+00:00,combi,Sitting,Sitting
2024-09-19 17:02:44.500000+00:00,combi,Sitting,Sitting
2024-09-19 17:03:44.500000+00:00,combi,Sitting,Sitting
2024-09-19 17:04:44.500000+00:00,combi,Sitting,Sitting
2024-09-19 17:05:44.500000+00:00,combi,Sitting,Sitting
2024-09-19 17:06:44.500000+00:00,combi,Sitting,Sitting
2024-09-19 17:07:44.500000+00:00,combi,Sitting,Sitting
2024-09-19 17:08:44.500000+00:00,combi,Sitting,Sitting
2024-09-19 17:09:44.500000+00:00,combi,Sitting,Sitting
2024-09-19 17:10:44.500000+00:00,combi,Sitting,Sitting
2024-09-19 17:11:44.500000+00:00,combi,Sitting,Sitting
2024-09-19 17:12:44.500000+00:00,combi,Sitting,Sitting
2024-09-19 17:13:44.500000+00:00,combi,Sitting,Sitting
2024-09-19 17:14:44.500000+00:00,combi,Sitting,Sitting
2024-09-19 17:15:44.500000+00:00,combi,Standing,Dynamic
2024-09-19 17:16:44.500000+00:00,combi,Standing,Dynamic
2024-09-19 17:17:44.500000+00:00,combi,Standing,Dynamic
2024-09-19 17:18:44.500000+00:00,combi,Standing,Dynamic
2024-09-19 17:19:44.500000+00:00,combi,Standing,Dynamic
2024-09-19 17:20:44.500000+00:00,combi,Standing,Dynamic
2024-09-19 17:21:44.500000+00:00,combi,Standing,Dynamic
2024-09-19 17:22:44.500000+00:00,combi,Standing,Dynamic
2024-09-19 17:23:44.500000+00:00,combi,Sitting,Sitting
2024-09-19 17:24:44.500000+00:00,combi,Sitting,Sitting
2024-09-19 17:25:44.500000+00:00,combi,Sitting,Sitting
2024-09-19 17:26:44.500000+00:00,combi,Sitting,Sitting
2024-09-19 17:27:44.500000+00:00,combi,Standing,Dynamic
2024-09-19 17:28:44.500000+00:00,combi,Standing,Dynamic
2024-09-19 17:29:44.500000+00:00,combi,Sitting,Sitting
2024-09-19 17:30:44.500000+00:00,combi,Sitting,Sitting
2024-09-19 17:31:44.500000+00:00,combi,Sitting,Sitting
2024-09-19 17:32:44.500000+00:00,combi,Sitting,Sitting
2024-09-19 17:33:44.500000+00:00,combi,Sitting,Sitting
2024-09-19 17:34:44.500000+00:00,combi,Sitting,Sitting
2024-09-19 17:35:44.500000+00:00,combi,Sitting,Sitting
2024-09-19 17:36:44.500000+00:00,combi,Sitting,Sitting
2024-09-19 17:37:44.500000+00:00,combi,Sitting,Sitting
2024-09-19 17:38:44.500000+00:00,combi,Sitting,Sitting
2024-09-19 17:39:44.500000+00:00,combi,Sitting,Sitting
2024-09-19 17:40:44.500000+00:00,combi,Sitting,Sitting
2024-09-19 17:41:44.500000+00:00,combi,Sitting,Sitting
2024-09-19 17:42:44.500000+00:00,combi,Sitting,Sitting
2024-09-19 17:43:44.500000+00:00,combi,Sitting,Sitting
2024-09-19 17:44:44.500000+00:00,combi,Sitting,Sitting
2024-09-19 17:45:44.500000+00:00,combi,Sitting,Sitting
2024-09-19 17:46:44.500000+00:00,combi,Sitting,Sitting
2024-09-19 17:47:44.500000+00:00,combi,Sitting,Sitting
2024-09-19 17:48:44.500000+00:00,combi,Sitting,Sitting
2024-09-19 17:49:44.500000+00:00,combi,Sitting,Sitting
2024-09-19 17:50:44.500000+00:00,combi,Sitting,Sitting
2024-09-19 17:51:44.500000+00:00,combi,Sitting,Sitting
2024-09-19 17:52:44.500000+00:00,combi,Sitting,Sitting
2024-09-19 17:53:44.500000+00:00,combi,Sitting,Sitting
2024-09-19 17:54:44.500000+00:00,combi,Sitting,Sitting
2024-09-19 17:55:44.500000+00:00,combi,Sitting,Sitting
2024-09-19 17:56:44.500000+00:00,combi,Sitting,Sitting
2024-09-19 17:57:44.500000+00:00,combi,Sitting,Sitting
2024-09-19 17:58:44.500000+00:00,combi,Sitting,Sitting
2024-09-19 17:59:44.500000+00:00,combi,Sitting,Sitting
2024-09-19 18:00:44.500000+00:00,combi,Sitting,Sitting
2024-09-19 18:01:44.500000+00:00,combi,Sitting,Sitting
2024-09-19 18:02:44.500000+00:00,combi,Sitting,Sitting
2024-09-19 18:03:44.500000+00:00,combi,Sitting,Sitting
2024-09-19 18:04:44.500000+00:00,combi,Sitting,Sitting
2024-09-19 18:05:44.500000+00:00,combi,Sitting,Sitting
2024-09-19 18:06:44.500000+00:00,combi,Sitting,Sitting
2024-09-19 18:07:44.500000+00:00,combi,Sitting,Sitting
2024-09-19 18:08:44.500000+00:00,combi,Sitting,Sitting
2024-09-19 18:09:44.500000+00:00,combi,Sitting,Sitting
2024-09-19 18:10:44.500000+00:00,combi,Sitting,Sitting
2024-09-19 18:11:44.500000+00:00,combi,Sitting,Sitting
2024-09-19 18:12:44.500000+00:00,combi,Sitting,Sitting
2024-09-19 18:13:44.500000+00:00,combi,Sitting,Sitting
2024-09-19 18:14:44.500000+00:00,combi,Sitting,Sitting
2024-09-19 18:15:44.500000+00:00,combi,Sitting,Sitting
2024-09-19 18:16:44.500000+00:00,combi,Sitting,Sitting
2024-09-19 18:17:44.500000+00:00,combi,Sitting,Sitting
2024-09-19 18:18:44.500000+00:00,combi,Sitting,Sitting
2024-09-19 18:19:44.500000+00:00,combi,Sitting,Sitting
2024-09-19 18:20:44.500000+00:00,combi,Sitting,Sitting
2024-09-19 18:21:44.500000+00:00,combi,Sitting,Sitting
2024-09-19 18:22:44.500000+00:00,combi,Sitting,Sitting
2024-09-19 18:23:44.500000+00:00,combi,Sitting,Sitting
2024-09-19 18:24:44.500000+00:00,combi,Sitting,Sitting
2024-09-19 18:25:44.500000+00:00,combi,Sitting,Sitting
2024-09-19 18:26:44.500000+00:00,combi,Sitting,Sitting
2024-09-19 18:27:44.500000+00:00,combi,Sitting,Sitting
2024-09-19 18:28:44.500000+00:00,combi,Sitting,Sitting
2024-09-19 18:29:44.500000+00:00,combi,Sitting,Sitting
2024-09-19 18:30:44.500000+00:00,combi,Sitting,Sitting
2024-09-19 18:31:44.500000+00:00,combi,Sitting,Sitting
2024-09-19 18:32:44.500000+00:00,combi,Sitting,Sitting
2024-09-19 18:33:44.500000+00:00,combi,Sitting,Sitting
2024-09-19 18:34:44.500000+00:00,combi,Sitting,Sitting
2024-09-19 18:35:44.500000+00:00,combi,Sitting,Sitting
2024-09-19 18:36:44.500000+00:00,combi,Sitting,Sitting
2024-09-19 18:37:44.500000+00:00,combi,Sitting,Sitting
2024-09-19 18:38:44.500000+00:00,combi,Sitting,Sitting
2024-09-19 18:39:44.500000+00:00,combi,Sitting,Sitting
2024-09-19 18:40:44.500000+00:00,combi,Sitting,Sitting
2024-09-19 18:41:44.500000+00:00,combi,Sitting,Sitting
2024-09-19 18:42:44.500000+00:00,combi,Sitting,Sitting
2024-09-19 18:43:44.500000+00:00,combi,Sitting,Sitting
2024-09-19 18:44:44.500000+00:00,combi,Sitting,Sitting
2024-09-19 18:45:44.500000+00:00,combi,Sitting,Sitting
2024-09-19 18:46:44.500000+00:00,combi,Sitting,Sitting
2024-09-19 18:47:44.500000+00:00,combi,Sitting,Sitting
2024-09-19 18:48:44.500000+00:00,combi,Sitting,Sitting
2024-09-19 18:49:44.500000+00:00,combi,Sitting,Sitting
2024-09-19 18:50:44.500000+00:00,combi,Sitting,Sitting
2024-09-19 18:51:44.500000+00:00,combi,Sitting,Sitting
2024-09-19 18:52:44.500000+00:00,combi,Sitting,Sitting
2024-09-19 18:53:44.500000+00:00,combi,Sitting,Sitting
2024-09-19 18:54:44.500000+00:00,combi,Sitting,Sitting
2024-09-19 18:55:44.500000+00:00,combi,Sitting,Sitting
2024-09-19 18:56:44.500000+00:00,combi,Sitting,Sitting
2024-09-19 18:57:44.500000+00:00,combi,Sitting,Sitting
2024-09-19 18:58:44.500000+00:00,combi,Sitting,Sitting
2024-09-19 18:59:44.500000+00:00,combi,Sitting,Sitting
2024-09-19 19:00:44.500000+00:00,combi,Sitting,Sitting
2024-09-19 19:01:44.500000+00:00,combi,Sitting,Sitting
2024-09-19 19:02:44.500000+00:00,combi,Sitting,Sitting
2024-09-19 19:03:44.500000+00:00,combi,Sitting,Sitting
2024-09-19 19:04:44.500000+00:00,combi,Sitting,Sitting
2024-09-19 19:05:44.500000+00:00,combi,Standing,Sitting
2024-09-19 19:06:44.500000+00:00,combi,Standing,Dynamic
2024-09-19 19:07:44.500000+00:00,combi,Standing,Dynamic
2024-09-19 19:08:44.500000+00:00,combi,Standing,Dynamic
2024-09-19 19:09:44.500000+00:00,combi,Standing,Dynamic
2024-09-19 19:10:44.500000+00:00,combi,Standing,Dynamic
2024-09-19 19:11:44.500000+00:00,combi,Lying,Dynamic
2024-09-19 19:12:44.500000+00:00,combi,Standing,Dynamic
2024-09-19 19:13:44.500000+00:00,combi,Standing,Dynamic
2024-09-19 19:14:44.500000+00:00,combi,Standing,Dynamic
2024-09-19 19:15:44.500000+00:00,combi,Standing,Standing
2024-09-19 19:16:44.500000+00:00,combi,Standing,Standing
2024-09-19 19:17:44.500000+00:00,combi,Standing,Dynamic
2024-09-19 19:18:44.500000+00:00,combi,Standing,Dynamic
2024-09-19 19:19:44.500000+00:00,combi,Lying,Dynamic
2024-09-19 19:20:44.500000+00:00,combi,Standing,Dynamic
2024-09-19 19:21:44.500000+00:00,combi,Standing,Dynamic
2024-09-19 19:22:44.500000+00:00,combi,Standing,Dynamic
2024-09-19 19:23:44.500000+00:00,combi,Standing,Dynamic
2024-09-19 19:24:44.500000+00:00,combi,Sitting,Sitting
2024-09-19 19:25:44.500000+00:00,combi,Sitting,Sitting
2024-09-19 19:26:44.500000+00:00,combi,Sitting,Sitting
2024-09-19 19:27:44.500000+00:00,combi,Sitting,Sitting
2024-09-19 19:28:44.500000+00:00,combi,Standing,Standing
2024-09-19 19:29:44.500000+00:00,combi,Standing,Standing
2024-09-19 19:30:44.500000+00:00,combi,Standing,Dynamic
2024-09-19 19:31:44.500000+00:00,combi,Standing,Standing
2024-09-19 19:32:44.500000+00:00,combi,Standing,Dynamic
2024-09-19 19:33:44.500000+00:00,combi,Standing,Dynamic
2024-09-19 19:34:44.500000+00:00,combi,Standing,Dynamic
2024-09-19 19:35:44.500000+00:00,combi,Standing,Dynamic
2024-09-19 19:36:44.500000+00:00,combi,Standing,Dynamic
2024-09-19 19:37:44.500000+00:00,combi,Standing,Dynamic
2024-09-19 19:38:44.500000+00:00,combi,Standing,Dynamic
2024-09-19 19:39:44.500000+00:00,combi,Standing,Dynamic
2024-09-19 19:40:44.500000+00:00,combi,Standing,Standing
2024-09-19 19:41:44.500000+00:00,combi,Standing,Standing
2024-09-19 19:42:44.500000+00:00,combi,Standing,Dynamic
2024-09-19 19:43:44.500000+00:00,combi,Standing,Standing
2024-09-19 19:44:44.500000+00:00,combi,Sitting,Sitting
2024-09-19 19:45:44.500000+00:00,combi,Standing,Standing
2024-09-19 19:46:44.500000+00:00,combi,Standing,Dynamic
2024-09-19 19:47:44.500000+00:00,combi,Standing,Standing
2024-09-19 19:48:44.500000+00:00,combi,Standing,Standing
2024-09-19 19:49:44.500000+00:00,combi,Standing,Standing
2024-09-19 19:50:44.500000+00:00,combi,Standing,Standing
2024-09-19 19:51:44.500000+00:00,combi,Standing,Standing
2024-09-19 19:52:44.500000+00:00,combi,Standing,Standing
2024-09-19 19:53:44.500000+00:00,combi,Standing,Standing
2024-09-19 19:54:44.500000+00:00,combi,Standing,Standing
2024-09-19 19:55:44.500000+00:00,combi,Sitting,Sitting
2024-09-19 19:56:44.500000+00:00,combi,Sitting,Sitting
2024-09-19 19:57:44.500000+00:00,combi,Sitting,Sitting
2024-09-19 19:58:44.500000+00:00,combi,Sitting,Sitting
2024-09-19 19:59:44.500000+00:00,combi,Sitting,Sitting
2024-09-19 20:00:44.500000+00:00,combi,Sitting,Sitting
2024-09-19 20:01:44.500000+00:00,combi,Sitting,Sitting
2024-09-19 20:02:44.500000+00:00,combi,Sitting,Sitting
2024-09-19 20:03:44.500000+00:00,combi,Sitting,Sitting
2024-09-19 20:04:44.500000+00:00,combi,Sitting,Sitting
2024-09-19 20:05:44.500000+00:00,combi,Sitting,Sitting
2024-09-19 20:06:44.500000+00:00,combi,Sitting,Sitting
2024-09-19 20:07:44.500000+00:00,combi,Sitting,Sitting
2024-09-19 20:08:44.500000+00:00,combi,Sitting,Sitting
2024-09-19 20:09:44.500000+00:00,combi,Sitting,Sitting
2024-09-19 20:10:44.500000+00:00,combi,Sitting,Sitting
2024-09-19 20:11:44.500000+00:00,combi,Sitting,Sitting
2024-09-19 20:12:44.500000+00:00,combi,Sitting,Sitting
2024-09-19 20:13:44.500000+00:00,combi,Sitting,Sitting
2024-09-19 20:14:44.500000+00:00,combi,Sitting,Sitting
2024-09-19 20:15:44.500000+00:00,combi,Sitting,Sitting
2024-09-19 20:16:44.500000+00:00,combi,Sitting,Sitting
2024-09-19 20:17:44.500000+00:00,combi,Sitting,Sitting
2024-09-19 20:18:44.500000+00:00,combi,Sitting,Sitting
2024-09-19 20:19:44.500000+00:00,combi,Sitting,Sitting
2024-09-19 20:20:44.500000+00:00,combi,Sitting,Sitting
2024-09-19 20:21:44.500000+00:00,combi,Sitting,Sitting
2024-09-19 20:22:44.500000+00:00,combi,Sitting,Sitting
2024-09-19 20:23:44.500000+00:00,combi,Sitting,Dynamic
2024-09-19 20:24:44.500000+00:00,combi,Standing,Sitting
2024-09-19 20:25:44.500000+00:00,combi,Sitting,Sitting
2024-09-19 20:26:44.500000+00:00,combi,Sitting,Sitting
2024-09-19 20:27:44.500000+00:00,combi,Sitting,Sitting
2024-09-19 20:28:44.500000+00:00,combi,Sitting,Sitting
2024-09-19 20:29:44.500000+00:00,combi,Sitting,Sitting
2024-09-19 20:30:44.500000+00:00,combi,Sitting,Sitting
2024-09-19 20:31:44.500000+00:00,combi,Sitting,Sitting
2024-09-19 20:32:44.500000+00:00,combi,Sitting,Sitting
2024-09-19 20:33:44.500000+00:00,combi,Sitting,Sitting
2024-09-19 20:34:44.500000+00:00,combi,Sitting,Sitting
2024-09-19 20:35:44.500000+00:00,combi,Lying,Lying
2024-09-19 20:36:44.500000+00:00,combi,Lying,Lying
2024-09-19 20:37:44.500000+00:00,combi,Lying,Lying
2024-09-19 20:38:44.500000+00:00,combi,Lying,Lying
2024-09-19 20:39:44.500000+00:00,combi,Lying,Lying
2024-09-19 20:40:44.500000+00:00,combi,Lying,Lying
2024-09-19 20:41:44.500000+00:00,combi,Lying,Lying
2024-09-19 20:42:44.500000+00:00,combi,Lying,Lying
2024-09-19 20:43:44.500000+00:00,combi,Lying,Lying
2024-09-19 20:44:44.500000+00:00,combi,Sitting,Sitting
2024-09-19 20:45:44.500000+00:00,combi,Sitting,Sitting
2024-09-19 20:46:44.500000+00:00,combi,Sitting,Sitting
2024-09-19 20:47:44.500000+00:00,combi,Sitting,Sitting
2024-09-19 20:48:44.500000+00:00,combi,Sitting,Sitting
2024-09-19 20:49:44.500000+00:00,combi,Standing,Dynamic
2024-09-19 20:50:44.500000+00:00,combi,Sitting,Sitting
2024-09-19 20:51:44.500000+00:00,combi,Sitting,Sitting
2024-09-19 20:52:44.500000+00:00,combi,Sitting,Sitting
2024-09-19 20:53:44.500000+00:00,combi,Sitting,Sitting
2024-09-19 20:54:44.500000+00:00,combi,Sitting,Sitting
2024-09-19 20:55:44.500000+00:00,combi,Sitting,Sitting
2024-09-19 20:56:44.500000+00:00,combi,Sitting,Sitting
2024-09-19 20:57:44.500000+00:00,combi,Sitting,Sitting
2024-09-19 20:58:44.500000+00:00,combi,Sitting,Sitting
2024-09-19 20:59:44.500000+00:00,combi,Sitting,Sitting
2024-09-19 21:00:44.500000+00:00,combi,Sitting,Sitting
2024-09-19 21:01:44.500000+00:00,combi,Sitting,Sitting
2024-09-19 21:02:44.500000+00:00,combi,Sitting,Sitting
2024-09-19 21:03:44.500000+00:00,combi,Sitting,Sitting
2024-09-19 21:04:44.500000+00:00,combi,Sitting,Sitting
2024-09-19 21:05:44.500000+00:00,combi,Sitting,Sitting
2024-09-19 21:06:44.500000+00:00,combi,Sitting,Sitting
2024-09-19 21:07:44.500000+00:00,combi,Sitting,Sitting
2024-09-19 21:08:44.500000+00:00,combi,Sitting,Sitting
2024-09-19 21:09:44.500000+00:00,combi,Sitting,Sitting
2024-09-19 21:10:44.500000+00:00,combi,Sitting,Sitting
2024-09-19 21:11:44.500000+00:00,combi,Sitting,Sitting
2024-09-19 21:12:44.500000+00:00,combi,Sitting,Sitting
2024-09-19 21:13:44.500000+00:00,combi,Sitting,Sitting
2024-09-19 21:14:44.500000+00:00,combi,Sitting,Sitting
2024-09-19 21:15:44.500000+00:00,combi,Standing,Standing
2024-09-19 21:16:44.500000+00:00,combi,Standing,Standing
2024-09-19 21:17:44.500000+00:00,combi,Standing,Dynamic
2024-09-19 21:18:44.500000+00:00,combi,Standing,Dynamic
2024-09-19 21:19:44.500000+00:00,combi,Standing,Standing
2024-09-19 21:20:44.500000+00:00,combi,Standing,Dynamic
2024-09-19 21:21:44.500000+00:00,combi,Standing,Dynamic
2024-09-19 21:22:44.500000+00:00,combi,Standing,Dynamic
2024-09-19 21:23:44.500000+00:00,combi,Lying,Dynamic
2024-09-19 21:24:44.500000+00:00,combi,Lying,Lying
2024-09-19 21:25:44.500000+00:00,combi,Lying,Lying
2024-09-19 21:26:44.500000+00:00,combi,Lying,Lying
2024-09-19 21:27:44.500000+00:00,combi,Lying,Lying
2024-09-19 21:28:44.500000+00:00,combi,Lying,Lying
2024-09-19 21:29:44.500000+00:00,combi,Lying,Lying
2024-09-19 21:30:44.500000+00:00,combi,Lying,Lying
2024-09-19 21:31:44.500000+00:00,combi,Lying,Lying
2024-09-19 21:32:44.500000+00:00,combi,Lying,Lying
2024-09-19 21:33:44.500000+00:00,combi,Lying,Lying
2024-09-19 21:34:44.500000+00:00,combi,Lying,Lying
2024-09-19 21:35:44.500000+00:00,combi,Lying,Lying
2024-09-19 21:36:44.500000+00:00,combi,Lying,Lying
2024-09-19 21:37:44.500000+00:00,combi,Lying,Lying
2024-09-19 21:38:44.500000+00:00,combi,Lying,Lying
2024-09-19 21:39:44.500000+00:00,combi,Lying,Lying
2024-09-19 21:40:44.500000+00:00,combi,Lying,Lying
2024-09-19 21:41:44.500000+00:00,combi,Lying,Lying
2024-09-19 21:42:44.500000+00:00,combi,Sitting,Sitting
2024-09-19 21:43:44.500000+00:00,combi,Sitting,Sitting
2024-09-19 21:44:44.500000+00:00,combi,Sitting,Sitting
2024-09-19 21:45:44.500000+00:00,combi,Sitting,Sitting
2024-09-19 21:46:44.500000+00:00,combi,Sitting,Sitting
2024-09-19 21:47:44.500000+00:00,combi,Sitting,Sitting
2024-09-19 21:48:44.500000+00:00,combi,Sitting,Sitting
2024-09-19 21:49:44.500000+00:00,combi,Sitting,Sitting
2024-09-19 21:50:44.500000+00:00,combi,Sitting,Sitting
2024-09-19 21:51:44.500000+00:00,combi,Sitting,Sitting
2024-09-19 21:52:44.500000+00:00,combi,Sitting,Sitting
2024-09-19 21:53:44.500000+00:00,combi,Sitting,Sitting
2024-09-19 21:54:44.500000+00:00,combi,Sitting,Sitting
2024-09-19 21:55:44.500000+00:00,combi,Sitting,Sitting
2024-09-19 21:56:44.500000+00:00,combi,Sitting,Sitting
2024-09-19 21:57:44.500000+00:00,combi,Sitting,Sitting
2024-09-19 21:58:44.500000+00:00,combi,Sitting,Sitting
2024-09-19 21:59:44.500000+00:00,combi,Sitting,Sitting
2024-09-19 22:00:44.500000+00:00,combi,Sitting,Sitting
2024-09-19 22:01:44.500000+00:00,combi,Sitting,Sitting
2024-09-19 22:02:44.500000+00:00,combi,Sitting,Sitting
2024-09-19 22:03:44.500000+00:00,combi,Sitting,Sitting
2024-09-19 22:04:44.500000+00:00,combi,Sitting,Sitting
2024-09-19 22:05:44.500000+00:00,combi,Sitting,Sitting
2024-09-19 22:06:44.500000+00:00,combi,Sitting,Sitting
2024-09-19 22:07:44.500000+00:00,combi,Sitting,Sitting
2024-09-19 22:08:44.500000+00:00,combi,Sitting,Sitting
2024-09-19 22:09:44.500000+00:00,combi,Sitting,Sitting
2024-09-19 22:10:44.500000+00:00,combi,Sitting,Sitting
2024-09-19 22:11:44.500000+00:00,combi,Sitting,Sitting
2024-09-19 22:12:44.500000+00:00,combi,Sitting,Sitting
2024-09-19 22:13:44.500000+00:00,combi,Sitting,Sitting
2024-09-19 22:14:44.500000+00:00,combi,Sitting,Sitting
2024-09-19 22:15:44.500000+00:00,combi,Sitting,Sitting
2024-09-19 22:16:44.500000+00:00,combi,Sitting,Sitting
2024-09-19 22:17:44.500000+00:00,combi,Sitting,Sitting
2024-09-19 22:18:44.500000+00:00,combi,Sitting,Sitting
2024-09-19 22:19:44.500000+00:00,combi,Sitting,Sitting
2024-09-19 22:20:44.500000+00:00,combi,Sitting,Sitting
2024-09-19 22:21:44.500000+00:00,combi,Sitting,Sitting
2024-09-19 22:22:44.500000+00:00,combi,Sitting,Sitting
2024-09-19 22:23:44.500000+00:00,combi,Sitting,Sitting
2024-09-19 22:24:44.500000+00:00,combi,Sitting,Sitting
2024-09-19 22:25:44.500000+00:00,combi,Sitting,Sitting
2024-09-19 22:26:44.500000+00:00,combi,Standing,Standing
2024-09-19 22:27:44.500000+00:00,combi,Sitting,Dynamic
2024-09-19 22:28:44.500000+00:00,combi,Sitting,Dynamic
2024-09-19 22:29:44.500000+00:00,combi,Standing,Standing
2024-09-19 22:30:44.500000+00:00,combi,Standing,Dynamic
2024-09-19 22:31:44.500000+00:00,combi,Standing,Dynamic
2024-09-19 22:32:44.500000+00:00,combi,Standing,Standing
2024-09-19 22:33:44.500000+00:00,combi,Standing,Standing
2024-09-19 22:34:44.500000+00:00,combi,Sitting,Dynamic
2024-09-19 22:35:44.500000+00:00,combi,Sitting,Sitting
2024-09-19 22:36:44.500000+00:00,combi,Standing,Standing
2024-09-19 22:37:44.500000+00:00,combi,Standing,Standing
2024-09-19 22:38:44.500000+00:00,combi,Lying,Sitting
2024-09-19 22:39:44.500000+00:00,combi,Standing,Dynamic
2024-09-19 22:40:44.500000+00:00,combi,Standing,Dynamic
2024-09-19 22:41:44.500000+00:00,combi,Sitting,Sitting
2024-09-19 22:42:44.500000+00:00,combi,Sitting,Sitting
2024-09-19 22:43:44.500000+00:00,combi,Sitting,Sitting
2024-09-19 22:44:44.500000+00:00,combi,Sitting,Sitting
2024-09-19 22:45:44.500000+00:00,combi,Sitting,Sitting
2024-09-19 22:46:44.500000+00:00,combi,Sitting,Sitting
2024-09-19 22:47:44.500000+00:00,combi,Standing,Standing
2024-09-19 22:48:44.500000+00:00,combi,Sitting,Sitting
2024-09-19 22:49:44.500000+00:00,combi,Sitting,Sitting
2024-09-19 22:50:44.500000+00:00,combi,Lying,Lying
2024-09-19 22:51:44.500000+00:00,combi,Lying,Lying
2024-09-19 22:52:44.500000+00:00,combi,Lying,Lying
2024-09-19 22:53:44.500000+00:00,combi,Lying,Lying
2024-09-19 22:54:44.500000+00:00,combi,Lying,Lying
2024-09-19 22:55:44.500000+00:00,combi,Lying,Lying
2024-09-19 22:56:44.500000+00:00,combi,Lying,Lying
2024-09-19 22:57:44.500000+00:00,combi,Lying,Lying
2024-09-19 22:58:44.500000+00:00,combi,Lying,Lying
2024-09-19 22:59:44.500000+00:00,combi,Lying,Lying
2024-09-19 23:00:44.500000+00:00,combi,Lying,Lying
2024-09-19 23:01:44.500000+00:00,combi,Lying,Lying
2024-09-19 23:02:44.500000+00:00,combi,Lying,Lying
2024-09-19 23:03:44.500000+00:00,combi,Lying,Lying
2024-09-19 23:04:44.500000+00:00,combi,Lying,Lying
2024-09-19 23:05:44.500000+00:00,combi,Lying,Lying
2024-09-19 23:06:44.500000+00:00,combi,Lying,Lying
2024-09-19 23:07:44.500000+00:00,combi,Lying,Lying
2024-09-19 23:08:44.500000+00:00,combi,Lying,Lying
2024-09-19 23:09:44.500000+00:00,combi,Lying,Lying
2024-09-19 23:10:44.500000+00:00,combi,Lying,Lying
2024-09-19 23:11:44.500000+00:00,combi,Lying,Lying
2024-09-19 23:12:44.500000+00:00,combi,Lying,Lying
2024-09-19 23:13:44.500000+00:00,combi,Lying,Lying
2024-09-19 23:14:44.500000+00:00,combi,Lying,Lying
2024-09-19 23:15:44.500000+00:00,combi,Lying,Lying
2024-09-19 23:16:44.500000+00:00,combi,Lying,Lying
2024-09-19 23:17:44.500000+00:00,combi,Lying,Lying
2024-09-19 23:18:44.500000+00:00,combi,Lying,Lying
2024-09-19 23:19:44.500000+00:00,combi,Lying,Lying
2024-09-19 23:20:44.500000+00:00,combi,Lying,Lying
2024-09-19 23:21:44.500000+00:00,combi,Lying,Lying
2024-09-19 23:22:44.500000+00:00,combi,Lying,Lying
2024-09-19 23:23:44.500000+00:00,combi,Lying,Lying
2024-09-19 23:24:44.500000+00:00,combi,Lying,Lying
2024-09-19 23:25:44.500000+00:00,combi,Lying,Lying
2024-09-19 23:26:44.500000+00:00,combi,Lying,Lying
2024-09-19 23:27:44.500000+00:00,combi,Lying,Lying
2024-09-19 23:28:44.500000+00:00,combi,Lying,Lying
2024-09-19 23:29:44.500000+00:00,combi,Lying,Lying
2024-09-19 23:30:44.500000+00:00,combi,Lying,Lying
2024-09-19 23:31:44.500000+00:00,combi,Lying,Lying
2024-09-19 23:32:44.500000+00:00,combi,Lying,Lying
2024-09-19 23:33:44.500000+00:00,combi,Lying,Lying
2024-09-19 23:34:44.500000+00:00,combi,Lying,Lying
2024-09-19 23:35:44.500000+00:00,combi,Lying,Lying
2024-09-19 23:36:44.500000+00:00,combi,Lying,Lying
2024-09-19 23:37:44.500000+00:00,combi,Lying,Lying
2024-09-19 23:38:44.500000+00:00,combi,Lying,Lying
2024-09-19 23:39:44.500000+00:00,combi,Lying,Lying
2024-09-19 23:40:44.500000+00:00,combi,Lying,Lying
2024-09-19 23:41:44.500000+00:00,combi,Lying,Lying
2024-09-19 23:42:44.500000+00:00,combi,Lying,Lying
2024-09-19 23:43:44.500000+00:00,combi,Lying,Lying
2024-09-19 23:44:44.500000+00:00,combi,Lying,Lying
2024-09-19 23:45:44.500000+00:00,combi,Lying,Lying
2024-09-19 23:46:44.500000+00:00,combi,Lying,Lying
2024-09-19 23:47:44.500000+00:00,combi,Lying,Lying
2024-09-19 23:48:44.500000+00:00,combi,Lying,Lying
2024-09-19 23:49:44.500000+00:00,combi,Lying,Lying
2024-09-19 23:50:44.500000+00:00,combi,Lying,Lying
2024-09-19 23:51:44.500000+00:00,combi,Lying,Lying
2024-09-19 23:52:44.500000+00:00,combi,Lying,Lying
2024-09-19 23:53:44.500000+00:00,combi,Lying,Lying
2024-09-19 23:54:44.500000+00:00,combi,Lying,Lying
2024-09-19 23:55:44.500000+00:00,combi,Lying,Lying
2024-09-19 23:56:44.500000+00:00,combi,Lying,Lying
2024-09-19 23:57:44.500000+00:00,combi,Lying,Lying
2024-09-19 23:58:44.500000+00:00,combi,Lying,Lying
2024-09-19 23:59:44.500000+00:00,combi,Lying,Lying
2024-09-20 00:00:44.500000+00:00,combi,Lying,Lying
2024-09-20 00:01:44.500000+00:00,combi,Lying,Lying
2024-09-20 00:02:44.500000+00:00,combi,Lying,Lying
2024-09-20 00:03:44.500000+00:00,combi,Lying,Lying
2024-09-20 00:04:44.500000+00:00,combi,Lying,Lying
2024-09-20 00:05:44.500000+00:00,combi,Lying,Lying
2024-09-20 00:06:44.500000+00:00,combi,Lying,Lying
2024-09-20 00:07:44.500000+00:00,combi,Lying,Lying
2024-09-20 00:08:44.500000+00:00,combi,Lying,Lying
2024-09-20 00:09:44.500000+00:00,combi,Lying,Lying
2024-09-20 00:10:44.500000+00:00,combi,Lying,Lying
2024-09-20 00:11:44.500000+00:00,combi,Lying,Lying
2024-09-20 00:12:44.500000+00:00,combi,Lying,Lying
2024-09-20 00:13:44.500000+00:00,combi,Lying,Lying
2024-09-20 00:14:44.500000+00:00,combi,Lying,Lying
2024-09-20 00:15:44.500000+00:00,combi,Lying,Lying
2024-09-20 00:16:44.500000+00:00,combi,Lying,Lying
2024-09-20 00:17:44.500000+00:00,combi,Lying,Lying
2024-09-20 00:18:44.500000+00:00,combi,Lying,Lying
2024-09-20 00:19:44.500000+00:00,combi,Lying,Lying
2024-09-20 00:20:44.500000+00:00,combi,Lying,Lying
2024-09-20 00:21:44.500000+00:00,combi,Lying,Lying
2024-09-20 00:22:44.500000+00:00,combi,Lying,Lying
2024-09-20 00:23:44.500000+00:00,combi,Lying,Lying
2024-09-20 00:24:44.500000+00:00,combi,Lying,Lying
2024-09-20 00:25:44.500000+00:00,combi,Lying,Lying
2024-09-20 00:26:44.500000+00:00,combi,Lying,Lying
2024-09-20 00:27:44.500000+00:00,combi,Lying,Lying
2024-09-20 00:28:44.500000+00:00,combi,Lying,Lying
2024-09-20 00:29:44.500000+00:00,combi,Lying,Lying
2024-09-20 00:30:44.500000+00:00,combi,Lying,Lying
2024-09-20 00:31:44.500000+00:00,combi,Lying,Lying
2024-09-20 00:32:44.500000+00:00,combi,Lying,Lying
2024-09-20 00:33:44.500000+00:00,combi,Lying,Lying
2024-09-20 00:34:44.500000+00:00,combi,Lying,Lying
2024-09-20 00:35:44.500000+00:00,combi,Lying,Lying
2024-09-20 00:36:44.500000+00:00,combi,Lying,Lying
2024-09-20 00:37:44.500000+00:00,combi,Lying,Lying
2024-09-20 00:38:44.500000+00:00,combi,Lying,Lying
2024-09-20 00:39:44.500000+00:00,combi,Lying,Lying
2024-09-20 00:40:44.500000+00:00,combi,Lying,Lying
2024-09-20 00:41:44.500000+00:00,combi,Lying,Lying
2024-09-20 00:42:44.500000+00:00,combi,Lying,Lying
2024-09-20 00:43:44.500000+00:00,combi,Lying,Lying
2024-09-20 00:44:44.500000+00:00,combi,Lying,Lying
2024-09-20 00:45:44.500000+00:00,combi,Lying,Lying
2024-09-20 00:46:44.500000+00:00,combi,Lying,Lying
2024-09-20 00:47:44.500000+00:00,combi,Lying,Lying
2024-09-20 00:48:44.500000+00:00,combi,Lying,Lying
2024-09-20 00:49:44.500000+00:00,combi,Lying,Lying
2024-09-20 00:50:44.500000+00:00,combi,Lying,Lying
2024-09-20 00:51:44.500000+00:00,combi,Lying,Lying
2024-09-20 00:52:44.500000+00:00,combi,Lying,Lying
2024-09-20 00:53:44.500000+00:00,combi,Lying,Lying
2024-09-20 00:54:44.500000+00:00,combi,Lying,Lying
2024-09-20 00:55:44.500000+00:00,combi,Lying,Lying
2024-09-20 00:56:44.500000+00:00,combi,Lying,Lying
2024-09-20 00:57:44.500000+00:00,combi,Lying,Lying
2024-09-20 00:58:44.500000+00:00,combi,Lying,Lying
2024-09-20 00:59:44.500000+00:00,combi,Lying,Lying
2024-09-20 01:00:44.500000+00:00,combi,Lying,Lying
2024-09-20 01:01:44.500000+00:00,combi,Lying,Dynamic
2024-09-20 01:02:44.500000+00:00,combi,Sitting,Sitting
2024-09-20 01:03:44.500000+00:00,combi,Sitting,Sitting
2024-09-20 01:04:44.500000+00:00,combi,Sitting,Dynamic
2024-09-20 01:05:44.500000+00:00,combi,Lying,Dynamic
2024-09-20 01:06:44.500000+00:00,combi,Lying,Dynamic
2024-09-20 01:07:44.500000+00:00,combi,Lying,Dynamic
2024-09-20 01:08:44.500000+00:00,combi,Sitting,Dynamic
2024-09-20 01:09:44.500000+00:00,combi,Standing,Dynamic
2024-09-20 01:10:44.500000+00:00,combi,Standing,Dynamic
2024-09-20 01:11:44.500000+00:00,combi,Standing,Dynamic
2024-09-20 01:12:44.500000+00:00,combi,Sitting,Dynamic
2024-09-20 01:13:44.500000+00:00,combi,Sitting,Sitting
2024-09-20 01:14:44.500000+00:00,combi,Sitting,Sitting
2024-09-20 01:15:44.500000+00:00,combi,Sitting,Sitting
2024-09-20 01:16:44.500000+00:00,combi,Sitting,Sitting
2024-09-20 01:17:44.500000+00:00,combi,Sitting,Sitting
2024-09-20 01:18:44.500000+00:00,combi,Sitting,Sitting
2024-09-20 01:19:44.500000+00:00,combi,Sitting,Sitting
2024-09-20 01:20:44.500000+00:00,combi,Sitting,Sitting
2024-09-20 01:21:44.500000+00:00,combi,Sitting,Sitting
2024-09-20 01:22:44.500000+00:00,combi,Sitting,Sitting
2024-09-20 01:23:44.500000+00:00,combi,Sitting,Sitting
2024-09-20 01:24:44.500000+00:00,combi,Sitting,Sitting
2024-09-20 01:25:44.500000+00:00,combi,Sitting,Sitting
2024-09-20 01:26:44.500000+00:00,combi,Sitting,Sitting
2024-09-20 01:27:44.500000+00:00,combi,Sitting,Sitting
2024-09-20 01:28:44.500000+00:00,combi,Sitting,Sitting
2024-09-20 01:29:44.500000+00:00,combi,Sitting,Sitting
2024-09-20 01:30:44.500000+00:00,combi,Lying,Lying
2024-09-20 01:31:44.500000+00:00,combi,Lying,Lying
2024-09-20 01:32:44.500000+00:00,combi,Lying,Lying
2024-09-20 01:33:44.500000+00:00,combi,Lying,Lying
2024-09-20 01:34:44.500000+00:00,combi,Lying,Lying
2024-09-20 01:35:44.500000+00:00,combi,Sitting,Sitting
2024-09-20 01:36:44.500000+00:00,combi,Sitting,Sitting
2024-09-20 01:37:44.500000+00:00,combi,Sitting,Sitting
2024-09-20 01:38:44.500000+00:00,combi,Sitting,Sitting
2024-09-20 01:39:44.500000+00:00,combi,Sitting,Sitting
2024-09-20 01:40:44.500000+00:00,combi,Sitting,Sitting
2024-09-20 01:41:44.500000+00:00,combi,Sitting,Sitting
2024-09-20 01:42:44.500000+00:00,combi,Sitting,Sitting
2024-09-20 01:43:44.500000+00:00,combi,Sitting,Sitting
2024-09-20 01:44:44.500000+00:00,combi,Sitting,Sitting
2024-09-20 01:45:44.500000+00:00,combi,Sitting,Sitting
2024-09-20 01:46:44.500000+00:00,combi,Sitting,Sitting
2024-09-20 01:47:44.500000+00:00,combi,Sitting,Sitting
2024-09-20 01:48:44.500000+00:00,combi,Sitting,Sitting
2024-09-20 01:49:44.500000+00:00,combi,Sitting,Sitting
2024-09-20 01:50:44.500000+00:00,combi,Sitting,Sitting
2024-09-20 01:51:44.500000+00:00,combi,Sitting,Sitting
2024-09-20 01:52:44.500000+00:00,combi,Sitting,Sitting
2024-09-20 01:53:44.500000+00:00,combi,Sitting,Sitting
2024-09-20 01:54:44.500000+00:00,combi,Sitting,Sitting
2024-09-20 01:55:44.500000+00:00,combi,Sitting,Sitting
2024-09-20 01:56:44.500000+00:00,combi,Sitting,Sitting
2024-09-20 01:57:44.500000+00:00,combi,Sitting,Sitting
2024-09-20 01:58:44.500000+00:00,combi,Sitting,Sitting
2024-09-20 01:59:44.500000+00:00,combi,Sitting,Sitting
2024-09-20 02:00:44.500000+00:00,combi,Sitting,Sitting
2024-09-20 02:01:44.500000+00:00,combi,Sitting,Sitting
2024-09-20 02:02:44.500000+00:00,combi,Sitting,Sitting
2024-09-20 02:03:44.500000+00:00,combi,Sitting,Sitting
2024-09-20 02:04:44.500000+00:00,combi,Sitting,Sitting
2024-09-20 02:05:44.500000+00:00,combi,Sitting,Sitting
2024-09-20 02:06:44.500000+00:00,combi,Sitting,Sitting
2024-09-20 02:07:44.500000+00:00,combi,Sitting,Sitting
2024-09-20 02:08:44.500000+00:00,combi,Sitting,Sitting
2024-09-20 02:09:44.500000+00:00,combi,Sitting,Sitting
2024-09-20 02:10:44.500000+00:00,combi,Sitting,Sitting
2024-09-20 02:11:44.500000+00:00,combi,Sitting,Sitting
2024-09-20 02:12:44.500000+00:00,combi,Sitting,Sitting
2024-09-20 02:13:44.500000+00:00,combi,Sitting,Sitting
2024-09-20 02:14:44.500000+00:00,combi,Sitting,Sitting
2024-09-20 02:15:44.500000+00:00,combi,Sitting,Sitting
2024-09-20 02:16:44.500000+00:00,combi,Sitting,Sitting
2024-09-20 02:17:44.500000+00:00,combi,Sitting,Sitting
2024-09-20 02:18:44.500000+00:00,combi,Sitting,Sitting
2024-09-20 02:19:44.500000+00:00,combi,Sitting,Sitting
2024-09-20 02:20:44.500000+00:00,combi,Sitting,Sitting
2024-09-20 02:21:44.500000+00:00,combi,Sitting,Sitting
2024-09-20 02:22:44.500000+00:00,combi,Sitting,Sitting
2024-09-20 02:23:44.500000+00:00,combi,Sitting,Sitting
2024-09-20 02:24:44.500000+00:00,combi,Sitting,Sitting
2024-09-20 02:25:44.500000+00:00,combi,Sitting,Sitting
2024-09-20 02:26:44.500000+00:00,combi,Sitting,Sitting
2024-09-20 02:27:44.500000+00:00,combi,Sitting,Sitting
2024-09-20 02:28:44.500000+00:00,combi,Sitting,Sitting
2024-09-20 02:29:44.500000+00:00,combi,Sitting,Sitting
2024-09-20 02:30:44.500000+00:00,combi,Sitting,Sitting
2024-09-20 02:31:44.500000+00:00,combi,Sitting,Sitting
2024-09-20 02:32:44.500000+00:00,combi,Sitting,Sitting
2024-09-20 02:33:44.500000+00:00,combi,Sitting,Sitting
2024-09-20 02:34:44.500000+00:00,combi,Lying,Lying
2024-09-20 02:35:44.500000+00:00,combi,Lying,Lying
2024-09-20 02:36:44.500000+00:00,combi,Lying,Lying
2024-09-20 02:37:44.500000+00:00,combi,Lying,Lying
2024-09-20 02:38:44.500000+00:00,combi,Lying,Lying
2024-09-20 02:39:44.500000+00:00,combi,Lying,Lying
2024-09-20 02:40:44.500000+00:00,combi,Lying,Lying
2024-09-20 02:41:44.500000+00:00,combi,Lying,Lying
2024-09-20 02:42:44.500000+00:00,combi,Lying,Lying
2024-09-20 02:43:44.500000+00:00,combi,Lying,Lying
2024-09-20 02:44:44.500000+00:00,combi,Lying,Lying
2024-09-20 02:45:44.500000+00:00,combi,Lying,Lying
2024-09-20 02:46:44.500000+00:00,combi,Lying,Lying
2024-09-20 02:47:44.500000+00:00,combi,Lying,Lying
2024-09-20 02:48:44.500000+00:00,combi,Lying,Lying
2024-09-20 02:49:44.500000+00:00,combi,Lying,Lying
2024-09-20 02:50:44.500000+00:00,combi,Lying,Lying
2024-09-20 02:51:44.500000+00:00,combi,Lying,Lying
2024-09-20 02:52:44.500000+00:00,combi,Lying,Lying
2024-09-20 02:53:44.500000+00:00,combi,Lying,Lying
2024-09-20 02:54:44.500000+00:00,combi,Lying,Lying
2024-09-20 02:55:44.500000+00:00,combi,Lying,Lying
2024-09-20 02:56:44.500000+00:00,combi,Lying,Lying
2024-09-20 02:57:44.500000+00:00,combi,Lying,Lying
2024-09-20 02:58:44.500000+00:00,combi,Lying,Lying
2024-09-20 02:59:44.500000+00:00,combi,Lying,Lying
2024-09-20 03:00:44.500000+00:00,combi,Lying,Lying
2024-09-20 03:01:44.500000+00:00,combi,Lying,Lying
2024-09-20 03:02:44.500000+00:00,combi,Lying,Lying
2024-09-20 03:03:44.500000+00:00,combi,Lying,Lying
2024-09-20 03:04:44.500000+00:00,combi,Lying,Lying
2024-09-20 03:05:44.500000+00:00,combi,Lying,Lying
2024-09-20 03:06:44.500000+00:00,combi,Lying,Lying
2024-09-20 03:07:44.500000+00:00,combi,Lying,Lying
2024-09-20 03:08:44.500000+00:00,combi,Lying,Lying
2024-09-20 03:09:44.500000+00:00,combi,Lying,Lying
2024-09-20 03:10:44.500000+00:00,combi,Lying,Lying
2024-09-20 03:11:44.500000+00:00,combi,Lying,Lying
2024-09-20 03:12:44.500000+00:00,combi,Lying,Lying
2024-09-20 03:13:44.500000+00:00,combi,Lying,Lying
2024-09-20 03:14:44.500000+00:00,combi,Lying,Lying
2024-09-20 03:15:44.500000+00:00,combi,Lying,Lying
2024-09-20 03:16:44.500000+00:00,combi,Lying,Lying
2024-09-20 03:17:44.500000+00:00,combi,Lying,Lying
2024-09-20 03:18:44.500000+00:00,combi,Lying,Lying
2024-09-20 03:19:44.500000+00:00,combi,Sitting,Sitting
2024-09-20 03:20:44.500000+00:00,combi,Sitting,Sitting
2024-09-20 03:21:44.500000+00:00,combi,Lying,Lying
2024-09-20 03:22:44.500000+00:00,combi,Lying,Lying
2024-09-20 03:23:44.500000+00:00,combi,Lying,Lying
2024-09-20 03:24:44.500000+00:00,combi,Lying,Lying
2024-09-20 03:25:44.500000+00:00,combi,Lying,Lying
2024-09-20 03:26:44.500000+00:00,combi,Lying,Lying
2024-09-20 03:27:44.500000+00:00,combi,Lying,Lying
2024-09-20 03:28:44.500000+00:00,combi,Lying,Lying
2024-09-20 03:29:44.500000+00:00,combi,Lying,Lying
2024-09-20 03:30:44.500000+00:00,combi,Lying,Lying
2024-09-20 03:31:44.500000+00:00,combi,Lying,Lying
2024-09-20 03:32:44.500000+00:00,combi,Lying,Lying
2024-09-20 03:33:44.500000+00:00,combi,Lying,Lying
2024-09-20 03:34:44.500000+00:00,combi,Lying,Lying
2024-09-20 03:35:44.500000+00:00,combi,Lying,Lying
2024-09-20 03:36:44.500000+00:00,combi,Lying,Lying
2024-09-20 03:37:44.500000+00:00,combi,Lying,Lying
2024-09-20 03:38:44.500000+00:00,combi,Lying,Lying
2024-09-20 03:39:44.500000+00:00,combi,Lying,Lying
2024-09-20 03:40:44.500000+00:00,combi,Lying,Lying
2024-09-20 03:41:44.500000+00:00,combi,Lying,Lying
2024-09-20 03:42:44.500000+00:00,combi,Lying,Lying
2024-09-20 03:43:44.500000+00:00,combi,Lying,Lying
2024-09-20 03:44:44.500000+00:00,combi,Lying,Lying
2024-09-20 03:45:44.500000+00:00,combi,Lying,Lying
2024-09-20 03:46:44.500000+00:00,combi,Lying,Lying
2024-09-20 03:47:44.500000+00:00,combi,Lying,Lying
2024-09-20 03:48:44.500000+00:00,combi,Lying,Lying
2024-09-20 03:49:44.500000+00:00,combi,Lying,Lying
2024-09-20 03:50:44.500000+00:00,combi,Lying,Lying
2024-09-20 03:51:44.500000+00:00,combi,Lying,Lying
2024-09-20 03:52:44.500000+00:00,combi,Lying,Lying
2024-09-20 03:53:44.500000+00:00,combi,Lying,Lying
2024-09-20 03:54:44.500000+00:00,combi,Lying,Lying
2024-09-20 03:55:44.500000+00:00,combi,Lying,Lying
2024-09-20 03:56:44.500000+00:00,combi,Lying,Lying
2024-09-20 03:57:44.500000+00:00,combi,Lying,Lying
2024-09-20 03:58:44.500000+00:00,combi,Lying,Lying
2024-09-20 03:59:44.500000+00:00,combi,Lying,Lying
2024-09-20 04:00:44.500000+00:00,combi,Lying,Lying
2024-09-20 04:01:44.500000+00:00,combi,Lying,Lying
2024-09-20 04:02:44.500000+00:00,combi,Lying,Lying
2024-09-20 04:03:44.500000+00:00,combi,Lying,Lying
2024-09-20 04:04:44.500000+00:00,combi,Lying,Lying
2024-09-20 04:05:44.500000+00:00,combi,Lying,Lying
2024-09-20 04:06:44.500000+00:00,combi,Lying,Lying
2024-09-20 04:07:44.500000+00:00,combi,Lying,Lying
2024-09-20 04:08:44.500000+00:00,combi,Lying,Lying
2024-09-20 04:09:44.500000+00:00,combi,Lying,Lying
2024-09-20 04:10:44.500000+00:00,combi,Lying,Lying
2024-09-20 04:11:44.500000+00:00,combi,Sitting,Sitting
2024-09-20 04:12:44.500000+00:00,combi,Sitting,Sitting
2024-09-20 04:13:44.500000+00:00,combi,Sitting,Sitting
2024-09-20 04:14:44.500000+00:00,combi,Sitting,Sitting
2024-09-20 04:15:44.500000+00:00,combi,Sitting,Sitting
2024-09-20 04:16:44.500000+00:00,combi,Sitting,Sitting
2024-09-20 04:17:44.500000+00:00,combi,Sitting,Sitting
2024-09-20 04:18:44.500000+00:00,combi,Sitting,Sitting
2024-09-20 04:19:44.500000+00:00,combi,Sitting,Sitting
2024-09-20 04:20:44.500000+00:00,combi,Sitting,Sitting
2024-09-20 04:21:44.500000+00:00,combi,Sitting,Sitting
2024-09-20 04:22:44.500000+00:00,combi,Lying,Lying
2024-09-20 04:23:44.500000+00:00,combi,Sitting,Sitting
2024-09-20 04:24:44.500000+00:00,combi,Sitting,Sitting
2024-09-20 04:25:44.500000+00:00,combi,Sitting,Sitting
2024-09-20 04:26:44.500000+00:00,combi,Sitting,Sitting
2024-09-20 04:27:44.500000+00:00,combi,Sitting,Sitting
2024-09-20 04:28:44.500000+00:00,combi,Sitting,Sitting
2024-09-20 04:29:44.500000+00:00,combi,Sitting,Sitting
2024-09-20 04:30:44.500000+00:00,combi,Sitting,Sitting
2024-09-20 04:31:44.500000+00:00,combi,Sitting,Sitting
2024-09-20 04:32:44.500000+00:00,combi,Sitting,Sitting
2024-09-20 04:33:44.500000+00:00,combi,Sitting,Sitting
2024-09-20 04:34:44.500000+00:00,combi,Sitting,Sitting
2024-09-20 04:35:44.500000+00:00,combi,Sitting,Sitting
2024-09-20 04:36:44.500000+00:00,combi,Sitting,Sitting
2024-09-20 04:37:44.500000+00:00,combi,Sitting,Sitting
2024-09-20 04:38:44.500000+00:00,combi,Sitting,Sitting
2024-09-20 04:39:44.500000+00:00,combi,Sitting,Sitting
