Time,Participant,Majority_postures,Majority_including_dynamic
2024-08-21 10:51:06.500000+00:00,combi,Sitting,Sitting
2024-08-21 10:52:06.500000+00:00,combi,Standing,Dynamic
2024-08-21 10:53:06.500000+00:00,combi,Sitting,Sitting
2024-08-21 10:54:06.500000+00:00,combi,Standing,Sitting
2024-08-21 10:55:06.500000+00:00,combi,Sitting,Sitting
2024-08-21 10:56:06.500000+00:00,combi,Sitting,Sitting
2024-08-21 10:57:06.500000+00:00,combi,Standing,Standing
2024-08-21 10:58:06.500000+00:00,combi,Sitting,Sitting
2024-08-21 10:59:06.500000+00:00,combi,Sitting,Sitting
2024-08-21 11:00:06.500000+00:00,combi,Sitting,Sitting
2024-08-21 11:01:06.500000+00:00,combi,Sitting,Sitting
2024-08-21 11:02:06.500000+00:00,combi,Sitting,Sitting
2024-08-21 11:03:06.500000+00:00,combi,Sitting,Sitting
2024-08-21 11:04:06.500000+00:00,combi,Sitting,Sitting
2024-08-21 11:05:06.500000+00:00,combi,Sitting,Sitting
2024-08-21 11:06:06.500000+00:00,combi,Standing,Standing
2024-08-21 11:07:06.500000+00:00,combi,Sitting,Sitting
2024-08-21 11:08:06.500000+00:00,combi,Standing,Standing
2024-08-21 11:09:06.500000+00:00,combi,Standing,Sitting
2024-08-21 11:10:06.500000+00:00,combi,Standing,Sitting
2024-08-21 11:11:06.500000+00:00,combi,Sitting,Sitting
2024-08-21 11:12:06.500000+00:00,combi,Sitting,Sitting
2024-08-21 11:13:06.500000+00:00,combi,Sitting,Sitting
2024-08-21 11:14:06.500000+00:00,combi,Sitting,Sitting
2024-08-21 11:15:06.500000+00:00,combi,Sitting,Sitting
2024-08-21 11:16:06.500000+00:00,combi,Sitting,Sitting
2024-08-21 11:17:06.500000+00:00,combi,Sitting,Sitting
2024-08-21 11:18:06.500000+00:00,combi,Sitting,Sitting
2024-08-21 11:19:06.500000+00:00,combi,Sitting,Sitting
2024-08-21 11:20:06.500000+00:00,combi,Sitting,Sitting
2024-08-21 11:21:06.500000+00:00,combi,Sitting,Sitting
2024-08-21 11:22:06.500000+00:00,combi,Sitting,Sitting
2024-08-21 11:23:06.500000+00:00,combi,Sitting,Sitting
2024-08-21 11:24:06.500000+00:00,combi,Sitting,Sitting
2024-08-21 11:25:06.500000+00:00,combi,Sitting,Sitting
2024-08-21 11:26:06.500000+00:00,combi,Sitting,Sitting
2024-08-21 11:27:06.500000+00:00,combi,Sitting,Sitting
2024-08-21 11:28:06.500000+00:00,combi,Sitting,Sitting
2024-08-21 11:29:06.500000+00:00,combi,Sitting,Sitting
2024-08-21 11:30:06.500000+00:00,combi,Sitting,Sitting
2024-08-21 11:31:06.500000+00:00,combi,Sitting,Sitting
2024-08-21 11:32:06.500000+00:00,combi,Sitting,Sitting
2024-08-21 11:33:06.500000+00:00,combi,Sitting,Sitting
2024-08-21 11:34:06.500000+00:00,combi,Sitting,Sitting
2024-08-21 11:35:06.500000+00:00,combi,Sitting,Sitting
2024-08-21 11:36:06.500000+00:00,combi,Sitting,Sitting
2024-08-21 11:37:06.500000+00:00,combi,Standing,Dynamic
2024-08-21 11:38:06.500000+00:00,combi,Standing,Standing
2024-08-21 11:39:06.500000+00:00,combi,Standing,Standing
2024-08-21 11:40:06.500000+00:00,combi,Standing,Dynamic
2024-08-21 11:41:06.500000+00:00,combi,Sitting,Sitting
2024-08-21 11:42:06.500000+00:00,combi,Sitting,Sitting
2024-08-21 11:43:06.500000+00:00,combi,Sitting,Sitting
2024-08-21 11:44:06.500000+00:00,combi,Sitting,Sitting
2024-08-21 11:45:06.500000+00:00,combi,Sitting,Sitting
2024-08-21 11:46:06.500000+00:00,combi,Sitting,Sitting
2024-08-21 11:47:06.500000+00:00,combi,Sitting,Sitting
2024-08-21 11:48:06.500000+00:00,combi,Sitting,Sitting
2024-08-21 11:49:06.500000+00:00,combi,Sitting,Sitting
2024-08-21 11:50:06.500000+00:00,combi,Sitting,Sitting
2024-08-21 11:51:06.500000+00:00,combi,Sitting,Sitting
2024-08-21 11:52:06.500000+00:00,combi,Sitting,Sitting
2024-08-21 11:53:06.500000+00:00,combi,Sitting,Sitting
2024-08-21 11:54:06.500000+00:00,combi,Sitting,Sitting
2024-08-21 11:55:06.500000+00:00,combi,Sitting,Sitting
2024-08-21 11:56:06.500000+00:00,combi,Sitting,Sitting
2024-08-21 11:57:06.500000+00:00,combi,Sitting,Sitting
2024-08-21 11:58:06.500000+00:00,combi,Sitting,Sitting
2024-08-21 11:59:06.500000+00:00,combi,Sitting,Sitting
2024-08-21 12:00:06.500000+00:00,combi,Sitting,Sitting
2024-08-21 12:01:06.500000+00:00,combi,Standing,Sitting
2024-08-21 12:02:06.500000+00:00,combi,Sitting,Sitting
2024-08-21 12:03:06.500000+00:00,combi,Sitting,Sitting
2024-08-21 12:04:06.500000+00:00,combi,Sitting,Sitting
2024-08-21 12:05:06.500000+00:00,combi,Sitting,Sitting
2024-08-21 12:06:06.500000+00:00,combi,Sitting,Sitting
2024-08-21 12:07:06.500000+00:00,combi,Sitting,Sitting
2024-08-21 12:08:06.500000+00:00,combi,Sitting,Sitting
2024-08-21 12:09:06.500000+00:00,combi,Sitting,Sitting
2024-08-21 12:10:06.500000+00:00,combi,Standing,Standing
2024-08-21 12:11:06.500000+00:00,combi,Standing,Standing
2024-08-21 12:12:06.500000+00:00,combi,Sitting,Sitting
2024-08-21 12:13:06.500000+00:00,combi,Sitting,Sitting
2024-08-21 12:14:06.500000+00:00,combi,Sitting,Sitting
2024-08-21 12:15:06.500000+00:00,combi,Sitting,Sitting
2024-08-21 12:16:06.500000+00:00,combi,Sitting,Sitting
2024-08-21 12:17:06.500000+00:00,combi,Sitting,Sitting
2024-08-21 12:18:06.500000+00:00,combi,Sitting,Sitting
2024-08-21 12:19:06.500000+00:00,combi,Sitting,Sitting
2024-08-21 12:20:06.500000+00:00,combi,Sitting,Sitting
2024-08-21 12:21:06.500000+00:00,combi,Sitting,Sitting
2024-08-21 12:22:06.500000+00:00,combi,Sitting,Sitting
2024-08-21 12:23:06.500000+00:00,combi,Sitting,Sitting
2024-08-21 12:24:06.500000+00:00,combi,Sitting,Sitting
2024-08-21 12:25:06.500000+00:00,combi,Sitting,Sitting
2024-08-21 12:26:06.500000+00:00,combi,Standing,Standing
2024-08-21 12:27:06.500000+00:00,combi,Sitting,Sitting
2024-08-21 12:28:06.500000+00:00,combi,Sitting,Sitting
2024-08-21 12:29:06.500000+00:00,combi,Sitting,Sitting
2024-08-21 12:30:06.500000+00:00,combi,Sitting,Sitting
2024-08-21 12:31:06.500000+00:00,combi,Sitting,Sitting
2024-08-21 12:32:06.500000+00:00,combi,Sitting,Sitting
2024-08-21 12:33:06.500000+00:00,combi,Sitting,Sitting
2024-08-21 12:34:06.500000+00:00,combi,Sitting,Sitting
2024-08-21 12:35:06.500000+00:00,combi,Sitting,Sitting
2024-08-21 12:36:06.500000+00:00,combi,Sitting,Sitting
2024-08-21 12:37:06.500000+00:00,combi,Sitting,Sitting
2024-08-21 12:38:06.500000+00:00,combi,Sitting,Sitting
2024-08-21 12:39:06.500000+00:00,combi,Sitting,Sitting
2024-08-21 12:40:06.500000+00:00,combi,Sitting,Sitting
2024-08-21 12:41:06.500000+00:00,combi,Sitting,Sitting
2024-08-21 12:42:06.500000+00:00,combi,Sitting,Sitting
2024-08-21 12:43:06.500000+00:00,combi,Standing,Standing
2024-08-21 12:44:06.500000+00:00,combi,Sitting,Sitting
2024-08-21 12:45:06.500000+00:00,combi,Standing,Standing
2024-08-21 12:46:06.500000+00:00,combi,Sitting,Sitting
2024-08-21 12:47:06.500000+00:00,combi,Sitting,Sitting
2024-08-21 12:48:06.500000+00:00,combi,Sitting,Sitting
2024-08-21 12:49:06.500000+00:00,combi,Standing,Standing
2024-08-21 12:50:06.500000+00:00,combi,Sitting,Sitting
2024-08-21 12:51:06.500000+00:00,combi,Sitting,Sitting
2024-08-21 12:52:06.500000+00:00,combi,Sitting,Sitting
2024-08-21 12:53:06.500000+00:00,combi,Sitting,Sitting
2024-08-21 12:54:06.500000+00:00,combi,Sitting,Sitting
2024-08-21 12:55:06.500000+00:00,combi,Sitting,Sitting
2024-08-21 12:56:06.500000+00:00,combi,Sitting,Sitting
2024-08-21 12:57:06.500000+00:00,combi,Sitting,Sitting
2024-08-21 12:58:06.500000+00:00,combi,Sitting,Sitting
2024-08-21 12:59:06.500000+00:00,combi,Sitting,Sitting
2024-08-21 13:00:06.500000+00:00,combi,Sitting,Sitting
2024-08-21 13:01:06.500000+00:00,combi,Sitting,Sitting
2024-08-21 13:02:06.500000+00:00,combi,Sitting,Sitting
2024-08-21 13:03:06.500000+00:00,combi,Sitting,Sitting
2024-08-21 13:04:06.500000+00:00,combi,Sitting,Sitting
2024-08-21 13:05:06.500000+00:00,combi,Sitting,Sitting
2024-08-21 13:06:06.500000+00:00,combi,Standing,Sitting
2024-08-21 13:07:06.500000+00:00,combi,Sitting,Sitting
2024-08-21 13:08:06.500000+00:00,combi,Standing,Standing
2024-08-21 13:09:06.500000+00:00,combi,Sitting,Sitting
2024-08-21 13:10:06.500000+00:00,combi,Sitting,Sitting
2024-08-21 13:11:06.500000+00:00,combi,Sitting,Sitting
2024-08-21 13:12:06.500000+00:00,combi,Sitting,Sitting
2024-08-21 13:13:06.500000+00:00,combi,Sitting,Sitting
2024-08-21 13:14:06.500000+00:00,combi,Sitting,Sitting
2024-08-21 13:15:06.500000+00:00,combi,Sitting,Sitting
2024-08-21 13:16:06.500000+00:00,combi,Sitting,Sitting
2024-08-21 13:17:06.500000+00:00,combi,Sitting,Sitting
2024-08-21 13:18:06.500000+00:00,combi,Sitting,Sitting
2024-08-21 13:19:06.500000+00:00,combi,Sitting,Sitting
2024-08-21 13:20:06.500000+00:00,combi,Sitting,Sitting
2024-08-21 13:21:06.500000+00:00,combi,Sitting,Sitting
2024-08-21 13:22:06.500000+00:00,combi,Sitting,Sitting
2024-08-21 13:23:06.500000+00:00,combi,Sitting,Sitting
2024-08-21 13:24:06.500000+00:00,combi,Standing,Standing
2024-08-21 13:25:06.500000+00:00,combi,Sitting,Sitting
2024-08-21 13:26:06.500000+00:00,combi,Sitting,Sitting
2024-08-21 13:27:06.500000+00:00,combi,Standing,Standing
2024-08-21 13:28:06.500000+00:00,combi,Sitting,Sitting
2024-08-21 13:29:06.500000+00:00,combi,Sitting,Sitting
2024-08-21 13:30:06.500000+00:00,combi,Sitting,Sitting
2024-08-21 13:31:06.500000+00:00,combi,Sitting,Sitting
2024-08-21 13:32:06.500000+00:00,combi,Sitting,Sitting
2024-08-21 13:33:06.500000+00:00,combi,Sitting,Sitting
2024-08-21 13:34:06.500000+00:00,combi,Sitting,Sitting
2024-08-21 13:35:06.500000+00:00,combi,Sitting,Sitting
2024-08-21 13:36:06.500000+00:00,combi,Standing,Dynamic
2024-08-21 13:37:06.500000+00:00,combi,Standing,Standing
2024-08-21 13:38:06.500000+00:00,combi,Standing,Standing
2024-08-21 13:39:06.500000+00:00,combi,Standing,Dynamic
2024-08-21 13:40:06.500000+00:00,combi,Sitting,Sitting
2024-08-21 13:41:06.500000+00:00,combi,Sitting,Sitting
2024-08-21 13:42:06.500000+00:00,combi,Sitting,Sitting
2024-08-21 13:43:06.500000+00:00,combi,Sitting,Sitting
2024-08-21 13:44:06.500000+00:00,combi,Sitting,Sitting
2024-08-21 13:45:06.500000+00:00,combi,Sitting,Sitting
2024-08-21 13:46:06.500000+00:00,combi,Sitting,Sitting
2024-08-21 13:47:06.500000+00:00,combi,Sitting,Sitting
2024-08-21 13:48:06.500000+00:00,combi,Sitting,Sitting
2024-08-21 13:49:06.500000+00:00,combi,Sitting,Sitting
2024-08-21 13:50:06.500000+00:00,combi,Sitting,Sitting
2024-08-21 13:51:06.500000+00:00,combi,Sitting,Sitting
2024-08-21 13:52:06.500000+00:00,combi,Sitting,Sitting
2024-08-21 13:53:06.500000+00:00,combi,Sitting,Sitting
2024-08-21 13:54:06.500000+00:00,combi,Sitting,Sitting
2024-08-21 13:55:06.500000+00:00,combi,Sitting,Sitting
2024-08-21 13:56:06.500000+00:00,combi,Standing,Standing
2024-08-21 13:57:06.500000+00:00,combi,Sitting,Sitting
2024-08-21 13:58:06.500000+00:00,combi,Sitting,Sitting
2024-08-21 13:59:06.500000+00:00,combi,Sitting,Sitting
2024-08-21 14:00:06.500000+00:00,combi,Standing,Dynamic
2024-08-21 14:01:06.500000+00:00,combi,Sitting,Sitting
2024-08-21 14:02:06.500000+00:00,combi,Sitting,Sitting
2024-08-21 14:03:06.500000+00:00,combi,Sitting,Sitting
2024-08-21 14:04:06.500000+00:00,combi,Sitting,Sitting
2024-08-21 14:05:06.500000+00:00,combi,Sitting,Sitting
2024-08-21 14:06:06.500000+00:00,combi,Sitting,Sitting
2024-08-21 14:07:06.500000+00:00,combi,Sitting,Sitting
2024-08-21 14:08:06.500000+00:00,combi,Sitting,Sitting
2024-08-21 14:09:06.500000+00:00,combi,Sitting,Sitting
2024-08-21 14:10:06.500000+00:00,combi,Sitting,Sitting
2024-08-21 14:11:06.500000+00:00,combi,Sitting,Sitting
2024-08-21 14:12:06.500000+00:00,combi,Sitting,Standing
2024-08-21 14:13:06.500000+00:00,combi,Sitting,Sitting
2024-08-21 14:14:06.500000+00:00,combi,Sitting,Sitting
2024-08-21 14:15:06.500000+00:00,combi,Sitting,Sitting
2024-08-21 14:16:06.500000+00:00,combi,Sitting,Sitting
2024-08-21 14:17:06.500000+00:00,combi,Sitting,Sitting
2024-08-21 14:18:06.500000+00:00,combi,Sitting,Sitting
2024-08-21 14:19:06.500000+00:00,combi,Sitting,Sitting
2024-08-21 14:20:06.500000+00:00,combi,Sitting,Sitting
2024-08-21 14:21:06.500000+00:00,combi,Sitting,Sitting
2024-08-21 14:22:06.500000+00:00,combi,Sitting,Sitting
2024-08-21 14:23:06.500000+00:00,combi,Sitting,Sitting
2024-08-21 14:24:06.500000+00:00,combi,Sitting,Sitting
2024-08-21 14:25:06.500000+00:00,combi,Sitting,Sitting
2024-08-21 14:26:06.500000+00:00,combi,Sitting,Sitting
2024-08-21 14:27:06.500000+00:00,combi,Sitting,Sitting
2024-08-21 14:28:06.500000+00:00,combi,Sitting,Sitting
2024-08-21 14:29:06.500000+00:00,combi,Sitting,Sitting
2024-08-21 14:30:06.500000+00:00,combi,Sitting,Sitting
2024-08-21 14:31:06.500000+00:00,combi,Sitting,Sitting
2024-08-21 14:32:06.500000+00:00,combi,Sitting,Sitting
2024-08-21 14:33:06.500000+00:00,combi,Sitting,Sitting
2024-08-21 14:34:06.500000+00:00,combi,Sitting,Sitting
2024-08-21 14:35:06.500000+00:00,combi,Sitting,Sitting
2024-08-21 14:36:06.500000+00:00,combi,Sitting,Sitting
2024-08-21 14:37:06.500000+00:00,combi,Sitting,Sitting
2024-08-21 14:38:06.500000+00:00,combi,Standing,Sitting
2024-08-21 14:39:06.500000+00:00,combi,Standing,Dynamic
2024-08-21 14:40:06.500000+00:00,combi,Standing,Dynamic
2024-08-21 14:41:06.500000+00:00,combi,Lying,Dynamic
2024-08-21 14:42:06.500000+00:00,combi,Lying,Dynamic
2024-08-21 14:43:06.500000+00:00,combi,Standing,Dynamic
2024-08-21 14:44:06.500000+00:00,combi,Sitting,Dynamic
2024-08-21 14:45:06.500000+00:00,combi,Sitting,Dynamic
2024-08-21 14:46:06.500000+00:00,combi,Sitting,Dynamic
2024-08-21 14:47:06.500000+00:00,combi,Sitting,Dynamic
2024-08-21 14:48:06.500000+00:00,combi,Sitting,Dynamic
2024-08-21 14:49:06.500000+00:00,combi,Sitting,Dynamic
2024-08-21 14:50:06.500000+00:00,combi,Standing,Dynamic
2024-08-21 14:51:06.500000+00:00,combi,Standing,Dynamic
2024-08-21 14:52:06.500000+00:00,combi,Sitting,Dynamic
2024-08-21 14:53:06.500000+00:00,combi,Sitting,Dynamic
2024-08-21 14:54:06.500000+00:00,combi,Sitting,Dynamic
2024-08-21 14:55:06.500000+00:00,combi,Sitting,Dynamic
2024-08-21 14:56:06.500000+00:00,combi,Sitting,Dynamic
2024-08-21 14:57:06.500000+00:00,combi,Sitting,Dynamic
2024-08-21 14:58:06.500000+00:00,combi,Sitting,Dynamic
2024-08-21 14:59:06.500000+00:00,combi,Standing,Dynamic
2024-08-21 15:00:06.500000+00:00,combi,Standing,Standing
2024-08-21 15:01:06.500000+00:00,combi,Standing,Dynamic
2024-08-21 15:02:06.500000+00:00,combi,Standing,Dynamic
2024-08-21 15:03:06.500000+00:00,combi,Sitting,Dynamic
2024-08-21 15:04:06.500000+00:00,combi,Sitting,Dynamic
2024-08-21 15:05:06.500000+00:00,combi,Sitting,Dynamic
2024-08-21 15:06:06.500000+00:00,combi,Sitting,Dynamic
2024-08-21 15:07:06.500000+00:00,combi,Sitting,Dynamic
2024-08-21 15:08:06.500000+00:00,combi,Standing,Dynamic
2024-08-21 15:09:06.500000+00:00,combi,Sitting,Dynamic
2024-08-21 15:10:06.500000+00:00,combi,Standing,Dynamic
2024-08-21 15:11:06.500000+00:00,combi,Standing,Dynamic
2024-08-21 15:12:06.500000+00:00,combi,Standing,Dynamic
2024-08-21 15:13:06.500000+00:00,combi,Standing,Dynamic
2024-08-21 15:14:06.500000+00:00,combi,Standing,Dynamic
2024-08-21 15:15:06.500000+00:00,combi,Standing,Standing
2024-08-21 15:16:06.500000+00:00,combi,Standing,Standing
2024-08-21 15:17:06.500000+00:00,combi,Standing,Standing
2024-08-21 15:18:06.500000+00:00,combi,Standing,Dynamic
2024-08-21 15:19:06.500000+00:00,combi,Standing,Standing
2024-08-21 15:20:06.500000+00:00,combi,Standing,Dynamic
2024-08-21 15:21:06.500000+00:00,combi,Standing,Standing
2024-08-21 15:22:06.500000+00:00,combi,Standing,Standing
2024-08-21 15:23:06.500000+00:00,combi,Standing,Standing
2024-08-21 15:24:06.500000+00:00,combi,Sitting,Sitting
2024-08-21 15:25:06.500000+00:00,combi,Sitting,Sitting
2024-08-21 15:26:06.500000+00:00,combi,Lying,Lying
2024-08-21 15:27:06.500000+00:00,combi,Lying,Lying
2024-08-21 15:28:06.500000+00:00,combi,Lying,Lying
2024-08-21 15:29:06.500000+00:00,combi,Lying,Lying
2024-08-21 15:30:06.500000+00:00,combi,Lying,Lying
2024-08-21 15:31:06.500000+00:00,combi,Lying,Lying
2024-08-21 15:32:06.500000+00:00,combi,Lying,Lying
2024-08-21 15:33:06.500000+00:00,combi,Lying,Lying
2024-08-21 15:34:06.500000+00:00,combi,Standing,Dynamic
2024-08-21 15:35:06.500000+00:00,combi,Standing,Standing
2024-08-21 15:36:06.500000+00:00,combi,Standing,Standing
2024-08-21 15:37:06.500000+00:00,combi,Sitting,Sitting
2024-08-21 15:38:06.500000+00:00,combi,Sitting,Sitting
2024-08-21 15:39:06.500000+00:00,combi,Sitting,Sitting
2024-08-21 15:40:06.500000+00:00,combi,Sitting,Sitting
2024-08-21 15:41:06.500000+00:00,combi,Standing,Standing
2024-08-21 15:42:06.500000+00:00,combi,Standing,Standing
2024-08-21 15:43:06.500000+00:00,combi,Sitting,Sitting
2024-08-21 15:44:06.500000+00:00,combi,Standing,Standing
2024-08-21 15:45:06.500000+00:00,combi,Standing,Standing
2024-08-21 15:46:06.500000+00:00,combi,Standing,Standing
2024-08-21 15:47:06.500000+00:00,combi,Standing,Sitting
2024-08-21 15:48:06.500000+00:00,combi,Standing,Dynamic
2024-08-21 15:49:06.500000+00:00,combi,Standing,Standing
2024-08-21 15:50:06.500000+00:00,combi,Standing,Standing
2024-08-21 15:51:06.500000+00:00,combi,Standing,Dynamic
2024-08-21 15:52:06.500000+00:00,combi,Standing,Sitting
2024-08-21 15:53:06.500000+00:00,combi,Standing,Standing
2024-08-21 15:54:06.500000+00:00,combi,Standing,Standing
2024-08-21 15:55:06.500000+00:00,combi,Standing,Standing
2024-08-21 15:56:06.500000+00:00,combi,Standing,Dynamic
2024-08-21 15:57:06.500000+00:00,combi,Standing,Dynamic
2024-08-21 15:58:06.500000+00:00,combi,Standing,Dynamic
2024-08-21 15:59:06.500000+00:00,combi,Standing,Dynamic
2024-08-21 16:00:06.500000+00:00,combi,Standing,Dynamic
2024-08-21 16:01:06.500000+00:00,combi,Lying,Dynamic
2024-08-21 16:02:06.500000+00:00,combi,Lying,Dynamic
2024-08-21 16:03:06.500000+00:00,combi,Lying,Dynamic
2024-08-21 16:04:06.500000+00:00,combi,Lying,Dynamic
2024-08-21 16:05:06.500000+00:00,combi,Standing,Dynamic
2024-08-21 16:06:06.500000+00:00,combi,Standing,Dynamic
2024-08-21 16:07:06.500000+00:00,combi,Standing,Dynamic
2024-08-21 16:08:06.500000+00:00,combi,Lying,Dynamic
2024-08-21 16:09:06.500000+00:00,combi,Sitting,Dynamic
2024-08-21 16:10:06.500000+00:00,combi,Standing,Dynamic
2024-08-21 16:11:06.500000+00:00,combi,Lying,Dynamic
2024-08-21 16:12:06.500000+00:00,combi,Lying,Dynamic
2024-08-21 16:13:06.500000+00:00,combi,Standing,Dynamic
2024-08-21 16:14:06.500000+00:00,combi,Sitting,Dynamic
2024-08-21 16:15:06.500000+00:00,combi,Standing,Dynamic
2024-08-21 16:16:06.500000+00:00,combi,Lying,Dynamic
2024-08-21 16:17:06.500000+00:00,combi,Sitting,Dynamic
2024-08-21 16:18:06.500000+00:00,combi,Lying,Dynamic
2024-08-21 16:19:06.500000+00:00,combi,Lying,Dynamic
2024-08-21 16:20:06.500000+00:00,combi,Standing,Dynamic
2024-08-21 16:21:06.500000+00:00,combi,Standing,Dynamic
2024-08-21 16:22:06.500000+00:00,combi,Lying,Dynamic
2024-08-21 16:23:06.500000+00:00,combi,Standing,Dynamic
2024-08-21 16:24:06.500000+00:00,combi,Standing,Standing
2024-08-21 16:25:06.500000+00:00,combi,Standing,Standing
2024-08-21 16:26:06.500000+00:00,combi,Standing,Standing
2024-08-21 16:27:06.500000+00:00,combi,Standing,Standing
2024-08-21 16:28:06.500000+00:00,combi,Standing,Standing
2024-08-21 16:29:06.500000+00:00,combi,Standing,Dynamic
2024-08-21 16:30:06.500000+00:00,combi,Standing,Standing
2024-08-21 16:31:06.500000+00:00,combi,Standing,Standing
2024-08-21 16:32:06.500000+00:00,combi,Sitting,Sitting
2024-08-21 16:33:06.500000+00:00,combi,Sitting,Sitting
2024-08-21 16:34:06.500000+00:00,combi,Sitting,Sitting
2024-08-21 16:35:06.500000+00:00,combi,Sitting,Sitting
2024-08-21 16:36:06.500000+00:00,combi,Standing,Sitting
2024-08-21 16:37:06.500000+00:00,combi,Sitting,Sitting
2024-08-21 16:38:06.500000+00:00,combi,Sitting,Sitting
2024-08-21 16:39:06.500000+00:00,combi,Sitting,Sitting
2024-08-21 16:40:06.500000+00:00,combi,Standing,Sitting
2024-08-21 16:41:06.500000+00:00,combi,Standing,Dynamic
2024-08-21 16:42:06.500000+00:00,combi,Standing,Dynamic
2024-08-21 16:43:06.500000+00:00,combi,Standing,Dynamic
2024-08-21 16:44:06.500000+00:00,combi,Sitting,Sitting
2024-08-21 16:45:06.500000+00:00,combi,Sitting,Sitting
2024-08-21 16:46:06.500000+00:00,combi,Sitting,Sitting
2024-08-21 16:47:06.500000+00:00,combi,Sitting,Sitting
2024-08-21 16:48:06.500000+00:00,combi,Sitting,Sitting
2024-08-21 16:49:06.500000+00:00,combi,Sitting,Sitting
2024-08-21 16:50:06.500000+00:00,combi,Sitting,Sitting
2024-08-21 16:51:06.500000+00:00,combi,Sitting,Sitting
2024-08-21 16:52:06.500000+00:00,combi,Sitting,Sitting
2024-08-21 16:53:06.500000+00:00,combi,Sitting,Sitting
2024-08-21 16:54:06.500000+00:00,combi,Sitting,Sitting
2024-08-21 16:55:06.500000+00:00,combi,Sitting,Sitting
2024-08-21 16:56:06.500000+00:00,combi,Sitting,Sitting
2024-08-21 16:57:06.500000+00:00,combi,Sitting,Sitting
2024-08-21 16:58:06.500000+00:00,combi,Sitting,Sitting
2024-08-21 16:59:06.500000+00:00,combi,Sitting,Sitting
2024-08-21 17:00:06.500000+00:00,combi,Sitting,Sitting
2024-08-21 17:01:06.500000+00:00,combi,Sitting,Sitting
2024-08-21 17:02:06.500000+00:00,combi,Sitting,Sitting
2024-08-21 17:03:06.500000+00:00,combi,Sitting,Sitting
2024-08-21 17:04:06.500000+00:00,combi,Sitting,Sitting
2024-08-21 17:05:06.500000+00:00,combi,Sitting,Sitting
2024-08-21 17:06:06.500000+00:00,combi,Sitting,Sitting
2024-08-21 17:07:06.500000+00:00,combi,Sitting,Sitting
2024-08-21 17:08:06.500000+00:00,combi,Sitting,Sitting
2024-08-21 17:09:06.500000+00:00,combi,Sitting,Sitting
2024-08-21 17:10:06.500000+00:00,combi,Sitting,Sitting
2024-08-21 17:11:06.500000+00:00,combi,Sitting,Sitting
2024-08-21 17:12:06.500000+00:00,combi,Sitting,Sitting
2024-08-21 17:13:06.500000+00:00,combi,Sitting,Sitting
2024-08-21 17:14:06.500000+00:00,combi,Sitting,Sitting
2024-08-21 17:15:06.500000+00:00,combi,Sitting,Sitting
2024-08-21 17:16:06.500000+00:00,combi,Sitting,Sitting
2024-08-21 17:17:06.500000+00:00,combi,Sitting,Sitting
2024-08-21 17:18:06.500000+00:00,combi,Sitting,Sitting
2024-08-21 17:19:06.500000+00:00,combi,Sitting,Sitting
2024-08-21 17:20:06.500000+00:00,combi,Sitting,Sitting
2024-08-21 17:21:06.500000+00:00,combi,Sitting,Sitting
2024-08-21 17:22:06.500000+00:00,combi,Sitting,Sitting
2024-08-21 17:23:06.500000+00:00,combi,Sitting,Sitting
2024-08-21 17:24:06.500000+00:00,combi,Sitting,Sitting
2024-08-21 17:25:06.500000+00:00,combi,Sitting,Sitting
2024-08-21 17:26:06.500000+00:00,combi,Sitting,Sitting
2024-08-21 17:27:06.500000+00:00,combi,Standing,Standing
2024-08-21 17:28:06.500000+00:00,combi,Sitting,Standing
2024-08-21 17:29:06.500000+00:00,combi,Sitting,Sitting
2024-08-21 17:30:06.500000+00:00,combi,Sitting,Sitting
2024-08-21 17:31:06.500000+00:00,combi,Sitting,Sitting
2024-08-21 17:32:06.500000+00:00,combi,Sitting,Sitting
2024-08-21 17:33:06.500000+00:00,combi,Sitting,Sitting
2024-08-21 17:34:06.500000+00:00,combi,Sitting,Sitting
2024-08-21 17:35:06.500000+00:00,combi,Sitting,Sitting
2024-08-21 17:36:06.500000+00:00,combi,Sitting,Sitting
2024-08-21 17:37:06.500000+00:00,combi,Sitting,Sitting
2024-08-21 17:38:06.500000+00:00,combi,Sitting,Sitting
2024-08-21 17:39:06.500000+00:00,combi,Sitting,Sitting
2024-08-21 17:40:06.500000+00:00,combi,Sitting,Sitting
2024-08-21 17:41:06.500000+00:00,combi,Sitting,Sitting
2024-08-21 17:42:06.500000+00:00,combi,Sitting,Sitting
2024-08-21 17:43:06.500000+00:00,combi,Sitting,Sitting
2024-08-21 17:44:06.500000+00:00,combi,Sitting,Sitting
2024-08-21 17:45:06.500000+00:00,combi,Sitting,Sitting
2024-08-21 17:46:06.500000+00:00,combi,Sitting,Sitting
2024-08-21 17:47:06.500000+00:00,combi,Standing,Standing
2024-08-21 17:48:06.500000+00:00,combi,Sitting,Sitting
2024-08-21 17:49:06.500000+00:00,combi,Sitting,Sitting
2024-08-21 17:50:06.500000+00:00,combi,Sitting,Sitting
2024-08-21 17:51:06.500000+00:00,combi,Sitting,Sitting
2024-08-21 17:52:06.500000+00:00,combi,Sitting,Sitting
2024-08-21 17:53:06.500000+00:00,combi,Sitting,Sitting
2024-08-21 17:54:06.500000+00:00,combi,Sitting,Sitting
2024-08-21 17:55:06.500000+00:00,combi,Sitting,Sitting
2024-08-21 17:56:06.500000+00:00,combi,Sitting,Sitting
2024-08-21 17:57:06.500000+00:00,combi,Sitting,Sitting
2024-08-21 17:58:06.500000+00:00,combi,Sitting,Sitting
2024-08-21 17:59:06.500000+00:00,combi,Sitting,Sitting
2024-08-21 18:00:06.500000+00:00,combi,Sitting,Sitting
2024-08-21 18:01:06.500000+00:00,combi,Sitting,Sitting
2024-08-21 18:02:06.500000+00:00,combi,Sitting,Sitting
2024-08-21 18:03:06.500000+00:00,combi,Standing,Standing
2024-08-21 18:04:06.500000+00:00,combi,Sitting,Sitting
2024-08-21 18:05:06.500000+00:00,combi,Sitting,Sitting
2024-08-21 18:06:06.500000+00:00,combi,Sitting,Sitting
2024-08-21 18:07:06.500000+00:00,combi,Sitting,Sitting
2024-08-21 18:08:06.500000+00:00,combi,Sitting,Sitting
2024-08-21 18:09:06.500000+00:00,combi,Sitting,Sitting
2024-08-21 18:10:06.500000+00:00,combi,Sitting,Sitting
2024-08-21 18:11:06.500000+00:00,combi,Sitting,Sitting
2024-08-21 18:12:06.500000+00:00,combi,Sitting,Sitting
2024-08-21 18:13:06.500000+00:00,combi,Sitting,Sitting
2024-08-21 18:14:06.500000+00:00,combi,Sitting,Sitting
2024-08-21 18:15:06.500000+00:00,combi,Sitting,Sitting
2024-08-21 18:16:06.500000+00:00,combi,Sitting,Sitting
2024-08-21 18:17:06.500000+00:00,combi,Sitting,Sitting
2024-08-21 18:18:06.500000+00:00,combi,Sitting,Sitting
2024-08-21 18:19:06.500000+00:00,combi,Sitting,Sitting
2024-08-21 18:20:06.500000+00:00,combi,Sitting,Sitting
2024-08-21 18:21:06.500000+00:00,combi,Sitting,Sitting
2024-08-21 18:22:06.500000+00:00,combi,Sitting,Sitting
2024-08-21 18:23:06.500000+00:00,combi,Sitting,Sitting
2024-08-21 18:24:06.500000+00:00,combi,Sitting,Sitting
2024-08-21 18:25:06.500000+00:00,combi,Standing,Dynamic
2024-08-21 18:26:06.500000+00:00,combi,Standing,Dynamic
2024-08-21 18:27:06.500000+00:00,combi,Sitting,Sitting
2024-08-21 18:28:06.500000+00:00,combi,Sitting,Sitting
2024-08-21 18:29:06.500000+00:00,combi,Sitting,Sitting
2024-08-21 18:30:06.500000+00:00,combi,Standing,Standing
2024-08-21 18:31:06.500000+00:00,combi,Sitting,Sitting
2024-08-21 18:32:06.500000+00:00,combi,Sitting,Sitting
2024-08-21 18:33:06.500000+00:00,combi,Sitting,Sitting
2024-08-21 18:34:06.500000+00:00,combi,Sitting,Sitting
2024-08-21 18:35:06.500000+00:00,combi,Sitting,Sitting
2024-08-21 18:36:06.500000+00:00,combi,Sitting,Sitting
2024-08-21 18:37:06.500000+00:00,combi,Sitting,Sitting
2024-08-21 18:38:06.500000+00:00,combi,Sitting,Sitting
2024-08-21 18:39:06.500000+00:00,combi,Sitting,Sitting
2024-08-21 18:40:06.500000+00:00,combi,Standing,Standing
2024-08-21 18:41:06.500000+00:00,combi,Standing,Dynamic
2024-08-21 18:42:06.500000+00:00,combi,Standing,Dynamic
2024-08-21 18:43:06.500000+00:00,combi,Standing,Dynamic
2024-08-21 18:44:06.500000+00:00,combi,Standing,Standing
2024-08-21 18:45:06.500000+00:00,combi,Lying,Dynamic
2024-08-21 18:46:06.500000+00:00,combi,Lying,Dynamic
2024-08-21 18:47:06.500000+00:00,combi,Lying,Dynamic
2024-08-21 18:48:06.500000+00:00,combi,Lying,Dynamic
2024-08-21 18:49:06.500000+00:00,combi,Standing,Dynamic
2024-08-21 18:50:06.500000+00:00,combi,Standing,Dynamic
2024-08-21 18:51:06.500000+00:00,combi,Standing,Dynamic
2024-08-21 18:52:06.500000+00:00,combi,Standing,Dynamic
2024-08-21 18:53:06.500000+00:00,combi,Standing,Dynamic
2024-08-21 18:54:06.500000+00:00,combi,Standing,Dynamic
2024-08-21 18:55:06.500000+00:00,combi,Standing,Dynamic
2024-08-21 18:56:06.500000+00:00,combi,Lying,Dynamic
2024-08-21 18:57:06.500000+00:00,combi,Lying,Dynamic
2024-08-21 18:58:06.500000+00:00,combi,Lying,Dynamic
2024-08-21 18:59:06.500000+00:00,combi,Standing,Dynamic
2024-08-21 19:00:06.500000+00:00,combi,Standing,Dynamic
2024-08-21 19:01:06.500000+00:00,combi,Standing,Dynamic
2024-08-21 19:02:06.500000+00:00,combi,Standing,Standing
2024-08-21 19:03:06.500000+00:00,combi,Standing,Dynamic
2024-08-21 19:04:06.500000+00:00,combi,Standing,Dynamic
2024-08-21 19:05:06.500000+00:00,combi,Standing,Dynamic
2024-08-21 19:06:06.500000+00:00,combi,Sitting,Sitting
2024-08-21 19:07:06.500000+00:00,combi,Sitting,Sitting
2024-08-21 19:08:06.500000+00:00,combi,Sitting,Sitting
2024-08-21 19:09:06.500000+00:00,combi,Standing,Sitting
2024-08-21 19:10:06.500000+00:00,combi,Standing,Dynamic
2024-08-21 19:11:06.500000+00:00,combi,Standing,Standing
2024-08-21 19:12:06.500000+00:00,combi,Standing,Dynamic
2024-08-21 19:13:06.500000+00:00,combi,Standing,Standing
2024-08-21 19:14:06.500000+00:00,combi,Standing,Standing
2024-08-21 19:15:06.500000+00:00,combi,Standing,Standing
2024-08-21 19:16:06.500000+00:00,combi,Standing,Dynamic
2024-08-21 19:17:06.500000+00:00,combi,Standing,Standing
2024-08-21 19:18:06.500000+00:00,combi,Standing,Standing
2024-08-21 19:19:06.500000+00:00,combi,Standing,Standing
2024-08-21 19:20:06.500000+00:00,combi,Standing,Standing
2024-08-21 19:21:06.500000+00:00,combi,Standing,Standing
2024-08-21 19:22:06.500000+00:00,combi,Standing,Standing
2024-08-21 19:23:06.500000+00:00,combi,Standing,Standing
2024-08-21 19:24:06.500000+00:00,combi,Standing,Dynamic
2024-08-21 19:25:06.500000+00:00,combi,Standing,Standing
2024-08-21 19:26:06.500000+00:00,combi,Sitting,Sitting
2024-08-21 19:27:06.500000+00:00,combi,Sitting,Sitting
2024-08-21 19:28:06.500000+00:00,combi,Sitting,Sitting
2024-08-21 19:29:06.500000+00:00,combi,Sitting,Sitting
2024-08-21 19:30:06.500000+00:00,combi,Standing,Dynamic
2024-08-21 19:31:06.500000+00:00,combi,Standing,Dynamic
2024-08-21 19:32:06.500000+00:00,combi,Standing,Standing
2024-08-21 19:33:06.500000+00:00,combi,Sitting,Sitting
2024-08-21 19:34:06.500000+00:00,combi,Sitting,Sitting
2024-08-21 19:35:06.500000+00:00,combi,Sitting,Sitting
2024-08-21 19:36:06.500000+00:00,combi,Sitting,Sitting
2024-08-21 19:37:06.500000+00:00,combi,Sitting,Sitting
2024-08-21 19:38:06.500000+00:00,combi,Sitting,Sitting
2024-08-21 19:39:06.500000+00:00,combi,Sitting,Sitting
2024-08-21 19:40:06.500000+00:00,combi,Sitting,Sitting
2024-08-21 19:41:06.500000+00:00,combi,Sitting,Sitting
2024-08-21 19:42:06.500000+00:00,combi,Sitting,Sitting
2024-08-21 19:43:06.500000+00:00,combi,Sitting,Sitting
2024-08-21 19:44:06.500000+00:00,combi,Sitting,Sitting
2024-08-21 19:45:06.500000+00:00,combi,Sitting,Sitting
2024-08-21 19:46:06.500000+00:00,combi,Sitting,Sitting
2024-08-21 19:47:06.500000+00:00,combi,Sitting,Sitting
2024-08-21 19:48:06.500000+00:00,combi,Sitting,Sitting
2024-08-21 19:49:06.500000+00:00,combi,Sitting,Sitting
2024-08-21 19:50:06.500000+00:00,combi,Sitting,Sitting
2024-08-21 19:51:06.500000+00:00,combi,Sitting,Lying
2024-08-21 19:52:06.500000+00:00,combi,Sitting,Sitting
2024-08-21 19:53:06.500000+00:00,combi,Sitting,Sitting
2024-08-21 19:54:06.500000+00:00,combi,Standing,Standing
2024-08-21 19:55:06.500000+00:00,combi,Sitting,Sitting
2024-08-21 19:56:06.500000+00:00,combi,Sitting,Sitting
2024-08-21 19:57:06.500000+00:00,combi,Standing,Dynamic
2024-08-21 19:58:06.500000+00:00,combi,Standing,Standing
2024-08-21 19:59:06.500000+00:00,combi,Standing,Standing
2024-08-21 20:00:06.500000+00:00,combi,Standing,Standing
2024-08-21 20:01:06.500000+00:00,combi,Lying,Dynamic
2024-08-21 20:02:06.500000+00:00,combi,Lying,Lying
2024-08-21 20:03:06.500000+00:00,combi,Lying,Lying
2024-08-21 20:04:06.500000+00:00,combi,Lying,Lying
2024-08-21 20:05:06.500000+00:00,combi,Lying,Sitting
2024-08-21 20:06:06.500000+00:00,combi,Lying,Lying
2024-08-21 20:07:06.500000+00:00,combi,Lying,Lying
2024-08-21 20:08:06.500000+00:00,combi,Lying,Lying
2024-08-21 20:09:06.500000+00:00,combi,Lying,Lying
2024-08-21 20:10:06.500000+00:00,combi,Lying,Lying
2024-08-21 20:11:06.500000+00:00,combi,Lying,Lying
2024-08-21 20:12:06.500000+00:00,combi,Lying,Lying
2024-08-21 20:13:06.500000+00:00,combi,Lying,Lying
2024-08-21 20:14:06.500000+00:00,combi,Lying,Lying
2024-08-21 20:15:06.500000+00:00,combi,Lying,Lying
2024-08-21 20:16:06.500000+00:00,combi,Sitting,Sitting
2024-08-21 20:17:06.500000+00:00,combi,Lying,Lying
2024-08-21 20:18:06.500000+00:00,combi,Lying,Lying
2024-08-21 20:19:06.500000+00:00,combi,Lying,Lying
2024-08-21 20:20:06.500000+00:00,combi,Lying,Lying
2024-08-21 20:21:06.500000+00:00,combi,Lying,Lying
2024-08-21 20:22:06.500000+00:00,combi,Lying,Lying
2024-08-21 20:23:06.500000+00:00,combi,Lying,Lying
2024-08-21 20:24:06.500000+00:00,combi,Lying,Lying
2024-08-21 20:25:06.500000+00:00,combi,Lying,Lying
2024-08-21 20:26:06.500000+00:00,combi,Lying,Lying
2024-08-21 20:27:06.500000+00:00,combi,Lying,Lying
2024-08-21 20:28:06.500000+00:00,combi,Lying,Lying
2024-08-21 20:29:06.500000+00:00,combi,Lying,Lying
2024-08-21 20:30:06.500000+00:00,combi,Lying,Lying
2024-08-21 20:31:06.500000+00:00,combi,Lying,Lying
2024-08-21 20:32:06.500000+00:00,combi,Standing,Dynamic
2024-08-21 20:33:06.500000+00:00,combi,Lying,Dynamic
2024-08-21 20:34:06.500000+00:00,combi,Lying,Lying
2024-08-21 20:35:06.500000+00:00,combi,Lying,Lying
2024-08-21 20:36:06.500000+00:00,combi,Lying,Lying
2024-08-21 20:37:06.500000+00:00,combi,Lying,Lying
2024-08-21 20:38:06.500000+00:00,combi,Lying,Lying
2024-08-21 20:39:06.500000+00:00,combi,Lying,Lying
2024-08-21 20:40:06.500000+00:00,combi,Lying,Lying
2024-08-21 20:41:06.500000+00:00,combi,Lying,Lying
2024-08-21 20:42:06.500000+00:00,combi,Lying,Lying
2024-08-21 20:43:06.500000+00:00,combi,Lying,Lying
2024-08-21 20:44:06.500000+00:00,combi,Lying,Lying
2024-08-21 20:45:06.500000+00:00,combi,Lying,Lying
2024-08-21 20:46:06.500000+00:00,combi,Lying,Lying
2024-08-21 20:47:06.500000+00:00,combi,Lying,Lying
2024-08-21 20:48:06.500000+00:00,combi,Lying,Lying
2024-08-21 20:49:06.500000+00:00,combi,Lying,Lying
2024-08-21 20:50:06.500000+00:00,combi,Lying,Lying
