Time,Participant,Majority_postures,Majority_including_dynamic
2024-09-20 04:41:29.500000+00:00,combi,Sitting,Sitting
2024-09-20 04:42:29.500000+00:00,combi,Sitting,Sitting
2024-09-20 04:43:29.500000+00:00,combi,Sitting,Sitting
2024-09-20 04:44:29.500000+00:00,combi,Sitting,Sitting
2024-09-20 04:45:29.500000+00:00,combi,Sitting,Sitting
2024-09-20 04:46:29.500000+00:00,combi,Sitting,Sitting
2024-09-20 04:47:29.500000+00:00,combi,Sitting,Sitting
2024-09-20 04:48:29.500000+00:00,combi,Sitting,Sitting
2024-09-20 04:49:29.500000+00:00,combi,Sitting,Sitting
2024-09-20 04:50:29.500000+00:00,combi,Sitting,Sitting
2024-09-20 04:51:29.500000+00:00,combi,Sitting,Sitting
2024-09-20 04:52:29.500000+00:00,combi,Sitting,Sitting
2024-09-20 04:53:29.500000+00:00,combi,Sitting,Sitting
2024-09-20 04:54:29.500000+00:00,combi,Sitting,Sitting
2024-09-20 04:55:29.500000+00:00,combi,Sitting,Sitting
2024-09-20 04:56:29.500000+00:00,combi,Sitting,Sitting
2024-09-20 04:57:29.500000+00:00,combi,Sitting,Sitting
2024-09-20 04:58:29.500000+00:00,combi,Sitting,Sitting
2024-09-20 04:59:29.500000+00:00,combi,Sitting,Sitting
2024-09-20 05:00:29.500000+00:00,combi,Sitting,Sitting
2024-09-20 05:01:29.500000+00:00,combi,Sitting,Sitting
2024-09-20 05:02:29.500000+00:00,combi,Sitting,Sitting
2024-09-20 05:03:29.500000+00:00,combi,Sitting,Sitting
2024-09-20 05:04:29.500000+00:00,combi,Sitting,Sitting
2024-09-20 05:05:29.500000+00:00,combi,Sitting,Sitting
2024-09-20 05:06:29.500000+00:00,combi,Sitting,Sitting
2024-09-20 05:07:29.500000+00:00,combi,Sitting,Sitting
2024-09-20 05:08:29.500000+00:00,combi,Sitting,Sitting
2024-09-20 05:09:29.500000+00:00,combi,Sitting,Sitting
2024-09-20 05:10:29.500000+00:00,combi,Sitting,Sitting
2024-09-20 05:11:29.500000+00:00,combi,Sitting,Sitting
2024-09-20 05:12:29.500000+00:00,combi,Lying,Lying
2024-09-20 05:13:29.500000+00:00,combi,Lying,Lying
2024-09-20 05:14:29.500000+00:00,combi,Lying,Lying
2024-09-20 05:15:29.500000+00:00,combi,Lying,Lying
2024-09-20 05:16:29.500000+00:00,combi,Lying,Lying
2024-09-20 05:17:29.500000+00:00,combi,Lying,Lying
2024-09-20 05:18:29.500000+00:00,combi,Lying,Lying
2024-09-20 05:19:29.500000+00:00,combi,Lying,Lying
2024-09-20 05:20:29.500000+00:00,combi,Lying,Lying
2024-09-20 05:21:29.500000+00:00,combi,Lying,Lying
2024-09-20 05:22:29.500000+00:00,combi,Lying,Lying
2024-09-20 05:23:29.500000+00:00,combi,Lying,Lying
2024-09-20 05:24:29.500000+00:00,combi,Lying,Lying
2024-09-20 05:25:29.500000+00:00,combi,Lying,Lying
2024-09-20 05:26:29.500000+00:00,combi,Lying,Lying
2024-09-20 05:27:29.500000+00:00,combi,Lying,Lying
2024-09-20 05:28:29.500000+00:00,combi,Lying,Lying
2024-09-20 05:29:29.500000+00:00,combi,Lying,Lying
2024-09-20 05:30:29.500000+00:00,combi,Lying,Lying
2024-09-20 05:31:29.500000+00:00,combi,Lying,Lying
2024-09-20 05:32:29.500000+00:00,combi,Lying,Lying
2024-09-20 05:33:29.500000+00:00,combi,Lying,Lying
2024-09-20 05:34:29.500000+00:00,combi,Lying,Lying
2024-09-20 05:35:29.500000+00:00,combi,Lying,Lying
2024-09-20 05:36:29.500000+00:00,combi,Lying,Lying
2024-09-20 05:37:29.500000+00:00,combi,Lying,Lying
2024-09-20 05:38:29.500000+00:00,combi,Lying,Lying
2024-09-20 05:39:29.500000+00:00,combi,Lying,Lying
2024-09-20 05:40:29.500000+00:00,combi,Lying,Lying
2024-09-20 05:41:29.500000+00:00,combi,Lying,Lying
2024-09-20 05:42:29.500000+00:00,combi,Lying,Lying
2024-09-20 05:43:29.500000+00:00,combi,Lying,Lying
2024-09-20 05:44:29.500000+00:00,combi,Lying,Lying
2024-09-20 05:45:29.500000+00:00,combi,Lying,Lying
2024-09-20 05:46:29.500000+00:00,combi,Lying,Lying
2024-09-20 05:47:29.500000+00:00,combi,Sitting,Sitting
2024-09-20 05:48:29.500000+00:00,combi,Sitting,Sitting
2024-09-20 05:49:29.500000+00:00,combi,Sitting,Sitting
2024-09-20 05:50:29.500000+00:00,combi,Sitting,Sitting
2024-09-20 05:51:29.500000+00:00,combi,Sitting,Sitting
2024-09-20 05:52:29.500000+00:00,combi,Sitting,Sitting
2024-09-20 05:53:29.500000+00:00,combi,Lying,Lying
2024-09-20 05:54:29.500000+00:00,combi,Lying,Lying
2024-09-20 05:55:29.500000+00:00,combi,Lying,Lying
2024-09-20 05:56:29.500000+00:00,combi,Lying,Lying
2024-09-20 05:57:29.500000+00:00,combi,Lying,Lying
2024-09-20 05:58:29.500000+00:00,combi,Lying,Lying
2024-09-20 05:59:29.500000+00:00,combi,Lying,Lying
2024-09-20 06:00:29.500000+00:00,combi,Lying,Lying
2024-09-20 06:01:29.500000+00:00,combi,Lying,Lying
2024-09-20 06:02:29.500000+00:00,combi,Lying,Lying
2024-09-20 06:03:29.500000+00:00,combi,Lying,Lying
2024-09-20 06:04:29.500000+00:00,combi,Lying,Lying
2024-09-20 06:05:29.500000+00:00,combi,Lying,Lying
2024-09-20 06:06:29.500000+00:00,combi,Lying,Lying
2024-09-20 06:07:29.500000+00:00,combi,Lying,Lying
2024-09-20 06:08:29.500000+00:00,combi,Lying,Lying
2024-09-20 06:09:29.500000+00:00,combi,Lying,Lying
2024-09-20 06:10:29.500000+00:00,combi,Lying,Lying
2024-09-20 06:11:29.500000+00:00,combi,Lying,Lying
2024-09-20 06:12:29.500000+00:00,combi,Lying,Lying
2024-09-20 06:13:29.500000+00:00,combi,Lying,Lying
2024-09-20 06:14:29.500000+00:00,combi,Lying,Lying
2024-09-20 06:15:29.500000+00:00,combi,Lying,Lying
2024-09-20 06:16:29.500000+00:00,combi,Lying,Lying
2024-09-20 06:17:29.500000+00:00,combi,Lying,Lying
2024-09-20 06:18:29.500000+00:00,combi,Lying,Lying
2024-09-20 06:19:29.500000+00:00,combi,Lying,Lying
2024-09-20 06:20:29.500000+00:00,combi,Sitting,Sitting
2024-09-20 06:21:29.500000+00:00,combi,Sitting,Sitting
2024-09-20 06:22:29.500000+00:00,combi,Lying,Sitting
2024-09-20 06:23:29.500000+00:00,combi,Sitting,Sitting
2024-09-20 06:24:29.500000+00:00,combi,Sitting,Sitting
2024-09-20 06:25:29.500000+00:00,combi,Sitting,Sitting
2024-09-20 06:26:29.500000+00:00,combi,Sitting,Sitting
2024-09-20 06:27:29.500000+00:00,combi,Lying,Lying
2024-09-20 06:28:29.500000+00:00,combi,Lying,Lying
2024-09-20 06:29:29.500000+00:00,combi,Lying,Lying
2024-09-20 06:30:29.500000+00:00,combi,Lying,Lying
2024-09-20 06:31:29.500000+00:00,combi,Lying,Lying
2024-09-20 06:32:29.500000+00:00,combi,Lying,Lying
2024-09-20 06:33:29.500000+00:00,combi,Lying,Lying
2024-09-20 06:34:29.500000+00:00,combi,Lying,Lying
2024-09-20 06:35:29.500000+00:00,combi,Lying,Lying
2024-09-20 06:36:29.500000+00:00,combi,Lying,Lying
2024-09-20 06:37:29.500000+00:00,combi,Lying,Lying
2024-09-20 06:38:29.500000+00:00,combi,Lying,Lying
2024-09-20 06:39:29.500000+00:00,combi,Lying,Lying
2024-09-20 06:40:29.500000+00:00,combi,Lying,Lying
2024-09-20 06:41:29.500000+00:00,combi,Lying,Lying
2024-09-20 06:42:29.500000+00:00,combi,Lying,Lying
2024-09-20 06:43:29.500000+00:00,combi,Lying,Lying
2024-09-20 06:44:29.500000+00:00,combi,Lying,Lying
2024-09-20 06:45:29.500000+00:00,combi,Lying,Lying
2024-09-20 06:46:29.500000+00:00,combi,Lying,Lying
2024-09-20 06:47:29.500000+00:00,combi,Lying,Lying
2024-09-20 06:48:29.500000+00:00,combi,Lying,Lying
2024-09-20 06:49:29.500000+00:00,combi,Lying,Lying
2024-09-20 06:50:29.500000+00:00,combi,Lying,Lying
2024-09-20 06:51:29.500000+00:00,combi,Sitting,Sitting
2024-09-20 06:52:29.500000+00:00,combi,Sitting,Sitting
2024-09-20 06:53:29.500000+00:00,combi,Sitting,Sitting
2024-09-20 06:54:29.500000+00:00,combi,Sitting,Sitting
2024-09-20 06:55:29.500000+00:00,combi,Sitting,Sitting
2024-09-20 06:56:29.500000+00:00,combi,Sitting,Sitting
2024-09-20 06:57:29.500000+00:00,combi,Sitting,Sitting
2024-09-20 06:58:29.500000+00:00,combi,Sitting,Sitting
2024-09-20 06:59:29.500000+00:00,combi,Sitting,Sitting
2024-09-20 07:00:29.500000+00:00,combi,Sitting,Sitting
2024-09-20 07:01:29.500000+00:00,combi,Sitting,Sitting
2024-09-20 07:02:29.500000+00:00,combi,Sitting,Sitting
2024-09-20 07:03:29.500000+00:00,combi,Sitting,Sitting
2024-09-20 07:04:29.500000+00:00,combi,Sitting,Sitting
2024-09-20 07:05:29.500000+00:00,combi,Sitting,Sitting
2024-09-20 07:06:29.500000+00:00,combi,Sitting,Sitting
2024-09-20 07:07:29.500000+00:00,combi,Sitting,Sitting
2024-09-20 07:08:29.500000+00:00,combi,Sitting,Sitting
2024-09-20 07:09:29.500000+00:00,combi,Sitting,Sitting
2024-09-20 07:10:29.500000+00:00,combi,Sitting,Sitting
2024-09-20 07:11:29.500000+00:00,combi,Sitting,Sitting
2024-09-20 07:12:29.500000+00:00,combi,Sitting,Sitting
2024-09-20 07:13:29.500000+00:00,combi,Sitting,Sitting
2024-09-20 07:14:29.500000+00:00,combi,Sitting,Sitting
2024-09-20 07:15:29.500000+00:00,combi,Sitting,Sitting
2024-09-20 07:16:29.500000+00:00,combi,Sitting,Sitting
2024-09-20 07:17:29.500000+00:00,combi,Sitting,Sitting
2024-09-20 07:18:29.500000+00:00,combi,Lying,Lying
2024-09-20 07:19:29.500000+00:00,combi,Lying,Lying
2024-09-20 07:20:29.500000+00:00,combi,Lying,Lying
2024-09-20 07:21:29.500000+00:00,combi,Lying,Lying
2024-09-20 07:22:29.500000+00:00,combi,Lying,Lying
2024-09-20 07:23:29.500000+00:00,combi,Lying,Lying
2024-09-20 07:24:29.500000+00:00,combi,Lying,Lying
2024-09-20 07:25:29.500000+00:00,combi,Sitting,Sitting
2024-09-20 07:26:29.500000+00:00,combi,Sitting,Sitting
2024-09-20 07:27:29.500000+00:00,combi,Sitting,Sitting
2024-09-20 07:28:29.500000+00:00,combi,Sitting,Sitting
2024-09-20 07:29:29.500000+00:00,combi,Sitting,Sitting
2024-09-20 07:30:29.500000+00:00,combi,Sitting,Sitting
2024-09-20 07:31:29.500000+00:00,combi,Lying,Lying
2024-09-20 07:32:29.500000+00:00,combi,Lying,Lying
2024-09-20 07:33:29.500000+00:00,combi,Lying,Lying
2024-09-20 07:34:29.500000+00:00,combi,Lying,Lying
2024-09-20 07:35:29.500000+00:00,combi,Lying,Lying
2024-09-20 07:36:29.500000+00:00,combi,Lying,Lying
2024-09-20 07:37:29.500000+00:00,combi,Lying,Lying
2024-09-20 07:38:29.500000+00:00,combi,Lying,Lying
2024-09-20 07:39:29.500000+00:00,combi,Lying,Lying
2024-09-20 07:40:29.500000+00:00,combi,Sitting,Sitting
2024-09-20 07:41:29.500000+00:00,combi,Sitting,Sitting
2024-09-20 07:42:29.500000+00:00,combi,Sitting,Sitting
2024-09-20 07:43:29.500000+00:00,combi,Sitting,Sitting
2024-09-20 07:44:29.500000+00:00,combi,Sitting,Sitting
2024-09-20 07:45:29.500000+00:00,combi,Sitting,Sitting
2024-09-20 07:46:29.500000+00:00,combi,Sitting,Sitting
2024-09-20 07:47:29.500000+00:00,combi,Sitting,Sitting
2024-09-20 07:48:29.500000+00:00,combi,Lying,Lying
2024-09-20 07:49:29.500000+00:00,combi,Lying,Lying
2024-09-20 07:50:29.500000+00:00,combi,Lying,Lying
2024-09-20 07:51:29.500000+00:00,combi,Lying,Lying
2024-09-20 07:52:29.500000+00:00,combi,Lying,Lying
2024-09-20 07:53:29.500000+00:00,combi,Lying,Lying
2024-09-20 07:54:29.500000+00:00,combi,Lying,Lying
2024-09-20 07:55:29.500000+00:00,combi,Lying,Lying
2024-09-20 07:56:29.500000+00:00,combi,Lying,Lying
2024-09-20 07:57:29.500000+00:00,combi,Lying,Lying
2024-09-20 07:58:29.500000+00:00,combi,Lying,Lying
2024-09-20 07:59:29.500000+00:00,combi,Lying,Lying
2024-09-20 08:00:29.500000+00:00,combi,Lying,Lying
2024-09-20 08:01:29.500000+00:00,combi,Lying,Lying
2024-09-20 08:02:29.500000+00:00,combi,Lying,Lying
2024-09-20 08:03:29.500000+00:00,combi,Lying,Lying
2024-09-20 08:04:29.500000+00:00,combi,Lying,Lying
2024-09-20 08:05:29.500000+00:00,combi,Lying,Lying
2024-09-20 08:06:29.500000+00:00,combi,Lying,Lying
2024-09-20 08:07:29.500000+00:00,combi,Lying,Lying
2024-09-20 08:08:29.500000+00:00,combi,Lying,Lying
2024-09-20 08:09:29.500000+00:00,combi,Lying,Lying
2024-09-20 08:10:29.500000+00:00,combi,Lying,Lying
2024-09-20 08:11:29.500000+00:00,combi,Lying,Lying
2024-09-20 08:12:29.500000+00:00,combi,Lying,Lying
2024-09-20 08:13:29.500000+00:00,combi,Lying,Lying
2024-09-20 08:14:29.500000+00:00,combi,Lying,Lying
2024-09-20 08:15:29.500000+00:00,combi,Standing,Dynamic
2024-09-20 08:16:29.500000+00:00,combi,Sitting,Sitting
2024-09-20 08:17:29.500000+00:00,combi,Sitting,Sitting
2024-09-20 08:18:29.500000+00:00,combi,Sitting,Sitting
2024-09-20 08:19:29.500000+00:00,combi,Sitting,Sitting
2024-09-20 08:20:29.500000+00:00,combi,Sitting,Sitting
2024-09-20 08:21:29.500000+00:00,combi,Sitting,Sitting
2024-09-20 08:22:29.500000+00:00,combi,Sitting,Sitting
2024-09-20 08:23:29.500000+00:00,combi,Sitting,Sitting
2024-09-20 08:24:29.500000+00:00,combi,Sitting,Sitting
2024-09-20 08:25:29.500000+00:00,combi,Sitting,Sitting
2024-09-20 08:26:29.500000+00:00,combi,Sitting,Sitting
2024-09-20 08:27:29.500000+00:00,combi,Sitting,Sitting
2024-09-20 08:28:29.500000+00:00,combi,Sitting,Dynamic
2024-09-20 08:29:29.500000+00:00,combi,Standing,Dynamic
2024-09-20 08:30:29.500000+00:00,combi,Sitting,Sitting
2024-09-20 08:31:29.500000+00:00,combi,Sitting,Dynamic
2024-09-20 08:32:29.500000+00:00,combi,Lying,Dynamic
2024-09-20 08:33:29.500000+00:00,combi,Standing,Standing
2024-09-20 08:34:29.500000+00:00,combi,Standing,Dynamic
2024-09-20 08:35:29.500000+00:00,combi,Sitting,Dynamic
2024-09-20 08:36:29.500000+00:00,combi,Standing,Dynamic
2024-09-20 08:37:29.500000+00:00,combi,Standing,Dynamic
2024-09-20 08:38:29.500000+00:00,combi,Standing,Dynamic
2024-09-20 08:39:29.500000+00:00,combi,Standing,Dynamic
2024-09-20 08:40:29.500000+00:00,combi,Standing,Dynamic
2024-09-20 08:41:29.500000+00:00,combi,Lying,Dynamic
2024-09-20 08:42:29.500000+00:00,combi,Lying,Dynamic
2024-09-20 08:43:29.500000+00:00,combi,Lying,Dynamic
2024-09-20 08:44:29.500000+00:00,combi,Standing,Dynamic
2024-09-20 08:45:29.500000+00:00,combi,Lying,Dynamic
2024-09-20 08:46:29.500000+00:00,combi,Lying,Dynamic
2024-09-20 08:47:29.500000+00:00,combi,Lying,Dynamic
2024-09-20 08:48:29.500000+00:00,combi,Standing,Dynamic
2024-09-20 08:49:29.500000+00:00,combi,Sitting,Sitting
2024-09-20 08:50:29.500000+00:00,combi,Standing,Standing
2024-09-20 08:51:29.500000+00:00,combi,Standing,Standing
2024-09-20 08:52:29.500000+00:00,combi,Standing,Standing
2024-09-20 08:53:29.500000+00:00,combi,Standing,Standing
2024-09-20 08:54:29.500000+00:00,combi,Standing,Standing
2024-09-20 08:55:29.500000+00:00,combi,Standing,Standing
2024-09-20 08:56:29.500000+00:00,combi,Standing,Standing
2024-09-20 08:57:29.500000+00:00,combi,Standing,Dynamic
2024-09-20 08:58:29.500000+00:00,combi,Sitting,Sitting
2024-09-20 08:59:29.500000+00:00,combi,Sitting,Sitting
2024-09-20 09:00:29.500000+00:00,combi,Sitting,Sitting
2024-09-20 09:01:29.500000+00:00,combi,Sitting,Sitting
2024-09-20 09:02:29.500000+00:00,combi,Sitting,Sitting
2024-09-20 09:03:29.500000+00:00,combi,Standing,Dynamic
2024-09-20 09:04:29.500000+00:00,combi,Standing,Dynamic
2024-09-20 09:05:29.500000+00:00,combi,Standing,Dynamic
2024-09-20 09:06:29.500000+00:00,combi,Standing,Dynamic
2024-09-20 09:07:29.500000+00:00,combi,Standing,Dynamic
2024-09-20 09:08:29.500000+00:00,combi,Lying,Dynamic
2024-09-20 09:09:29.500000+00:00,combi,Lying,Dynamic
2024-09-20 09:10:29.500000+00:00,combi,Lying,Dynamic
2024-09-20 09:11:29.500000+00:00,combi,Lying,Dynamic
2024-09-20 09:12:29.500000+00:00,combi,Lying,Dynamic
2024-09-20 09:13:29.500000+00:00,combi,Lying,Dynamic
2024-09-20 09:14:29.500000+00:00,combi,Lying,Dynamic
2024-09-20 09:15:29.500000+00:00,combi,Lying,Dynamic
2024-09-20 09:16:29.500000+00:00,combi,Lying,Dynamic
2024-09-20 09:17:29.500000+00:00,combi,Lying,Dynamic
2024-09-20 09:18:29.500000+00:00,combi,Standing,Dynamic
2024-09-20 09:19:29.500000+00:00,combi,Sitting,Sitting
2024-09-20 09:20:29.500000+00:00,combi,Standing,Standing
2024-09-20 09:21:29.500000+00:00,combi,Standing,Standing
2024-09-20 09:22:29.500000+00:00,combi,Standing,Standing
2024-09-20 09:23:29.500000+00:00,combi,Standing,Standing
2024-09-20 09:24:29.500000+00:00,combi,Standing,Standing
2024-09-20 09:25:29.500000+00:00,combi,Lying,Dynamic
2024-09-20 09:26:29.500000+00:00,combi,Sitting,Sitting
2024-09-20 09:27:29.500000+00:00,combi,Sitting,Sitting
2024-09-20 09:28:29.500000+00:00,combi,Sitting,Sitting
2024-09-20 09:29:29.500000+00:00,combi,Sitting,Sitting
2024-09-20 09:30:29.500000+00:00,combi,Sitting,Sitting
2024-09-20 09:31:29.500000+00:00,combi,Sitting,Sitting
2024-09-20 09:32:29.500000+00:00,combi,Sitting,Sitting
2024-09-20 09:33:29.500000+00:00,combi,Sitting,Sitting
2024-09-20 09:34:29.500000+00:00,combi,Sitting,Sitting
2024-09-20 09:35:29.500000+00:00,combi,Sitting,Sitting
2024-09-20 09:36:29.500000+00:00,combi,Sitting,Sitting
2024-09-20 09:37:29.500000+00:00,combi,Sitting,Sitting
2024-09-20 09:38:29.500000+00:00,combi,Sitting,Sitting
2024-09-20 09:39:29.500000+00:00,combi,Sitting,Sitting
2024-09-20 09:40:29.500000+00:00,combi,Sitting,Sitting
2024-09-20 09:41:29.500000+00:00,combi,Sitting,Sitting
2024-09-20 09:42:29.500000+00:00,combi,Sitting,Sitting
2024-09-20 09:43:29.500000+00:00,combi,Sitting,Sitting
2024-09-20 09:44:29.500000+00:00,combi,Sitting,Sitting
2024-09-20 09:45:29.500000+00:00,combi,Sitting,Sitting
2024-09-20 09:46:29.500000+00:00,combi,Sitting,Sitting
2024-09-20 09:47:29.500000+00:00,combi,Sitting,Sitting
2024-09-20 09:48:29.500000+00:00,combi,Sitting,Sitting
2024-09-20 09:49:29.500000+00:00,combi,Sitting,Sitting
2024-09-20 09:50:29.500000+00:00,combi,Sitting,Dynamic
2024-09-20 09:51:29.500000+00:00,combi,Standing,Dynamic
2024-09-20 09:52:29.500000+00:00,combi,Standing,Dynamic
2024-09-20 09:53:29.500000+00:00,combi,Standing,Dynamic
2024-09-20 09:54:29.500000+00:00,combi,Standing,Dynamic
2024-09-20 09:55:29.500000+00:00,combi,Standing,Standing
2024-09-20 09:56:29.500000+00:00,combi,Standing,Standing
2024-09-20 09:57:29.500000+00:00,combi,Lying,Dynamic
2024-09-20 09:58:29.500000+00:00,combi,Lying,Dynamic
2024-09-20 09:59:29.500000+00:00,combi,Lying,Dynamic
2024-09-20 10:00:29.500000+00:00,combi,Lying,Dynamic
2024-09-20 10:01:29.500000+00:00,combi,Lying,Dynamic
2024-09-20 10:02:29.500000+00:00,combi,Lying,Dynamic
2024-09-20 10:03:29.500000+00:00,combi,Lying,Dynamic
2024-09-20 10:04:29.500000+00:00,combi,Lying,Dynamic
2024-09-20 10:05:29.500000+00:00,combi,Lying,Dynamic
2024-09-20 10:06:29.500000+00:00,combi,Standing,Dynamic
2024-09-20 10:07:29.500000+00:00,combi,Lying,Dynamic
2024-09-20 10:08:29.500000+00:00,combi,Lying,Dynamic
2024-09-20 10:09:29.500000+00:00,combi,Standing,Standing
2024-09-20 10:10:29.500000+00:00,combi,Standing,Standing
2024-09-20 10:11:29.500000+00:00,combi,Standing,Sitting
2024-09-20 10:12:29.500000+00:00,combi,Sitting,Sitting
2024-09-20 10:13:29.500000+00:00,combi,Sitting,Sitting
2024-09-20 10:14:29.500000+00:00,combi,Sitting,Sitting
2024-09-20 10:15:29.500000+00:00,combi,Sitting,Sitting
2024-09-20 10:16:29.500000+00:00,combi,Sitting,Sitting
2024-09-20 10:17:29.500000+00:00,combi,Sitting,Sitting
2024-09-20 10:18:29.500000+00:00,combi,Sitting,Sitting
2024-09-20 10:19:29.500000+00:00,combi,Sitting,Sitting
2024-09-20 10:20:29.500000+00:00,combi,Sitting,Sitting
2024-09-20 10:21:29.500000+00:00,combi,Sitting,Sitting
2024-09-20 10:22:29.500000+00:00,combi,Sitting,Sitting
2024-09-20 10:23:29.500000+00:00,combi,Sitting,Sitting
2024-09-20 10:24:29.500000+00:00,combi,Sitting,Sitting
2024-09-20 10:25:29.500000+00:00,combi,Sitting,Sitting
2024-09-20 10:26:29.500000+00:00,combi,Sitting,Sitting
2024-09-20 10:27:29.500000+00:00,combi,Sitting,Sitting
2024-09-20 10:28:29.500000+00:00,combi,Sitting,Sitting
2024-09-20 10:29:29.500000+00:00,combi,Sitting,Sitting
2024-09-20 10:30:29.500000+00:00,combi,Standing,Dynamic
2024-09-20 10:31:29.500000+00:00,combi,Standing,Dynamic
2024-09-20 10:32:29.500000+00:00,combi,Standing,Standing
2024-09-20 10:33:29.500000+00:00,combi,Standing,Standing
2024-09-20 10:34:29.500000+00:00,combi,Standing,Standing
2024-09-20 10:35:29.500000+00:00,combi,Standing,Standing
2024-09-20 10:36:29.500000+00:00,combi,Standing,Standing
2024-09-20 10:37:29.500000+00:00,combi,Sitting,Sitting
2024-09-20 10:38:29.500000+00:00,combi,Sitting,Sitting
2024-09-20 10:39:29.500000+00:00,combi,Sitting,Sitting
2024-09-20 10:40:29.500000+00:00,combi,Sitting,Sitting
2024-09-20 10:41:29.500000+00:00,combi,Sitting,Sitting
2024-09-20 10:42:29.500000+00:00,combi,Sitting,Sitting
2024-09-20 10:43:29.500000+00:00,combi,Sitting,Sitting
2024-09-20 10:44:29.500000+00:00,combi,Sitting,Sitting
2024-09-20 10:45:29.500000+00:00,combi,Sitting,Sitting
2024-09-20 10:46:29.500000+00:00,combi,Sitting,Sitting
2024-09-20 10:47:29.500000+00:00,combi,Sitting,Sitting
2024-09-20 10:48:29.500000+00:00,combi,Sitting,Sitting
2024-09-20 10:49:29.500000+00:00,combi,Sitting,Sitting
2024-09-20 10:50:29.500000+00:00,combi,Sitting,Sitting
2024-09-20 10:51:29.500000+00:00,combi,Sitting,Sitting
2024-09-20 10:52:29.500000+00:00,combi,Lying,Dynamic
2024-09-20 10:53:29.500000+00:00,combi,Lying,Dynamic
2024-09-20 10:54:29.500000+00:00,combi,Lying,Dynamic
2024-09-20 10:55:29.500000+00:00,combi,Lying,Dynamic
2024-09-20 10:56:29.500000+00:00,combi,Standing,Dynamic
2024-09-20 10:57:29.500000+00:00,combi,Lying,Dynamic
2024-09-20 10:58:29.500000+00:00,combi,Standing,Dynamic
2024-09-20 10:59:29.500000+00:00,combi,Standing,Dynamic
2024-09-20 11:00:29.500000+00:00,combi,Standing,Dynamic
2024-09-20 11:01:29.500000+00:00,combi,Standing,Dynamic
2024-09-20 11:02:29.500000+00:00,combi,Standing,Dynamic
2024-09-20 11:03:29.500000+00:00,combi,Sitting,Sitting
2024-09-20 11:04:29.500000+00:00,combi,Sitting,Sitting
2024-09-20 11:05:29.500000+00:00,combi,Sitting,Sitting
2024-09-20 11:06:29.500000+00:00,combi,Sitting,Sitting
2024-09-20 11:07:29.500000+00:00,combi,Sitting,Sitting
2024-09-20 11:08:29.500000+00:00,combi,Sitting,Sitting
2024-09-20 11:09:29.500000+00:00,combi,Sitting,Sitting
2024-09-20 11:10:29.500000+00:00,combi,Sitting,Sitting
2024-09-20 11:11:29.500000+00:00,combi,Sitting,Sitting
2024-09-20 11:12:29.500000+00:00,combi,Sitting,Sitting
2024-09-20 11:13:29.500000+00:00,combi,Sitting,Sitting
2024-09-20 11:14:29.500000+00:00,combi,Sitting,Sitting
2024-09-20 11:15:29.500000+00:00,combi,Sitting,Sitting
2024-09-20 11:16:29.500000+00:00,combi,Sitting,Sitting
2024-09-20 11:17:29.500000+00:00,combi,Sitting,Sitting
2024-09-20 11:18:29.500000+00:00,combi,Sitting,Sitting
2024-09-20 11:19:29.500000+00:00,combi,Sitting,Sitting
2024-09-20 11:20:29.500000+00:00,combi,Standing,Dynamic
2024-09-20 11:21:29.500000+00:00,combi,Standing,Dynamic
2024-09-20 11:22:29.500000+00:00,combi,Standing,Standing
2024-09-20 11:23:29.500000+00:00,combi,Sitting,Sitting
2024-09-20 11:24:29.500000+00:00,combi,Sitting,Sitting
2024-09-20 11:25:29.500000+00:00,combi,Sitting,Sitting
2024-09-20 11:26:29.500000+00:00,combi,Standing,Dynamic
2024-09-20 11:27:29.500000+00:00,combi,Sitting,Sitting
2024-09-20 11:28:29.500000+00:00,combi,Sitting,Sitting
2024-09-20 11:29:29.500000+00:00,combi,Standing,Dynamic
2024-09-20 11:30:29.500000+00:00,combi,Sitting,Sitting
2024-09-20 11:31:29.500000+00:00,combi,Sitting,Sitting
2024-09-20 11:32:29.500000+00:00,combi,Sitting,Sitting
2024-09-20 11:33:29.500000+00:00,combi,Sitting,Sitting
2024-09-20 11:34:29.500000+00:00,combi,Sitting,Sitting
2024-09-20 11:35:29.500000+00:00,combi,Sitting,Sitting
2024-09-20 11:36:29.500000+00:00,combi,Sitting,Sitting
2024-09-20 11:37:29.500000+00:00,combi,Standing,Sitting
2024-09-20 11:38:29.500000+00:00,combi,Standing,Dynamic
2024-09-20 11:39:29.500000+00:00,combi,Sitting,Sitting
2024-09-20 11:40:29.500000+00:00,combi,Sitting,Sitting
2024-09-20 11:41:29.500000+00:00,combi,Standing,Dynamic
2024-09-20 11:42:29.500000+00:00,combi,Sitting,Sitting
2024-09-20 11:43:29.500000+00:00,combi,Standing,Standing
2024-09-20 11:44:29.500000+00:00,combi,Standing,Standing
2024-09-20 11:45:29.500000+00:00,combi,Sitting,Dynamic
2024-09-20 11:46:29.500000+00:00,combi,Sitting,Dynamic
2024-09-20 11:47:29.500000+00:00,combi,Standing,Dynamic
2024-09-20 11:48:29.500000+00:00,combi,Standing,Standing
2024-09-20 11:49:29.500000+00:00,combi,Standing,Standing
2024-09-20 11:50:29.500000+00:00,combi,Standing,Dynamic
2024-09-20 11:51:29.500000+00:00,combi,Lying,Dynamic
2024-09-20 11:52:29.500000+00:00,combi,Standing,Dynamic
2024-09-20 11:53:29.500000+00:00,combi,Sitting,Dynamic
2024-09-20 11:54:29.500000+00:00,combi,Sitting,Sitting
2024-09-20 11:55:29.500000+00:00,combi,Sitting,Sitting
2024-09-20 11:56:29.500000+00:00,combi,Sitting,Sitting
2024-09-20 11:57:29.500000+00:00,combi,Sitting,Sitting
2024-09-20 11:58:29.500000+00:00,combi,Sitting,Sitting
2024-09-20 11:59:29.500000+00:00,combi,Sitting,Sitting
2024-09-20 12:00:29.500000+00:00,combi,Sitting,Sitting
2024-09-20 12:01:29.500000+00:00,combi,Sitting,Sitting
2024-09-20 12:02:29.500000+00:00,combi,Sitting,Sitting
2024-09-20 12:03:29.500000+00:00,combi,Sitting,Sitting
2024-09-20 12:04:29.500000+00:00,combi,Standing,Standing
2024-09-20 12:05:29.500000+00:00,combi,Standing,Sitting
2024-09-20 12:06:29.500000+00:00,combi,Standing,Dynamic
2024-09-20 12:07:29.500000+00:00,combi,Standing,Dynamic
2024-09-20 12:08:29.500000+00:00,combi,Sitting,Sitting
2024-09-20 12:09:29.500000+00:00,combi,Sitting,Sitting
2024-09-20 12:10:29.500000+00:00,combi,Standing,Dynamic
2024-09-20 12:11:29.500000+00:00,combi,Sitting,Sitting
2024-09-20 12:12:29.500000+00:00,combi,Sitting,Sitting
2024-09-20 12:13:29.500000+00:00,combi,Sitting,Sitting
2024-09-20 12:14:29.500000+00:00,combi,Sitting,Sitting
2024-09-20 12:15:29.500000+00:00,combi,Sitting,Sitting
2024-09-20 12:16:29.500000+00:00,combi,Lying,Dynamic
2024-09-20 12:17:29.500000+00:00,combi,Sitting,Dynamic
2024-09-20 12:18:29.500000+00:00,combi,Sitting,Dynamic
2024-09-20 12:19:29.500000+00:00,combi,Sitting,Dynamic
2024-09-20 12:20:29.500000+00:00,combi,Sitting,Dynamic
2024-09-20 12:21:29.500000+00:00,combi,Sitting,Dynamic
2024-09-20 12:22:29.500000+00:00,combi,Standing,Standing
2024-09-20 12:23:29.500000+00:00,combi,Standing,Standing
2024-09-20 12:24:29.500000+00:00,combi,Standing,Dynamic
2024-09-20 12:25:29.500000+00:00,combi,Standing,Dynamic
2024-09-20 12:26:29.500000+00:00,combi,Standing,Dynamic
2024-09-20 12:27:29.500000+00:00,combi,Standing,Dynamic
2024-09-20 12:28:29.500000+00:00,combi,Standing,Standing
2024-09-20 12:29:29.500000+00:00,combi,Standing,Dynamic
2024-09-20 12:30:29.500000+00:00,combi,Standing,Dynamic
2024-09-20 12:31:29.500000+00:00,combi,Standing,Dynamic
2024-09-20 12:32:29.500000+00:00,combi,Standing,Dynamic
2024-09-20 12:33:29.500000+00:00,combi,Sitting,Dynamic
2024-09-20 12:34:29.500000+00:00,combi,Standing,Dynamic
2024-09-20 12:35:29.500000+00:00,combi,Standing,Dynamic
2024-09-20 12:36:29.500000+00:00,combi,Standing,Dynamic
2024-09-20 12:37:29.500000+00:00,combi,Standing,Dynamic
2024-09-20 12:38:29.500000+00:00,combi,Standing,Dynamic
2024-09-20 12:39:29.500000+00:00,combi,Standing,Dynamic
2024-09-20 12:40:29.500000+00:00,combi,Standing,Dynamic
2024-09-20 12:41:29.500000+00:00,combi,Standing,Dynamic
2024-09-20 12:42:29.500000+00:00,combi,Standing,Dynamic
2024-09-20 12:43:29.500000+00:00,combi,Standing,Dynamic
2024-09-20 12:44:29.500000+00:00,combi,Standing,Dynamic
2024-09-20 12:45:29.500000+00:00,combi,Standing,Dynamic
2024-09-20 12:46:29.500000+00:00,combi,Standing,Dynamic
2024-09-20 12:47:29.500000+00:00,combi,Standing,Dynamic
2024-09-20 12:48:29.500000+00:00,combi,Standing,Dynamic
2024-09-20 12:49:29.500000+00:00,combi,Standing,Dynamic
2024-09-20 12:50:29.500000+00:00,combi,Standing,Dynamic
2024-09-20 12:51:29.500000+00:00,combi,Standing,Dynamic
2024-09-20 12:52:29.500000+00:00,combi,Standing,Dynamic
2024-09-20 12:53:29.500000+00:00,combi,Standing,Dynamic
2024-09-20 12:54:29.500000+00:00,combi,Sitting,Dynamic
2024-09-20 12:55:29.500000+00:00,combi,Sitting,Dynamic
2024-09-20 12:56:29.500000+00:00,combi,Sitting,Sitting
2024-09-20 12:57:29.500000+00:00,combi,Standing,Dynamic
2024-09-20 12:58:29.500000+00:00,combi,Standing,Dynamic
2024-09-20 12:59:29.500000+00:00,combi,Standing,Dynamic
2024-09-20 13:00:29.500000+00:00,combi,Standing,Dynamic
2024-09-20 13:01:29.500000+00:00,combi,Standing,Standing
2024-09-20 13:02:29.500000+00:00,combi,Standing,Dynamic
2024-09-20 13:03:29.500000+00:00,combi,Sitting,Sitting
2024-09-20 13:04:29.500000+00:00,combi,Sitting,Sitting
2024-09-20 13:05:29.500000+00:00,combi,Sitting,Sitting
2024-09-20 13:06:29.500000+00:00,combi,Sitting,Sitting
2024-09-20 13:07:29.500000+00:00,combi,Sitting,Sitting
2024-09-20 13:08:29.500000+00:00,combi,Sitting,Sitting
2024-09-20 13:09:29.500000+00:00,combi,Sitting,Dynamic
2024-09-20 13:10:29.500000+00:00,combi,Sitting,Sitting
2024-09-20 13:11:29.500000+00:00,combi,Sitting,Sitting
2024-09-20 13:12:29.500000+00:00,combi,Sitting,Sitting
2024-09-20 13:13:29.500000+00:00,combi,Sitting,Sitting
2024-09-20 13:14:29.500000+00:00,combi,Sitting,Sitting
2024-09-20 13:15:29.500000+00:00,combi,Sitting,Sitting
2024-09-20 13:16:29.500000+00:00,combi,Sitting,Sitting
2024-09-20 13:17:29.500000+00:00,combi,Sitting,Sitting
2024-09-20 13:18:29.500000+00:00,combi,Sitting,Dynamic
2024-09-20 13:19:29.500000+00:00,combi,Sitting,Dynamic
2024-09-20 13:20:29.500000+00:00,combi,Sitting,Dynamic
2024-09-20 13:21:29.500000+00:00,combi,Sitting,Dynamic
2024-09-20 13:22:29.500000+00:00,combi,Standing,Dynamic
2024-09-20 13:23:29.500000+00:00,combi,Standing,Dynamic
2024-09-20 13:24:29.500000+00:00,combi,Sitting,Dynamic
2024-09-20 13:25:29.500000+00:00,combi,Standing,Dynamic
2024-09-20 13:26:29.500000+00:00,combi,Standing,Standing
2024-09-20 13:27:29.500000+00:00,combi,Standing,Dynamic
2024-09-20 13:28:29.500000+00:00,combi,Standing,Standing
2024-09-20 13:29:29.500000+00:00,combi,Sitting,Sitting
2024-09-20 13:30:29.500000+00:00,combi,Standing,Dynamic
2024-09-20 13:31:29.500000+00:00,combi,Standing,Dynamic
2024-09-20 13:32:29.500000+00:00,combi,Standing,Dynamic
2024-09-20 13:33:29.500000+00:00,combi,Sitting,Dynamic
2024-09-20 13:34:29.500000+00:00,combi,Sitting,Dynamic
2024-09-20 13:35:29.500000+00:00,combi,Sitting,Dynamic
2024-09-20 13:36:29.500000+00:00,combi,Lying,Dynamic
2024-09-20 13:37:29.500000+00:00,combi,Lying,Dynamic
2024-09-20 13:38:29.500000+00:00,combi,Standing,Dynamic
2024-09-20 13:39:29.500000+00:00,combi,Sitting,Dynamic
2024-09-20 13:40:29.500000+00:00,combi,Standing,Dynamic
2024-09-20 13:41:29.500000+00:00,combi,Sitting,Sitting
2024-09-20 13:42:29.500000+00:00,combi,Sitting,Dynamic
2024-09-20 13:43:29.500000+00:00,combi,Standing,Dynamic
2024-09-20 13:44:29.500000+00:00,combi,Sitting,Sitting
2024-09-20 13:45:29.500000+00:00,combi,Sitting,Dynamic
2024-09-20 13:46:29.500000+00:00,combi,Sitting,Dynamic
2024-09-20 13:47:29.500000+00:00,combi,Standing,Dynamic
2024-09-20 13:48:29.500000+00:00,combi,Sitting,Dynamic
2024-09-20 13:49:29.500000+00:00,combi,Standing,Dynamic
2024-09-20 13:50:29.500000+00:00,combi,Standing,Dynamic
2024-09-20 13:51:29.500000+00:00,combi,Standing,Dynamic
2024-09-20 13:52:29.500000+00:00,combi,Sitting,Dynamic
2024-09-20 13:53:29.500000+00:00,combi,Sitting,Sitting
2024-09-20 13:54:29.500000+00:00,combi,Standing,Dynamic
2024-09-20 13:55:29.500000+00:00,combi,Standing,Dynamic
2024-09-20 13:56:29.500000+00:00,combi,Standing,Dynamic
2024-09-20 13:57:29.500000+00:00,combi,Standing,Dynamic
2024-09-20 13:58:29.500000+00:00,combi,Standing,Dynamic
2024-09-20 13:59:29.500000+00:00,combi,Standing,Dynamic
2024-09-20 14:00:29.500000+00:00,combi,Sitting,Dynamic
2024-09-20 14:01:29.500000+00:00,combi,Standing,Dynamic
2024-09-20 14:02:29.500000+00:00,combi,Standing,Dynamic
2024-09-20 14:03:29.500000+00:00,combi,Sitting,Dynamic
2024-09-20 14:04:29.500000+00:00,combi,Standing,Dynamic
2024-09-20 14:05:29.500000+00:00,combi,Sitting,Dynamic
2024-09-20 14:06:29.500000+00:00,combi,Sitting,Sitting
2024-09-20 14:07:29.500000+00:00,combi,Sitting,Sitting
2024-09-20 14:08:29.500000+00:00,combi,Standing,Dynamic
2024-09-20 14:09:29.500000+00:00,combi,Standing,Dynamic
2024-09-20 14:10:29.500000+00:00,combi,Standing,Dynamic
2024-09-20 14:11:29.500000+00:00,combi,Standing,Dynamic
2024-09-20 14:12:29.500000+00:00,combi,Standing,Dynamic
2024-09-20 14:13:29.500000+00:00,combi,Standing,Dynamic
2024-09-20 14:14:29.500000+00:00,combi,Standing,Dynamic
2024-09-20 14:15:29.500000+00:00,combi,Standing,Dynamic
2024-09-20 14:16:29.500000+00:00,combi,Standing,Dynamic
2024-09-20 14:17:29.500000+00:00,combi,Standing,Dynamic
2024-09-20 14:18:29.500000+00:00,combi,Standing,Dynamic
2024-09-20 14:19:29.500000+00:00,combi,Standing,Dynamic
2024-09-20 14:20:29.500000+00:00,combi,Standing,Dynamic
2024-09-20 14:21:29.500000+00:00,combi,Sitting,Dynamic
2024-09-20 14:22:29.500000+00:00,combi,Standing,Dynamic
2024-09-20 14:23:29.500000+00:00,combi,Standing,Standing
2024-09-20 14:24:29.500000+00:00,combi,Standing,Dynamic
2024-09-20 14:25:29.500000+00:00,combi,Sitting,Sitting
2024-09-20 14:26:29.500000+00:00,combi,Standing,Dynamic
2024-09-20 14:27:29.500000+00:00,combi,Sitting,Dynamic
2024-09-20 14:28:29.500000+00:00,combi,Sitting,Sitting
2024-09-20 14:29:29.500000+00:00,combi,Sitting,Dynamic
2024-09-20 14:30:29.500000+00:00,combi,Standing,Standing
2024-09-20 14:31:29.500000+00:00,combi,Standing,Dynamic
2024-09-20 14:32:29.500000+00:00,combi,Standing,Dynamic
2024-09-20 14:33:29.500000+00:00,combi,Standing,Dynamic
2024-09-20 14:34:29.500000+00:00,combi,Sitting,Sitting
2024-09-20 14:35:29.500000+00:00,combi,Lying,Dynamic
2024-09-20 14:36:29.500000+00:00,combi,Standing,Dynamic
2024-09-20 14:37:29.500000+00:00,combi,Standing,Dynamic
2024-09-20 14:38:29.500000+00:00,combi,Sitting,Sitting
2024-09-20 14:39:29.500000+00:00,combi,Standing,Dynamic
2024-09-20 14:40:29.500000+00:00,combi,Lying,Dynamic
2024-09-20 14:41:29.500000+00:00,combi,Standing,Dynamic
2024-09-20 14:42:29.500000+00:00,combi,Standing,Dynamic
2024-09-20 14:43:29.500000+00:00,combi,Standing,Dynamic
2024-09-20 14:44:29.500000+00:00,combi,Standing,Dynamic
2024-09-20 14:45:29.500000+00:00,combi,Standing,Dynamic
2024-09-20 14:46:29.500000+00:00,combi,Standing,Dynamic
2024-09-20 14:47:29.500000+00:00,combi,Standing,Dynamic
2024-09-20 14:48:29.500000+00:00,combi,Standing,Dynamic
2024-09-20 14:49:29.500000+00:00,combi,Standing,Dynamic
2024-09-20 14:50:29.500000+00:00,combi,Standing,Dynamic
2024-09-20 14:51:29.500000+00:00,combi,Sitting,Dynamic
2024-09-20 14:52:29.500000+00:00,combi,Standing,Dynamic
2024-09-20 14:53:29.500000+00:00,combi,Sitting,Dynamic
2024-09-20 14:54:29.500000+00:00,combi,Standing,Dynamic
2024-09-20 14:55:29.500000+00:00,combi,Standing,Standing
2024-09-20 14:56:29.500000+00:00,combi,Standing,Dynamic
2024-09-20 14:57:29.500000+00:00,combi,Sitting,Sitting
2024-09-20 14:58:29.500000+00:00,combi,Standing,Dynamic
2024-09-20 14:59:29.500000+00:00,combi,Sitting,Dynamic
2024-09-20 15:00:29.500000+00:00,combi,Sitting,Sitting
2024-09-20 15:01:29.500000+00:00,combi,Sitting,Sitting
2024-09-20 15:02:29.500000+00:00,combi,Sitting,Sitting
2024-09-20 15:03:29.500000+00:00,combi,Sitting,Sitting
2024-09-20 15:04:29.500000+00:00,combi,Sitting,Sitting
2024-09-20 15:05:29.500000+00:00,combi,Sitting,Sitting
2024-09-20 15:06:29.500000+00:00,combi,Sitting,Sitting
2024-09-20 15:07:29.500000+00:00,combi,Standing,Dynamic
2024-09-20 15:08:29.500000+00:00,combi,Standing,Dynamic
2024-09-20 15:09:29.500000+00:00,combi,Standing,Dynamic
2024-09-20 15:10:29.500000+00:00,combi,Standing,Dynamic
2024-09-20 15:11:29.500000+00:00,combi,Sitting,Sitting
2024-09-20 15:12:29.500000+00:00,combi,Sitting,Sitting
2024-09-20 15:13:29.500000+00:00,combi,Sitting,Dynamic
2024-09-20 15:14:29.500000+00:00,combi,Standing,Dynamic
2024-09-20 15:15:29.500000+00:00,combi,Sitting,Sitting
2024-09-20 15:16:29.500000+00:00,combi,Sitting,Sitting
2024-09-20 15:17:29.500000+00:00,combi,Sitting,Sitting
2024-09-20 15:18:29.500000+00:00,combi,Sitting,Sitting
2024-09-20 15:19:29.500000+00:00,combi,Sitting,Sitting
2024-09-20 15:20:29.500000+00:00,combi,Sitting,Sitting
2024-09-20 15:21:29.500000+00:00,combi,Sitting,Sitting
2024-09-20 15:22:29.500000+00:00,combi,Standing,Dynamic
2024-09-20 15:23:29.500000+00:00,combi,Standing,Dynamic
2024-09-20 15:24:29.500000+00:00,combi,Standing,Standing
2024-09-20 15:25:29.500000+00:00,combi,Standing,Dynamic
2024-09-20 15:26:29.500000+00:00,combi,Standing,Dynamic
2024-09-20 15:27:29.500000+00:00,combi,Sitting,Sitting
2024-09-20 15:28:29.500000+00:00,combi,Sitting,Dynamic
2024-09-20 15:29:29.500000+00:00,combi,Sitting,Sitting
2024-09-20 15:30:29.500000+00:00,combi,Standing,Dynamic
2024-09-20 15:31:29.500000+00:00,combi,Standing,Dynamic
2024-09-20 15:32:29.500000+00:00,combi,Sitting,Sitting
2024-09-20 15:33:29.500000+00:00,combi,Standing,Sitting
2024-09-20 15:34:29.500000+00:00,combi,Standing,Dynamic
2024-09-20 15:35:29.500000+00:00,combi,Standing,Dynamic
2024-09-20 15:36:29.500000+00:00,combi,Sitting,Dynamic
2024-09-20 15:37:29.500000+00:00,combi,Sitting,Dynamic
2024-09-20 15:38:29.500000+00:00,combi,Standing,Standing
2024-09-20 15:39:29.500000+00:00,combi,Standing,Standing
2024-09-20 15:40:29.500000+00:00,combi,Standing,Dynamic
2024-09-20 15:41:29.500000+00:00,combi,Standing,Dynamic
2024-09-20 15:42:29.500000+00:00,combi,Standing,Dynamic
2024-09-20 15:43:29.500000+00:00,combi,Standing,Dynamic
2024-09-20 15:44:29.500000+00:00,combi,Standing,Dynamic
2024-09-20 15:45:29.500000+00:00,combi,Standing,Standing
2024-09-20 15:46:29.500000+00:00,combi,Sitting,Sitting
2024-09-20 15:47:29.500000+00:00,combi,Sitting,Sitting
2024-09-20 15:48:29.500000+00:00,combi,Sitting,Dynamic
2024-09-20 15:49:29.500000+00:00,combi,Sitting,Sitting
2024-09-20 15:50:29.500000+00:00,combi,Sitting,Sitting
2024-09-20 15:51:29.500000+00:00,combi,Standing,Dynamic
2024-09-20 15:52:29.500000+00:00,combi,Sitting,Sitting
2024-09-20 15:53:29.500000+00:00,combi,Sitting,Sitting
2024-09-20 15:54:29.500000+00:00,combi,Standing,Dynamic
2024-09-20 15:55:29.500000+00:00,combi,Standing,Standing
2024-09-20 15:56:29.500000+00:00,combi,Standing,Dynamic
2024-09-20 15:57:29.500000+00:00,combi,Standing,Dynamic
2024-09-20 15:58:29.500000+00:00,combi,Sitting,Dynamic
2024-09-20 15:59:29.500000+00:00,combi,Standing,Dynamic
2024-09-20 16:00:29.500000+00:00,combi,Standing,Standing
2024-09-20 16:01:29.500000+00:00,combi,Sitting,Dynamic
2024-09-20 16:02:29.500000+00:00,combi,Standing,Dynamic
2024-09-20 16:03:29.500000+00:00,combi,Standing,Dynamic
2024-09-20 16:04:29.500000+00:00,combi,Sitting,Sitting
2024-09-20 16:05:29.500000+00:00,combi,Sitting,Sitting
2024-09-20 16:06:29.500000+00:00,combi,Sitting,Sitting
2024-09-20 16:07:29.500000+00:00,combi,Sitting,Sitting
2024-09-20 16:08:29.500000+00:00,combi,Standing,Dynamic
2024-09-20 16:09:29.500000+00:00,combi,Standing,Dynamic
2024-09-20 16:10:29.500000+00:00,combi,Standing,Dynamic
2024-09-20 16:11:29.500000+00:00,combi,Standing,Dynamic
2024-09-20 16:12:29.500000+00:00,combi,Standing,Dynamic
2024-09-20 16:13:29.500000+00:00,combi,Sitting,Dynamic
2024-09-20 16:14:29.500000+00:00,combi,Sitting,Sitting
2024-09-20 16:15:29.500000+00:00,combi,Sitting,Dynamic
2024-09-20 16:16:29.500000+00:00,combi,Sitting,Dynamic
2024-09-20 16:17:29.500000+00:00,combi,Standing,Dynamic
2024-09-20 16:18:29.500000+00:00,combi,Standing,Dynamic
2024-09-20 16:19:29.500000+00:00,combi,Standing,Dynamic
2024-09-20 16:20:29.500000+00:00,combi,Standing,Standing
2024-09-20 16:21:29.500000+00:00,combi,Standing,Dynamic
2024-09-20 16:22:29.500000+00:00,combi,Standing,Dynamic
2024-09-20 16:23:29.500000+00:00,combi,Standing,Dynamic
2024-09-20 16:24:29.500000+00:00,combi,Standing,Standing
2024-09-20 16:25:29.500000+00:00,combi,Standing,Standing
2024-09-20 16:26:29.500000+00:00,combi,Standing,Dynamic
2024-09-20 16:27:29.500000+00:00,combi,Standing,Dynamic
2024-09-20 16:28:29.500000+00:00,combi,Standing,Standing
2024-09-20 16:29:29.500000+00:00,combi,Sitting,Dynamic
2024-09-20 16:30:29.500000+00:00,combi,Sitting,Dynamic
2024-09-20 16:31:29.500000+00:00,combi,Standing,Dynamic
2024-09-20 16:32:29.500000+00:00,combi,Standing,Dynamic
2024-09-20 16:33:29.500000+00:00,combi,Standing,Dynamic
2024-09-20 16:34:29.500000+00:00,combi,Standing,Dynamic
2024-09-20 16:35:29.500000+00:00,combi,Standing,Dynamic
2024-09-20 16:36:29.500000+00:00,combi,Standing,Dynamic
2024-09-20 16:37:29.500000+00:00,combi,Standing,Sitting
2024-09-20 16:38:29.500000+00:00,combi,Standing,Dynamic
2024-09-20 16:39:29.500000+00:00,combi,Sitting,Dynamic
2024-09-20 16:40:29.500000+00:00,combi,Sitting,Dynamic
2024-09-20 16:41:29.500000+00:00,combi,Standing,Dynamic
2024-09-20 16:42:29.500000+00:00,combi,Sitting,Dynamic
2024-09-20 16:43:29.500000+00:00,combi,Sitting,Dynamic
2024-09-20 16:44:29.500000+00:00,combi,Sitting,Dynamic
2024-09-20 16:45:29.500000+00:00,combi,Sitting,Dynamic
2024-09-20 16:46:29.500000+00:00,combi,Sitting,Dynamic
2024-09-20 16:47:29.500000+00:00,combi,Sitting,Sitting
2024-09-20 16:48:29.500000+00:00,combi,Sitting,Sitting
2024-09-20 16:49:29.500000+00:00,combi,Sitting,Sitting
2024-09-20 16:50:29.500000+00:00,combi,Sitting,Dynamic
2024-09-20 16:51:29.500000+00:00,combi,Sitting,Sitting
2024-09-20 16:52:29.500000+00:00,combi,Sitting,Sitting
2024-09-20 16:53:29.500000+00:00,combi,Sitting,Sitting
2024-09-20 16:54:29.500000+00:00,combi,Sitting,Sitting
2024-09-20 16:55:29.500000+00:00,combi,Sitting,Sitting
2024-09-20 16:56:29.500000+00:00,combi,Standing,Dynamic
2024-09-20 16:57:29.500000+00:00,combi,Sitting,Dynamic
2024-09-20 16:58:29.500000+00:00,combi,Sitting,Sitting
2024-09-20 16:59:29.500000+00:00,combi,Standing,Dynamic
2024-09-20 17:00:29.500000+00:00,combi,Standing,Dynamic
2024-09-20 17:01:29.500000+00:00,combi,Standing,Dynamic
2024-09-20 17:02:29.500000+00:00,combi,Standing,Dynamic
2024-09-20 17:03:29.500000+00:00,combi,Sitting,Dynamic
2024-09-20 17:04:29.500000+00:00,combi,Sitting,Sitting
2024-09-20 17:05:29.500000+00:00,combi,Sitting,Dynamic
2024-09-20 17:06:29.500000+00:00,combi,Standing,Standing
2024-09-20 17:07:29.500000+00:00,combi,Sitting,Sitting
2024-09-20 17:08:29.500000+00:00,combi,Sitting,Dynamic
2024-09-20 17:09:29.500000+00:00,combi,Sitting,Dynamic
2024-09-20 17:10:29.500000+00:00,combi,Standing,Dynamic
2024-09-20 17:11:29.500000+00:00,combi,Sitting,Sitting
2024-09-20 17:12:29.500000+00:00,combi,Sitting,Sitting
2024-09-20 17:13:29.500000+00:00,combi,Sitting,Sitting
2024-09-20 17:14:29.500000+00:00,combi,Sitting,Sitting
2024-09-20 17:15:29.500000+00:00,combi,Sitting,Sitting
2024-09-20 17:16:29.500000+00:00,combi,Sitting,Sitting
2024-09-20 17:17:29.500000+00:00,combi,Sitting,Sitting
2024-09-20 17:18:29.500000+00:00,combi,Sitting,Sitting
2024-09-20 17:19:29.500000+00:00,combi,Sitting,Sitting
2024-09-20 17:20:29.500000+00:00,combi,Sitting,Sitting
2024-09-20 17:21:29.500000+00:00,combi,Sitting,Sitting
2024-09-20 17:22:29.500000+00:00,combi,Standing,Standing
2024-09-20 17:23:29.500000+00:00,combi,Standing,Standing
2024-09-20 17:24:29.500000+00:00,combi,Standing,Sitting
2024-09-20 17:25:29.500000+00:00,combi,Sitting,Sitting
2024-09-20 17:26:29.500000+00:00,combi,Sitting,Sitting
2024-09-20 17:27:29.500000+00:00,combi,Sitting,Sitting
2024-09-20 17:28:29.500000+00:00,combi,Sitting,Sitting
2024-09-20 17:29:29.500000+00:00,combi,Standing,Standing
2024-09-20 17:30:29.500000+00:00,combi,Sitting,Sitting
2024-09-20 17:31:29.500000+00:00,combi,Sitting,Sitting
2024-09-20 17:32:29.500000+00:00,combi,Sitting,Sitting
2024-09-20 17:33:29.500000+00:00,combi,Sitting,Sitting
2024-09-20 17:34:29.500000+00:00,combi,Sitting,Sitting
2024-09-20 17:35:29.500000+00:00,combi,Sitting,Sitting
2024-09-20 17:36:29.500000+00:00,combi,Sitting,Sitting
2024-09-20 17:37:29.500000+00:00,combi,Sitting,Sitting
2024-09-20 17:38:29.500000+00:00,combi,Sitting,Sitting
2024-09-20 17:39:29.500000+00:00,combi,Sitting,Sitting
2024-09-20 17:40:29.500000+00:00,combi,Sitting,Sitting
2024-09-20 17:41:29.500000+00:00,combi,Sitting,Dynamic
2024-09-20 17:42:29.500000+00:00,combi,Standing,Dynamic
2024-09-20 17:43:29.500000+00:00,combi,Standing,Dynamic
2024-09-20 17:44:29.500000+00:00,combi,Sitting,Sitting
2024-09-20 17:45:29.500000+00:00,combi,Standing,Dynamic
2024-09-20 17:46:29.500000+00:00,combi,Sitting,Sitting
2024-09-20 17:47:29.500000+00:00,combi,Sitting,Sitting
2024-09-20 17:48:29.500000+00:00,combi,Sitting,Sitting
2024-09-20 17:49:29.500000+00:00,combi,Sitting,Sitting
2024-09-20 17:50:29.500000+00:00,combi,Sitting,Sitting
2024-09-20 17:51:29.500000+00:00,combi,Sitting,Sitting
2024-09-20 17:52:29.500000+00:00,combi,Standing,Dynamic
2024-09-20 17:53:29.500000+00:00,combi,Standing,Dynamic
2024-09-20 17:54:29.500000+00:00,combi,Lying,Dynamic
2024-09-20 17:55:29.500000+00:00,combi,Standing,Standing
2024-09-20 17:56:29.500000+00:00,combi,Lying,Lying
2024-09-20 17:57:29.500000+00:00,combi,Standing,Dynamic
2024-09-20 17:58:29.500000+00:00,combi,Standing,Sitting
2024-09-20 17:59:29.500000+00:00,combi,Sitting,Sitting
2024-09-20 18:00:29.500000+00:00,combi,Sitting,Sitting
2024-09-20 18:01:29.500000+00:00,combi,Sitting,Sitting
2024-09-20 18:02:29.500000+00:00,combi,Sitting,Sitting
2024-09-20 18:03:29.500000+00:00,combi,Sitting,Sitting
2024-09-20 18:04:29.500000+00:00,combi,Sitting,Sitting
2024-09-20 18:05:29.500000+00:00,combi,Sitting,Sitting
2024-09-20 18:06:29.500000+00:00,combi,Sitting,Sitting
2024-09-20 18:07:29.500000+00:00,combi,Sitting,Sitting
2024-09-20 18:08:29.500000+00:00,combi,Sitting,Sitting
2024-09-20 18:09:29.500000+00:00,combi,Sitting,Sitting
2024-09-20 18:10:29.500000+00:00,combi,Sitting,Sitting
2024-09-20 18:11:29.500000+00:00,combi,Sitting,Sitting
2024-09-20 18:12:29.500000+00:00,combi,Sitting,Sitting
2024-09-20 18:13:29.500000+00:00,combi,Sitting,Sitting
2024-09-20 18:14:29.500000+00:00,combi,Sitting,Sitting
2024-09-20 18:15:29.500000+00:00,combi,Sitting,Sitting
2024-09-20 18:16:29.500000+00:00,combi,Sitting,Sitting
2024-09-20 18:17:29.500000+00:00,combi,Sitting,Sitting
2024-09-20 18:18:29.500000+00:00,combi,Sitting,Sitting
2024-09-20 18:19:29.500000+00:00,combi,Sitting,Sitting
2024-09-20 18:20:29.500000+00:00,combi,Sitting,Sitting
2024-09-20 18:21:29.500000+00:00,combi,Sitting,Sitting
2024-09-20 18:22:29.500000+00:00,combi,Sitting,Sitting
2024-09-20 18:23:29.500000+00:00,combi,Sitting,Sitting
2024-09-20 18:24:29.500000+00:00,combi,Sitting,Sitting
2024-09-20 18:25:29.500000+00:00,combi,Sitting,Dynamic
2024-09-20 18:26:29.500000+00:00,combi,Standing,Standing
2024-09-20 18:27:29.500000+00:00,combi,Lying,Dynamic
2024-09-20 18:28:29.500000+00:00,combi,Sitting,Sitting
2024-09-20 18:29:29.500000+00:00,combi,Lying,Dynamic
2024-09-20 18:30:29.500000+00:00,combi,Lying,Dynamic
2024-09-20 18:31:29.500000+00:00,combi,Sitting,Sitting
2024-09-20 18:32:29.500000+00:00,combi,Sitting,Sitting
2024-09-20 18:33:29.500000+00:00,combi,Sitting,Sitting
2024-09-20 18:34:29.500000+00:00,combi,Lying,Lying
2024-09-20 18:35:29.500000+00:00,combi,Lying,Lying
2024-09-20 18:36:29.500000+00:00,combi,Sitting,Sitting
2024-09-20 18:37:29.500000+00:00,combi,Sitting,Sitting
2024-09-20 18:38:29.500000+00:00,combi,Sitting,Sitting
2024-09-20 18:39:29.500000+00:00,combi,Sitting,Sitting
2024-09-20 18:40:29.500000+00:00,combi,Sitting,Sitting
2024-09-20 18:41:29.500000+00:00,combi,Sitting,Sitting
2024-09-20 18:42:29.500000+00:00,combi,Sitting,Sitting
2024-09-20 18:43:29.500000+00:00,combi,Sitting,Sitting
2024-09-20 18:44:29.500000+00:00,combi,Sitting,Sitting
2024-09-20 18:45:29.500000+00:00,combi,Sitting,Sitting
2024-09-20 18:46:29.500000+00:00,combi,Sitting,Sitting
2024-09-20 18:47:29.500000+00:00,combi,Sitting,Sitting
2024-09-20 18:48:29.500000+00:00,combi,Sitting,Sitting
2024-09-20 18:49:29.500000+00:00,combi,Sitting,Sitting
2024-09-20 18:50:29.500000+00:00,combi,Sitting,Sitting
2024-09-20 18:51:29.500000+00:00,combi,Sitting,Sitting
2024-09-20 18:52:29.500000+00:00,combi,Sitting,Sitting
2024-09-20 18:53:29.500000+00:00,combi,Sitting,Sitting
2024-09-20 18:54:29.500000+00:00,combi,Sitting,Sitting
2024-09-20 18:55:29.500000+00:00,combi,Sitting,Sitting
2024-09-20 18:56:29.500000+00:00,combi,Sitting,Sitting
2024-09-20 18:57:29.500000+00:00,combi,Sitting,Sitting
2024-09-20 18:58:29.500000+00:00,combi,Sitting,Sitting
2024-09-20 18:59:29.500000+00:00,combi,Sitting,Sitting
2024-09-20 19:00:29.500000+00:00,combi,Sitting,Sitting
2024-09-20 19:01:29.500000+00:00,combi,Sitting,Sitting
2024-09-20 19:02:29.500000+00:00,combi,Sitting,Sitting
2024-09-20 19:03:29.500000+00:00,combi,Sitting,Sitting
2024-09-20 19:04:29.500000+00:00,combi,Sitting,Dynamic
2024-09-20 19:05:29.500000+00:00,combi,Standing,Dynamic
2024-09-20 19:06:29.500000+00:00,combi,Sitting,Sitting
2024-09-20 19:07:29.500000+00:00,combi,Lying,Dynamic
2024-09-20 19:08:29.500000+00:00,combi,Lying,Dynamic
2024-09-20 19:09:29.500000+00:00,combi,Sitting,Sitting
2024-09-20 19:10:29.500000+00:00,combi,Sitting,Sitting
2024-09-20 19:11:29.500000+00:00,combi,Sitting,Sitting
2024-09-20 19:12:29.500000+00:00,combi,Sitting,Dynamic
2024-09-20 19:13:29.500000+00:00,combi,Standing,Standing
2024-09-20 19:14:29.500000+00:00,combi,Standing,Dynamic
2024-09-20 19:15:29.500000+00:00,combi,Sitting,Sitting
2024-09-20 19:16:29.500000+00:00,combi,Sitting,Sitting
2024-09-20 19:17:29.500000+00:00,combi,Sitting,Sitting
2024-09-20 19:18:29.500000+00:00,combi,Sitting,Sitting
2024-09-20 19:19:29.500000+00:00,combi,Sitting,Sitting
2024-09-20 19:20:29.500000+00:00,combi,Sitting,Sitting
2024-09-20 19:21:29.500000+00:00,combi,Sitting,Sitting
2024-09-20 19:22:29.500000+00:00,combi,Sitting,Sitting
2024-09-20 19:23:29.500000+00:00,combi,Sitting,Sitting
2024-09-20 19:24:29.500000+00:00,combi,Sitting,Sitting
2024-09-20 19:25:29.500000+00:00,combi,Sitting,Sitting
2024-09-20 19:26:29.500000+00:00,combi,Sitting,Sitting
2024-09-20 19:27:29.500000+00:00,combi,Sitting,Sitting
2024-09-20 19:28:29.500000+00:00,combi,Sitting,Sitting
2024-09-20 19:29:29.500000+00:00,combi,Sitting,Sitting
2024-09-20 19:30:29.500000+00:00,combi,Standing,Dynamic
2024-09-20 19:31:29.500000+00:00,combi,Standing,Dynamic
2024-09-20 19:32:29.500000+00:00,combi,Standing,Dynamic
2024-09-20 19:33:29.500000+00:00,combi,Sitting,Sitting
2024-09-20 19:34:29.500000+00:00,combi,Sitting,Sitting
2024-09-20 19:35:29.500000+00:00,combi,Sitting,Sitting
2024-09-20 19:36:29.500000+00:00,combi,Sitting,Sitting
2024-09-20 19:37:29.500000+00:00,combi,Sitting,Sitting
2024-09-20 19:38:29.500000+00:00,combi,Sitting,Sitting
2024-09-20 19:39:29.500000+00:00,combi,Sitting,Sitting
2024-09-20 19:40:29.500000+00:00,combi,Sitting,Sitting
2024-09-20 19:41:29.500000+00:00,combi,Sitting,Sitting
2024-09-20 19:42:29.500000+00:00,combi,Sitting,Sitting
2024-09-20 19:43:29.500000+00:00,combi,Sitting,Sitting
2024-09-20 19:44:29.500000+00:00,combi,Sitting,Sitting
2024-09-20 19:45:29.500000+00:00,combi,Sitting,Sitting
2024-09-20 19:46:29.500000+00:00,combi,Sitting,Sitting
2024-09-20 19:47:29.500000+00:00,combi,Sitting,Sitting
2024-09-20 19:48:29.500000+00:00,combi,Sitting,Sitting
2024-09-20 19:49:29.500000+00:00,combi,Sitting,Sitting
2024-09-20 19:50:29.500000+00:00,combi,Sitting,Sitting
2024-09-20 19:51:29.500000+00:00,combi,Sitting,Sitting
2024-09-20 19:52:29.500000+00:00,combi,Sitting,Sitting
2024-09-20 19:53:29.500000+00:00,combi,Sitting,Sitting
2024-09-20 19:54:29.500000+00:00,combi,Sitting,Sitting
2024-09-20 19:55:29.500000+00:00,combi,Sitting,Sitting
2024-09-20 19:56:29.500000+00:00,combi,Sitting,Sitting
2024-09-20 19:57:29.500000+00:00,combi,Sitting,Sitting
2024-09-20 19:58:29.500000+00:00,combi,Sitting,Sitting
2024-09-20 19:59:29.500000+00:00,combi,Sitting,Sitting
2024-09-20 20:00:29.500000+00:00,combi,Sitting,Sitting
2024-09-20 20:01:29.500000+00:00,combi,Sitting,Sitting
2024-09-20 20:02:29.500000+00:00,combi,Sitting,Sitting
2024-09-20 20:03:29.500000+00:00,combi,Sitting,Sitting
2024-09-20 20:04:29.500000+00:00,combi,Sitting,Sitting
2024-09-20 20:05:29.500000+00:00,combi,Sitting,Sitting
2024-09-20 20:06:29.500000+00:00,combi,Sitting,Sitting
2024-09-20 20:07:29.500000+00:00,combi,Sitting,Sitting
2024-09-20 20:08:29.500000+00:00,combi,Sitting,Sitting
2024-09-20 20:09:29.500000+00:00,combi,Sitting,Sitting
2024-09-20 20:10:29.500000+00:00,combi,Sitting,Sitting
2024-09-20 20:11:29.500000+00:00,combi,Sitting,Sitting
2024-09-20 20:12:29.500000+00:00,combi,Sitting,Sitting
2024-09-20 20:13:29.500000+00:00,combi,Sitting,Sitting
2024-09-20 20:14:29.500000+00:00,combi,Sitting,Sitting
2024-09-20 20:15:29.500000+00:00,combi,Sitting,Sitting
2024-09-20 20:16:29.500000+00:00,combi,Sitting,Sitting
2024-09-20 20:17:29.500000+00:00,combi,Sitting,Sitting
2024-09-20 20:18:29.500000+00:00,combi,Sitting,Sitting
2024-09-20 20:19:29.500000+00:00,combi,Sitting,Sitting
2024-09-20 20:20:29.500000+00:00,combi,Sitting,Sitting
2024-09-20 20:21:29.500000+00:00,combi,Sitting,Sitting
2024-09-20 20:22:29.500000+00:00,combi,Sitting,Sitting
2024-09-20 20:23:29.500000+00:00,combi,Sitting,Sitting
2024-09-20 20:24:29.500000+00:00,combi,Sitting,Sitting
2024-09-20 20:25:29.500000+00:00,combi,Sitting,Sitting
2024-09-20 20:26:29.500000+00:00,combi,Sitting,Sitting
2024-09-20 20:27:29.500000+00:00,combi,Sitting,Sitting
2024-09-20 20:28:29.500000+00:00,combi,Sitting,Sitting
2024-09-20 20:29:29.500000+00:00,combi,Sitting,Sitting
2024-09-20 20:30:29.500000+00:00,combi,Sitting,Sitting
2024-09-20 20:31:29.500000+00:00,combi,Sitting,Sitting
2024-09-20 20:32:29.500000+00:00,combi,Sitting,Sitting
2024-09-20 20:33:29.500000+00:00,combi,Sitting,Sitting
2024-09-20 20:34:29.500000+00:00,combi,Sitting,Sitting
2024-09-20 20:35:29.500000+00:00,combi,Sitting,Sitting
2024-09-20 20:36:29.500000+00:00,combi,Sitting,Sitting
2024-09-20 20:37:29.500000+00:00,combi,Sitting,Sitting
2024-09-20 20:38:29.500000+00:00,combi,Sitting,Sitting
2024-09-20 20:39:29.500000+00:00,combi,Sitting,Sitting
2024-09-20 20:40:29.500000+00:00,combi,Sitting,Sitting
2024-09-20 20:41:29.500000+00:00,combi,Sitting,Sitting
2024-09-20 20:42:29.500000+00:00,combi,Sitting,Sitting
2024-09-20 20:43:29.500000+00:00,combi,Sitting,Sitting
2024-09-20 20:44:29.500000+00:00,combi,Standing,Standing
2024-09-20 20:45:29.500000+00:00,combi,Standing,Standing
2024-09-20 20:46:29.500000+00:00,combi,Sitting,Sitting
2024-09-20 20:47:29.500000+00:00,combi,Sitting,Sitting
2024-09-20 20:48:29.500000+00:00,combi,Sitting,Sitting
2024-09-20 20:49:29.500000+00:00,combi,Sitting,Sitting
2024-09-20 20:50:29.500000+00:00,combi,Sitting,Sitting
2024-09-20 20:51:29.500000+00:00,combi,Sitting,Sitting
2024-09-20 20:52:29.500000+00:00,combi,Sitting,Sitting
2024-09-20 20:53:29.500000+00:00,combi,Sitting,Sitting
2024-09-20 20:54:29.500000+00:00,combi,Sitting,Sitting
2024-09-20 20:55:29.500000+00:00,combi,Sitting,Sitting
2024-09-20 20:56:29.500000+00:00,combi,Standing,Dynamic
2024-09-20 20:57:29.500000+00:00,combi,Sitting,Dynamic
2024-09-20 20:58:29.500000+00:00,combi,Lying,Lying
2024-09-20 20:59:29.500000+00:00,combi,Lying,Lying
2024-09-20 21:00:29.500000+00:00,combi,Lying,Lying
2024-09-20 21:01:29.500000+00:00,combi,Lying,Lying
2024-09-20 21:02:29.500000+00:00,combi,Lying,Lying
2024-09-20 21:03:29.500000+00:00,combi,Lying,Lying
2024-09-20 21:04:29.500000+00:00,combi,Lying,Lying
2024-09-20 21:05:29.500000+00:00,combi,Lying,Lying
2024-09-20 21:06:29.500000+00:00,combi,Lying,Lying
2024-09-20 21:07:29.500000+00:00,combi,Lying,Lying
2024-09-20 21:08:29.500000+00:00,combi,Lying,Lying
2024-09-20 21:09:29.500000+00:00,combi,Lying,Lying
2024-09-20 21:10:29.500000+00:00,combi,Lying,Lying
2024-09-20 21:11:29.500000+00:00,combi,Lying,Lying
2024-09-20 21:12:29.500000+00:00,combi,Lying,Lying
2024-09-20 21:13:29.500000+00:00,combi,Lying,Lying
2024-09-20 21:14:29.500000+00:00,combi,Lying,Lying
2024-09-20 21:15:29.500000+00:00,combi,Lying,Lying
2024-09-20 21:16:29.500000+00:00,combi,Lying,Lying
2024-09-20 21:17:29.500000+00:00,combi,Lying,Lying
2024-09-20 21:18:29.500000+00:00,combi,Lying,Lying
2024-09-20 21:19:29.500000+00:00,combi,Lying,Lying
2024-09-20 21:20:29.500000+00:00,combi,Lying,Lying
2024-09-20 21:21:29.500000+00:00,combi,Lying,Lying
2024-09-20 21:22:29.500000+00:00,combi,Lying,Lying
2024-09-20 21:23:29.500000+00:00,combi,Lying,Lying
2024-09-20 21:24:29.500000+00:00,combi,Lying,Lying
2024-09-20 21:25:29.500000+00:00,combi,Lying,Lying
2024-09-20 21:26:29.500000+00:00,combi,Lying,Lying
2024-09-20 21:27:29.500000+00:00,combi,Lying,Lying
2024-09-20 21:28:29.500000+00:00,combi,Lying,Lying
2024-09-20 21:29:29.500000+00:00,combi,Lying,Lying
2024-09-20 21:30:29.500000+00:00,combi,Lying,Lying
2024-09-20 21:31:29.500000+00:00,combi,Lying,Lying
2024-09-20 21:32:29.500000+00:00,combi,Lying,Lying
2024-09-20 21:33:29.500000+00:00,combi,Lying,Lying
2024-09-20 21:34:29.500000+00:00,combi,Lying,Lying
2024-09-20 21:35:29.500000+00:00,combi,Lying,Lying
2024-09-20 21:36:29.500000+00:00,combi,Lying,Lying
2024-09-20 21:37:29.500000+00:00,combi,Lying,Lying
2024-09-20 21:38:29.500000+00:00,combi,Lying,Lying
2024-09-20 21:39:29.500000+00:00,combi,Lying,Lying
2024-09-20 21:40:29.500000+00:00,combi,Lying,Lying
2024-09-20 21:41:29.500000+00:00,combi,Lying,Lying
2024-09-20 21:42:29.500000+00:00,combi,Lying,Lying
2024-09-20 21:43:29.500000+00:00,combi,Lying,Lying
2024-09-20 21:44:29.500000+00:00,combi,Lying,Lying
2024-09-20 21:45:29.500000+00:00,combi,Lying,Lying
2024-09-20 21:46:29.500000+00:00,combi,Lying,Lying
2024-09-20 21:47:29.500000+00:00,combi,Lying,Lying
2024-09-20 21:48:29.500000+00:00,combi,Lying,Lying
2024-09-20 21:49:29.500000+00:00,combi,Lying,Lying
2024-09-20 21:50:29.500000+00:00,combi,Lying,Lying
2024-09-20 21:51:29.500000+00:00,combi,Lying,Lying
2024-09-20 21:52:29.500000+00:00,combi,Lying,Lying
2024-09-20 21:53:29.500000+00:00,combi,Lying,Lying
2024-09-20 21:54:29.500000+00:00,combi,Lying,Lying
2024-09-20 21:55:29.500000+00:00,combi,Lying,Lying
2024-09-20 21:56:29.500000+00:00,combi,Lying,Lying
2024-09-20 21:57:29.500000+00:00,combi,Lying,Lying
2024-09-20 21:58:29.500000+00:00,combi,Lying,Lying
2024-09-20 21:59:29.500000+00:00,combi,Lying,Lying
2024-09-20 22:00:29.500000+00:00,combi,Lying,Lying
2024-09-20 22:01:29.500000+00:00,combi,Lying,Lying
2024-09-20 22:02:29.500000+00:00,combi,Lying,Lying
2024-09-20 22:03:29.500000+00:00,combi,Lying,Lying
2024-09-20 22:04:29.500000+00:00,combi,Lying,Lying
2024-09-20 22:05:29.500000+00:00,combi,Lying,Lying
2024-09-20 22:06:29.500000+00:00,combi,Lying,Lying
2024-09-20 22:07:29.500000+00:00,combi,Lying,Lying
2024-09-20 22:08:29.500000+00:00,combi,Lying,Lying
2024-09-20 22:09:29.500000+00:00,combi,Lying,Lying
2024-09-20 22:10:29.500000+00:00,combi,Lying,Lying
2024-09-20 22:11:29.500000+00:00,combi,Lying,Lying
2024-09-20 22:12:29.500000+00:00,combi,Lying,Lying
2024-09-20 22:13:29.500000+00:00,combi,Lying,Lying
2024-09-20 22:14:29.500000+00:00,combi,Lying,Lying
2024-09-20 22:15:29.500000+00:00,combi,Lying,Lying
2024-09-20 22:16:29.500000+00:00,combi,Lying,Lying
2024-09-20 22:17:29.500000+00:00,combi,Lying,Lying
2024-09-20 22:18:29.500000+00:00,combi,Lying,Lying
2024-09-20 22:19:29.500000+00:00,combi,Lying,Lying
2024-09-20 22:20:29.500000+00:00,combi,Lying,Lying
2024-09-20 22:21:29.500000+00:00,combi,Lying,Lying
2024-09-20 22:22:29.500000+00:00,combi,Lying,Lying
2024-09-20 22:23:29.500000+00:00,combi,Lying,Lying
2024-09-20 22:24:29.500000+00:00,combi,Lying,Lying
2024-09-20 22:25:29.500000+00:00,combi,Lying,Lying
2024-09-20 22:26:29.500000+00:00,combi,Lying,Lying
2024-09-20 22:27:29.500000+00:00,combi,Lying,Lying
2024-09-20 22:28:29.500000+00:00,combi,Lying,Lying
2024-09-20 22:29:29.500000+00:00,combi,Lying,Lying
2024-09-20 22:30:29.500000+00:00,combi,Lying,Lying
2024-09-20 22:31:29.500000+00:00,combi,Lying,Lying
2024-09-20 22:32:29.500000+00:00,combi,Lying,Lying
2024-09-20 22:33:29.500000+00:00,combi,Lying,Lying
2024-09-20 22:34:29.500000+00:00,combi,Lying,Lying
2024-09-20 22:35:29.500000+00:00,combi,Lying,Lying
2024-09-20 22:36:29.500000+00:00,combi,Lying,Lying
2024-09-20 22:37:29.500000+00:00,combi,Lying,Lying
2024-09-20 22:38:29.500000+00:00,combi,Lying,Lying
2024-09-20 22:39:29.500000+00:00,combi,Lying,Lying
2024-09-20 22:40:29.500000+00:00,combi,Lying,Lying
